player_id,x,y
1,62.8,17.85
1,68.49,10.69
1,80.82,0.0
1,59.52,3.79
1,72.58,0.0
1,88.16,14.68
1,76.74,17.54
1,90.22,14.82
1,88.74,3.34
1,74.1,14.72
1,43.62,6.83
1,59.62,0.0
1,83.92,20.16
1,53.85,21.0
1,69.75,22.44
1,78.4,5.31
1,93.1,24.97
1,66.52,6.57
1,65.63,19.19
1,73.32,6.38
1,78.56,9.54
1,71.99,0.0
1,87.64,8.68
1,63.61,13.0
1,75.56,7.49
1,79.79,31.32
1,68.8,0.0
1,84.92,5.8
1,75.94,2.05
1,84.25,5.8
1,76.52,23.35
1,78.89,28.26
1,65.78,4.29
1,65.8,4.05
1,89.92,0.0
1,82.26,26.37
1,60.7,24.33
1,76.35,10.83
1,43.14,0.0
1,66.54,0.0
1,86.49,13.88
1,72.37,18.04
1,75.53,0.0
1,34.79,8.47
1,68.9,29.8
1,78.4,9.61
1,80.05,28.39
1,86.51,19.14
1,71.27,0.07
1,71.85,8.78
1,56.68,10.58
1,71.34,1.52
1,57.6,1.33
1,49.98,28.57
1,59.89,1.25
1,93.61,23.86
1,70.48,7.2
1,76.86,11.72
1,67.32,18.18
1,50.72,5.42
1,86.17,18.25
1,45.76,0.0
1,66.79,16.84
1,73.29,0.0
1,77.0,9.5
1,64.56,21.4
1,50.11,18.85
1,63.59,0.0
1,64.27,0.0
1,63.95,4.42
1,86.61,14.05
1,58.22,0.0
1,77.91,11.85
1,76.06,15.43
1,86.49,8.89
1,72.27,17.78
1,84.28,14.46
1,71.76,6.04
1,79.65,0.0
1,54.46,13.47
1,39.7,1.52
1,78.91,5.64
1,79.61,17.27
1,80.18,27.59
1,67.18,11.58
1,93.37,18.09
1,68.02,0.0
1,79.47,14.7
1,81.73,11.34
1,96.34,25.52
1,69.88,6.05
1,65.51,9.34
1,54.52,23.65
1,94.18,10.99
1,79.48,0.0
1,79.89,40.07
1,105.0,0.14
1,78.23,11.29
1,57.07,15.81
1,71.45,14.94
1,61.33,9.91
1,68.85,9.97
1,68.77,9.42
1,66.37,0.0
1,55.89,35.65
1,94.7,9.58
1,77.89,18.57
1,71.07,8.32
1,83.85,8.1
1,80.12,6.99
1,77.58,0.0
1,82.9,10.23
1,75.74,7.52
1,82.71,24.89
1,83.79,0.0
1,76.12,5.65
1,71.13,2.12
1,93.9,27.87
1,67.79,2.44
1,79.09,18.19
1,79.38,22.67
1,66.08,10.39
1,63.5,0.0
1,69.4,0.0
1,67.6,21.46
1,55.04,0.0
1,65.53,16.31
1,77.46,13.26
1,90.46,16.15
1,81.21,17.19
1,40.21,1.73
1,82.34,1.27
1,66.74,19.86
1,79.89,5.08
1,73.82,0.0
1,71.5,19.14
1,72.67,0.6
1,73.71,17.14
1,91.48,27.32
1,73.74,12.18
1,88.11,22.95
1,86.22,13.69
1,82.67,29.46
1,50.77,0.32
1,88.52,11.91
1,68.05,19.4
1,83.3,9.91
1,61.36,24.67
1,58.59,7.25
1,99.69,34.76
1,61.56,35.34
1,88.9,15.1
1,75.54,18.08
1,68.54,25.11
1,73.42,0.0
1,57.09,0.0
1,73.82,25.82
1,59.92,15.01
1,68.86,9.51
1,86.03,12.12
1,77.3,0.0
1,54.73,9.9
1,85.07,3.72
1,73.91,22.1
1,66.95,22.95
1,83.71,18.34
1,71.83,16.35
1,58.85,0.0
1,98.02,18.5
1,73.78,18.92
1,72.94,25.7
1,68.73,35.3
1,89.34,0.0
1,67.18,7.73
1,53.92,3.84
1,65.18,13.9
1,91.25,12.15
1,84.82,9.43
1,70.68,23.3
1,91.85,0.0
1,83.72,0.55
1,70.53,0.73
1,71.84,8.04
1,78.28,0.0
1,63.19,11.47
1,74.06,10.18
1,78.01,3.35
1,52.07,21.61
1,71.54,11.35
1,70.06,23.69
1,87.36,9.85
1,50.02,11.73
1,69.04,5.81
1,67.74,11.92
1,86.48,19.83
1,73.43,7.48
1,97.35,17.7
1,82.61,3.06
1,68.67,20.35
1,77.12,5.62
1,69.4,21.37
1,85.17,12.67
1,56.68,28.73
1,63.29,0.0
1,79.92,0.0
1,89.93,5.22
1,45.37,0.0
1,91.87,0.0
1,72.18,18.84
1,49.51,11.95
1,34.98,6.72
1,54.12,7.74
1,73.74,5.43
1,73.14,30.15
1,82.23,3.91
1,66.86,0.0
1,59.6,20.76
1,68.63,9.63
1,74.44,34.43
1,77.0,6.21
1,63.74,21.31
1,85.72,23.9
1,65.92,6.27
1,62.69,3.83
1,66.95,20.16
1,87.97,18.32
1,72.27,0.0
1,64.97,0.0
1,86.04,0.0
1,101.86,18.55
1,76.73,9.12
1,90.04,10.22
1,87.47,0.0
1,66.13,0.0
1,74.35,6.74
1,57.33,4.6
1,71.34,13.3
1,65.86,18.42
1,68.76,36.97
1,64.25,11.78
1,70.27,24.27
2,25.42,40.97
2,9.23,49.17
2,30.19,51.94
2,19.85,41.79
2,4.59,18.8
2,52.57,36.17
2,23.01,57.54
2,8.71,24.45
2,41.68,33.35
2,20.53,49.55
2,44.17,40.79
2,20.47,61.28
2,22.97,25.94
2,34.48,23.11
2,37.71,47.47
2,39.99,20.85
2,28.83,31.84
2,36.87,33.28
2,39.69,45.4
2,32.61,40.76
2,28.15,39.03
2,11.21,29.57
2,37.79,47.37
2,30.55,68.0
2,24.62,41.6
2,46.61,35.1
2,11.44,19.72
2,51.37,26.99
2,29.71,31.65
2,34.13,28.12
2,24.86,33.82
2,8.33,53.56
2,28.19,47.72
2,34.35,32.25
2,38.79,20.71
2,27.43,48.71
2,1.5,33.46
2,9.96,15.01
2,56.68,41.84
2,15.8,45.28
2,48.55,7.32
2,17.86,24.93
2,27.63,32.79
2,38.13,42.08
2,19.34,28.33
2,50.7,24.85
2,30.98,42.0
2,35.99,28.85
2,26.52,39.96
2,38.56,21.77
2,50.52,19.12
2,28.29,42.31
2,52.49,36.78
2,22.05,44.15
2,39.93,28.14
2,36.36,25.25
2,16.11,48.97
2,32.78,17.25
2,30.1,47.77
2,18.91,48.53
2,34.65,43.46
2,31.9,26.43
2,29.06,25.02
2,29.11,31.69
2,28.83,19.75
2,25.22,23.42
2,31.82,41.09
2,21.63,41.14
2,64.54,22.45
2,11.68,41.44
2,22.4,39.0
2,23.43,50.61
2,56.53,40.26
2,12.84,45.64
2,35.54,39.25
2,33.23,44.78
2,34.34,19.84
2,46.07,32.66
2,45.81,33.57
2,24.14,31.32
2,32.52,38.88
2,5.77,40.98
2,31.29,38.31
2,19.68,32.05
2,27.58,25.91
2,8.09,46.07
2,35.26,37.85
2,7.94,22.8
2,31.93,31.87
2,14.06,14.82
2,18.95,34.39
2,45.01,31.82
2,37.64,27.68
2,44.94,51.43
2,50.28,21.28
2,19.95,41.77
2,49.49,58.05
2,10.95,45.85
2,39.7,33.65
2,23.59,21.53
2,17.91,19.02
2,37.99,29.47
2,42.28,26.44
2,41.9,26.08
2,32.79,30.41
2,31.72,32.88
2,36.85,39.34
2,33.95,20.38
2,37.04,26.5
2,32.65,32.24
2,40.96,31.85
2,8.85,54.2
2,28.29,36.55
2,12.01,16.25
2,33.6,38.6
2,51.35,40.0
2,23.84,32.62
2,31.65,20.65
2,39.83,53.34
2,3.12,22.23
2,23.21,41.27
2,34.74,36.2
2,0.0,40.61
2,17.3,52.78
2,44.31,40.18
2,43.04,27.85
2,34.87,46.17
2,41.47,27.06
2,32.8,35.8
2,37.22,19.78
2,25.9,22.63
2,31.51,34.57
2,21.78,38.05
2,46.43,15.27
2,49.78,39.47
2,47.94,24.99
2,24.69,48.08
2,17.6,30.13
2,46.6,21.64
2,37.07,34.83
2,34.27,23.92
2,21.76,47.96
2,35.53,34.01
2,15.89,32.33
3,65.31,56.11
3,45.7,45.72
3,45.7,28.4
3,70.88,22.67
3,66.83,39.55
3,43.7,30.94
3,51.95,37.63
3,48.25,42.18
3,83.09,27.77
3,71.78,21.72
3,54.53,38.24
3,67.49,28.13
3,42.37,35.61
3,51.26,19.22
3,61.36,31.23
3,65.88,41.86
3,58.73,40.67
3,63.22,25.33
3,61.02,21.15
3,57.87,34.17
3,56.15,40.17
3,54.46,38.46
3,63.02,28.37
3,65.34,37.28
3,62.58,50.53
3,44.68,36.26
3,47.01,16.04
3,65.19,36.24
3,79.13,56.48
3,61.98,19.84
3,54.65,34.33
3,62.92,31.51
3,45.22,35.05
3,77.02,36.14
3,62.43,46.54
3,51.3,34.93
3,57.83,48.05
3,53.15,32.71
3,77.05,30.15
3,57.37,26.64
3,62.02,14.01
3,67.46,37.03
3,50.37,56.59
3,62.52,39.04
3,63.57,41.55
3,39.8,29.46
3,63.29,31.31
3,59.41,44.83
3,61.69,56.1
3,60.46,50.37
3,63.37,42.86
3,77.39,34.39
3,44.67,36.31
3,55.55,25.71
3,68.67,18.07
3,66.25,21.61
3,65.97,34.55
3,95.8,30.79
3,67.98,17.84
3,74.7,33.59
3,56.01,30.5
3,47.09,21.1
3,55.91,29.93
3,69.26,30.47
3,65.29,27.22
3,65.24,44.19
3,57.21,13.07
3,55.14,12.16
3,57.66,34.04
3,69.42,35.06
3,70.93,38.45
3,46.92,28.07
3,69.91,23.9
3,51.54,33.92
3,66.1,29.14
3,57.5,51.06
3,80.36,30.43
3,54.57,33.41
3,62.32,61.23
3,67.89,31.86
3,48.64,40.12
3,59.05,41.11
3,56.53,42.05
3,53.32,37.18
3,54.28,36.13
3,74.46,35.1
3,52.22,27.66
3,67.36,37.58
3,64.09,56.32
3,41.84,47.32
3,66.75,37.34
3,41.62,43.41
3,68.17,24.44
3,53.41,31.13
3,60.11,44.43
3,43.17,50.36
3,61.59,25.52
3,72.05,28.68
3,49.51,58.0
3,52.11,35.06
3,65.91,54.06
3,66.24,36.28
3,28.36,36.71
3,86.2,30.64
3,66.87,44.37
3,69.06,48.94
3,58.13,22.61
3,35.88,30.12
3,68.77,44.07
3,52.65,32.57
3,67.07,28.57
3,57.16,45.1
3,63.09,46.14
3,49.93,29.05
3,71.24,36.34
3,44.55,20.71
3,89.19,24.15
3,89.09,35.37
3,81.23,34.35
3,76.58,23.36
3,58.9,26.12
3,75.17,22.28
3,58.75,39.01
3,39.8,12.36
3,79.54,22.87
3,74.67,13.51
3,59.59,38.61
3,44.07,14.17
3,52.38,34.35
3,36.33,52.03
3,72.29,52.41
3,39.16,14.14
3,63.73,37.28
3,49.03,23.12
3,41.45,20.88
3,63.1,32.75
3,55.66,47.51
3,70.9,40.6
3,43.52,26.13
3,50.15,41.76
3,28.96,9.32
3,31.6,25.72
3,83.38,24.94
3,87.09,34.86
3,61.21,31.77
3,49.29,32.44
3,56.12,32.08
3,71.36,34.25
3,53.31,39.94
3,63.09,35.64
3,59.83,30.87
3,52.61,38.42
3,53.16,43.09
3,63.81,27.88
3,47.3,33.35
3,65.87,46.78
3,53.87,21.87
3,61.66,53.85
3,77.99,19.27
3,57.81,30.2
3,71.96,23.55
3,36.7,58.07
3,53.89,28.46
3,60.36,28.49
3,85.0,29.92
3,34.52,35.05
3,58.75,30.39
3,78.94,32.54
3,49.79,0.0
3,57.23,34.63
3,64.31,34.2
3,62.4,45.42
3,80.36,48.4
3,65.83,31.94
3,77.26,42.98
3,55.32,21.88
3,50.37,42.44
3,57.07,27.7
3,44.93,20.97
3,66.29,31.96
3,54.98,49.41
3,51.27,35.99
3,66.48,50.46
3,45.13,25.76
3,70.02,45.53
3,53.78,26.83
3,75.07,36.48
3,54.89,36.38
3,68.21,41.28
3,62.33,36.76
3,69.67,25.87
3,61.43,43.68
3,38.38,53.05
3,73.11,27.58
3,58.86,13.81
3,70.26,39.49
3,68.97,30.36
3,49.95,32.56
3,48.11,40.12
3,68.52,28.98
3,56.06,31.04
3,72.17,32.9
3,57.68,50.17
3,73.3,34.33
3,65.5,20.41
3,63.74,20.85
3,55.14,35.53
3,63.02,21.58
3,75.51,16.81
3,59.3,40.99
3,66.91,41.53
3,60.6,29.95
3,61.62,37.23
3,82.4,36.07
3,75.62,40.63
3,61.03,40.65
3,62.79,5.34
3,50.88,31.35
3,57.75,39.7
3,64.02,29.48
3,71.06,34.4
3,69.74,42.26
3,45.58,34.89
3,72.7,50.59
3,58.85,46.4
3,47.17,32.7
3,77.37,31.82
3,79.02,2.65
3,63.43,30.41
3,69.21,19.11
3,69.98,36.43
3,78.15,35.68
3,69.46,41.65
3,42.74,49.36
4,33.02,44.37
4,12.97,29.26
4,22.69,21.0
4,25.15,50.81
4,37.7,39.07
4,17.69,29.8
4,26.13,21.4
4,27.91,56.52
4,24.17,33.73
4,40.55,49.37
4,38.34,43.83
4,45.17,28.27
4,25.7,28.36
4,45.63,49.91
4,12.27,50.09
4,11.95,13.35
4,14.22,40.05
4,30.12,32.67
4,45.63,22.63
4,22.17,36.88
4,23.8,19.15
4,27.19,28.87
4,37.45,25.22
4,23.79,28.5
4,23.07,33.21
4,12.51,22.83
4,22.57,51.3
4,45.31,39.43
4,31.18,53.74
4,20.38,32.24
4,46.07,27.96
4,22.39,53.34
4,48.46,27.64
4,48.25,32.04
4,30.73,41.92
4,10.52,20.39
4,59.76,41.82
4,35.03,40.42
4,25.79,47.96
4,42.43,43.79
4,39.13,48.3
4,47.04,32.79
4,21.39,24.51
4,34.14,57.21
4,14.58,17.21
4,38.66,18.31
4,29.7,40.22
4,33.65,51.87
4,28.1,36.09
4,26.74,44.99
4,18.71,12.05
4,40.28,28.51
4,49.37,13.39
4,22.76,42.58
4,37.2,16.98
4,35.62,19.94
4,30.11,39.65
4,10.15,45.68
4,13.08,32.25
4,19.85,40.27
4,2.19,39.92
4,48.3,31.63
4,34.78,21.96
4,29.61,40.21
4,1.53,40.74
4,6.29,43.83
4,29.97,37.43
4,55.62,21.15
4,20.92,41.59
4,41.23,33.98
4,23.76,28.69
4,30.72,30.76
4,45.79,26.41
4,25.5,43.78
4,21.03,18.4
4,48.43,23.07
4,30.59,30.38
4,44.19,51.75
4,21.09,45.6
4,48.29,15.95
4,33.56,48.86
4,35.65,48.84
4,31.71,21.09
4,23.43,6.26
4,29.98,33.21
4,24.25,46.35
4,42.47,51.5
4,27.36,24.42
4,10.55,53.27
4,8.17,9.49
4,7.55,29.95
4,38.03,29.41
4,15.03,46.68
4,33.9,48.28
4,31.78,44.5
4,29.16,19.14
4,35.7,43.49
4,32.06,39.6
4,0.0,15.62
4,25.79,11.26
4,35.53,45.42
4,51.32,32.02
4,51.92,19.86
4,12.28,31.71
4,25.45,38.0
4,9.64,33.09
4,49.76,16.93
4,43.17,54.74
4,34.56,45.05
4,32.16,30.31
4,47.95,30.75
4,45.75,37.95
4,45.05,21.57
4,35.94,37.55
4,25.46,19.36
4,39.97,33.22
4,40.61,21.15
4,27.52,21.7
4,25.43,52.1
4,44.73,34.65
4,51.63,36.28
4,20.26,11.87
4,26.58,27.43
4,34.56,39.07
4,36.33,36.14
4,23.21,10.31
4,54.49,36.28
4,35.49,38.03
4,36.91,48.12
4,52.87,26.79
4,24.16,9.34
4,28.85,23.04
4,13.71,21.93
4,27.76,42.1
4,10.64,4.12
4,39.72,29.07
4,35.46,49.68
4,26.4,34.08
4,28.69,43.86
4,39.9,15.94
4,15.23,16.38
4,32.65,49.81
4,39.09,35.11
4,6.83,35.14
4,38.9,21.7
4,8.24,35.11
4,28.47,21.39
4,14.88,47.06
4,48.61,64.01
4,14.96,39.32
4,8.55,27.02
4,31.73,6.13
4,24.62,15.47
4,10.44,51.1
4,36.84,22.68
4,4.11,29.92
4,16.53,41.21
4,22.52,50.31
4,40.43,31.8
4,46.84,29.55
4,44.34,34.79
4,28.01,27.1
4,0.0,27.69
4,35.08,38.53
4,49.12,36.04
4,46.04,57.45
4,36.02,38.83
4,14.54,46.66
4,23.17,22.22
4,55.14,39.78
4,11.58,26.05
4,15.08,38.35
5,77.3,2.78
5,64.56,11.35
5,61.3,22.07
5,55.94,16.04
5,68.92,8.16
5,27.32,7.72
5,63.81,20.99
5,33.11,0.0
5,38.66,22.77
5,53.3,0.0
5,62.03,0.0
5,31.0,8.34
5,39.34,37.87
5,47.27,32.45
5,43.58,21.77
5,57.1,17.92
5,90.67,0.0
5,51.45,15.72
5,36.44,7.96
5,29.15,5.02
5,41.77,15.7
5,33.78,8.82
5,52.08,23.56
5,51.88,0.0
5,39.98,14.83
5,71.8,4.33
5,36.44,9.49
5,44.45,17.35
5,54.31,1.71
5,57.6,15.81
5,62.61,11.66
5,51.57,6.73
5,59.66,8.82
5,37.35,12.3
5,57.94,5.55
5,57.76,14.08
5,65.67,10.94
5,24.31,7.28
5,34.21,31.49
5,56.7,18.57
5,11.53,9.79
5,52.4,15.6
5,59.78,2.7
5,38.51,9.2
5,40.41,10.48
5,32.04,0.29
5,39.22,18.26
5,39.6,8.44
5,37.12,10.09
5,36.41,7.74
5,42.48,46.55
5,42.32,6.71
5,70.36,0.0
5,40.88,0.0
5,50.47,22.35
5,38.5,28.7
5,38.34,6.5
5,23.84,28.07
5,25.57,22.16
5,30.31,11.92
5,48.39,11.14
5,59.99,15.99
5,22.77,23.65
5,38.86,18.37
5,28.23,6.56
5,42.56,12.08
5,59.99,35.79
5,40.19,16.76
5,45.38,23.56
5,64.92,19.94
5,51.95,17.01
5,36.12,15.2
5,48.07,23.87
5,35.24,21.91
5,51.47,16.9
5,52.7,6.37
5,28.23,18.24
5,48.28,13.26
5,44.47,10.61
5,53.08,43.47
5,56.81,0.0
5,52.21,24.54
5,42.06,4.51
5,58.13,15.44
5,34.65,42.25
5,28.83,3.41
5,4.46,6.04
5,45.09,13.81
5,35.32,4.68
5,51.17,23.72
5,20.37,8.12
5,37.59,21.19
5,52.11,0.0
5,32.61,0.0
5,51.32,11.48
5,38.76,0.0
5,45.57,30.7
5,53.74,0.0
5,58.39,2.59
5,47.2,18.55
5,35.42,7.55
5,40.05,0.0
5,54.28,36.44
5,32.72,2.98
5,43.69,11.84
5,40.98,11.7
5,44.66,21.81
5,32.88,19.09
5,21.92,4.91
5,52.77,10.42
5,58.53,11.5
5,22.7,22.24
5,50.8,1.15
5,60.08,36.2
5,53.75,5.65
5,40.58,13.9
5,33.73,1.24
5,47.05,0.0
5,49.22,4.38
5,47.25,3.32
5,43.66,9.44
5,31.93,3.23
5,51.49,21.65
5,52.12,5.39
5,48.61,4.17
5,47.44,9.68
5,67.83,24.92
5,37.88,16.36
5,62.66,12.9
5,36.46,0.0
5,60.42,1.43
5,62.03,0.0
5,42.19,28.38
5,67.59,19.84
5,52.1,4.52
5,34.6,7.79
5,41.14,4.92
5,60.73,4.26
5,58.0,19.06
5,32.25,10.84
5,44.19,36.89
5,48.65,27.75
5,39.4,28.4
5,76.65,21.38
5,49.04,9.35
5,45.2,20.58
5,61.48,10.16
5,41.25,31.93
5,59.1,18.45
5,24.32,16.89
5,40.1,15.4
5,59.64,33.14
5,66.41,0.0
5,35.95,34.22
5,34.43,11.95
5,53.38,0.0
5,37.9,5.73
5,42.51,0.0
5,57.39,21.19
5,38.93,2.58
5,20.45,15.86
5,29.09,26.48
5,46.13,6.61
5,21.78,11.05
5,42.14,0.0
5,27.9,9.73
5,67.32,42.31
5,74.15,22.56
5,32.24,11.09
5,49.34,7.27
5,33.51,13.53
5,41.98,15.43
5,69.45,9.39
5,39.93,19.83
5,42.28,3.51
5,33.75,3.46
5,60.9,18.07
5,3.58,1.14
5,40.24,22.02
5,45.4,13.84
5,37.41,0.0
5,57.23,15.2
5,61.63,0.0
5,27.64,21.63
5,73.22,11.26
5,27.5,34.36
5,62.75,25.78
5,47.95,2.33
5,39.45,0.0
5,40.68,5.69
5,45.56,0.57
5,48.71,34.08
5,34.04,13.89
5,42.96,24.27
5,35.98,10.86
5,30.2,12.02
5,35.37,13.64
5,31.05,26.17
5,40.54,17.43
5,51.62,2.37
5,47.57,31.85
5,71.67,10.78
5,17.26,8.99
5,52.1,0.0
5,46.08,20.98
5,56.6,15.11
5,55.31,15.1
5,43.86,9.57
5,48.24,7.67
5,36.33,9.93
5,53.98,19.09
5,21.57,21.03
5,56.1,11.46
5,45.7,24.44
5,39.67,13.13
5,42.98,8.45
5,43.93,16.18
5,62.86,0.0
5,88.04,16.56
5,61.86,0.0
5,38.65,2.7
5,54.19,0.0
5,54.75,12.07
5,33.97,31.71
5,29.61,12.71
5,45.18,21.08
5,56.5,39.88
5,25.05,18.44
5,36.63,5.58
5,53.44,7.1
5,46.54,14.01
5,64.41,7.04
5,27.65,7.86
5,76.58,24.84
5,26.01,25.29
5,19.62,0.0
5,45.23,5.0
5,31.25,8.9
5,45.5,20.59
5,45.04,26.57
5,43.45,43.72
5,35.05,8.88
5,51.62,9.43
5,41.87,20.47
5,60.35,6.5
5,43.66,12.45
5,33.46,9.43
5,24.06,0.0
5,43.76,15.36
5,29.5,11.99
5,28.45,27.98
5,52.86,14.06
5,22.89,0.2
5,64.36,11.16
5,48.08,0.0
5,45.43,0.68
5,32.55,20.99
5,55.94,11.28
5,45.96,24.15
5,37.08,0.0
5,48.6,11.33
5,24.12,8.77
5,24.74,24.51
5,31.44,21.4
5,50.54,21.06
5,45.96,30.96
5,59.64,9.95
5,34.04,28.69
5,53.47,2.51
5,44.52,2.11
5,33.74,22.28
5,51.01,0.0
5,45.14,20.3
5,37.82,15.11
5,46.55,25.79
5,44.32,13.35
5,44.0,14.62
5,40.64,19.6
5,29.04,6.71
5,46.97,6.23
5,35.56,19.22
6,58.92,13.34
6,80.73,37.83
6,54.24,17.84
6,53.86,29.78
6,37.8,43.84
6,59.45,36.5
6,68.54,15.9
6,70.87,26.6
6,61.41,17.48
6,72.43,15.36
6,69.51,35.29
6,74.47,40.16
6,72.8,38.85
6,80.41,40.63
6,57.79,33.87
6,42.75,30.99
6,68.63,22.2
6,70.15,29.16
6,80.41,19.47
6,76.66,24.7
6,85.29,34.98
6,68.06,32.7
6,62.97,67.71
6,42.0,19.2
6,64.01,32.62
6,52.82,18.34
6,62.75,29.73
6,60.71,30.18
6,66.13,43.29
6,58.73,29.05
6,72.16,31.9
6,24.6,29.27
6,62.47,18.59
6,75.63,26.83
6,84.31,29.8
6,69.52,34.81
6,81.9,40.15
6,62.2,31.42
6,60.04,31.23
6,66.88,15.07
6,59.96,39.94
6,49.83,26.35
6,53.3,42.22
6,45.54,48.48
6,66.87,31.93
6,60.15,22.74
6,55.32,33.82
6,52.63,37.84
6,66.57,30.53
6,70.15,27.8
6,45.3,40.2
6,43.26,39.47
6,72.41,30.19
6,42.12,15.81
6,67.12,39.02
6,81.02,25.56
6,81.05,36.36
6,69.59,35.66
6,69.21,13.22
6,89.27,34.89
6,29.65,39.66
6,53.96,41.01
6,71.03,35.29
6,55.62,12.25
6,76.12,48.05
6,59.49,38.52
6,61.71,20.76
6,56.43,25.33
6,53.21,36.54
6,52.89,41.48
6,63.53,28.63
6,49.93,43.08
6,72.39,14.28
6,68.49,22.53
6,74.29,11.29
6,45.32,24.13
6,37.91,50.59
6,59.95,56.64
6,97.68,36.58
6,76.46,26.98
6,52.79,31.56
6,65.52,39.21
6,69.46,16.81
6,42.21,27.7
6,77.81,49.78
6,57.82,22.5
6,58.82,25.76
6,60.31,34.15
6,74.88,37.11
6,50.18,27.12
6,37.81,34.85
6,64.2,40.69
6,33.43,55.58
6,56.09,32.61
6,75.43,33.55
6,67.53,50.8
6,73.55,27.96
6,68.06,19.43
6,91.33,36.75
6,52.35,45.84
6,65.18,37.97
6,54.3,32.93
6,72.44,18.07
6,59.2,33.36
6,82.34,47.56
6,53.1,20.42
6,78.29,31.31
6,67.71,29.74
6,59.58,26.33
6,67.05,36.73
6,63.4,38.88
6,64.63,38.76
6,57.31,23.26
6,50.88,15.89
6,55.64,36.89
6,38.12,28.43
6,70.95,54.22
6,43.94,54.73
6,57.17,55.9
6,68.42,23.66
6,70.91,40.26
6,36.93,43.58
6,58.81,42.34
6,65.98,30.1
6,60.68,48.07
6,77.47,34.01
6,49.32,35.41
6,33.36,17.08
6,70.53,41.09
6,53.02,31.14
6,37.14,39.11
6,57.94,36.59
6,76.0,35.99
6,43.58,33.5
6,90.37,42.65
6,49.11,31.81
6,61.13,17.99
6,44.15,40.26
6,60.54,25.1
6,58.26,19.43
6,40.64,22.76
6,96.74,37.12
6,53.56,32.94
6,53.57,10.54
6,72.6,29.78
6,83.59,46.86
6,74.64,29.04
6,44.38,32.18
6,62.78,45.47
6,35.54,42.75
6,71.72,45.24
6,38.74,3.5
6,49.56,53.07
6,59.96,41.0
6,65.79,61.08
6,56.61,25.39
6,79.75,14.6
6,69.4,34.08
6,68.38,30.97
6,44.02,41.19
6,82.09,45.82
6,49.56,33.04
6,82.59,31.35
6,86.29,39.75
6,66.66,31.18
6,73.42,30.26
6,19.92,45.41
6,57.46,47.86
6,74.33,45.92
6,72.02,32.15
6,44.14,10.46
6,56.18,32.37
6,27.03,25.66
6,65.37,32.57
6,35.52,26.62
6,74.7,33.77
6,75.38,22.57
6,53.83,19.91
6,66.78,47.45
6,57.18,23.33
6,63.14,34.0
6,45.09,44.5
6,68.09,44.06
6,38.66,42.74
6,36.21,37.33
6,58.41,41.96
6,57.25,49.1
6,63.54,38.68
6,51.56,13.79
6,84.51,28.19
6,62.09,41.66
6,63.03,27.1
6,62.56,51.82
6,73.04,33.31
6,67.49,34.94
6,65.75,46.37
6,69.57,31.99
6,36.28,35.94
6,36.77,43.89
6,59.01,17.81
6,57.43,30.86
6,67.54,43.12
6,60.26,34.72
6,67.56,50.14
6,43.81,16.66
6,59.86,15.41
6,42.57,42.47
6,65.03,43.52
7,35.42,15.76
7,36.81,28.12
7,48.47,19.44
7,57.75,10.6
7,30.84,9.71
7,43.43,20.18
7,42.82,23.02
7,51.43,24.96
7,45.89,11.12
7,38.9,15.93
7,62.23,20.42
7,38.99,9.78
7,42.2,1.52
7,25.31,5.13
7,36.72,11.35
7,52.71,21.28
7,50.17,27.85
7,53.79,0.0
7,53.16,7.43
7,73.14,10.06
7,36.28,22.74
7,24.95,8.19
7,32.34,9.27
7,36.85,0.0
7,33.33,19.32
7,47.22,12.22
7,62.28,6.81
7,66.02,11.15
7,52.56,26.4
7,73.84,2.95
7,41.37,4.74
7,24.78,27.77
7,59.69,14.83
7,22.1,21.37
7,36.18,18.42
7,52.76,13.61
7,44.67,10.17
7,43.52,23.15
7,30.65,26.79
7,45.86,25.93
7,59.05,0.96
7,46.26,28.35
7,35.21,10.06
7,29.78,5.69
7,35.48,12.14
7,51.1,23.14
7,50.47,19.95
7,35.59,11.19
7,17.26,23.21
7,51.46,15.54
7,34.33,7.7
7,54.96,6.21
7,36.17,18.51
7,33.16,13.09
7,47.99,0.0
7,76.65,23.32
7,55.74,8.72
7,47.77,31.51
7,50.67,0.0
7,23.24,12.01
7,31.41,6.3
7,13.36,3.27
7,68.49,8.65
7,65.86,33.48
7,51.11,15.58
7,47.76,5.29
7,25.83,0.0
7,43.15,0.0
7,69.3,8.1
7,47.71,7.03
7,38.66,11.54
7,23.15,0.0
7,63.94,12.99
7,45.09,25.31
7,23.16,31.85
7,33.98,0.0
7,29.39,5.18
7,44.29,4.6
7,48.7,15.6
7,39.46,0.58
7,56.1,32.5
7,47.02,14.48
7,59.81,12.65
7,41.36,31.52
7,85.59,13.82
7,38.66,18.4
7,34.26,5.74
7,32.66,0.0
7,43.26,7.29
7,23.65,38.06
7,49.83,20.96
7,21.23,17.02
7,48.1,3.26
7,28.43,24.02
7,41.04,0.0
7,53.86,0.0
7,75.95,7.85
7,31.99,35.5
7,44.05,34.88
7,36.59,9.04
7,34.69,6.58
7,36.71,0.0
7,56.71,14.86
7,39.66,15.78
7,75.24,22.69
7,51.41,24.02
7,32.87,11.83
7,41.23,20.12
7,35.58,6.29
7,56.4,19.91
7,24.7,8.42
7,28.57,19.05
7,38.31,18.16
7,54.88,14.76
7,62.03,22.74
7,63.95,0.0
7,52.89,2.29
7,44.92,11.03
7,56.33,0.0
7,31.12,9.52
7,22.02,9.88
7,51.68,28.41
7,32.93,15.57
7,45.15,25.32
7,47.56,17.32
7,49.23,8.11
7,58.19,15.47
7,56.82,22.02
7,48.54,27.13
7,40.25,12.54
7,47.4,0.0
7,38.25,0.0
7,43.45,10.41
7,80.04,0.0
7,48.37,33.75
7,51.85,20.57
7,36.83,7.01
7,59.26,1.79
7,55.88,25.31
7,55.98,1.75
7,48.79,2.8
7,59.44,5.57
7,62.53,15.25
7,49.68,20.83
7,44.51,27.12
7,57.63,25.49
7,34.25,14.01
7,36.67,25.23
7,45.31,6.62
7,23.36,0.0
7,56.76,6.62
7,33.48,5.13
7,39.87,7.05
7,43.23,3.45
7,46.51,8.93
7,41.53,20.82
7,45.12,32.87
7,45.22,0.0
7,40.19,0.0
7,35.95,5.29
7,60.06,22.42
7,18.64,11.75
7,43.33,6.03
7,39.9,21.88
7,51.44,24.52
7,27.09,13.79
7,39.5,5.02
7,44.67,16.97
7,59.91,11.43
7,50.32,11.35
7,30.61,8.36
7,39.66,24.17
7,57.52,16.75
7,30.39,25.39
7,44.98,28.7
7,45.88,19.05
7,40.98,8.43
7,81.04,25.44
7,40.63,19.12
7,51.85,42.64
7,36.04,17.41
7,52.86,21.67
7,57.32,17.19
7,38.36,12.91
7,45.29,11.15
7,34.36,17.24
7,31.12,19.73
7,59.48,26.7
7,38.8,17.4
7,14.62,8.91
7,68.95,10.4
7,35.57,0.0
7,42.8,32.27
7,67.33,8.05
7,44.16,24.64
7,43.88,17.04
7,30.03,17.34
7,24.75,12.71
7,43.84,5.33
7,50.72,3.35
7,49.97,33.01
7,39.74,15.25
7,46.26,26.38
7,22.12,29.23
7,51.98,9.48
7,48.1,18.66
7,71.66,14.5
7,46.1,1.27
7,33.75,11.96
7,45.34,20.46
7,41.74,8.51
7,51.65,10.43
7,46.35,12.09
7,29.62,37.23
7,24.74,0.0
7,49.42,19.52
7,63.98,11.21
7,47.03,6.95
7,56.57,10.94
7,59.17,21.34
7,49.47,21.97
7,35.41,16.05
7,48.54,26.02
7,61.69,27.96
7,52.89,22.98
7,55.73,7.99
7,39.99,19.44
7,43.37,19.49
7,44.46,5.03
7,45.33,0.0
7,61.18,0.0
7,15.49,14.77
7,46.4,17.28
7,44.97,1.0
7,28.17,25.51
7,54.73,15.67
7,36.58,28.84
7,41.36,18.08
7,70.03,2.27
7,59.13,19.04
7,53.47,21.37
7,50.95,7.98
7,43.86,0.0
7,71.99,15.1
7,56.43,2.99
7,36.26,26.33
7,27.8,9.52
7,53.37,32.97
7,45.27,0.0
7,27.42,15.48
7,51.57,29.72
7,42.5,4.21
7,52.9,12.25
7,51.74,9.57
7,38.09,6.48
7,54.23,16.69
7,39.53,0.0
7,40.37,12.78
7,39.08,19.68
7,60.7,11.63
7,42.35,3.0
7,63.84,25.33
7,69.19,22.03
7,36.4,2.55
7,8.03,0.0
7,59.58,3.53
7,41.55,20.0
7,34.74,17.03
7,38.35,22.69
7,40.61,10.41
7,62.86,3.83
8,62.43,17.51
8,39.85,41.14
8,52.59,30.28
8,73.12,13.42
8,50.69,33.31
8,70.59,20.26
8,29.7,52.26
8,52.73,27.63
8,57.77,41.5
8,82.65,45.98
8,44.8,23.5
8,68.72,34.84
8,73.74,40.09
8,50.62,35.27
8,55.14,37.97
8,61.84,19.37
8,40.74,40.09
8,54.08,28.65
8,76.59,37.84
8,66.79,44.12
8,57.96,41.36
8,61.47,37.84
8,67.55,41.06
8,70.04,41.57
8,52.77,50.45
8,79.95,33.63
8,77.11,35.8
8,68.8,44.25
8,49.04,28.61
8,46.74,19.31
8,55.75,39.43
8,60.79,31.73
8,37.01,20.72
8,66.43,39.51
8,76.74,49.74
8,67.49,16.07
8,51.21,45.25
8,49.67,6.09
8,63.9,29.6
8,58.01,54.25
8,65.76,30.39
8,67.82,34.99
8,74.19,42.39
8,45.28,15.12
8,62.88,34.79
8,55.27,34.71
8,58.72,54.49
8,71.24,20.41
8,72.65,29.8
8,78.18,23.79
8,65.53,22.62
8,58.57,46.4
8,56.71,34.29
8,37.45,27.89
8,77.42,28.3
8,55.82,27.8
8,66.58,28.79
8,68.83,20.09
8,43.81,31.15
8,48.0,30.05
8,80.11,25.66
8,63.78,35.71
8,52.45,36.64
8,58.36,27.88
8,74.12,32.41
8,72.15,57.74
8,40.94,57.32
8,81.25,22.41
8,72.56,23.94
8,58.02,22.35
8,44.51,45.63
8,73.7,29.62
8,66.19,36.64
8,41.05,55.97
8,56.98,33.88
8,100.64,41.77
8,60.21,39.72
8,50.35,27.53
8,46.89,45.65
8,83.04,24.65
8,71.02,48.74
8,78.3,27.54
8,63.23,28.74
8,76.3,22.03
8,48.97,23.83
8,62.11,29.31
8,63.73,7.26
8,77.97,31.43
8,64.14,28.41
8,51.87,42.69
8,60.83,38.65
8,38.21,26.22
8,29.83,28.96
8,70.81,31.42
8,55.13,50.35
8,56.6,24.95
8,70.8,26.08
8,78.16,21.59
8,66.95,17.7
8,85.06,37.38
8,66.53,36.23
8,63.93,48.11
8,63.13,45.46
8,43.29,60.37
8,72.43,33.19
8,28.21,31.13
8,52.38,19.7
8,60.3,41.66
8,49.73,35.3
8,54.13,41.16
8,83.91,21.47
8,74.35,37.87
8,51.08,36.26
8,53.9,35.53
8,43.4,26.48
8,69.16,47.08
8,56.75,56.55
8,34.44,21.79
8,61.31,41.92
8,65.71,2.34
8,72.52,41.35
8,59.05,13.43
8,55.16,28.23
8,85.82,19.56
8,60.09,31.63
8,69.35,43.23
8,52.99,13.57
8,68.97,30.05
8,41.08,28.35
8,53.99,51.39
8,44.29,38.75
8,52.14,21.05
8,76.26,28.82
8,52.04,51.12
8,69.34,41.86
8,79.72,23.9
8,59.64,31.06
8,72.92,31.41
8,66.9,28.08
8,61.51,15.19
8,69.75,26.55
8,83.92,49.28
8,51.72,29.81
8,47.53,32.86
8,46.77,35.55
8,72.93,58.4
8,74.68,34.1
8,53.02,46.03
8,32.23,27.42
8,51.23,31.15
8,67.12,34.14
8,59.13,25.48
8,62.34,31.76
8,53.2,43.77
8,73.18,25.2
8,64.46,34.0
8,67.62,41.8
8,62.07,24.93
8,66.82,46.05
8,65.96,34.8
8,47.94,32.18
8,64.85,11.91
8,70.29,29.89
8,75.02,38.09
8,65.41,53.2
8,47.45,40.25
8,49.45,46.39
8,54.34,20.7
8,62.46,32.6
8,58.41,47.43
8,45.39,24.23
8,45.31,44.62
8,32.72,42.07
8,19.45,37.02
8,58.29,30.38
8,90.16,23.15
8,83.36,53.53
8,47.28,40.95
8,61.95,37.75
8,40.96,29.46
8,42.94,34.42
8,44.43,35.81
8,57.07,38.4
8,57.63,42.08
8,63.29,25.39
8,68.62,17.87
8,55.62,34.93
8,60.47,14.78
8,45.78,30.44
8,42.52,28.4
9,105.0,28.9
9,84.97,24.0
9,92.52,45.82
9,69.61,28.41
9,100.96,38.37
9,88.54,16.35
9,87.2,35.45
9,62.81,20.77
9,88.96,29.32
9,99.0,58.32
9,84.93,44.25
9,103.26,32.59
9,102.73,68.0
9,79.67,23.93
9,105.0,46.82
9,88.59,17.14
9,88.65,31.32
9,89.29,19.17
9,88.9,36.83
9,53.81,34.62
9,85.59,30.62
9,70.27,46.01
9,105.0,27.76
9,105.0,37.6
9,99.08,43.03
9,84.9,17.68
9,74.9,25.77
9,79.45,34.59
9,105.0,40.93
9,79.0,49.63
9,57.38,31.63
9,101.39,30.52
9,105.0,24.4
9,105.0,37.63
9,101.5,30.73
9,103.62,30.99
9,88.69,32.97
9,61.01,40.07
9,88.36,27.8
9,96.08,25.51
9,86.24,38.75
9,85.65,0.72
9,75.47,27.36
9,74.98,21.34
9,105.0,47.24
9,105.0,29.15
9,87.97,27.83
9,91.66,33.47
9,75.25,27.45
9,96.35,29.57
9,105.0,35.07
9,68.12,29.36
9,94.03,29.28
9,95.01,22.89
9,94.86,21.31
9,105.0,34.67
9,105.0,37.37
9,84.96,18.29
9,96.75,42.36
9,89.1,42.4
9,79.78,44.72
9,91.52,37.3
9,96.73,41.01
9,90.82,58.04
9,76.54,30.68
9,81.97,22.5
9,82.07,17.13
9,77.05,53.31
9,92.08,53.46
9,93.44,23.83
9,100.73,26.0
9,76.85,30.44
9,80.49,47.47
9,105.0,19.84
9,85.86,12.37
9,88.39,57.84
9,85.72,37.44
9,102.73,39.0
9,103.23,31.74
9,102.47,39.12
9,88.35,17.34
9,76.66,24.75
9,105.0,35.16
9,99.13,9.02
9,82.06,30.67
9,105.0,29.99
9,81.04,30.67
9,105.0,27.94
9,105.0,23.05
9,76.02,13.96
9,95.56,35.59
9,98.17,30.7
9,105.0,18.87
9,78.35,34.69
9,105.0,30.76
9,88.23,28.93
9,71.86,10.27
9,86.44,41.51
9,88.03,20.44
9,74.23,34.7
9,92.06,25.11
9,100.45,29.72
9,91.1,46.68
9,80.96,39.85
9,86.07,46.43
9,87.94,37.63
9,90.83,38.36
9,102.43,14.41
9,91.54,30.51
9,69.76,31.53
9,80.69,47.46
9,90.16,28.43
9,102.61,36.91
9,104.87,36.48
9,105.0,46.73
9,89.7,32.53
9,97.92,43.11
9,69.09,15.25
9,93.59,16.25
9,74.02,8.88
9,87.19,42.65
9,105.0,41.41
9,91.95,43.87
9,76.77,26.55
9,93.3,27.8
9,81.28,32.67
9,75.51,49.88
9,105.0,52.63
9,101.87,42.73
9,92.49,37.64
9,82.91,48.69
9,83.96,31.19
9,105.0,29.7
9,91.99,32.58
9,47.92,23.23
9,105.0,32.07
9,90.38,21.71
9,92.46,45.28
9,102.13,39.98
9,94.05,49.73
9,97.71,16.08
9,82.49,54.92
9,72.01,16.7
9,91.64,20.82
9,105.0,27.17
9,79.58,48.38
9,78.54,36.48
9,103.87,31.32
9,82.06,25.28
9,82.66,18.86
9,83.15,46.46
9,87.16,42.79
9,67.54,48.88
9,80.99,38.36
9,90.99,4.94
9,90.9,20.31
9,103.05,39.11
9,105.0,29.93
9,105.0,27.85
9,99.89,21.86
9,86.07,44.42
9,79.9,39.02
9,88.23,39.51
9,95.61,27.03
9,98.69,35.94
9,96.1,19.28
9,86.42,32.57
9,98.23,6.19
9,104.39,16.75
9,99.44,30.45
9,87.58,60.13
9,77.16,14.19
9,76.85,20.32
9,79.14,36.38
9,91.34,53.46
9,94.76,36.22
9,69.61,41.72
9,81.45,30.29
9,91.16,28.38
9,76.3,34.9
9,93.64,26.76
9,84.0,41.97
9,78.6,16.33
9,88.69,43.79
9,93.1,34.43
9,76.97,31.64
9,84.85,15.93
9,94.08,23.22
9,78.09,47.19
9,66.45,31.71
9,68.02,37.06
9,82.57,24.33
9,70.86,33.68
9,83.48,18.91
9,105.0,35.1
9,70.08,38.08
9,84.33,37.53
9,105.0,24.06
9,93.31,30.24
9,83.22,39.91
9,85.96,31.67
9,93.58,30.84
9,105.0,54.94
9,81.1,23.54
9,78.15,45.88
9,70.08,21.3
9,89.34,41.2
9,69.73,41.79
10,48.38,5.45
10,66.0,20.02
10,80.84,15.39
10,59.99,26.4
10,75.26,6.23
10,54.81,14.08
10,70.96,10.91
10,59.09,12.64
10,72.99,2.26
10,67.49,18.34
10,58.53,16.6
10,65.43,26.14
10,61.86,11.89
10,56.92,7.47
10,88.08,20.68
10,69.32,3.26
10,45.37,23.93
10,65.9,23.91
10,85.89,25.83
10,64.1,16.14
10,93.47,6.65
10,62.86,13.2
10,80.54,16.18
10,87.48,5.84
10,79.85,26.66
10,56.13,18.38
10,61.75,2.19
10,89.21,32.71
10,63.54,13.07
10,86.68,0.0
10,68.41,2.87
10,75.84,28.37
10,55.98,32.07
10,66.09,23.1
10,62.62,26.51
10,76.93,25.38
10,75.21,18.13
10,80.01,15.62
10,67.62,17.94
10,61.91,20.1
10,76.38,3.84
10,60.62,20.05
10,88.02,28.04
10,72.51,9.73
10,69.76,8.55
10,80.01,17.24
10,73.01,4.85
10,52.45,0.0
10,60.2,24.62
10,87.75,7.04
10,75.09,12.2
10,52.14,5.29
10,78.58,26.04
10,66.73,21.38
10,62.63,9.35
10,59.12,0.0
10,87.0,8.18
10,48.45,18.27
10,63.11,14.07
10,75.56,13.2
10,94.52,14.33
10,81.2,20.35
10,63.0,11.54
10,93.88,16.95
10,56.38,1.14
10,77.45,40.09
10,80.34,8.88
10,62.55,14.24
10,83.07,18.23
10,67.32,7.48
10,83.04,12.09
10,50.09,11.95
10,78.35,1.95
10,68.64,16.82
10,88.95,0.0
10,73.43,31.28
10,90.24,20.72
10,80.6,19.03
10,72.34,0.0
10,84.24,3.28
10,84.32,27.28
10,80.13,57.66
10,44.2,25.14
10,61.23,23.41
10,91.99,17.77
10,57.67,2.68
10,85.47,22.95
10,83.18,0.0
10,64.57,0.0
10,48.06,0.0
10,66.6,22.73
10,101.01,11.37
10,62.78,13.11
10,63.67,11.83
10,61.03,0.0
10,89.79,4.62
10,70.84,5.18
10,65.86,0.0
10,92.38,6.45
10,81.53,0.11
10,62.05,18.35
10,58.09,19.27
10,89.06,0.0
10,74.22,8.74
10,53.86,32.42
10,50.82,1.21
10,59.49,16.69
10,57.89,13.16
10,47.4,24.02
10,59.71,15.25
10,62.05,7.26
10,67.99,12.73
10,96.01,12.9
10,70.53,10.99
10,71.82,0.0
10,80.62,25.67
10,70.91,23.73
10,79.2,0.51
10,77.65,8.69
10,75.59,9.52
10,105.0,0.0
10,85.84,0.0
10,59.94,4.62
10,78.81,8.08
10,63.71,0.0
10,79.8,13.95
10,56.12,24.79
10,59.6,21.26
10,78.47,10.61
10,86.97,0.0
10,80.53,19.87
10,85.1,13.61
10,78.86,16.67
10,76.24,33.3
10,67.45,2.93
10,84.57,0.0
10,87.32,0.41
10,73.18,17.35
10,72.48,12.3
10,94.69,0.0
10,73.73,0.0
10,74.98,8.1
10,80.29,0.0
10,72.73,17.73
10,63.34,7.47
10,78.91,5.1
10,73.5,3.66
10,97.95,14.89
10,84.25,12.47
11,32.57,61.54
11,36.51,46.45
11,40.87,47.75
11,72.85,48.08
11,28.47,43.17
11,40.55,34.74
11,47.28,48.91
11,42.06,63.61
11,59.96,56.17
11,41.99,68.0
11,42.95,62.26
11,56.59,59.76
11,69.54,68.0
11,64.3,52.93
11,44.22,54.69
11,45.36,53.87
11,46.61,68.0
11,47.91,54.03
11,34.98,46.87
11,58.18,60.46
11,48.69,45.02
11,45.42,59.87
11,29.48,58.55
11,46.81,51.92
11,21.39,60.22
11,38.44,37.63
11,38.68,55.79
11,49.73,48.91
11,70.44,68.0
11,53.43,55.71
11,64.83,47.44
11,54.39,38.84
11,60.63,68.0
11,70.14,50.15
11,36.49,45.3
11,35.64,57.7
11,54.69,61.15
11,45.95,60.97
11,48.86,54.22
11,42.77,55.75
11,38.25,56.55
11,67.07,57.7
11,31.7,58.67
11,54.92,66.04
11,52.81,54.62
11,25.47,45.02
11,35.2,52.41
11,37.39,62.29
11,53.34,34.35
11,41.23,34.41
11,44.89,64.1
11,27.05,68.0
11,76.24,40.08
11,46.93,55.11
11,52.49,49.61
11,38.97,51.13
11,37.52,57.36
11,70.86,39.78
11,21.08,41.82
11,49.62,50.69
11,30.25,52.4
11,40.73,41.61
11,37.7,62.69
11,33.18,49.41
11,46.46,49.36
11,12.62,57.11
11,41.9,52.58
11,44.83,63.21
11,28.33,43.73
11,65.67,38.63
11,38.27,50.59
11,42.91,54.66
11,38.3,40.35
11,44.94,38.73
11,63.01,56.01
11,78.15,45.66
11,55.69,38.02
11,60.14,64.62
11,68.31,47.05
11,49.24,66.65
11,66.41,54.31
11,56.3,57.24
11,47.87,51.67
11,50.55,24.79
11,22.32,41.5
11,49.8,52.62
11,25.93,58.01
11,24.87,34.31
11,48.51,53.41
11,31.52,41.66
11,45.91,56.58
11,47.8,53.79
11,48.38,62.18
11,34.25,65.74
11,57.68,59.05
11,44.84,63.46
11,51.73,50.15
11,30.45,68.0
11,43.68,40.59
11,60.26,48.19
11,58.61,63.91
11,35.64,62.28
11,38.91,59.36
11,33.15,61.43
11,37.47,31.08
11,27.81,68.0
11,44.2,51.76
11,54.23,67.7
11,35.79,31.63
11,44.82,56.82
11,43.13,47.8
11,59.72,60.29
11,38.05,57.49
11,38.52,58.03
11,35.0,42.35
11,31.21,53.37
11,52.88,52.02
11,44.24,59.45
11,46.71,64.88
11,62.57,55.66
11,63.32,39.96
11,24.6,55.18
11,54.42,68.0
11,48.93,68.0
11,40.0,21.28
11,50.26,54.7
11,23.56,64.25
11,65.01,51.99
11,52.69,48.94
11,34.75,51.06
11,38.39,60.07
11,23.86,41.37
11,41.92,67.08
11,39.72,53.38
11,28.77,43.71
11,56.1,66.37
11,62.6,37.0
11,45.64,47.89
11,42.03,47.71
11,51.65,68.0
11,45.74,46.46
11,31.93,30.3
11,37.52,47.6
11,42.15,59.01
11,49.23,62.62
11,46.12,68.0
11,48.73,68.0
11,26.18,56.07
11,54.65,44.19
11,46.04,68.0
11,79.19,49.95
11,40.96,46.76
11,50.2,49.41
11,82.78,40.22
11,48.52,48.88
11,45.12,51.44
11,33.17,62.04
11,65.87,49.73
11,30.93,40.06
11,51.55,36.36
11,39.84,56.31
11,43.54,54.8
11,27.49,47.9
11,63.46,48.86
11,42.39,58.27
11,30.2,68.0
11,62.28,45.42
11,39.45,54.98
11,50.35,64.54
11,56.94,45.46
11,52.16,53.83
11,17.44,53.58
11,55.04,39.58
11,44.69,55.85
11,41.72,54.35
11,44.58,60.11
11,25.07,40.94
11,48.5,54.11
11,28.26,68.0
11,42.28,68.0
11,48.03,68.0
11,59.96,41.05
11,35.35,58.96
11,64.87,48.69
11,58.31,57.12
11,40.42,45.51
11,31.59,35.15
11,27.23,50.21
11,49.53,61.95
11,36.42,57.17
11,61.59,58.43
11,37.17,56.38
11,34.29,58.45
11,49.04,59.82
11,37.08,50.98
11,46.11,54.91
11,58.82,68.0
11,47.52,55.56
11,47.57,54.47
11,48.67,55.13
11,23.99,51.6
11,51.09,49.21
11,48.08,56.3
11,57.61,48.44
11,53.88,52.4
11,43.37,45.3
11,59.42,55.19
11,42.2,60.43
11,49.21,51.67
11,41.96,31.91
11,52.0,60.49
11,41.11,55.32
11,67.42,43.07
11,72.23,62.51
11,57.36,38.62
11,66.04,65.5
11,25.99,53.37
11,27.52,29.04
11,41.82,55.96
11,46.54,49.53
11,43.42,47.87
11,24.65,45.89
11,60.97,52.6
11,74.0,48.66
11,62.65,33.58
11,60.11,67.99
11,48.94,51.31
11,35.04,45.95
11,46.94,41.59
11,73.37,62.48
11,41.42,39.72
11,40.09,55.47
11,60.39,47.58
11,61.26,48.22
11,34.98,41.86
11,42.6,47.18
11,39.48,54.1
11,46.91,56.59
11,60.35,45.36
11,35.55,53.0
11,60.17,63.77
11,47.32,35.71
11,76.24,53.93
11,50.14,43.54
11,44.74,42.42
11,53.47,56.87
11,41.62,48.0
11,22.66,40.62
11,42.87,68.0
11,42.67,64.12
11,25.3,32.74
11,45.05,37.78
11,19.13,60.53
11,41.48,50.87
11,49.17,68.0
11,47.26,60.78
11,40.66,57.29
11,44.89,42.76
11,35.81,59.41
11,46.14,39.97
11,46.76,68.0
11,34.3,58.64
11,49.48,44.93
11,49.4,62.85
11,43.84,68.0
11,77.47,51.61
11,44.17,60.05
11,42.37,49.25
11,40.51,54.94
11,33.38,37.42
12,71.39,22.09
12,24.66,42.58
12,44.35,37.44
12,64.75,20.78
12,44.86,31.54
12,45.77,44.25
12,37.17,20.15
12,35.88,22.22
12,24.26,33.24
12,39.82,57.47
12,35.14,26.6
12,49.53,39.45
12,37.76,36.86
12,41.77,27.52
12,42.12,35.77
12,47.37,29.07
12,41.13,30.06
12,34.2,15.73
12,49.11,33.73
12,61.88,43.89
12,49.67,34.63
12,40.07,46.0
12,46.4,40.38
12,21.34,33.35
12,46.19,27.09
12,42.8,28.65
12,35.87,17.82
12,38.22,31.06
12,42.67,35.61
12,60.9,52.87
12,62.2,39.81
12,35.93,24.49
12,41.26,18.17
12,41.6,31.73
12,58.52,42.93
12,49.89,31.57
12,49.21,39.96
12,54.97,32.01
12,40.25,41.89
12,65.73,16.43
12,47.98,51.65
12,36.87,21.76
12,45.01,42.73
12,64.02,31.01
12,42.47,32.73
12,60.34,31.35
12,39.87,36.81
12,38.05,39.03
12,56.57,45.64
12,36.64,49.49
12,58.69,37.65
12,52.57,52.85
12,36.64,35.02
12,47.07,45.85
12,40.87,38.72
12,52.54,27.96
12,72.54,35.99
12,43.18,39.53
12,54.94,33.65
12,48.32,38.54
12,48.31,43.52
12,45.85,33.74
12,36.85,1.62
12,52.36,52.46
12,44.25,30.73
12,36.24,24.94
12,61.18,21.63
12,49.29,30.3
12,45.03,27.81
12,65.42,25.89
12,24.13,26.5
12,64.55,39.83
12,36.56,56.33
12,50.75,43.03
12,40.36,46.35
12,36.0,29.85
12,65.08,35.15
12,72.13,38.69
12,45.12,26.74
12,52.36,29.32
12,48.74,43.4
12,70.5,45.99
12,20.53,34.74
12,52.9,20.85
12,38.55,30.75
12,17.37,18.15
12,43.31,34.83
12,72.02,36.81
12,39.47,31.02
12,58.28,36.66
12,63.58,38.59
12,47.83,36.83
12,49.57,20.78
12,25.69,31.21
12,38.69,38.51
12,59.79,51.37
12,48.79,31.01
12,52.78,40.06
12,49.73,43.66
12,76.5,31.84
12,42.4,46.63
12,68.87,47.22
12,49.74,49.18
12,70.02,39.04
12,32.08,59.96
12,50.4,27.23
12,42.88,57.36
12,49.81,42.45
12,63.89,48.74
12,52.92,30.48
12,63.86,43.29
12,39.29,49.7
12,37.3,22.04
12,48.21,32.2
12,47.5,10.45
12,45.58,32.04
12,35.54,25.02
12,63.58,31.6
12,43.28,66.16
12,66.54,52.9
12,48.17,18.17
12,56.43,40.11
12,55.25,42.79
12,37.28,30.28
12,52.77,35.96
12,73.07,37.04
12,51.27,19.19
12,59.72,22.66
12,57.01,35.9
12,51.99,35.09
12,50.42,26.21
12,55.12,25.26
12,57.92,33.01
12,30.42,43.75
12,51.21,33.16
12,45.61,51.85
12,42.91,26.35
12,64.85,36.12
12,38.47,30.1
12,29.87,40.47
12,58.34,25.4
12,29.53,55.2
12,22.94,15.4
12,59.81,52.87
12,50.06,34.99
12,54.15,40.08
12,42.25,48.68
12,30.0,43.43
12,32.58,25.97
12,44.46,40.6
12,31.46,54.54
12,51.99,24.24
12,41.99,57.3
12,50.41,38.24
12,50.02,29.23
12,53.03,24.17
12,54.49,31.54
12,43.53,12.49
12,50.39,29.43
12,51.07,31.11
12,16.42,22.18
12,56.4,42.23
12,49.95,31.59
12,55.33,27.01
12,31.27,30.42
12,43.89,37.91
12,33.81,34.81
12,57.68,26.29
12,29.73,35.38
12,35.93,33.44
12,54.95,21.47
12,39.82,30.83
12,35.93,40.37
12,59.79,40.29
12,60.32,31.47
12,57.39,41.44
12,59.03,23.22
12,44.99,23.56
12,45.34,31.24
12,39.57,50.47
12,50.18,35.8
12,41.14,30.97
12,42.37,50.99
12,55.8,30.84
12,63.4,58.58
12,53.18,28.38
12,71.33,22.87
12,38.83,32.17
12,24.11,31.26
12,57.29,25.12
12,37.97,62.62
12,44.44,37.5
12,24.99,39.11
12,36.31,28.92
12,28.47,27.65
12,42.35,45.28
12,42.87,15.57
12,49.17,21.43
12,64.12,31.28
12,56.8,48.86
12,26.91,29.88
12,55.9,38.58
12,49.45,34.31
12,46.73,48.26
12,47.7,16.57
12,50.66,42.1
12,39.01,31.81
12,45.63,44.17
12,63.39,24.99
12,38.85,34.27
12,34.61,32.87
12,47.2,22.97
12,33.3,19.92
12,25.6,27.62
12,43.52,35.43
12,66.83,25.67
12,47.5,30.37
12,50.32,13.26
12,20.31,29.92
12,53.7,45.26
12,49.21,41.76
12,39.36,33.04
12,50.34,36.68
12,50.21,24.89
12,34.23,51.87
12,52.31,56.75
12,63.56,35.81
12,45.04,62.5
12,36.72,26.52
12,45.69,20.24
12,59.11,26.19
12,32.06,31.59
12,55.52,59.43
12,39.19,30.91
12,51.15,24.54
12,40.66,24.12
12,40.63,46.54
12,67.8,44.97
12,29.68,28.66
12,54.31,13.37
12,70.51,21.59
12,56.91,52.93
12,30.7,41.58
12,31.34,34.72
12,38.23,54.56
12,50.05,55.54
12,50.94,33.6
12,31.47,33.81
12,36.65,27.6
12,37.45,30.87
12,45.65,17.65
12,73.8,17.61
12,35.87,15.05
12,35.3,45.93
12,33.27,16.82
12,56.26,55.45
12,47.46,25.97
12,36.35,53.11
12,43.28,29.98
12,37.71,16.77
12,51.85,48.12
12,82.9,49.42
12,55.16,24.03
12,46.79,30.35
12,39.36,24.04
12,30.54,32.67
12,57.54,35.19
12,56.83,30.13
12,41.94,13.99
12,63.77,27.61
12,48.27,41.74
12,58.07,31.7
12,51.85,30.4
12,45.7,23.76
12,35.59,27.29
12,46.11,49.5
12,58.95,21.46
12,41.39,41.93
12,53.72,34.52
13,87.93,34.57
13,81.23,39.09
13,92.31,24.51
13,93.95,27.0
13,105.0,26.15
13,91.62,49.58
13,63.14,55.06
13,103.12,35.26
13,85.35,31.05
13,105.0,27.4
13,105.0,34.02
13,81.43,27.95
13,97.38,32.93
13,80.28,38.55
13,88.03,29.54
13,96.79,31.91
13,102.47,31.96
13,99.64,30.51
13,88.97,29.14
13,105.0,42.38
13,83.25,14.52
13,67.11,51.32
13,69.61,35.49
13,105.0,40.71
13,87.0,41.98
13,90.07,26.21
13,80.95,23.94
13,82.11,22.65
13,77.77,31.28
13,94.12,41.69
13,86.73,27.58
13,93.66,40.69
13,92.41,7.95
13,82.46,29.76
13,69.04,46.84
13,67.9,32.12
13,105.0,24.88
13,105.0,26.77
13,105.0,0.69
13,79.23,22.87
13,88.12,45.63
13,77.4,27.59
13,70.94,28.89
13,80.35,8.35
13,105.0,16.06
13,98.93,47.09
13,75.39,40.79
13,83.91,19.73
13,97.74,27.06
13,80.58,33.68
13,89.03,20.84
13,93.22,11.95
13,93.08,32.25
13,91.3,40.3
13,79.5,40.51
13,80.84,43.63
13,73.26,16.91
13,67.7,34.64
13,86.51,31.05
13,98.61,33.04
13,70.06,31.67
13,91.55,26.74
13,98.2,0.8
13,64.12,46.78
13,84.48,37.63
13,105.0,17.67
13,95.18,39.2
13,63.68,29.08
13,96.56,29.39
13,78.28,25.55
13,96.99,39.91
13,79.03,25.2
13,87.31,21.93
13,81.01,46.45
13,88.04,32.03
13,80.63,32.38
13,85.09,41.62
13,72.72,26.66
13,94.38,28.85
13,90.28,37.36
13,66.99,17.04
13,100.91,36.43
13,85.71,25.69
13,90.1,43.41
13,97.94,40.01
13,92.27,38.56
13,103.15,16.32
13,84.19,32.86
13,101.45,21.05
13,89.6,33.59
13,94.6,8.53
13,93.25,17.05
13,104.13,47.08
13,97.38,38.06
13,82.24,30.11
13,79.66,24.0
13,87.35,22.07
13,78.12,36.2
13,74.32,30.22
13,60.34,51.01
13,67.86,31.97
13,105.0,34.65
13,79.47,18.73
13,105.0,30.03
13,93.24,35.95
13,87.35,29.9
13,68.49,28.66
13,88.06,37.6
13,105.0,50.66
13,105.0,35.59
13,91.57,46.59
13,73.07,40.84
13,75.56,45.93
13,76.92,27.29
13,104.62,31.72
13,105.0,31.77
13,90.55,40.01
13,84.06,42.72
13,105.0,35.38
13,75.28,43.64
14,87.21,0.0
14,82.81,0.0
14,75.74,18.04
14,83.27,15.15
14,62.38,13.16
14,76.58,14.98
14,77.91,5.19
14,56.72,14.02
14,80.17,39.92
14,57.77,24.92
14,68.44,8.83
14,74.52,6.24
14,64.5,0.0
14,75.07,23.76
14,74.87,20.65
14,63.34,6.02
14,81.38,0.0
14,64.07,0.0
14,103.74,16.89
14,72.58,11.02
14,58.77,19.61
14,61.2,12.95
14,88.92,22.63
14,68.68,16.07
14,56.27,21.12
14,85.1,0.0
14,68.6,0.0
14,82.49,7.99
14,86.16,23.88
14,77.57,32.69
14,105.0,10.19
14,51.58,5.27
14,63.37,0.0
14,70.67,21.5
14,103.4,5.95
14,97.37,44.54
14,90.75,3.87
14,63.68,35.16
14,65.19,20.23
14,63.23,0.69
14,63.82,14.55
14,93.41,20.49
14,70.83,9.52
14,72.55,21.22
14,84.07,20.98
14,52.37,18.56
14,74.68,11.82
14,59.74,0.0
14,70.17,11.16
14,66.38,13.94
14,65.71,0.0
14,76.93,13.86
14,76.88,10.94
14,71.14,0.0
14,78.82,8.34
14,62.71,8.57
14,82.86,33.23
14,71.32,14.42
14,67.71,23.4
14,63.67,10.7
14,70.86,0.0
14,98.32,19.4
14,73.18,4.76
14,59.12,8.31
14,85.94,0.42
14,67.86,12.8
14,77.69,23.72
14,66.13,22.26
14,90.65,29.45
14,66.32,31.01
14,92.17,0.0
14,60.36,0.0
14,70.19,0.0
14,92.2,18.95
14,76.19,4.38
14,103.53,6.62
14,70.5,9.62
14,77.34,16.21
14,98.77,0.0
14,54.32,0.0
14,52.71,12.01
14,63.66,25.19
14,84.57,11.72
14,53.07,3.29
14,81.76,0.0
14,80.85,22.48
14,100.19,3.9
14,87.59,0.0
14,78.73,0.0
14,91.67,0.0
14,81.01,1.43
14,68.02,9.37
14,59.12,0.0
14,66.6,14.04
14,73.48,9.29
14,76.28,36.44
14,46.24,0.0
14,71.15,13.78
14,74.37,13.91
14,81.12,0.66
14,95.15,13.05
14,76.41,20.47
14,62.18,13.06
14,50.36,27.23
14,82.93,0.0
14,62.7,2.74
14,85.27,28.23
14,92.17,22.03
14,53.93,17.95
14,81.2,25.57
14,90.8,0.0
14,87.25,20.75
14,46.75,23.71
14,62.9,4.75
14,57.36,40.92
14,80.81,14.16
14,79.37,0.0
14,38.93,16.19
14,70.09,4.08
14,84.41,24.81
14,75.92,18.03
14,75.9,5.42
14,69.26,28.53
14,60.23,22.33
14,73.78,2.89
14,74.68,10.33
14,82.0,17.69
14,83.05,7.99
14,75.12,8.32
14,88.23,12.4
14,69.13,0.28
14,55.23,0.0
14,80.2,14.63
14,75.64,0.0
14,80.46,1.08
14,57.56,0.0
14,97.28,0.0
14,83.24,16.69
14,70.26,9.55
14,61.84,9.16
14,88.0,0.0
14,59.68,4.79
14,103.4,16.14
14,66.03,11.43
14,96.37,21.05
14,71.6,22.62
14,94.55,9.23
14,64.45,0.0
14,74.24,3.68
14,84.46,10.93
14,82.61,3.46
14,88.31,0.4
14,67.66,12.77
14,75.1,38.73
14,90.23,6.63
14,64.83,11.97
14,81.44,0.0
14,71.15,25.68
14,76.68,21.62
14,75.1,20.86
14,63.75,26.96
14,70.61,7.3
14,75.88,8.67
14,72.66,30.81
14,94.45,18.96
14,87.13,0.0
14,77.77,17.0
14,64.08,5.6
14,63.29,21.88
14,99.66,16.49
14,60.87,0.0
14,75.48,14.96
14,78.69,14.32
14,69.95,16.0
14,60.97,18.33
14,63.8,28.46
14,66.9,16.55
14,64.78,12.25
14,91.26,24.63
14,73.88,36.67
14,67.19,22.07
14,75.39,14.27
14,82.68,16.76
14,69.52,14.82
14,85.73,12.2
14,57.48,35.82
14,89.23,3.76
14,73.88,24.7
14,73.38,10.62
14,64.99,0.0
14,58.04,9.93
14,52.33,5.99
14,64.08,18.35
14,81.64,13.0
14,61.5,0.76
14,53.87,28.18
14,62.18,23.99
14,69.0,29.45
14,69.51,14.61
14,72.32,11.61
14,87.42,19.74
14,90.24,5.65
14,100.07,13.43
14,52.88,10.07
14,62.87,0.0
14,83.08,13.4
14,68.1,7.15
14,85.19,9.33
14,76.69,16.0
14,94.53,26.0
14,87.56,2.66
14,87.79,8.3
14,68.65,3.58
14,72.73,2.87
14,70.03,5.46
14,54.42,9.84
14,93.13,18.44
14,83.69,15.52
14,69.51,0.37
14,90.96,26.24
14,65.81,22.39
14,50.1,2.09
14,87.1,25.47
14,57.38,15.6
14,71.45,10.28
14,76.68,15.94
14,79.01,11.72
14,85.03,18.0
14,81.55,14.06
14,81.15,8.29
14,63.72,0.0
14,77.83,17.8
14,54.43,7.89
14,94.31,20.56
14,55.77,17.3
14,69.5,8.18
14,56.85,23.25
14,64.51,14.25
14,74.17,13.8
14,67.13,10.48
14,88.88,30.52
14,76.95,4.15
14,67.98,8.45
14,72.26,0.0
14,89.86,19.99
14,85.82,5.6
14,59.2,6.83
14,65.15,6.31
14,80.17,12.69
14,78.59,0.0
14,60.35,0.0
14,83.74,17.03
14,62.42,0.0
14,90.95,21.4
14,80.88,29.14
14,59.28,10.19
14,67.12,26.29
14,66.9,11.73
14,76.08,29.59
14,71.35,6.98
15,52.95,29.17
15,39.3,27.74
15,50.28,27.22
15,58.62,0.0
15,44.89,18.84
15,80.14,16.33
15,39.27,13.62
15,59.03,20.71
15,55.91,16.87
15,36.9,21.46
15,40.48,11.05
15,59.24,30.48
15,47.88,22.57
15,50.39,19.97
15,24.73,19.43
15,54.53,26.73
15,49.73,25.24
15,45.17,12.76
15,50.69,24.89
15,40.68,15.91
15,38.31,35.09
15,42.86,26.08
15,39.97,7.12
15,74.35,39.64
15,57.85,0.0
15,33.41,21.01
15,72.47,6.34
15,40.37,34.7
15,46.38,16.78
15,57.67,5.27
15,20.39,11.07
15,42.92,6.15
15,38.55,10.64
15,48.67,10.38
15,50.81,5.74
15,45.0,16.97
15,44.39,18.3
15,59.85,3.04
15,49.92,0.0
15,46.54,17.42
15,47.92,19.85
15,69.87,22.03
15,48.24,20.06
15,39.31,31.3
15,21.18,24.97
15,27.36,43.48
15,39.93,48.11
15,44.59,0.0
15,38.78,0.0
15,50.56,13.92
15,38.61,19.55
15,34.11,13.17
15,53.96,21.74
15,63.8,11.03
15,31.61,6.37
15,49.17,8.03
15,21.23,11.8
15,26.83,23.28
15,38.35,8.65
15,60.75,10.82
15,35.88,20.27
15,35.39,11.81
15,46.47,26.28
15,46.48,3.89
15,35.79,1.5
15,71.82,17.35
15,42.55,18.45
15,47.48,4.49
15,40.78,28.78
15,51.72,35.17
15,62.05,7.09
15,67.63,30.36
15,36.09,0.0
15,60.31,25.84
15,53.15,4.56
15,58.67,24.74
15,44.81,3.43
15,43.57,13.25
15,58.16,5.09
15,58.41,11.65
15,66.35,34.13
15,48.58,12.81
15,44.61,37.21
15,14.02,9.76
15,25.05,30.41
15,40.87,0.0
15,31.69,10.85
15,56.58,8.1
15,28.97,30.91
15,39.48,16.04
15,39.99,0.0
15,61.66,0.0
15,38.09,2.86
15,51.88,24.27
15,48.54,22.86
15,57.74,10.7
15,57.05,7.97
15,45.57,21.88
15,23.95,1.58
15,42.99,19.03
15,45.74,18.1
15,49.72,10.98
15,36.41,18.37
15,60.83,15.12
15,46.18,19.47
15,34.03,0.0
15,40.04,20.76
15,71.07,25.29
15,54.64,17.53
15,59.63,20.61
15,32.46,12.79
15,37.05,23.8
15,37.14,14.72
15,48.4,1.37
15,43.74,23.02
15,39.64,0.0
15,41.27,17.11
15,35.68,9.77
15,43.66,9.07
15,60.47,15.89
15,26.33,6.2
15,50.5,19.63
15,63.94,14.62
15,43.62,7.21
15,39.12,28.72
15,58.02,16.25
15,33.21,20.94
15,45.71,29.58
15,32.48,29.4
15,21.69,20.38
15,44.02,10.67
15,29.58,0.0
15,45.85,16.27
15,60.5,26.04
15,70.11,17.9
15,47.22,0.0
15,59.25,23.57
15,51.19,24.25
15,41.02,10.69
15,20.98,24.87
15,67.14,20.91
15,32.36,6.46
15,63.98,27.98
15,52.98,0.06
15,33.31,13.37
15,50.06,12.27
15,73.73,4.92
15,65.96,17.34
15,39.33,28.41
15,36.74,27.73
15,47.3,21.96
15,43.85,0.0
15,61.6,0.0
15,55.61,15.83
15,24.0,13.62
15,51.96,8.52
15,43.67,34.96
15,46.48,15.16
15,49.24,19.97
15,61.58,24.87
15,58.71,14.6
15,36.25,42.5
15,45.24,3.66
15,40.17,7.33
15,24.14,3.63
15,44.58,31.19
15,69.98,22.82
15,23.74,8.01
15,45.69,4.5
15,45.27,29.23
15,49.74,17.98
15,33.48,29.51
15,27.47,13.34
15,28.08,19.63
15,63.3,17.3
15,33.23,7.13
15,39.51,12.41
15,73.36,0.97
15,36.45,19.44
15,50.45,22.37
15,59.83,24.89
15,59.2,21.33
15,28.69,12.59
15,36.73,31.07
15,49.93,23.82
15,71.08,29.27
15,36.1,29.96
15,39.58,12.62
15,51.45,18.27
15,54.06,22.52
15,54.84,1.36
15,35.0,1.6
15,39.08,0.0
15,48.8,12.81
15,62.41,10.33
15,42.9,0.0
15,45.71,15.64
15,32.66,12.95
15,70.22,27.0
15,48.01,36.14
15,60.01,19.02
15,46.39,6.34
15,47.11,21.11
15,26.5,14.1
15,18.04,11.36
15,62.27,4.52
15,47.01,8.89
15,48.68,12.04
15,29.76,22.85
15,34.26,19.62
15,59.81,34.08
15,68.62,21.42
15,37.92,18.67
15,54.73,10.63
15,48.47,2.59
15,44.43,7.73
15,70.08,6.3
15,40.11,0.0
15,62.13,2.91
15,50.96,31.62
15,45.78,18.05
15,63.84,9.86
15,49.77,18.38
15,44.75,0.0
16,72.43,29.5
16,50.96,20.95
16,68.62,5.12
16,90.63,4.06
16,77.36,9.49
16,55.56,8.35
16,104.78,25.82
16,57.7,22.83
16,70.84,12.39
16,60.51,19.46
16,60.53,21.05
16,68.12,12.64
16,82.27,16.43
16,90.78,18.54
16,68.98,17.36
16,60.87,3.43
16,80.22,4.55
16,80.6,8.83
16,77.12,4.23
16,77.58,0.0
16,72.54,19.44
16,75.28,15.81
16,71.64,0.0
16,87.91,9.35
16,102.97,9.97
16,76.34,14.0
16,73.91,0.1
16,77.33,0.0
16,65.45,17.72
16,83.94,0.0
16,79.74,9.44
16,68.53,8.41
16,85.73,10.64
16,74.25,14.78
16,61.39,29.58
16,78.57,0.0
16,77.08,21.64
16,86.49,0.0
16,84.81,27.33
16,72.58,0.0
16,67.86,38.8
16,74.02,7.71
16,78.72,26.19
16,80.29,23.93
16,77.92,7.2
16,72.82,8.04
16,86.96,2.79
16,65.23,20.66
16,105.0,7.34
16,83.92,2.99
16,59.34,17.91
16,76.41,2.13
16,84.04,8.38
16,69.46,13.18
16,54.56,4.93
16,60.49,6.59
16,81.05,28.88
16,51.19,9.75
16,55.16,8.04
16,80.98,10.07
16,71.11,17.0
16,64.95,0.63
16,67.57,16.7
16,54.88,14.81
16,80.3,0.0
16,63.51,31.74
16,67.04,28.07
16,78.51,3.19
16,70.66,0.0
16,64.84,14.51
16,48.14,0.0
16,78.78,27.01
16,75.03,6.85
16,67.27,29.84
16,60.51,2.93
16,74.17,10.77
16,80.25,25.94
16,75.27,8.44
16,95.29,14.99
16,83.16,24.02
16,72.61,5.88
16,83.6,0.0
16,74.63,0.0
16,74.59,18.42
16,90.85,16.28
16,62.33,23.68
16,74.3,8.99
16,89.47,0.0
16,78.02,0.0
16,69.2,43.55
16,51.82,17.8
16,44.49,13.5
16,100.99,15.07
16,78.01,0.0
16,66.41,3.26
16,78.54,31.18
16,61.68,19.24
16,69.69,3.6
16,61.77,0.0
16,55.63,6.33
16,46.64,8.53
16,53.23,34.54
16,87.28,9.93
16,61.17,0.0
16,80.95,11.36
16,86.44,14.91
16,74.22,0.0
16,70.12,16.42
16,75.73,25.3
16,68.58,13.53
16,89.65,3.23
16,98.39,6.18
16,92.85,0.0
16,46.03,10.53
16,68.32,15.42
16,74.05,2.14
16,80.02,33.34
16,51.54,20.72
16,51.34,0.0
16,90.99,0.0
16,66.73,1.18
16,54.66,29.31
16,59.65,21.8
16,79.08,29.86
16,63.31,12.11
16,77.14,9.7
16,61.28,0.0
16,51.33,15.85
16,92.52,9.84
16,79.18,9.42
16,69.66,29.8
16,67.22,10.61
16,93.04,26.64
16,81.69,0.0
16,88.91,41.57
16,66.41,7.89
16,74.66,19.78
16,79.23,21.53
16,66.85,6.53
16,72.76,21.01
16,66.41,21.58
16,79.19,4.16
16,56.82,4.29
16,81.44,12.5
16,78.04,10.73
16,71.36,27.32
16,79.84,19.73
16,69.26,11.23
16,65.29,18.67
16,81.07,0.0
16,81.63,5.23
16,67.41,15.17
16,66.29,24.27
16,71.62,14.2
16,66.82,28.04
16,93.83,21.55
16,78.11,6.63
16,74.19,10.46
16,61.87,16.49
16,83.61,7.07
16,66.05,28.84
16,65.51,0.0
16,84.04,15.48
16,79.04,20.09
16,41.46,8.55
16,71.95,6.07
16,75.63,11.16
16,69.59,20.93
16,76.08,6.5
16,50.47,0.24
16,37.2,24.66
16,61.32,16.39
16,77.67,23.09
16,32.08,20.35
16,63.03,35.98
16,49.0,24.26
16,70.85,4.04
16,99.45,17.17
16,71.18,5.87
16,72.6,7.0
16,84.91,0.0
16,74.28,8.85
16,71.21,18.0
16,86.05,11.27
16,80.13,0.0
16,77.75,0.0
16,72.2,35.23
16,69.5,15.58
16,85.92,2.94
16,69.63,17.08
16,90.01,36.08
16,60.39,18.83
16,92.64,0.0
16,80.14,41.18
16,61.41,0.0
16,80.62,9.73
16,65.55,0.0
16,74.43,3.86
16,67.67,15.13
16,72.27,0.0
16,86.24,11.01
16,80.74,24.62
16,59.37,2.72
16,60.11,0.0
16,77.52,10.47
16,78.46,8.28
16,65.23,5.45
17,74.15,27.3
17,75.95,57.46
17,89.77,13.05
17,75.46,16.56
17,90.32,53.28
17,105.0,39.21
17,87.22,37.76
17,72.22,38.74
17,93.1,40.28
17,85.69,37.3
17,86.05,23.38
17,94.18,43.0
17,96.98,41.27
17,88.46,49.71
17,87.21,53.41
17,105.0,37.64
17,103.61,20.5
17,98.84,53.5
17,89.71,22.8
17,74.93,37.72
17,102.66,31.18
17,89.88,29.26
17,80.5,42.41
17,84.84,36.69
17,75.44,39.65
17,101.75,25.03
17,96.88,32.09
17,90.36,25.54
17,87.44,31.81
17,79.15,32.69
17,60.31,54.29
17,69.63,31.15
17,78.35,10.62
17,76.39,49.35
17,91.76,38.94
17,98.55,32.56
17,86.33,29.19
17,105.0,23.58
17,77.82,55.32
17,86.24,34.57
17,87.34,14.88
17,102.2,37.61
17,89.38,47.27
17,89.74,35.72
17,66.49,24.08
17,76.3,23.1
17,102.25,23.91
17,61.02,50.74
17,105.0,33.21
17,94.5,15.53
17,78.28,38.23
17,77.18,35.55
17,105.0,29.06
17,105.0,22.78
17,86.45,22.3
17,89.75,45.95
17,79.6,36.72
17,89.75,39.27
17,79.24,36.69
17,86.98,37.6
17,105.0,28.85
17,86.76,31.74
17,74.38,46.81
17,70.24,49.56
17,89.65,20.56
17,78.11,31.71
17,91.21,43.23
17,66.95,54.7
17,96.97,53.6
17,74.22,25.25
17,88.6,48.03
17,83.6,34.64
17,105.0,45.49
17,90.23,42.67
17,105.0,20.1
17,95.29,40.05
17,105.0,45.06
17,85.29,33.78
17,92.49,31.29
17,103.84,16.71
17,99.76,41.52
17,94.9,36.3
17,83.74,23.86
17,85.94,30.42
17,102.79,35.7
17,105.0,27.86
17,80.29,34.03
17,78.33,14.75
17,76.25,48.84
17,98.79,34.18
17,75.92,21.91
17,98.63,6.94
17,95.09,45.32
17,80.91,40.14
17,105.0,36.32
17,68.99,43.5
17,105.0,43.47
17,92.15,36.14
17,61.04,31.2
17,105.0,29.41
17,100.64,38.63
17,82.43,49.37
17,75.46,32.87
17,67.6,50.24
17,105.0,38.1
17,76.0,38.19
17,71.57,60.46
17,91.48,52.18
17,66.71,52.46
17,75.24,25.23
17,100.93,58.11
17,94.03,33.1
17,82.98,31.5
17,88.24,10.25
17,82.25,37.59
17,87.19,22.08
17,78.1,38.49
17,80.46,21.22
17,80.06,53.77
17,78.56,40.07
17,101.57,59.08
17,98.01,22.75
17,75.88,51.04
17,72.47,14.17
17,85.96,36.29
17,105.0,27.05
17,74.64,29.07
17,85.9,28.32
17,89.15,23.94
17,86.59,20.14
17,82.04,29.13
17,103.02,35.28
17,93.91,46.8
17,99.0,37.25
17,95.66,46.83
17,99.62,17.74
17,105.0,29.24
17,105.0,41.82
17,105.0,37.78
17,103.83,24.53
17,79.3,44.27
17,99.02,28.16
17,97.24,25.45
17,105.0,39.36
17,75.43,34.07
17,95.25,28.25
17,79.15,27.87
17,94.66,22.23
17,85.21,29.65
17,94.23,46.1
17,69.67,36.69
17,98.31,44.54
17,90.68,39.68
17,89.98,27.27
17,105.0,15.86
17,83.03,23.8
17,92.45,26.62
17,89.3,25.77
17,90.57,44.79
17,105.0,44.68
17,88.83,58.33
17,80.63,25.6
17,105.0,51.57
17,84.0,51.5
17,67.13,31.45
17,78.37,39.21
17,71.79,47.65
17,64.6,33.35
17,83.28,32.5
17,87.09,27.1
17,103.35,8.04
17,96.18,34.78
17,95.59,26.19
17,76.39,22.17
17,99.5,38.64
17,105.0,18.04
17,93.13,42.87
17,93.49,39.32
17,71.56,29.6
17,101.71,33.3
17,105.0,20.91
17,92.2,42.25
17,80.27,36.06
17,85.89,36.88
17,82.53,39.52
17,83.31,26.93
17,96.42,17.29
17,91.63,44.53
17,101.05,41.58
17,92.82,28.11
17,76.77,38.5
17,81.49,47.84
17,80.68,46.53
17,85.58,27.79
17,105.0,17.62
17,105.0,19.51
17,98.88,30.57
17,89.54,50.09
17,70.3,25.99
17,90.86,27.44
17,77.73,27.21
17,105.0,28.15
17,67.12,33.88
17,93.0,19.92
17,76.63,45.93
17,87.88,32.41
17,96.66,61.27
17,101.29,21.09
17,87.21,51.49
17,97.9,49.3
17,79.39,29.47
17,91.19,29.65
17,101.03,23.87
17,92.32,23.99
17,81.12,33.99
17,84.37,34.23
17,101.2,16.37
17,73.81,59.23
17,75.72,31.15
17,95.82,34.72
17,82.29,27.11
17,69.11,31.06
17,105.0,30.06
17,73.71,33.97
17,85.41,33.84
17,79.95,42.85
17,84.13,36.5
17,76.5,41.75
17,97.29,33.89
17,89.44,36.54
17,100.79,31.35
18,8.68,32.85
18,5.95,27.01
18,5.56,42.09
18,6.58,37.99
18,8.4,35.56
18,7.27,37.94
18,0.74,40.77
18,17.94,40.66
18,18.76,24.78
18,31.19,43.86
18,0.15,36.81
18,16.66,29.22
18,0.0,36.58
18,18.78,37.79
18,0.0,45.9
18,0.0,22.49
18,12.32,48.57
18,0.0,34.25
18,0.0,28.43
18,1.7,28.1
18,17.49,22.98
18,0.0,14.85
18,7.3,41.45
18,3.08,55.79
18,18.66,16.21
18,19.02,23.55
18,0.0,42.27
18,21.59,33.5
18,0.06,43.18
18,11.07,32.88
18,0.0,27.61
18,12.82,31.52
18,41.17,7.8
18,9.65,21.42
18,2.02,44.43
18,4.98,47.11
18,0.0,49.47
18,26.84,38.85
18,12.07,9.18
18,0.0,27.01
18,0.0,48.57
18,8.2,51.85
18,20.12,48.99
18,0.0,31.4
18,22.47,19.63
18,6.81,33.55
18,0.0,34.16
18,1.92,51.22
18,30.73,36.51
18,0.0,34.18
18,0.0,34.81
18,20.38,38.4
18,10.81,40.89
18,0.0,26.03
18,20.54,22.37
18,21.16,49.08
18,12.31,15.95
18,0.04,52.02
18,2.04,12.98
18,11.7,27.57
18,0.0,44.69
18,25.26,34.0
18,30.1,19.52
18,4.93,38.69
18,12.63,34.74
18,23.42,31.62
18,33.42,27.14
18,28.24,33.62
18,0.0,27.6
18,3.9,60.78
18,14.51,31.36
18,1.58,29.89
18,31.18,28.04
18,29.18,53.55
18,0.0,15.97
18,5.89,37.95
18,0.0,31.37
18,5.46,18.34
18,5.07,24.99
18,20.41,37.49
18,0.0,24.49
18,0.0,36.86
18,0.0,53.02
18,0.0,35.88
18,0.0,18.01
18,10.43,24.69
18,0.0,30.86
18,0.0,30.13
18,0.0,35.67
18,0.0,37.44
18,0.79,53.04
18,0.24,33.96
18,16.96,21.33
18,0.0,46.69
18,3.35,47.89
18,0.91,36.56
18,18.52,31.29
18,5.99,40.85
18,21.66,31.68
18,0.0,11.39
18,7.36,40.2
18,0.51,43.81
18,0.0,49.85
18,7.12,25.96
18,30.53,36.49
18,0.0,36.73
18,6.34,34.94
18,0.0,35.26
18,0.0,34.41
18,0.0,36.33
18,2.15,42.15
18,2.73,47.42
18,5.06,25.68
18,0.0,32.1
18,0.0,29.35
18,14.52,27.78
18,0.0,16.22
18,3.38,34.27
18,11.81,39.27
18,0.0,32.29
18,12.44,33.9
18,0.0,38.6
18,19.55,49.52
18,12.76,29.38
18,8.72,21.11
18,22.62,33.01
18,3.72,54.72
18,0.0,21.23
18,25.84,41.15
18,31.93,46.74
18,0.0,7.98
18,6.52,38.51
18,21.59,40.64
18,6.98,31.06
18,15.73,26.89
18,18.15,27.5
18,0.69,30.39
18,13.45,30.68
18,7.92,28.6
18,0.0,30.21
18,0.0,47.1
18,0.0,20.64
18,20.07,14.76
18,20.5,47.27
18,17.75,31.89
18,13.72,29.73
18,13.37,32.78
18,11.61,36.3
18,13.3,28.24
18,14.18,39.57
18,0.0,23.42
18,0.0,30.68
18,0.0,9.64
18,22.39,46.89
18,29.5,32.06
18,0.0,41.37
18,28.34,39.24
18,9.13,40.05
18,21.17,33.91
18,14.58,38.27
18,26.73,23.43
18,10.73,21.12
18,0.0,32.89
18,6.63,26.52
18,14.7,49.68
18,5.19,38.13
18,16.55,26.12
18,7.15,31.01
18,0.26,35.46
18,0.0,33.25
18,2.91,36.99
18,10.66,34.76
18,0.0,18.7
18,0.0,10.34
18,0.0,29.89
18,0.0,40.17
18,23.57,30.01
18,0.0,47.6
18,17.14,33.48
18,45.03,48.93
18,26.9,46.67
18,9.74,45.56
18,19.16,20.76
18,0.0,34.19
18,0.0,47.45
18,8.37,37.0
18,13.18,40.1
18,22.23,18.73
18,0.61,55.11
18,10.51,25.29
18,10.07,12.06
18,6.29,30.14
18,7.06,7.08
18,0.0,22.06
18,11.64,62.14
18,10.54,29.82
18,2.28,18.29
18,16.66,34.28
18,21.36,24.12
18,16.81,43.51
18,0.0,24.22
18,9.3,36.98
18,0.0,21.38
18,9.26,62.59
18,0.0,39.54
18,24.6,32.4
18,18.18,30.78
18,22.99,27.91
18,21.67,25.63
18,4.48,25.33
18,2.47,52.46
18,30.64,27.92
18,5.85,10.58
18,0.0,21.17
18,21.1,44.2
18,9.87,31.22
18,27.58,32.53
18,11.16,46.87
18,7.74,25.45
18,27.84,40.96
18,0.0,26.65
18,0.39,40.33
18,0.0,29.7
18,0.0,31.34
18,19.35,43.02
18,0.75,42.23
18,19.77,32.18
18,13.06,28.81
18,15.89,51.59
18,2.08,40.48
18,0.0,29.7
18,9.17,26.82
18,19.95,45.27
18,7.35,35.27
18,0.0,32.2
18,0.0,35.26
18,10.65,37.72
18,0.8,33.38
18,7.07,47.24
18,4.9,47.85
18,2.22,39.85
18,11.82,49.12
18,15.21,34.09
18,33.55,41.59
18,17.85,45.05
18,28.72,45.21
18,0.0,44.08
18,0.0,40.94
18,7.81,55.53
18,19.15,28.06
18,17.12,32.29
18,23.75,31.64
18,0.0,29.95
18,24.29,12.12
18,12.36,49.12
18,0.0,22.71
18,17.41,35.87
18,10.2,18.36
18,12.96,40.83
18,20.99,25.36
18,13.59,21.5
18,0.0,36.14
18,6.14,26.29
18,0.0,27.68
18,16.44,35.89
18,26.17,42.8
18,0.0,25.0
18,0.0,23.1
18,0.0,34.26
18,2.1,39.93
18,13.36,50.09
18,2.24,22.22
18,16.48,30.5
18,21.85,46.93
18,22.32,55.7
18,0.0,23.08
18,26.02,25.87
18,27.06,38.19
18,28.18,27.64
18,5.95,25.65
18,0.0,36.69
18,0.0,51.04
18,0.0,19.6
18,8.15,50.48
18,19.02,27.68
18,24.99,37.8
18,1.69,51.5
18,7.5,37.58
19,80.78,42.46
19,71.34,68.0
19,85.19,47.29
19,55.87,45.07
19,60.82,53.34
19,55.68,68.0
19,73.27,32.17
19,54.12,68.0
19,65.01,45.97
19,59.6,58.91
19,93.24,48.56
19,61.12,68.0
19,57.27,57.37
19,77.23,48.21
19,95.93,52.69
19,72.49,56.99
19,73.5,57.95
19,90.78,60.83
19,85.42,55.98
19,79.53,40.85
19,66.43,52.26
19,79.93,62.67
19,56.31,48.63
19,65.89,63.4
19,92.61,56.35
19,90.93,53.6
19,79.69,68.0
19,48.92,36.88
19,58.29,48.57
19,65.17,68.0
19,71.77,68.0
19,57.74,68.0
19,70.8,56.55
19,96.97,61.04
19,79.21,64.99
19,76.84,68.0
19,60.77,59.44
19,52.69,66.19
19,58.03,61.06
19,52.17,61.74
19,74.98,45.9
19,78.99,52.38
19,61.45,50.25
19,75.92,42.92
19,93.1,37.83
19,99.45,51.34
19,84.02,53.1
19,71.73,57.16
19,83.6,62.11
19,91.57,58.07
19,47.91,53.17
19,93.27,45.93
19,66.92,65.65
19,67.05,54.88
19,69.39,51.23
19,78.16,53.95
19,59.55,47.94
19,70.3,50.16
19,80.83,49.81
19,76.84,52.84
19,78.95,63.21
19,69.79,60.48
19,83.02,68.0
19,87.73,68.0
19,86.95,68.0
19,79.56,62.15
19,86.21,61.97
19,85.32,50.64
19,105.0,65.09
19,89.83,48.78
19,72.85,39.82
19,62.15,68.0
19,70.61,42.26
19,69.69,60.83
19,80.65,46.32
19,64.9,68.0
19,89.5,68.0
19,55.94,61.82
19,52.78,68.0
19,72.24,56.08
19,63.05,68.0
19,57.64,64.21
19,65.72,46.09
19,64.1,56.77
19,74.13,54.32
19,65.93,53.25
19,66.99,37.77
19,73.94,60.26
19,87.19,40.76
19,93.12,28.22
19,75.92,52.22
19,76.93,47.69
19,71.62,46.52
19,80.26,21.87
19,79.07,46.64
19,91.24,54.09
19,49.45,49.02
19,70.95,60.26
19,78.41,68.0
19,73.66,61.68
19,61.79,67.29
19,57.11,68.0
19,84.48,44.79
19,64.16,60.83
19,51.19,66.95
19,85.14,51.2
19,79.97,47.3
19,72.49,61.83
19,62.11,39.7
19,72.53,44.03
19,89.8,48.67
19,53.01,60.96
19,53.67,58.41
19,65.84,67.36
19,73.65,45.86
19,67.55,45.27
19,82.36,61.76
19,88.15,47.21
19,77.62,49.36
19,81.29,35.58
19,77.54,59.2
19,74.12,68.0
19,57.18,44.68
19,60.64,67.24
19,56.44,55.35
19,72.07,36.58
19,77.02,46.16
19,55.16,45.48
19,74.94,52.52
19,62.62,60.61
19,60.1,68.0
19,65.87,40.26
19,59.43,50.67
19,81.89,46.14
19,71.82,42.05
19,84.6,57.05
19,68.23,56.02
19,68.73,36.05
19,98.35,56.2
19,52.9,42.74
19,90.7,56.13
19,95.51,68.0
19,83.96,61.09
19,69.7,57.95
19,92.55,50.18
19,69.82,56.74
19,64.82,62.2
19,68.95,61.11
19,66.59,54.91
19,61.69,58.39
19,88.43,41.52
19,63.95,47.92
19,73.61,63.78
19,55.23,65.26
19,74.4,57.03
19,58.97,68.0
19,58.65,61.59
19,72.58,53.44
19,87.74,42.58
19,79.73,68.0
19,80.62,64.47
19,72.31,68.0
19,69.64,68.0
19,84.28,41.84
19,66.68,41.87
19,84.85,24.5
19,90.07,66.1
19,63.06,63.22
19,64.97,57.08
19,66.91,42.51
19,54.93,55.02
19,67.9,58.03
19,90.92,64.61
19,60.41,59.0
19,91.23,63.3
19,68.37,54.63
19,101.48,68.0
19,65.14,62.95
19,72.13,42.94
19,62.17,68.0
19,65.06,68.0
19,91.4,61.12
19,80.17,59.09
19,87.37,68.0
19,56.9,38.03
19,82.51,68.0
19,61.37,50.76
19,56.61,68.0
19,77.1,57.32
19,76.97,42.33
19,74.69,50.54
19,83.33,67.24
19,85.36,53.69
19,93.11,49.16
19,58.53,49.09
19,93.53,63.06
19,98.47,68.0
19,69.24,32.45
19,52.31,68.0
19,56.01,58.24
19,68.0,62.38
19,100.18,51.2
19,74.22,55.96
19,65.98,58.12
19,65.09,44.46
19,56.8,47.14
19,85.37,68.0
19,72.8,38.92
19,101.3,60.85
19,82.17,51.92
19,84.79,45.43
19,70.85,68.0
19,59.82,45.5
19,62.64,43.57
19,56.2,53.94
19,85.84,47.55
19,69.0,56.07
19,86.38,57.71
19,75.77,58.58
19,70.19,54.64
19,58.8,48.28
19,77.92,63.08
19,71.16,54.77
19,85.73,50.55
19,64.7,68.0
19,82.01,54.67
19,95.33,68.0
19,77.54,68.0
19,84.21,68.0
19,81.43,63.6
19,98.68,55.99
19,78.83,55.3
19,83.1,53.31
19,73.53,32.16
19,63.93,63.91
19,58.29,58.69
19,90.47,65.08
19,60.89,54.71
19,83.7,63.31
19,79.41,40.85
19,85.93,43.14
19,67.31,28.76
19,63.72,54.52
19,78.92,47.5
19,70.2,46.06
20,55.37,55.9
20,105.0,53.33
20,73.52,59.01
20,59.92,33.19
20,65.29,42.81
20,71.75,51.87
20,71.72,48.16
20,90.93,38.39
20,72.97,65.44
20,98.12,58.86
20,68.38,57.54
20,79.54,48.37
20,87.29,56.87
20,89.54,61.66
20,91.05,53.09
20,70.46,60.89
20,73.93,47.24
20,41.77,57.07
20,71.45,68.0
20,88.19,68.0
20,85.66,68.0
20,72.88,59.14
20,96.09,56.35
20,69.01,51.06
20,64.69,36.12
20,67.91,41.21
20,59.41,54.15
20,82.09,54.81
20,77.75,68.0
20,81.93,68.0
20,68.61,48.45
20,73.25,65.0
20,45.68,50.75
20,78.89,63.51
20,75.28,64.87
20,59.69,68.0
20,72.64,50.58
20,70.65,67.16
20,96.94,35.4
20,60.21,68.0
20,78.31,55.72
20,59.82,55.96
20,66.75,33.59
20,77.6,51.72
20,71.25,68.0
20,73.92,51.31
20,78.33,63.85
20,67.58,56.38
20,85.49,67.69
20,70.03,58.11
20,72.73,45.75
20,78.7,56.62
20,76.95,68.0
20,82.37,61.47
20,78.12,54.72
20,80.1,68.0
20,69.77,68.0
20,60.11,64.98
20,55.44,59.49
20,52.28,64.03
20,96.92,64.39
20,45.23,31.99
20,89.52,60.34
20,63.33,54.23
20,89.42,50.5
20,45.37,53.85
20,70.94,38.89
20,92.9,36.15
20,83.27,68.0
20,69.62,61.08
20,48.74,29.46
20,56.81,49.66
20,92.06,65.69
20,69.47,52.92
20,73.07,68.0
20,77.69,67.55
20,57.06,41.08
20,79.29,54.42
20,68.54,51.07
20,77.82,40.72
20,66.49,40.0
20,53.55,47.13
20,68.44,48.95
20,82.33,59.12
20,79.12,67.49
20,74.4,61.65
20,85.68,64.25
20,71.35,53.07
20,74.73,62.63
20,67.76,54.37
20,86.44,51.14
20,77.79,68.0
20,66.76,30.36
20,54.64,35.39
20,88.36,60.21
20,64.33,53.09
20,74.94,40.19
20,104.58,44.4
20,84.42,45.83
20,94.94,65.82
20,67.0,68.0
20,87.92,68.0
20,74.35,38.52
20,78.76,40.96
20,100.27,40.21
20,70.38,68.0
20,74.25,60.59
20,62.26,56.88
20,85.55,58.53
20,66.71,55.38
20,87.3,43.67
20,52.55,61.64
20,81.13,53.95
20,65.63,42.8
20,83.5,62.32
20,73.82,51.32
20,67.04,58.5
20,68.97,54.63
20,62.94,65.81
20,84.89,58.42
20,60.37,46.28
20,70.53,59.54
20,78.49,59.9
20,94.98,61.62
21,51.58,26.8
21,72.44,20.06
21,70.43,11.18
21,92.82,6.85
21,71.97,16.01
21,81.9,19.27
21,51.1,0.0
21,69.43,16.13
21,63.0,19.18
21,105.0,0.0
21,65.33,14.16
21,74.95,19.64
21,75.65,18.39
21,53.34,20.83
21,67.16,8.4
21,79.26,0.56
21,75.11,0.0
21,44.09,24.01
21,66.63,19.73
21,87.27,24.85
21,81.65,4.02
21,89.83,20.84
21,61.19,0.0
21,90.65,2.44
21,73.42,13.39
21,94.7,19.3
21,74.04,30.47
21,47.38,9.36
21,85.04,2.48
21,68.23,1.91
21,69.11,4.43
21,55.11,36.43
21,95.09,20.33
21,67.23,24.24
21,94.48,9.37
21,68.39,11.98
21,61.94,19.69
21,91.15,6.44
21,73.05,8.8
21,73.17,4.58
21,57.34,7.08
21,68.05,12.54
21,79.57,2.96
21,57.11,15.15
21,66.99,15.13
21,68.53,10.03
21,74.86,2.9
21,93.23,13.15
21,70.1,6.45
21,65.02,12.51
21,105.0,24.08
21,68.37,0.0
21,71.52,35.91
21,69.35,11.2
21,70.4,16.53
21,75.01,3.72
21,85.97,24.56
21,79.25,10.62
21,88.0,7.66
21,87.57,5.67
21,76.71,9.05
21,78.89,16.6
21,88.41,13.9
21,59.55,11.56
21,105.0,4.17
21,67.34,3.54
21,69.44,6.93
21,58.25,17.06
21,58.63,19.28
21,86.66,20.77
21,103.51,11.98
21,66.63,16.22
21,78.52,10.15
21,76.86,0.0
21,87.0,9.62
21,102.84,7.87
21,93.77,0.57
21,70.9,5.76
21,80.87,13.49
21,82.16,0.0
21,73.74,4.18
21,59.75,29.03
21,63.62,0.0
21,88.93,9.98
21,90.27,0.0
21,71.3,3.73
21,77.39,9.82
21,89.56,1.14
21,51.84,18.31
21,68.2,26.86
21,100.23,21.26
21,77.89,23.27
21,59.32,0.0
21,75.52,9.33
21,87.28,17.14
21,40.9,21.58
21,76.29,31.29
21,69.16,23.76
21,52.65,21.86
21,75.07,40.97
21,72.23,13.06
21,73.69,8.82
21,69.47,13.95
21,60.72,1.93
21,55.09,12.74
21,65.02,0.0
21,85.17,6.18
21,77.03,10.73
21,73.1,22.45
21,60.48,24.22
21,69.14,1.4
21,83.58,34.84
21,80.56,13.63
21,67.8,14.64
21,40.05,0.0
21,65.23,5.18
21,67.72,23.55
21,62.21,13.87
21,68.63,13.19
21,84.62,14.5
21,73.52,0.0
21,86.87,10.94
21,54.39,27.49
21,70.03,23.95
21,48.79,10.62
21,68.45,29.2
21,60.41,0.0
21,90.66,1.31
21,79.33,32.5
21,87.19,18.36
21,68.42,8.82
21,60.74,11.39
21,60.33,3.13
21,77.45,15.04
21,97.53,14.17
21,79.36,12.22
21,69.13,0.0
21,71.55,14.91
21,73.59,6.18
21,100.35,1.15
21,90.04,25.93
21,77.38,35.87
21,75.43,33.37
21,77.89,19.15
21,80.43,9.08
21,68.63,11.23
21,63.03,16.46
21,87.42,7.38
21,74.29,26.51
21,86.33,0.0
21,95.4,8.75
21,80.77,20.81
21,78.66,2.7
21,105.0,9.36
21,76.69,18.53
21,59.82,28.7
21,70.34,0.0
21,94.17,0.0
21,57.18,1.59
21,64.22,0.0
21,88.38,0.0
21,70.47,1.3
21,72.57,25.57
21,87.95,8.57
21,64.68,12.35
21,54.91,1.49
21,55.94,18.97
21,81.56,32.63
21,77.37,2.24
21,65.0,30.97
21,58.94,16.01
21,70.48,12.19
21,88.51,16.4
21,63.13,16.3
21,65.39,32.43
21,58.52,17.72
21,69.22,17.95
21,78.4,7.36
21,101.5,21.23
21,76.83,1.47
21,73.3,13.2
21,85.22,43.72
21,83.05,0.0
21,66.49,14.56
21,103.93,14.99
21,73.68,9.49
21,77.07,9.75
21,81.17,13.01
21,78.5,9.23
21,93.83,14.44
21,66.33,6.64
21,84.18,34.25
21,76.14,9.23
21,86.78,18.27
21,71.21,4.64
21,69.44,22.26
21,83.52,20.07
21,78.65,16.61
21,63.34,0.7
22,62.07,59.81
22,80.33,41.77
22,59.72,28.95
22,85.11,20.01
22,63.08,54.12
22,59.48,42.11
22,62.74,33.76
22,64.8,16.18
22,77.26,23.76
22,72.9,40.94
22,57.76,37.89
22,71.64,12.59
22,57.13,40.96
22,80.37,16.75
22,82.75,48.89
22,71.69,36.29
22,75.53,28.9
22,94.78,44.89
22,69.95,37.89
22,59.72,48.57
22,79.53,34.89
22,57.28,35.53
22,69.26,30.86
22,64.21,36.89
22,62.88,52.68
22,68.75,28.47
22,83.7,41.13
22,86.37,24.32
22,84.04,11.27
22,76.37,36.28
22,68.65,38.07
22,41.35,32.79
22,76.78,17.54
22,42.37,37.35
22,47.0,36.93
22,69.9,24.22
22,75.44,19.11
22,66.14,31.22
22,91.96,41.18
22,78.01,38.58
22,68.76,24.31
22,90.02,35.51
22,92.35,43.76
22,78.66,21.1
22,61.92,34.69
22,64.85,48.74
22,53.19,19.98
22,71.45,46.71
22,58.35,51.81
22,67.72,31.56
22,75.39,30.23
22,46.21,45.36
22,55.57,31.95
22,65.41,8.12
22,71.32,32.91
22,65.58,39.17
22,68.48,42.14
22,62.82,24.31
22,53.16,31.03
22,65.05,44.75
22,69.23,33.34
22,67.96,17.18
22,73.45,47.61
22,77.45,31.64
22,80.86,46.0
22,63.76,18.65
22,51.51,32.67
22,88.53,39.61
22,77.01,33.04
22,59.59,20.99
22,75.61,7.75
22,85.88,50.76
22,94.48,36.73
22,75.26,46.83
22,85.78,44.22
22,56.28,40.57
22,71.53,30.47
22,67.64,39.39
22,76.45,49.76
22,92.95,34.91
22,75.25,54.92
22,59.81,17.51
22,55.58,16.32
22,93.4,44.87
22,78.68,24.99
22,77.83,56.48
22,67.53,48.71
22,75.48,51.46
22,59.17,43.73
22,77.03,23.86
22,56.73,15.75
22,67.33,50.45
22,63.64,17.5
22,29.65,51.43
22,67.49,41.37
22,60.31,33.16
22,69.26,38.86
22,72.02,39.12
22,94.98,31.77
22,75.96,49.68
22,76.34,49.31
22,78.44,35.71
22,83.33,27.4
22,77.91,48.37
22,75.66,11.75
22,81.25,38.88
22,40.45,42.14
22,99.16,24.89
22,92.67,44.71
22,74.82,33.71
22,53.63,28.0
22,87.73,44.6
22,62.98,22.06
22,78.94,43.56
22,55.32,12.19
22,100.94,37.14
22,53.25,34.48
22,72.9,28.06
22,44.41,38.29
22,71.46,33.12
22,66.47,45.6
22,86.78,40.16
22,66.47,38.98
22,86.8,37.21
22,58.69,28.81
22,68.33,30.68
22,68.6,36.73
22,78.44,32.09
22,76.79,46.23
22,81.39,35.03
22,75.47,38.14
22,80.6,18.57
22,60.33,44.38
22,77.05,27.61
22,92.91,22.53
22,50.16,52.11
22,78.36,41.67
22,80.8,44.75
22,91.0,39.0
22,81.44,32.98
22,73.3,30.92
22,77.59,42.57
22,62.44,46.46
22,66.96,33.25
22,54.64,56.8
22,91.33,31.83
22,77.85,18.67
22,60.09,15.06
22,75.53,15.43
22,87.07,29.45
22,84.91,31.45
22,59.94,41.51
22,31.26,33.69
22,77.14,43.28
22,60.47,34.49
22,80.09,34.15
22,84.35,27.65
22,86.48,49.65
22,94.68,17.15
22,88.07,37.31
22,94.74,32.0
22,89.93,42.6
22,91.06,33.77
22,71.47,34.1
22,55.24,31.07
22,104.27,49.33
22,72.82,34.03
22,87.97,55.67
22,64.85,36.99
22,84.53,34.24
22,40.22,32.4
22,66.66,40.21
22,70.72,27.53
22,78.01,35.6
22,85.94,34.09
22,57.78,37.58
22,80.58,37.85
22,87.95,38.42
23,68.4,46.39
23,53.49,43.74
23,81.88,45.97
23,48.65,36.03
23,60.47,28.98
23,38.56,33.9
23,66.21,29.32
23,38.84,50.13
23,53.93,45.03
23,44.56,32.99
23,53.88,23.81
23,44.95,50.95
23,37.74,35.5
23,44.47,32.57
23,68.04,51.05
23,54.07,28.39
23,31.24,30.49
23,62.24,31.46
23,36.41,19.52
23,57.66,37.47
23,55.19,25.61
23,56.01,27.72
23,72.09,26.25
23,37.23,27.54
23,55.94,24.77
23,64.37,36.72
23,39.64,32.29
23,38.31,34.53
23,44.27,59.89
23,52.22,32.29
23,29.66,40.65
23,55.17,41.91
23,29.69,33.31
23,64.81,37.01
23,54.68,34.23
23,72.87,36.23
23,56.69,27.55
23,44.04,28.56
23,37.62,34.19
23,51.11,12.31
23,47.61,50.46
23,63.42,57.77
23,35.93,35.87
23,74.27,41.32
23,64.57,45.89
23,45.35,19.43
23,71.37,44.21
23,37.82,29.31
23,50.67,59.2
23,31.41,31.93
23,72.01,43.99
23,26.58,32.04
23,29.27,58.16
23,39.75,28.36
23,65.19,46.82
23,60.41,40.89
23,49.59,38.45
23,61.25,36.52
23,46.5,26.66
23,53.49,5.55
23,69.47,45.82
23,44.79,28.62
23,38.04,46.87
23,54.11,37.87
23,57.62,47.2
23,49.44,42.82
23,61.04,6.89
23,45.38,40.76
23,49.66,30.22
23,52.87,46.82
23,51.74,40.5
23,68.97,40.63
23,52.8,31.01
23,44.05,23.96
23,54.86,29.24
23,61.12,14.2
23,58.07,27.51
23,57.34,17.89
23,28.53,18.18
23,15.6,35.28
23,64.58,39.87
23,53.71,33.65
23,47.72,28.51
23,57.03,23.58
23,73.06,30.51
23,66.38,24.96
23,60.51,33.31
23,36.47,17.26
23,38.16,41.71
23,16.98,27.76
23,56.24,38.14
23,62.41,43.76
23,63.47,37.61
23,56.78,42.79
23,46.0,11.27
23,40.66,28.58
23,37.27,46.13
23,45.88,39.6
23,35.29,54.33
23,70.83,52.75
23,31.07,37.3
23,45.44,31.23
23,22.83,23.46
23,51.86,28.77
23,47.97,29.51
23,43.36,27.47
23,35.87,23.9
23,48.03,38.42
23,40.92,52.66
23,46.22,44.27
23,73.45,30.45
23,50.24,45.15
23,54.93,37.81
23,41.96,33.55
23,37.8,32.87
23,47.7,31.8
23,80.55,41.16
23,44.26,35.54
23,52.7,25.99
23,37.23,25.45
23,12.18,37.36
23,37.73,38.72
23,78.95,30.56
23,55.74,21.55
23,69.33,47.76
23,43.48,45.42
23,17.36,12.14
23,33.59,48.74
23,53.16,31.7
23,51.09,36.09
23,47.86,46.52
23,41.11,52.18
23,60.22,45.03
23,41.48,36.65
23,52.0,18.87
23,50.54,11.71
23,43.21,43.66
23,36.54,48.76
23,42.44,25.04
23,72.36,31.03
23,62.46,27.87
23,61.27,27.58
23,37.78,45.82
23,29.31,36.4
23,62.25,31.48
23,59.76,63.23
23,49.78,18.22
23,43.18,40.03
23,28.97,22.46
23,59.28,32.27
23,63.42,35.64
23,39.17,43.29
23,38.09,31.13
23,64.13,29.96
23,39.66,30.93
23,71.13,22.12
23,46.58,40.96
23,42.97,37.09
23,48.59,38.79
23,42.97,33.24
24,43.28,30.08
24,48.39,30.82
24,34.84,36.27
24,47.58,40.59
24,24.59,46.04
24,27.39,19.25
24,45.54,38.81
24,40.96,10.72
24,26.22,32.05
24,16.4,49.99
24,27.35,18.41
24,21.1,16.41
24,52.42,36.43
24,39.88,49.26
24,20.04,37.58
24,16.42,13.05
24,19.88,15.49
24,22.74,35.08
24,27.83,21.03
24,44.49,35.5
24,17.44,36.16
24,59.76,28.61
24,17.74,53.96
24,11.68,40.5
24,51.95,47.33
24,47.18,44.13
24,27.63,32.35
24,34.96,31.86
24,35.29,30.73
24,31.78,41.49
24,13.15,26.85
24,0.0,52.98
24,19.02,25.8
24,53.61,36.36
24,54.12,31.48
24,26.6,29.04
24,17.55,57.9
24,33.62,29.17
24,35.71,30.65
24,37.81,26.69
24,0.0,34.45
24,71.05,32.89
24,44.72,21.69
24,27.43,29.33
24,20.66,40.71
24,42.83,45.3
24,36.44,34.26
24,31.2,34.65
24,35.96,30.03
24,28.53,28.47
24,35.22,23.88
24,39.44,16.88
24,34.46,26.27
24,33.78,43.94
24,48.11,29.33
24,9.24,30.19
24,19.63,29.98
24,30.35,47.69
24,20.51,23.79
24,24.85,37.05
24,46.74,33.25
24,28.06,34.75
24,6.22,36.69
24,24.5,34.63
24,30.76,42.72
24,30.52,33.68
24,37.23,53.19
24,36.17,34.49
24,28.2,15.26
24,14.49,41.02
24,24.27,38.31
24,21.9,34.36
24,26.29,31.14
24,38.99,10.74
24,35.25,12.58
24,40.71,52.12
24,25.01,27.56
24,49.61,44.62
24,38.75,16.37
24,31.46,22.48
24,37.84,41.47
24,21.22,32.87
24,2.59,39.91
24,22.11,33.85
24,39.72,31.72
24,31.04,26.52
24,28.22,20.87
24,18.98,49.43
24,4.57,51.24
24,48.52,22.57
24,27.3,21.86
24,24.42,30.17
24,21.27,37.74
24,46.31,32.0
24,41.46,39.49
24,17.43,33.46
24,45.14,32.74
24,28.11,60.54
24,22.06,28.22
24,26.18,52.04
24,19.82,49.92
24,12.83,39.55
24,40.09,12.81
24,27.13,34.34
24,38.02,28.34
24,33.73,34.22
24,37.13,22.31
24,3.4,42.32
24,18.73,44.83
24,37.4,46.87
24,13.43,29.8
24,34.85,22.35
24,11.92,37.87
24,30.21,53.32
24,50.93,34.76
24,40.07,38.98
24,5.94,31.42
24,41.03,28.46
24,53.69,41.24
24,66.36,32.83
24,36.18,38.44
24,12.26,39.58
24,35.65,37.82
24,50.75,40.14
24,27.57,24.62
24,43.56,23.95
24,19.09,33.53
24,34.84,33.8
24,0.0,28.25
24,17.65,36.65
24,29.92,43.99
24,25.28,47.06
24,13.09,49.53
24,23.5,19.54
24,34.29,21.21
24,28.88,30.81
24,30.79,34.88
24,39.52,31.38
24,25.54,27.92
24,47.67,30.65
24,17.14,39.32
24,55.06,19.37
24,44.47,59.78
25,15.47,36.26
25,9.3,50.68
25,19.14,30.81
25,5.42,30.62
25,28.17,49.84
25,0.0,44.84
25,20.34,35.59
25,9.54,16.83
25,0.0,25.07
25,33.38,22.4
25,32.03,34.4
25,0.0,28.41
25,10.3,51.63
25,17.17,16.71
25,13.74,21.23
25,27.7,36.69
25,25.0,39.74
25,11.45,5.54
25,37.6,14.91
25,20.18,31.1
25,3.43,48.92
25,0.82,54.77
25,24.16,29.44
25,0.0,32.12
25,2.67,24.79
25,4.89,40.97
25,12.62,50.81
25,5.49,47.82
25,0.0,33.68
25,23.11,24.78
25,2.74,34.09
25,34.26,49.19
25,11.95,29.59
25,24.47,14.03
25,16.2,30.04
25,25.1,30.93
25,15.41,13.97
25,11.06,36.55
25,22.21,39.57
25,40.32,54.46
25,4.49,19.34
25,18.33,42.04
25,7.93,44.64
25,14.58,39.72
25,8.55,22.93
25,0.0,22.29
25,5.4,35.07
25,20.99,34.99
25,0.0,27.85
25,19.97,48.21
25,10.39,29.59
25,5.51,13.17
25,19.78,31.54
25,16.85,39.28
25,13.47,37.76
25,21.21,37.68
25,10.64,50.43
25,0.0,21.74
25,3.08,29.34
25,0.0,51.0
25,16.55,12.36
25,19.65,33.41
25,20.24,47.52
25,14.36,47.35
25,20.58,41.26
25,0.0,41.54
25,6.6,22.55
25,0.0,49.1
25,3.34,20.8
25,29.01,21.46
25,22.21,38.27
25,16.61,28.58
25,5.64,36.27
25,0.0,38.74
25,10.43,53.56
25,22.44,38.77
25,13.33,27.2
25,0.0,41.44
25,9.36,24.85
25,0.0,44.04
25,18.45,34.71
25,0.0,38.41
25,0.0,14.41
25,18.63,9.24
25,15.27,17.48
25,11.02,53.2
25,36.49,21.37
25,16.25,42.06
25,0.0,26.94
25,14.75,31.36
25,4.28,33.51
25,24.47,52.08
25,11.65,40.43
25,12.94,38.24
25,0.0,48.26
25,8.8,27.03
25,7.27,45.75
25,0.0,43.91
25,5.12,43.79
25,13.66,32.29
25,7.94,29.19
25,0.0,24.43
25,4.45,25.12
25,1.92,23.91
25,10.52,38.04
25,9.11,31.49
25,2.65,38.75
25,2.14,39.37
25,8.87,22.34
25,20.52,22.01
25,11.62,31.48
25,26.5,25.47
25,22.73,24.32
25,27.46,52.65
25,25.79,17.13
25,28.32,56.25
25,0.0,37.18
25,16.42,44.85
25,23.84,43.55
25,26.19,40.79
25,0.0,52.28
25,16.55,22.09
25,8.98,32.28
25,32.01,24.62
25,0.0,15.34
25,0.0,26.73
25,0.0,54.6
25,9.88,32.09
25,37.43,55.82
25,7.42,56.94
25,9.31,66.95
25,15.15,54.96
25,6.49,59.94
25,12.76,37.58
25,13.1,36.51
25,0.0,37.24
25,6.78,34.0
25,17.65,35.65
25,20.07,42.27
25,24.88,28.88
25,12.36,18.85
25,12.63,38.0
25,17.75,26.38
25,0.27,27.52
25,0.0,32.43
25,6.38,29.91
25,0.0,46.21
25,13.29,32.17
25,21.64,46.76
25,0.0,36.27
25,13.66,33.03
25,0.0,35.74
25,0.0,19.79
25,34.72,37.72
25,0.0,43.34
25,0.0,44.9
25,10.79,19.13
25,11.49,17.29
25,16.67,28.09
25,34.02,49.23
25,0.0,36.43
25,0.48,25.48
25,28.91,18.02
25,20.21,26.48
25,18.4,25.73
25,0.33,44.29
25,22.64,45.14
25,18.44,22.45
25,10.46,42.28
25,0.4,41.16
25,9.39,21.02
25,29.43,33.08
25,0.0,37.75
25,0.0,35.8
25,0.0,15.18
25,2.66,35.44
25,7.8,41.0
25,20.46,51.38
25,14.0,26.64
25,8.79,28.0
25,11.6,31.7
25,16.11,37.2
25,0.0,35.07
25,21.93,40.65
25,0.0,21.62
25,2.23,38.37
25,12.43,25.84
25,7.02,32.42
25,14.33,52.79
25,9.84,18.62
25,4.24,30.93
25,27.87,19.98
25,17.2,35.68
25,11.93,45.53
25,17.0,35.87
25,0.0,32.72
25,36.27,48.61
25,0.0,37.64
25,9.47,43.02
25,4.28,41.87
25,3.78,2.36
25,2.09,33.16
25,0.0,22.14
25,23.45,24.88
25,0.0,50.22
25,20.79,29.88
25,16.43,54.82
25,3.05,18.52
25,14.92,22.08
25,5.95,42.39
25,0.0,30.24
25,0.0,37.38
25,16.52,32.76
25,15.85,32.43
25,11.15,30.65
25,2.91,35.97
25,5.52,41.06
25,3.77,51.76
25,0.0,31.77
25,8.8,29.67
25,14.79,28.25
25,8.88,50.17
25,31.0,41.59
25,0.0,13.11
25,0.0,12.63
25,9.73,24.87
25,11.17,36.53
25,0.0,33.63
25,15.84,39.66
25,11.23,32.07
25,0.0,49.37
25,6.48,42.49
25,0.0,34.85
25,2.11,46.6
25,0.0,15.86
25,13.41,33.06
25,30.9,35.51
25,11.45,40.62
25,0.0,15.13
25,11.71,31.14
25,5.47,38.41
25,0.0,39.25
25,12.6,47.05
25,19.44,42.38
25,0.0,33.33
25,0.0,41.42
25,0.0,31.79
25,0.0,35.61
25,5.98,42.74
25,1.29,33.5
25,0.0,37.98
25,15.38,44.57
25,14.02,41.83
25,10.59,47.57
25,18.61,59.61
25,0.0,41.73
25,0.0,28.93
25,1.21,39.63
25,0.31,39.16
25,0.0,40.75
25,0.91,50.45
25,22.36,15.47
25,18.41,50.65
25,14.83,54.35
25,9.71,40.25
25,26.84,40.51
25,0.0,31.34
25,0.0,34.07
25,22.62,41.68
25,8.36,40.97
25,0.0,41.93
25,15.18,40.89
25,2.3,43.88
25,0.0,42.65
25,0.0,22.73
25,12.18,43.15
26,91.49,28.96
26,60.08,28.32
26,71.61,36.61
26,63.66,43.02
26,89.93,26.47
26,93.33,35.39
26,70.71,36.03
26,87.22,37.94
26,93.46,15.22
26,71.57,23.83
26,73.69,18.98
26,81.54,34.36
26,61.05,24.09
26,73.43,28.54
26,99.86,20.86
26,65.5,29.56
26,83.1,21.63
26,78.81,42.34
26,69.87,39.27
26,74.88,35.65
26,94.78,30.68
26,79.2,11.59
26,81.23,28.96
26,92.81,25.62
26,68.24,36.72
26,58.39,40.82
26,94.99,37.57
26,73.77,47.89
26,83.62,27.75
26,62.09,27.29
26,77.05,45.42
26,57.74,35.83
26,72.83,31.28
26,63.58,54.31
26,60.59,40.36
26,68.06,31.9
26,42.19,26.45
26,56.92,48.59
26,82.17,36.28
26,76.52,34.27
26,58.04,41.44
26,79.12,43.68
26,60.58,40.05
26,81.39,43.72
26,70.5,38.97
26,67.77,40.1
26,70.82,25.95
26,105.0,53.91
26,62.14,20.43
26,74.95,37.4
26,82.16,19.3
26,59.49,32.92
26,51.27,27.72
26,64.19,35.49
26,81.87,37.76
26,67.55,23.48
26,69.0,33.68
26,83.84,49.33
26,61.52,19.57
26,70.85,24.61
26,52.32,43.47
26,76.17,34.85
26,74.98,35.66
26,82.34,45.25
26,57.11,25.27
26,69.51,28.29
26,55.38,26.93
26,68.8,30.17
26,91.26,48.73
26,67.83,15.29
26,54.24,20.86
26,63.16,18.98
26,51.06,49.42
26,55.15,27.24
26,80.72,30.41
26,53.2,16.24
26,76.06,31.11
26,72.33,43.53
26,65.09,36.78
26,74.96,32.81
26,59.81,16.79
26,82.93,30.39
26,62.92,35.62
26,66.98,23.09
26,65.43,41.2
26,80.96,43.74
26,79.08,28.18
26,37.92,41.98
26,75.31,32.79
26,49.32,46.62
26,67.56,56.38
26,70.59,21.97
26,67.42,42.46
26,78.51,48.35
26,81.36,23.32
26,61.94,27.67
26,61.47,27.55
26,71.53,32.54
26,51.93,30.08
26,65.8,31.82
26,89.53,43.22
26,52.42,13.15
26,67.58,23.29
26,64.3,41.37
26,98.07,40.08
26,65.01,22.36
26,65.76,40.16
26,58.6,48.6
26,72.12,33.46
26,75.51,22.91
26,60.48,43.62
26,84.85,52.95
26,75.52,24.25
26,83.07,34.43
26,67.73,45.99
26,75.16,35.27
26,69.23,14.78
26,90.95,38.88
26,73.51,23.23
26,72.11,20.02
27,52.33,15.25
27,55.53,40.24
27,50.1,37.51
27,51.86,31.73
27,52.95,23.82
27,49.8,11.32
27,38.12,28.15
27,36.96,28.35
27,46.64,46.23
27,46.36,25.39
27,53.58,38.98
27,62.32,19.79
27,52.47,39.28
27,37.46,9.39
27,19.64,57.05
27,38.0,32.45
27,30.52,3.26
27,38.51,26.1
27,51.15,24.37
27,49.1,26.79
27,72.16,29.99
27,54.28,26.71
27,72.82,25.02
27,57.3,21.25
27,62.11,43.04
27,43.33,47.21
27,34.03,31.2
27,42.16,33.81
27,47.85,21.61
27,39.83,34.78
27,34.99,36.53
27,53.42,31.59
27,34.93,38.36
27,28.06,37.4
27,33.41,22.4
27,44.95,47.12
27,35.12,31.72
27,45.03,52.43
27,55.81,38.62
27,55.47,55.68
27,39.41,46.93
27,31.05,36.5
27,40.52,26.05
27,56.52,26.28
27,59.56,39.86
27,52.59,35.57
27,63.62,27.52
27,70.48,43.16
27,41.72,34.43
27,67.33,43.23
27,44.61,23.27
27,61.26,44.99
27,57.21,39.51
27,22.3,47.17
27,35.44,44.75
27,32.12,33.07
27,24.83,32.18
27,59.43,53.61
27,74.89,30.8
27,44.65,42.23
27,59.1,29.8
27,67.3,13.52
27,50.71,20.5
27,47.67,38.47
27,44.81,41.71
27,54.99,38.5
27,59.37,46.61
27,54.0,38.3
27,53.56,25.47
27,47.33,40.54
27,27.29,35.87
27,59.67,27.67
27,31.3,39.2
27,56.05,34.87
27,57.82,27.34
27,33.17,32.04
27,40.1,49.55
27,75.58,49.19
27,46.97,36.07
27,32.14,34.63
27,58.41,18.24
27,37.96,52.91
27,23.03,45.4
27,54.76,42.27
27,36.08,8.98
27,52.18,34.45
27,37.44,32.6
27,57.19,41.51
27,50.39,29.04
27,14.34,31.45
27,52.97,40.81
27,44.23,25.49
27,66.42,27.69
27,53.14,36.13
27,57.83,48.72
27,38.76,42.89
27,37.73,45.83
27,47.67,34.7
27,43.31,50.45
27,65.39,14.85
27,46.01,56.24
27,32.08,57.67
27,37.24,39.02
27,60.55,43.15
27,45.83,33.58
27,45.13,31.69
27,61.78,27.28
27,36.11,33.46
27,18.94,40.12
27,36.91,38.62
27,51.15,55.85
27,44.76,35.1
27,27.71,17.62
27,61.21,52.09
27,50.13,20.57
27,53.06,27.85
27,53.45,36.99
27,31.12,38.59
27,51.94,18.1
27,59.8,25.79
27,62.82,17.71
27,57.38,40.84
27,54.67,47.02
27,25.41,20.56
27,47.81,44.95
27,35.56,44.24
27,64.67,26.75
27,62.69,12.19
27,35.64,22.22
27,47.4,27.45
27,51.23,50.96
27,59.71,32.7
27,26.22,22.92
27,19.27,35.63
27,48.5,19.75
27,15.09,39.66
27,50.06,23.25
27,55.7,24.84
27,64.07,38.13
27,39.91,53.25
27,50.1,58.18
27,56.47,22.56
27,32.72,27.44
27,59.9,39.67
27,51.57,46.86
27,40.13,10.2
27,49.84,34.96
27,46.19,28.64
27,58.14,12.84
27,43.31,19.29
27,50.95,27.75
27,39.93,34.65
27,35.81,45.09
27,50.23,37.9
27,36.34,44.42
27,58.41,34.29
27,55.7,26.25
27,38.05,31.98
27,50.78,41.65
27,37.99,45.36
27,27.14,32.37
27,40.24,23.78
27,47.35,37.69
27,54.78,39.26
27,49.94,47.56
27,59.8,26.53
27,35.24,26.65
27,43.1,42.32
27,69.38,29.52
27,22.9,29.05
27,42.12,47.8
27,34.07,18.92
27,45.46,56.62
27,42.35,27.26
27,55.83,43.53
27,51.32,32.8
27,31.03,36.98
27,40.35,31.11
27,48.0,43.42
27,57.61,30.18
27,79.63,27.7
27,57.14,53.95
27,34.84,34.32
27,46.78,26.57
27,50.35,17.61
27,41.25,54.52
27,54.11,27.93
27,18.47,56.68
27,55.19,38.39
27,41.81,35.57
27,46.57,35.87
27,67.05,58.38
27,31.6,9.89
27,51.55,36.36
27,58.32,31.08
27,50.21,31.66
27,27.02,35.64
27,65.56,31.07
27,45.25,36.07
27,41.14,33.74
27,43.96,19.55
27,43.03,38.2
27,32.53,41.88
27,50.14,28.04
27,40.24,54.55
27,56.72,48.69
27,54.73,43.28
27,69.13,43.15
27,45.25,34.33
27,37.56,46.56
27,28.89,51.28
27,76.51,42.89
27,56.61,27.73
27,39.0,33.56
27,70.01,40.31
27,65.63,43.22
27,30.43,33.15
27,38.2,27.77
27,46.28,51.43
27,34.09,22.2
27,46.74,23.65
27,57.26,19.4
27,30.15,23.62
27,51.81,47.72
27,63.19,48.09
27,53.2,33.19
27,47.02,39.46
27,39.31,33.88
27,58.8,20.89
27,32.7,58.4
27,51.16,49.12
27,48.33,37.9
27,62.63,24.59
27,40.42,31.53
27,41.53,26.38
27,31.86,35.07
27,53.68,37.41
27,42.49,30.25
27,36.79,18.0
27,38.03,57.45
27,54.98,36.61
27,33.66,39.02
27,34.82,29.35
27,59.65,16.82
27,45.84,33.08
27,60.42,30.44
27,43.33,41.8
27,47.99,43.97
27,50.03,42.42
27,66.03,44.87
27,64.98,53.84
27,62.99,38.29
27,39.83,46.09
27,35.17,39.43
27,57.89,13.1
27,65.9,32.3
27,63.12,24.46
27,48.17,36.55
27,57.46,25.3
27,57.69,40.66
27,49.94,44.79
27,50.5,47.24
27,49.28,51.81
27,37.75,15.56
27,39.08,20.81
27,38.88,66.21
27,27.21,45.1
27,49.86,36.47
27,47.47,34.35
27,57.91,33.37
27,64.39,12.73
27,65.22,25.5
27,66.44,32.77
27,38.16,26.13
27,29.38,27.56
27,60.1,62.15
27,65.97,31.23
27,68.23,37.06
27,54.3,36.67
27,22.04,40.48
27,52.75,28.75
27,55.22,47.72
27,64.28,38.88
27,66.59,19.84
27,59.83,32.82
27,40.37,32.11
27,34.62,31.6
27,54.94,39.6
27,37.7,40.98
27,67.18,39.68
28,2.03,41.77
28,40.11,30.1
28,36.35,30.04
28,17.2,17.29
28,33.65,35.0
28,38.42,21.77
28,45.23,44.1
28,36.63,25.92
28,34.18,30.75
28,42.31,57.8
28,26.01,30.63
28,35.36,29.15
28,21.93,40.44
28,44.43,14.36
28,9.07,47.76
28,40.62,44.93
28,30.23,39.77
28,42.55,0.0
28,19.85,31.15
28,31.17,20.0
28,30.79,46.37
28,35.64,45.58
28,16.38,38.27
28,38.27,20.77
28,6.0,50.44
28,21.32,31.12
28,9.68,53.86
28,40.77,36.92
28,35.2,39.57
28,35.93,28.94
28,49.15,49.48
28,25.89,40.69
28,37.92,49.87
28,30.86,35.95
28,28.88,33.48
28,46.99,40.55
28,57.06,49.87
28,24.39,45.18
28,40.84,35.52
28,34.15,13.57
28,34.3,42.91
28,33.21,18.17
28,25.67,34.39
28,0.0,32.73
28,49.95,18.4
28,20.97,38.1
28,26.86,57.7
28,27.14,30.56
28,19.81,42.42
28,33.12,59.91
28,29.42,43.49
28,20.69,26.91
28,31.94,36.61
28,29.57,39.29
28,42.06,49.77
28,12.58,47.35
28,19.53,3.53
28,39.43,24.58
28,21.68,33.23
28,18.26,22.83
28,22.33,0.0
28,28.69,26.02
28,28.74,33.96
28,27.27,28.22
28,16.63,23.03
28,40.05,34.46
28,47.24,37.77
28,5.16,28.85
28,9.8,49.09
28,43.04,34.63
28,50.41,24.41
28,2.32,21.63
28,40.6,31.66
28,51.29,46.25
28,18.79,24.94
28,50.54,40.55
28,27.69,35.04
28,34.09,55.93
28,20.65,38.29
28,43.01,26.32
28,40.85,42.1
28,52.42,42.47
28,48.73,29.63
28,29.88,21.2
28,70.41,39.9
28,47.56,34.7
28,37.03,17.32
28,17.04,36.8
28,10.11,26.99
28,11.21,17.33
28,17.86,30.13
28,47.9,48.11
28,36.33,47.29
28,22.03,44.41
28,28.23,36.96
28,26.65,40.55
28,40.4,35.09
28,18.58,21.84
28,34.55,24.04
28,33.9,27.32
28,18.96,49.41
28,50.64,45.84
28,26.16,22.12
28,17.09,34.59
28,41.09,29.57
28,30.71,32.29
28,35.31,28.1
28,14.6,49.46
28,40.56,33.79
28,58.24,36.38
28,13.58,36.47
28,34.6,22.69
28,19.79,35.19
28,64.96,45.69
28,46.12,50.2
28,33.67,21.37
28,14.04,17.3
28,17.18,34.68
28,39.7,46.2
28,12.29,37.96
28,12.7,41.48
28,30.11,19.04
28,31.73,27.71
28,34.94,9.84
28,24.29,32.43
28,41.96,10.19
28,18.8,48.66
28,38.15,51.1
28,32.78,35.55
28,37.81,17.36
28,45.37,38.13
28,24.08,54.45
28,21.41,39.23
28,8.05,47.03
28,3.75,28.66
28,27.71,24.42
28,28.6,33.22
28,15.88,12.81
28,18.68,58.9
28,49.8,35.54
28,41.39,43.53
28,13.6,28.92
28,24.25,17.03
28,35.28,49.68
28,21.86,21.63
28,19.49,37.84
28,25.6,38.87
28,44.18,34.81
28,45.36,25.37
28,20.44,32.35
28,35.99,23.55
28,29.92,42.9
28,16.89,40.29
28,26.14,33.76
28,13.56,27.75
28,45.12,57.18
28,50.18,19.68
28,24.66,17.01
28,21.56,33.1
28,43.71,31.16
28,45.81,46.07
28,15.51,41.11
28,28.08,34.32
28,29.23,39.5
28,19.98,39.3
28,35.02,57.14
28,20.9,36.79
28,22.98,26.51
28,28.68,36.18
28,10.64,5.19
28,3.27,33.64
28,41.94,46.02
28,20.38,40.62
28,57.75,37.28
28,55.63,41.14
28,23.42,46.14
28,60.41,49.68
28,42.19,38.92
28,21.61,30.52
28,0.0,8.55
28,38.95,44.76
28,30.41,39.67
28,35.61,35.68
28,27.03,26.43
28,15.13,44.62
28,24.45,31.17
29,0.0,24.24
29,15.31,45.45
29,0.0,35.19
29,0.0,18.0
29,19.51,43.41
29,0.0,29.53
29,19.48,18.57
29,9.32,6.42
29,0.0,43.94
29,25.74,24.54
29,12.03,20.32
29,13.12,41.03
29,21.09,42.86
29,27.49,25.34
29,10.61,44.04
29,16.02,56.6
29,12.83,48.81
29,3.54,47.1
29,0.0,37.46
29,10.79,29.12
29,25.93,33.39
29,15.58,38.85
29,0.0,20.17
29,22.27,25.54
29,3.98,18.29
29,0.0,36.59
29,21.23,34.91
29,0.0,26.82
29,31.15,43.03
29,22.92,22.51
29,5.04,26.41
29,13.97,42.59
29,39.51,44.22
29,21.0,25.25
29,11.1,36.55
29,45.56,25.43
29,9.53,31.83
29,15.56,35.58
29,0.0,40.16
29,0.0,37.49
29,4.26,37.0
29,8.5,22.14
29,12.28,38.27
29,0.0,40.06
29,16.59,41.58
29,0.0,26.09
29,15.91,44.07
29,20.15,19.51
29,2.86,29.26
29,0.0,30.97
29,28.07,20.11
29,19.35,30.8
29,9.98,36.44
29,27.09,13.92
29,9.08,29.66
29,0.0,14.77
29,0.0,56.46
29,6.6,36.34
29,18.03,35.38
29,26.07,36.55
29,8.31,40.65
29,23.77,44.76
29,5.21,16.8
29,0.0,48.41
29,0.0,47.7
29,1.42,33.27
29,0.0,32.69
29,34.12,0.0
29,13.71,20.32
29,6.76,39.71
29,30.39,47.21
29,0.0,42.02
29,6.22,33.17
29,34.0,55.18
29,6.13,45.06
29,39.81,29.67
29,18.21,58.0
29,24.98,21.94
29,25.35,17.81
29,8.02,29.37
29,1.65,25.65
29,6.5,29.99
29,0.0,42.78
29,7.14,33.63
29,7.94,33.91
29,29.96,34.65
29,15.71,8.56
29,38.71,17.33
29,0.0,29.76
29,0.0,24.73
29,3.38,31.45
29,27.4,49.45
29,6.58,33.18
29,0.0,19.46
29,4.81,25.28
29,0.0,52.82
29,0.0,50.86
29,33.98,40.55
29,3.43,16.81
29,10.25,37.37
29,6.79,38.22
29,4.73,34.28
29,0.0,27.73
29,3.96,30.01
29,12.38,26.96
29,26.44,21.4
29,20.32,49.03
29,0.0,43.71
29,20.85,30.87
29,14.18,37.87
29,0.0,38.29
29,10.37,59.77
29,15.44,43.6
29,8.61,43.18
29,14.24,34.42
29,0.0,29.22
29,33.91,49.21
29,0.0,41.17
29,15.51,24.88
29,12.77,38.99
29,16.36,43.21
29,0.0,10.95
29,23.2,23.85
29,6.6,37.99
29,0.0,12.83
29,0.0,14.57
29,9.62,31.02
29,0.0,39.41
29,31.41,39.92
29,21.64,51.41
29,31.75,34.9
29,30.38,29.9
29,3.43,19.62
29,0.0,29.77
29,0.0,41.78
29,2.72,42.28
29,30.95,36.91
29,0.0,40.02
29,5.27,48.04
29,0.79,34.83
29,12.87,49.04
29,24.72,26.01
29,0.0,33.19
29,0.0,28.71
29,27.33,42.72
29,17.53,22.84
29,4.63,30.46
29,30.19,13.54
29,0.0,40.54
29,20.11,47.71
29,7.11,44.02
29,15.89,42.94
29,0.0,43.23
29,4.61,41.7
29,17.58,40.76
29,7.18,41.47
29,24.32,26.79
29,23.88,31.8
29,0.0,34.77
29,18.71,30.31
29,0.0,16.77
29,8.7,20.41
29,16.53,36.53
29,0.0,43.96
29,18.23,34.1
29,1.43,64.41
29,0.45,23.88
29,17.19,38.89
29,0.0,48.2
30,73.91,35.95
30,60.72,48.69
30,81.62,38.25
30,76.68,30.04
30,48.92,39.96
30,64.18,18.53
30,39.89,24.77
30,79.78,29.27
30,62.92,42.66
30,77.53,38.46
30,58.58,39.89
30,35.87,33.7
30,94.29,25.33
30,61.7,50.37
30,47.0,26.32
30,74.89,38.61
30,86.47,32.77
30,57.37,40.19
30,58.71,27.34
30,63.09,45.58
30,45.56,49.16
30,51.02,44.9
30,83.17,35.73
30,58.28,29.21
30,49.11,65.04
30,54.12,23.09
30,73.95,43.69
30,34.31,37.66
30,63.31,33.31
30,92.01,36.04
30,86.4,28.39
30,67.45,38.7
30,77.11,37.49
30,76.99,63.45
30,58.36,45.78
30,72.02,39.67
30,83.25,40.33
30,43.57,54.23
30,67.5,23.33
30,64.7,31.99
30,61.34,13.02
30,60.19,40.15
30,63.01,43.33
30,64.1,23.05
30,74.54,49.79
30,66.19,26.09
30,57.69,30.23
30,49.08,35.32
30,53.86,51.54
30,63.4,24.56
30,50.82,37.2
30,72.3,42.52
30,65.59,40.25
30,74.87,40.66
30,51.7,42.38
30,49.2,27.9
30,74.77,52.57
30,61.69,32.78
30,57.37,31.32
30,69.08,48.82
30,68.6,27.06
30,43.68,37.52
30,78.0,26.05
30,54.66,61.71
30,82.1,59.4
30,42.66,32.79
30,64.13,39.72
30,57.59,34.06
30,34.32,30.17
30,68.56,35.32
30,34.99,33.55
30,56.21,17.27
30,74.36,36.89
30,53.11,33.53
30,48.25,37.43
30,70.4,33.15
30,56.76,30.04
30,54.73,43.62
30,76.57,39.86
30,44.83,49.36
30,54.03,39.44
30,71.26,31.83
30,43.98,40.78
30,83.08,12.21
30,57.18,57.14
30,71.37,37.02
30,71.34,58.03
30,58.02,24.44
30,53.77,21.71
30,59.44,38.02
30,69.26,37.99
30,47.18,37.72
30,44.36,36.04
30,79.29,27.09
30,50.45,17.66
30,64.6,37.11
30,57.37,19.89
30,57.95,18.85
30,78.6,29.81
30,58.89,38.74
30,55.36,55.87
30,56.49,44.77
30,53.46,49.77
30,51.29,41.19
30,53.51,38.04
30,81.62,61.56
30,69.25,19.45
30,55.51,29.45
30,72.76,30.31
30,39.37,43.83
30,77.88,23.23
30,76.84,42.4
30,89.07,40.38
30,73.15,42.95
30,65.68,42.75
30,76.78,50.92
30,51.86,33.46
30,54.86,39.83
30,59.16,25.9
30,77.8,23.39
30,48.87,53.41
30,47.49,25.07
30,63.07,41.05
30,69.33,39.84
30,50.86,46.92
30,68.72,15.76
30,77.79,43.8
30,75.61,33.36
30,64.59,27.4
30,58.82,31.24
30,82.56,45.4
30,60.2,42.04
30,72.22,32.59
30,85.46,21.47
30,70.86,22.25
30,47.04,42.28
30,43.89,19.94
30,56.13,32.7
30,69.22,63.49
30,65.78,39.06
30,88.69,42.16
30,65.66,22.33
30,55.74,20.5
30,45.27,42.75
30,75.35,30.89
30,59.92,46.91
30,40.42,35.57
30,60.29,68.0
30,47.06,28.8
30,54.47,38.28
30,60.08,25.26
30,48.23,46.45
30,53.66,39.95
30,50.33,24.53
30,50.68,31.61
30,46.9,50.19
30,53.72,48.87
30,48.37,19.54
30,67.63,29.97
30,62.61,55.14
30,75.53,33.26
30,84.53,37.12
30,68.81,46.4
30,65.84,20.45
30,69.62,24.76
30,66.07,31.54
30,60.65,48.35
30,59.62,46.32
30,46.72,43.02
30,70.91,33.57
30,59.59,47.53
30,78.84,33.42
30,71.9,41.46
30,51.86,45.13
30,76.21,53.77
30,26.71,34.48
30,85.09,31.11
30,42.6,49.35
30,66.44,50.19
30,65.56,29.12
30,74.61,22.94
30,55.73,48.51
30,32.11,17.04
30,55.75,16.48
30,57.15,32.15
30,33.36,35.13
30,60.59,22.34
30,46.01,36.44
30,68.44,36.93
30,56.8,28.72
30,85.49,56.37
30,56.67,38.73
30,65.6,46.41
30,57.23,17.98
30,38.9,17.89
30,57.34,39.06
30,69.79,54.4
30,67.83,22.89
30,56.19,35.58
30,41.06,20.41
30,68.38,26.1
30,65.45,36.12
30,70.96,28.58
30,56.44,19.64
30,38.1,19.39
30,66.94,13.25
30,59.88,39.24
30,78.09,40.57
30,60.37,40.52
30,59.41,24.0
30,65.42,45.07
30,52.24,41.77
30,51.61,34.08
30,58.73,32.27
30,48.03,26.86
30,57.02,36.11
30,85.21,51.79
30,73.55,46.52
30,64.0,31.18
30,80.17,39.92
30,49.28,21.88
30,92.38,42.03
30,54.01,24.86
30,86.05,41.59
30,85.99,66.66
30,37.21,27.73
30,79.07,66.15
30,56.31,39.4
30,52.62,25.75
30,66.82,25.25
30,46.9,60.01
30,66.53,39.42
30,47.77,27.77
31,34.5,14.71
31,53.06,39.03
31,15.34,7.07
31,38.38,30.42
31,29.05,33.96
31,23.51,29.08
31,43.94,57.89
31,11.0,54.07
31,0.0,45.36
31,32.92,23.82
31,28.2,55.14
31,12.41,40.81
31,7.76,23.64
31,55.1,34.36
31,36.02,44.54
31,30.26,27.41
31,58.54,35.55
31,43.29,37.48
31,53.0,21.89
31,14.66,31.03
31,14.17,22.72
31,38.02,43.56
31,35.39,24.01
31,46.25,37.21
31,8.8,18.71
31,39.15,21.53
31,42.86,21.0
31,42.17,30.81
31,24.71,35.98
31,36.74,38.01
31,19.92,14.51
31,26.19,32.14
31,16.44,25.74
31,20.14,39.88
31,26.87,31.06
31,23.62,33.11
31,20.14,25.81
31,13.11,52.97
31,55.49,19.88
31,23.49,29.6
31,34.29,35.18
31,7.13,31.24
31,47.65,25.6
31,32.17,14.07
31,24.23,26.39
31,24.34,23.45
31,41.3,52.47
31,0.0,58.91
31,19.29,33.44
31,28.45,18.55
31,28.3,42.12
31,62.57,23.21
31,25.61,27.96
31,42.87,27.08
31,53.55,28.49
31,38.72,30.1
31,21.24,19.55
31,13.3,26.28
31,39.69,45.22
31,51.39,33.63
31,37.1,35.38
31,46.03,9.45
31,63.7,44.43
31,40.89,26.46
31,15.69,46.36
31,30.66,35.7
31,47.81,27.82
31,26.77,15.54
31,49.57,57.92
31,29.13,42.84
31,34.35,43.49
31,25.44,54.01
31,32.07,36.46
31,32.76,48.88
31,9.09,28.74
31,24.26,42.11
31,13.97,27.07
31,24.71,28.46
31,19.66,35.07
31,43.15,20.06
31,43.3,37.62
31,37.28,30.57
31,13.52,12.14
31,28.72,28.97
31,12.49,30.2
31,28.09,43.38
31,38.42,37.14
31,42.9,49.92
31,36.15,39.72
31,46.36,27.91
31,33.38,33.36
31,26.96,30.17
31,41.36,39.37
31,41.78,34.66
31,23.19,27.09
31,34.93,34.09
31,26.17,39.07
31,3.89,22.93
31,35.72,37.49
31,13.17,16.63
31,34.27,46.16
31,10.04,39.8
31,20.64,51.92
31,24.36,21.72
31,45.62,46.47
31,23.06,44.29
31,16.03,32.0
31,34.74,29.86
31,27.18,22.06
31,40.28,19.2
31,16.85,25.74
31,32.74,20.19
31,62.1,51.55
31,26.89,17.48
31,32.43,35.64
31,8.41,38.79
31,18.91,37.93
31,35.98,38.9
31,25.71,44.41
31,37.99,29.09
31,35.52,34.96
31,12.87,30.77
31,43.2,48.33
31,13.85,57.1
31,20.06,20.87
31,32.98,11.66
31,50.37,40.26
31,16.95,45.77
31,31.92,55.53
31,32.03,42.12
31,38.55,49.35
31,45.39,52.26
31,24.75,50.11
31,43.15,43.69
31,47.29,19.9
31,53.19,33.91
31,36.53,37.3
31,32.05,32.9
31,23.83,33.58
31,11.03,51.24
31,26.39,25.67
31,31.46,42.79
31,28.58,37.48
31,37.77,24.57
31,11.1,22.16
31,27.63,15.29
31,55.93,39.34
31,42.94,33.3
31,38.01,24.92
31,35.08,13.36
31,25.25,38.76
32,47.47,42.48
32,56.9,14.31
32,66.11,19.16
32,55.71,26.5
32,44.55,35.7
32,59.24,43.15
32,73.59,51.94
32,60.52,30.85
32,60.89,43.14
32,55.77,41.81
32,48.43,39.96
32,48.0,33.73
32,38.4,29.61
32,75.36,22.28
32,66.01,21.55
32,61.07,37.82
32,63.84,33.4
32,64.41,29.43
32,50.45,41.31
32,55.77,31.79
32,53.84,23.96
32,92.65,31.07
32,73.26,43.03
32,62.18,22.74
32,77.76,36.3
32,76.12,33.39
32,42.05,25.63
32,57.1,30.77
32,59.79,16.71
32,67.95,35.21
32,57.09,18.99
32,58.72,45.8
32,54.0,32.99
32,73.64,27.71
32,41.24,46.77
32,54.44,22.65
32,36.03,25.78
32,46.61,13.88
32,64.12,48.4
32,64.37,54.6
32,55.93,15.59
32,74.61,25.03
32,77.6,34.77
32,59.1,28.33
32,63.26,33.66
32,54.12,32.71
32,68.15,38.48
32,44.48,23.43
32,83.35,36.12
32,74.82,21.72
32,44.41,29.47
32,49.74,14.9
32,65.48,29.55
32,55.6,27.7
32,67.08,44.38
32,55.33,33.35
32,79.82,35.35
32,60.11,33.75
32,91.47,10.58
32,67.83,12.03
32,42.46,30.49
32,87.12,37.06
32,74.28,31.42
32,64.94,24.5
32,68.41,31.36
32,44.54,30.4
32,36.54,42.57
32,59.46,41.95
32,77.92,27.91
32,65.14,33.45
32,82.22,37.04
32,77.18,38.67
32,60.27,52.18
32,75.39,33.69
32,79.79,46.86
32,58.96,21.24
32,57.22,26.99
32,61.83,10.51
32,28.65,35.66
32,63.65,41.12
32,69.37,5.89
32,61.88,36.07
32,64.48,40.65
32,59.43,40.02
32,34.04,20.85
32,81.61,42.5
32,55.22,34.1
32,51.97,40.5
32,77.65,32.62
32,72.72,38.19
32,63.55,46.2
32,70.0,31.76
32,44.99,37.13
32,58.95,47.75
32,76.83,32.53
32,51.2,21.62
32,47.02,41.44
32,61.02,49.78
32,61.33,48.18
32,68.42,41.86
32,42.08,8.21
32,26.86,27.01
32,71.98,27.57
32,45.92,34.49
32,52.07,52.57
32,31.62,22.11
32,73.3,58.66
32,64.55,29.79
32,64.03,25.56
32,63.94,43.3
32,33.22,44.17
32,47.19,41.15
32,54.13,25.54
32,50.27,39.52
32,56.47,22.63
32,63.2,25.23
32,73.08,32.96
32,40.76,24.98
32,59.89,45.58
32,69.25,27.64
32,47.99,31.57
32,57.49,24.32
32,66.07,45.41
32,60.15,26.67
32,68.76,46.56
32,61.23,45.75
32,55.95,29.09
32,44.75,34.33
32,63.21,28.79
32,61.3,40.0
32,47.09,31.86
32,67.57,29.41
32,76.48,34.51
32,51.42,16.6
32,50.54,33.17
32,50.07,41.15
32,38.18,35.52
32,86.06,44.47
32,54.16,29.85
32,48.84,28.95
32,45.35,21.71
32,54.96,29.54
32,50.96,55.62
32,78.69,37.03
32,43.77,27.56
32,40.0,22.93
32,67.17,16.42
32,58.61,24.87
32,57.1,42.35
32,67.28,29.3
32,61.78,23.46
32,59.39,24.67
32,41.73,41.14
32,38.31,33.11
32,50.89,27.1
32,45.9,30.61
32,63.5,58.26
32,36.62,47.42
32,54.19,50.15
32,57.75,14.73
32,59.48,32.34
32,65.19,26.91
32,55.75,39.98
32,51.32,45.66
32,76.18,37.59
32,55.84,24.4
32,78.45,26.73
32,55.77,40.83
32,59.79,41.92
32,58.2,35.55
32,63.01,35.43
32,54.54,34.55
32,61.25,36.96
32,79.9,41.88
32,73.64,40.93
32,73.72,34.26
32,42.55,33.46
32,44.66,33.04
32,62.83,25.42
32,70.02,25.28
32,53.25,39.98
32,50.93,26.16
32,78.12,42.95
32,68.92,33.44
32,73.75,43.02
32,54.26,41.01
32,53.24,43.27
32,72.34,28.76
32,56.58,38.5
32,52.06,42.12
32,48.13,16.94
32,53.35,52.72
32,71.38,58.93
32,40.37,44.42
32,68.18,42.86
32,50.79,40.48
32,57.27,30.44
32,58.1,32.79
32,57.13,44.61
32,56.27,23.29
32,54.22,22.33
32,52.57,29.63
32,77.16,41.22
32,60.33,24.47
32,58.36,31.52
32,51.62,32.83
32,54.7,22.87
32,51.66,7.16
32,69.95,22.71
32,50.2,36.87
32,30.8,39.35
32,60.76,39.44
32,56.37,40.71
32,52.38,27.11
32,71.85,24.75
32,24.46,38.13
32,80.49,31.67
32,73.71,43.98
32,51.84,38.2
32,54.14,48.12
32,66.56,28.88
32,66.91,45.74
32,51.76,56.38
32,38.98,34.59
32,87.48,39.49
32,72.43,23.76
32,62.04,43.83
32,62.29,46.42
32,68.08,28.56
32,69.63,40.45
32,32.88,37.09
32,55.44,38.3
32,54.09,42.93
32,57.9,39.71
33,64.8,48.79
33,71.98,50.38
33,49.01,41.54
33,79.59,10.76
33,87.9,22.57
33,68.66,37.38
33,73.73,26.57
33,69.14,30.53
33,67.01,40.74
33,75.02,32.13
33,61.8,20.59
33,68.94,43.74
33,60.24,39.66
33,79.66,31.26
33,75.11,41.82
33,66.39,35.05
33,72.48,48.64
33,69.13,35.66
33,86.87,48.56
33,66.27,13.39
33,80.26,39.05
33,62.83,29.62
33,82.59,24.55
33,85.48,46.74
33,86.1,43.78
33,91.12,11.93
33,75.8,41.87
33,88.09,40.54
33,93.11,26.05
33,57.41,24.81
33,64.16,16.5
33,52.56,30.29
33,85.79,32.05
33,52.39,42.77
33,48.86,36.96
33,57.73,22.34
33,49.4,36.63
33,75.54,31.21
33,57.9,23.72
33,50.03,16.52
33,71.46,40.87
33,72.22,38.91
33,47.69,40.12
33,62.72,25.99
33,71.03,35.88
33,67.36,18.87
33,67.72,23.15
33,87.33,34.37
33,99.91,36.89
33,67.93,16.08
33,54.82,22.37
33,68.95,29.98
33,74.53,44.54
33,71.31,25.06
33,79.94,35.55
33,100.75,36.7
33,49.73,31.25
33,65.41,36.95
33,92.03,19.21
33,65.21,26.79
33,82.26,49.78
33,80.2,50.55
33,88.08,43.27
33,96.87,46.1
33,76.33,13.91
33,49.3,23.56
33,62.89,30.58
33,100.42,60.57
33,53.62,30.56
33,78.46,42.19
33,39.31,38.16
33,54.43,37.92
33,83.53,33.74
33,72.47,20.8
33,67.11,4.29
33,61.41,48.1
33,46.04,27.22
33,81.01,13.46
33,68.32,38.82
33,52.22,38.61
33,72.39,42.45
33,79.56,46.27
33,69.39,23.89
33,73.51,24.38
33,72.5,30.49
33,62.81,43.04
33,72.71,10.87
33,81.56,35.41
33,85.45,44.25
33,82.28,43.8
33,63.22,41.79
33,80.27,45.69
33,78.05,3.78
33,62.77,51.75
33,65.96,37.63
33,80.84,48.68
33,89.9,21.08
33,48.45,14.71
33,93.32,53.65
33,87.13,23.81
33,74.59,30.58
33,68.87,39.8
33,77.08,42.5
33,63.67,45.86
33,69.69,36.46
33,52.82,22.4
33,49.36,41.77
33,102.32,41.95
33,72.82,14.03
33,74.65,49.61
33,71.6,6.64
33,61.24,45.38
33,68.01,27.02
33,73.19,41.76
33,69.44,39.61
33,62.22,33.59
33,78.23,38.96
33,74.45,33.05
33,77.11,41.85
33,81.17,58.04
33,69.78,19.25
33,69.8,0.0
33,91.27,29.43
33,59.73,28.68
33,47.64,29.85
33,79.22,23.81
33,63.82,43.6
33,57.99,18.81
33,83.51,38.96
33,70.12,41.02
33,55.57,37.48
33,97.15,39.36
33,51.06,44.44
33,70.87,34.59
33,47.44,30.19
33,75.52,39.35
33,63.67,40.6
33,82.65,43.79
33,71.77,15.16
33,89.56,31.98
33,66.41,22.28
33,51.14,40.17
33,75.09,41.99
33,68.72,30.98
33,48.35,25.98
33,58.28,40.57
33,62.42,32.53
33,92.22,49.69
33,81.2,53.5
33,67.48,45.01
33,78.12,36.56
33,45.49,54.08
33,64.66,36.65
33,77.21,28.73
33,74.15,26.57
33,64.99,26.26
33,71.5,33.93
33,76.4,39.09
33,71.88,18.43
33,83.19,29.06
33,76.14,36.34
33,78.65,41.08
33,94.28,33.71
33,82.76,36.69
33,94.63,20.38
33,63.27,23.97
33,51.3,33.33
33,70.18,39.62
33,69.07,36.54
33,90.97,24.66
33,57.31,31.4
33,70.97,50.63
33,77.27,39.99
33,73.3,32.21
33,69.77,22.72
33,76.66,26.15
33,86.03,34.07
33,91.96,37.04
33,72.43,40.22
33,61.39,38.27
33,91.95,29.93
33,57.99,28.38
33,95.28,56.52
34,52.7,49.97
34,69.41,68.0
34,86.22,68.0
34,66.51,53.37
34,93.21,42.28
34,73.91,50.35
34,88.42,56.73
34,64.15,48.63
34,64.35,45.83
34,75.18,51.3
34,80.27,60.35
34,71.67,54.14
34,77.8,46.3
34,81.65,48.63
34,55.53,51.45
34,69.57,45.01
34,67.26,48.22
34,67.89,63.08
34,79.29,53.47
34,67.44,36.71
34,47.93,67.27
34,70.93,60.58
34,60.16,40.79
34,80.45,51.98
34,84.47,47.29
34,45.73,63.45
34,63.93,51.91
34,78.59,55.2
34,55.68,53.92
34,84.17,39.72
34,87.64,68.0
34,71.89,63.29
34,63.94,47.78
34,43.96,58.11
34,84.58,66.72
34,100.03,56.61
34,97.34,68.0
34,71.47,68.0
34,59.8,54.61
34,84.89,49.59
34,72.35,45.12
34,80.22,31.65
34,77.94,68.0
34,75.21,52.11
34,87.37,65.63
34,87.85,67.84
34,67.21,44.11
34,62.0,45.76
34,41.51,68.0
34,69.5,55.23
34,59.79,48.74
34,79.45,44.5
34,69.63,54.44
34,71.04,68.0
34,84.56,63.54
34,79.16,58.0
34,72.48,68.0
34,95.92,68.0
34,83.6,59.68
34,68.59,68.0
34,69.17,53.28
34,84.25,68.0
34,76.64,51.68
34,59.42,65.93
34,85.63,53.27
34,90.34,61.08
34,89.36,68.0
34,94.06,66.47
34,100.9,61.25
34,96.49,47.48
34,78.43,58.07
34,71.29,44.91
34,50.22,65.76
34,74.14,65.48
34,80.75,54.02
34,74.57,68.0
34,49.45,68.0
34,70.27,57.65
34,82.39,62.22
34,60.66,49.53
34,76.15,53.01
34,79.61,44.14
34,88.53,50.74
34,96.26,54.85
34,69.09,37.74
34,76.39,62.34
34,76.8,67.24
34,82.44,55.91
34,80.99,26.33
34,92.53,53.22
34,43.69,40.67
34,79.43,49.29
34,80.34,68.0
34,70.94,29.22
34,44.57,47.02
34,73.21,65.13
34,64.76,48.28
34,95.81,47.44
34,78.88,68.0
34,63.66,60.16
34,47.32,66.28
34,81.68,61.44
34,83.05,57.78
34,71.19,68.0
34,81.85,68.0
34,69.47,37.48
34,87.87,55.61
34,86.9,55.52
34,52.69,51.28
34,55.86,66.79
34,100.41,58.83
34,86.12,68.0
34,57.59,68.0
34,53.59,68.0
34,76.7,42.81
34,59.15,47.13
34,69.88,48.04
34,73.39,68.0
34,72.82,45.36
34,88.64,45.68
34,97.85,43.67
34,67.77,68.0
34,59.3,54.44
34,79.06,61.83
34,95.21,43.45
34,68.76,66.55
34,85.05,36.49
34,63.12,45.23
34,74.28,47.95
34,58.89,58.41
34,74.14,47.28
34,72.49,68.0
34,81.91,61.54
34,97.11,48.41
34,68.94,66.97
34,48.0,51.67
34,71.37,49.51
34,77.89,65.85
34,76.62,29.02
34,71.95,64.08
34,93.34,48.16
34,75.77,48.14
34,72.64,68.0
34,63.89,50.16
34,51.29,66.52
34,78.28,59.07
34,77.19,60.21
34,60.23,53.24
34,73.42,52.67
34,72.13,68.0
34,65.88,66.24
34,63.69,50.5
34,79.27,44.5
34,71.06,49.57
34,66.32,66.8
34,62.8,68.0
34,72.31,62.1
34,86.02,38.22
34,76.69,64.29
34,70.92,68.0
34,78.01,57.91
34,91.74,68.0
34,80.38,41.47
34,77.38,63.53
34,82.3,44.78
34,71.95,67.64
34,76.39,62.74
34,67.64,68.0
34,53.84,61.5
34,78.46,51.56
34,78.51,50.6
34,70.26,53.25
34,87.47,50.38
34,64.62,68.0
34,50.97,68.0
34,64.94,39.54
34,53.97,56.42
34,78.39,56.69
34,64.22,47.41
34,86.8,60.82
34,86.53,68.0
34,61.98,65.81
34,63.49,68.0
34,80.95,48.1
34,86.74,56.4
34,47.84,47.58
34,77.66,58.63
34,45.43,59.62
35,36.82,20.48
35,30.42,41.0
35,54.76,32.88
35,67.51,29.38
35,47.68,6.55
35,28.14,33.86
35,75.1,22.1
35,54.36,26.03
35,50.22,43.35
35,32.82,22.68
35,48.21,23.73
35,56.93,36.04
35,54.54,43.6
35,39.16,29.57
35,47.26,50.14
35,39.99,19.93
35,69.63,18.01
35,59.63,17.07
35,41.18,15.83
35,32.81,37.7
35,51.61,23.24
35,41.59,18.49
35,42.56,38.18
35,33.24,43.06
35,34.85,45.56
35,50.11,43.63
35,44.53,23.9
35,80.45,37.04
35,55.73,39.47
35,33.03,28.78
35,28.04,35.81
35,53.18,20.23
35,42.84,27.1
35,65.31,38.09
35,51.66,50.58
35,22.23,46.67
35,34.75,41.27
35,39.22,34.88
35,53.75,33.17
35,34.31,18.08
35,49.99,24.81
35,30.63,25.17
35,48.08,40.32
35,52.81,44.39
35,67.0,42.1
35,51.19,47.01
35,37.38,34.79
35,67.41,23.19
35,45.62,33.45
35,58.06,26.03
35,40.03,41.24
35,49.18,30.05
35,37.58,32.92
35,52.19,41.63
35,58.45,25.85
35,41.57,44.6
35,40.84,19.18
35,52.64,37.37
35,37.27,33.0
35,28.27,43.1
35,52.59,18.88
35,46.6,17.16
35,46.32,42.25
35,54.77,29.7
35,56.59,33.0
35,45.91,26.74
35,33.41,44.04
35,39.7,37.29
35,55.6,36.65
35,49.77,21.13
35,40.85,39.52
35,37.8,23.09
35,56.03,26.76
35,45.12,18.98
35,57.79,32.28
35,59.43,45.71
35,43.93,36.49
35,60.35,29.14
35,49.8,35.2
35,51.48,35.14
35,19.55,34.73
35,35.38,35.95
35,36.08,22.56
35,43.86,35.17
35,49.49,14.69
35,50.02,40.33
35,51.71,21.87
35,39.1,46.95
35,56.99,7.1
35,71.52,52.42
35,43.41,15.97
35,39.37,20.8
35,39.09,37.29
35,49.11,40.81
35,41.17,30.88
35,25.51,43.82
35,29.06,25.24
35,61.26,29.6
35,64.66,30.68
35,68.8,28.08
35,50.94,12.72
35,35.12,33.73
35,42.31,32.73
35,28.61,45.86
35,28.11,19.85
35,51.32,26.97
35,55.01,47.24
35,73.46,37.23
35,46.92,40.04
35,30.35,38.99
35,46.42,39.04
35,44.33,54.03
35,41.61,35.01
35,52.47,22.88
35,32.21,41.03
35,49.7,27.77
35,56.47,32.79
35,66.46,38.07
35,52.03,24.97
35,61.56,28.39
35,42.23,39.23
35,44.04,27.96
35,65.52,44.71
35,30.17,23.15
35,42.76,23.12
35,62.67,54.97
35,45.26,17.17
35,44.29,33.71
35,44.55,54.37
35,49.52,33.69
35,62.12,48.81
35,60.02,41.18
35,48.15,33.92
35,62.2,32.56
35,52.44,10.69
35,59.17,30.49
35,34.63,36.55
35,70.6,36.55
35,50.86,61.12
35,12.27,37.09
35,69.57,40.93
35,48.07,46.81
35,42.86,39.95
35,40.13,33.05
35,53.71,33.11
35,36.45,30.14
35,40.5,38.89
35,40.81,32.13
35,44.2,40.87
35,41.3,22.9
35,59.09,35.62
35,51.52,51.07
35,53.11,31.53
35,55.94,54.27
35,46.79,35.8
35,34.74,33.38
35,71.47,35.28
35,60.06,30.57
35,68.97,12.21
35,61.45,43.68
35,42.02,58.12
35,17.48,39.28
36,89.05,58.78
36,73.49,68.0
36,77.47,42.79
36,53.65,36.07
36,67.12,67.19
36,78.78,45.62
36,85.79,51.83
36,86.15,49.27
36,53.47,49.03
36,54.79,39.96
36,81.59,49.74
36,64.29,63.14
36,85.63,55.96
36,52.81,61.55
36,72.72,50.54
36,73.55,65.93
36,80.25,50.41
36,60.59,32.81
36,48.43,59.48
36,76.23,64.44
36,80.84,49.85
36,87.1,68.0
36,69.34,46.64
36,84.08,63.38
36,80.32,68.0
36,91.19,56.4
36,73.28,53.51
36,51.51,54.84
36,73.12,68.0
36,75.15,60.43
36,80.74,68.0
36,54.08,59.07
36,69.94,48.81
36,85.29,49.58
36,72.65,56.68
36,70.03,33.55
36,98.78,50.78
36,60.09,51.02
36,90.03,58.64
36,87.28,68.0
36,71.07,56.6
36,73.57,34.85
36,73.53,45.95
36,76.37,58.89
36,66.27,57.02
36,68.43,68.0
36,69.38,66.56
36,69.8,66.23
36,69.96,53.61
36,44.87,68.0
36,75.27,46.14
36,67.14,66.65
36,49.73,52.89
36,69.45,40.07
36,69.05,62.53
36,90.58,68.0
36,66.99,51.53
36,82.68,68.0
36,91.98,37.78
36,65.84,42.84
36,73.38,54.39
36,96.47,51.92
36,76.98,48.66
36,78.86,57.47
36,68.71,50.19
36,82.93,52.05
36,73.48,59.06
36,50.18,48.66
36,69.38,54.83
36,58.62,48.9
36,75.46,42.74
36,62.08,64.4
36,80.22,68.0
36,74.58,67.71
36,57.78,59.65
36,67.6,48.94
36,82.07,52.84
36,88.92,67.63
36,62.27,30.9
36,59.73,52.0
36,99.36,64.08
36,73.87,43.48
36,75.19,60.66
36,64.39,60.15
36,76.8,40.0
36,96.3,56.96
36,77.31,49.21
36,87.84,60.58
36,74.38,63.37
36,60.66,60.39
36,65.12,56.8
36,59.47,59.18
36,76.83,43.06
36,89.91,55.66
36,76.09,47.24
36,70.0,67.35
36,63.73,63.52
36,78.62,63.48
36,57.9,68.0
36,59.26,52.37
36,85.7,49.96
36,70.39,52.11
36,70.13,38.38
36,71.8,39.24
36,83.44,62.83
36,76.15,40.65
36,64.34,44.18
36,64.81,54.88
36,71.46,51.47
36,77.93,65.74
36,73.54,56.67
36,72.38,47.22
36,74.6,66.69
36,73.53,64.02
36,63.86,40.48
36,88.39,58.77
36,67.73,48.13
36,75.68,47.84
36,47.22,68.0
36,71.2,57.37
36,59.71,53.61
36,61.27,56.93
36,105.0,65.62
36,77.24,48.28
36,89.94,50.16
36,85.12,63.22
36,86.78,39.32
36,71.41,66.9
36,94.88,38.34
36,85.01,53.3
36,74.54,38.41
36,77.42,44.38
36,72.22,68.0
36,74.68,67.49
36,73.43,68.0
36,78.96,40.06
36,96.62,44.44
36,58.33,59.74
36,88.85,63.87
36,69.21,47.21
36,90.51,49.63
36,69.67,43.56
36,79.37,68.0
36,71.94,50.78
36,51.5,56.34
36,96.61,56.92
36,61.74,68.0
36,75.09,45.52
36,60.32,68.0
36,56.62,41.93
36,71.34,68.0
36,66.28,37.13
36,58.81,54.85
36,73.54,68.0
36,54.74,63.67
36,75.63,60.63
36,72.34,44.47
36,41.75,47.92
36,67.2,68.0
36,80.09,61.2
36,60.17,65.79
36,80.65,56.81
36,79.62,52.9
36,60.77,64.43
36,73.84,58.85
36,84.72,54.13
36,62.61,40.45
36,71.32,66.49
36,88.95,60.84
36,62.85,49.33
36,79.97,68.0
36,59.97,58.68
36,71.91,58.9
36,79.81,65.72
36,42.74,63.36
36,67.05,59.23
36,79.58,53.93
36,76.94,68.0
36,67.21,47.93
36,59.64,64.21
36,82.17,55.08
36,69.81,61.0
36,81.09,68.0
36,78.94,52.57
36,68.18,62.62
36,87.94,58.92
36,66.27,48.95
36,89.48,68.0
36,91.18,63.82
36,87.65,51.22
36,71.65,68.0
36,105.0,46.85
36,75.97,55.68
36,77.13,51.28
36,73.71,64.26
36,59.31,50.72
36,90.84,64.34
36,66.56,62.54
36,85.95,51.87
36,89.07,68.0
36,81.84,47.8
36,65.0,40.5
36,69.57,65.42
36,39.2,32.36
36,72.49,68.0
36,84.44,57.12
36,70.91,40.3
36,66.33,45.57
36,70.13,38.03
36,89.8,60.21
36,73.29,41.4
36,98.15,61.52
36,66.58,52.65
36,76.82,50.77
36,68.37,61.6
36,100.97,62.86
36,76.34,68.0
36,101.66,49.03
36,68.54,55.67
36,93.86,49.01
36,75.53,57.79
36,84.88,47.44
36,58.14,51.33
36,78.53,51.39
36,60.1,59.23
36,77.34,56.03
36,54.26,61.57
36,72.78,54.82
36,88.24,49.62
36,81.12,58.1
36,57.96,45.91
36,49.32,62.26
36,80.46,52.86
36,94.56,58.25
36,61.47,58.42
36,101.27,68.0
36,73.92,60.2
36,48.54,56.81
36,53.71,48.38
36,84.01,64.83
36,75.68,53.03
36,93.27,39.22
36,58.42,53.85
36,75.54,58.11
36,74.09,47.0
36,72.14,54.7
36,69.03,55.21
36,69.28,55.39
36,76.27,68.0
36,77.93,41.57
37,73.66,42.83
37,49.56,1.58
37,58.26,33.2
37,65.18,32.87
37,84.92,32.47
37,54.0,24.35
37,60.88,43.97
37,74.14,28.45
37,78.15,36.2
37,77.76,33.59
37,59.21,39.5
37,51.23,49.74
37,79.01,36.15
37,90.63,43.26
37,67.51,35.59
37,57.12,28.43
37,66.41,32.44
37,77.12,30.88
37,68.97,40.25
37,90.29,35.17
37,84.02,25.26
37,74.4,31.56
37,46.59,17.21
37,63.0,31.97
37,64.88,34.01
37,62.29,53.89
37,74.48,48.83
37,74.75,22.63
37,50.24,36.22
37,82.46,36.41
37,72.21,31.47
37,76.65,32.17
37,81.68,30.11
37,62.03,54.6
37,88.37,29.42
37,70.16,37.75
37,91.66,6.18
37,60.38,43.06
37,90.7,47.03
37,60.25,22.43
37,105.0,28.37
37,59.63,38.97
37,85.74,34.21
37,67.29,39.13
37,81.3,30.84
37,71.47,54.5
37,57.81,26.63
37,35.64,63.61
37,104.6,47.66
37,72.95,43.15
37,33.73,22.55
37,75.93,44.01
37,80.96,40.64
37,62.7,10.68
37,62.79,18.55
37,71.74,37.93
37,87.63,32.53
37,73.3,28.32
37,91.02,45.87
37,86.71,24.28
37,69.03,28.99
37,51.58,26.88
37,69.05,39.61
37,78.84,15.09
37,72.78,28.53
37,80.25,15.05
37,83.22,30.56
37,78.9,41.95
37,68.42,42.15
37,78.76,26.0
37,101.06,39.87
37,52.63,31.96
37,78.33,48.97
37,95.82,32.57
37,56.73,1.3
37,85.01,43.84
37,86.75,28.95
37,52.8,30.98
37,81.26,37.7
37,68.47,18.33
37,71.21,34.82
37,67.78,39.88
37,89.06,38.0
37,70.54,27.41
37,65.98,44.91
37,66.2,23.03
37,67.57,27.12
37,57.97,32.5
37,65.86,37.25
37,73.53,30.43
37,77.26,47.51
37,87.65,37.25
37,75.13,34.83
37,65.83,36.86
37,58.86,42.06
37,75.83,36.65
37,70.47,14.1
37,70.9,45.98
37,75.41,35.32
37,78.75,41.53
37,75.51,29.53
37,69.78,13.91
37,61.58,8.93
37,64.03,23.61
37,83.03,39.69
37,66.49,48.28
37,54.5,37.32
37,87.07,22.43
37,59.75,25.37
37,72.46,48.97
37,78.39,19.58
37,72.04,57.12
37,39.78,54.64
37,77.08,57.48
37,89.24,38.19
37,82.22,30.24
37,44.39,37.92
37,99.65,43.99
37,54.76,26.84
37,57.98,21.89
37,82.16,30.88
37,77.89,25.5
37,73.04,47.65
37,64.6,27.22
37,89.3,35.05
37,71.49,44.81
37,51.64,48.08
37,88.02,36.29
37,74.85,38.23
37,86.5,22.81
37,79.44,45.25
37,103.09,47.9
37,67.97,13.43
37,72.21,53.39
37,81.36,26.29
37,68.05,40.54
38,27.32,33.25
38,17.1,19.47
38,36.81,56.15
38,26.28,39.89
38,12.98,36.3
38,16.54,27.13
38,13.2,22.96
38,23.18,43.46
38,36.31,32.24
38,20.76,40.83
38,42.68,19.13
38,28.45,51.02
38,26.24,43.92
38,30.22,33.11
38,48.14,39.14
38,12.17,42.15
38,51.53,19.29
38,42.48,52.46
38,29.72,39.32
38,45.38,26.25
38,25.81,21.94
38,33.71,44.86
38,22.96,36.32
38,42.56,39.31
38,20.81,34.29
38,29.33,22.97
38,38.83,39.59
38,43.63,31.83
38,19.32,33.76
38,39.79,60.15
38,17.23,43.56
38,2.05,44.19
38,20.28,63.93
38,40.85,38.23
38,29.84,35.32
38,23.05,26.53
38,30.72,29.02
38,30.29,11.48
38,38.08,42.69
38,9.05,20.06
38,28.67,43.93
38,31.62,33.53
38,12.25,35.41
38,12.07,33.53
38,25.26,49.25
38,30.11,47.3
38,30.16,33.68
38,22.77,24.11
38,22.23,44.16
38,24.86,23.28
38,33.88,16.9
38,46.18,39.48
38,1.13,47.4
38,38.1,29.54
38,28.56,38.45
38,36.83,29.43
38,45.41,41.94
38,20.18,46.05
38,42.28,31.11
38,13.7,22.7
38,31.66,17.97
38,26.85,44.18
38,30.6,21.5
38,17.14,38.09
38,35.68,42.55
38,50.62,28.49
38,17.37,32.17
38,32.47,44.99
38,41.13,25.11
38,26.14,23.99
38,47.69,31.42
38,24.41,48.06
38,28.49,51.72
38,17.09,32.91
38,31.65,26.17
38,30.04,45.71
38,38.27,15.64
38,21.73,36.72
38,21.13,33.52
38,36.01,48.23
38,48.16,49.35
38,38.18,23.63
38,54.02,35.84
38,37.22,27.72
38,36.75,30.77
38,38.83,40.79
38,49.35,30.32
38,46.09,36.13
38,15.9,44.53
38,40.41,50.67
38,33.45,37.18
38,27.48,35.3
38,6.95,21.82
38,9.98,51.44
38,25.26,39.45
38,10.96,35.5
38,25.53,34.94
38,39.29,37.97
38,22.45,42.49
38,31.09,43.85
38,16.09,51.72
38,33.88,36.67
38,36.61,53.3
38,11.5,45.63
38,20.23,33.34
38,13.53,15.66
38,36.62,34.94
38,32.13,51.14
38,29.35,25.47
38,28.33,34.91
38,34.2,35.82
38,34.46,44.36
38,23.56,29.73
38,21.74,24.44
38,29.23,40.27
38,27.53,25.82
38,56.79,13.81
38,25.01,54.24
38,33.77,44.2
38,36.06,54.72
38,48.21,43.61
38,19.45,41.48
38,47.42,38.06
38,28.08,31.95
38,62.52,39.63
38,34.71,27.91
38,14.02,22.24
38,27.44,30.35
38,47.37,48.21
38,31.06,20.44
38,29.22,20.62
38,39.35,40.5
38,25.52,29.43
38,27.26,39.34
38,17.72,44.89
38,52.47,39.08
38,14.11,27.05
38,32.2,48.11
38,36.24,42.16
38,29.82,34.3
38,13.7,33.76
38,17.02,38.11
38,36.79,30.57
38,19.86,16.06
38,3.06,42.25
38,35.03,41.6
38,18.66,8.69
38,38.21,39.62
38,27.38,53.32
38,26.75,21.6
38,30.68,33.19
38,15.2,32.0
38,19.27,52.26
38,26.62,46.33
38,15.12,24.34
38,39.28,37.76
38,26.0,59.33
38,11.16,27.13
38,22.73,33.88
38,31.32,39.65
38,24.2,27.29
38,35.2,53.4
38,37.46,28.8
38,61.22,18.72
38,44.96,28.23
38,8.73,41.18
38,25.32,25.22
38,26.53,37.32
38,37.48,40.19
38,17.86,20.7
38,23.09,27.8
38,13.82,37.84
38,22.17,41.73
38,22.66,28.07
38,25.93,35.67
38,14.58,30.88
38,42.77,42.01
38,36.14,39.71
38,11.17,29.89
38,30.34,39.26
38,9.65,29.46
38,47.45,39.03
38,50.98,39.18
38,29.28,60.08
38,18.92,30.3
38,21.36,32.45
38,24.1,26.88
38,28.61,22.64
38,47.82,28.98
38,42.42,41.32
38,42.62,42.11
38,32.22,37.25
38,15.0,30.75
38,19.99,28.57
38,30.79,23.91
38,14.39,27.87
38,33.95,19.75
38,40.47,48.94
38,37.09,54.21
38,36.57,12.71
38,5.74,37.18
38,47.33,37.0
38,9.62,36.3
38,28.01,27.48
38,38.04,45.25
38,34.66,38.52
38,13.39,45.38
38,15.72,25.89
38,33.73,18.78
38,36.64,38.78
38,15.61,23.41
38,35.1,45.6
38,10.3,10.61
38,38.12,28.85
38,18.51,27.22
38,31.05,30.34
38,28.86,36.87
38,45.09,38.36
38,33.15,41.04
38,22.21,42.3
38,34.67,32.11
38,57.85,57.2
38,39.62,49.26
38,29.23,30.57
38,19.16,32.49
38,21.99,30.34
38,38.84,38.0
38,18.48,23.31
38,30.03,25.32
38,48.69,10.16
38,31.96,29.61
38,15.97,45.71
38,58.31,32.33
38,52.91,32.94
38,36.52,37.06
38,46.58,22.98
38,26.53,34.28
38,39.42,43.79
38,24.49,37.37
38,12.38,44.76
38,63.69,47.91
38,11.72,41.29
38,33.87,26.15
38,33.72,30.21
38,36.71,55.25
38,28.83,37.46
38,28.97,35.99
38,31.8,24.54
38,36.24,32.99
38,29.98,41.88
39,103.49,55.46
39,96.68,32.35
39,94.94,19.35
39,93.73,61.03
39,72.62,38.33
39,91.54,42.79
39,101.88,52.5
39,84.61,40.76
39,100.71,44.72
39,95.09,34.6
39,98.76,42.07
39,88.66,33.62
39,99.53,33.78
39,68.96,35.32
39,88.43,29.64
39,97.27,39.55
39,91.85,39.52
39,102.24,43.01
39,85.96,41.04
39,80.88,56.0
39,66.69,45.58
39,84.45,31.72
39,94.72,38.98
39,97.89,49.54
39,69.81,23.55
39,103.28,56.16
39,75.33,25.48
39,86.43,43.9
39,80.61,34.07
39,93.42,33.44
39,89.22,19.67
39,96.81,43.98
39,105.0,19.83
39,93.17,18.13
39,80.5,46.76
39,93.99,53.69
39,105.0,26.66
39,96.53,45.03
39,100.29,42.76
39,67.28,32.99
39,93.03,48.69
39,84.52,32.2
39,79.16,39.69
39,87.71,20.21
39,89.41,20.68
39,79.88,46.86
39,90.45,40.06
39,85.74,32.43
39,97.13,54.99
39,90.96,54.87
39,92.89,38.83
39,100.73,17.99
39,95.21,32.77
39,87.92,24.84
39,60.87,34.98
39,94.68,23.7
39,76.14,20.84
39,86.88,9.11
39,92.82,35.84
39,105.0,8.71
39,105.0,30.48
39,76.02,41.64
39,70.89,26.06
39,92.23,22.07
39,91.15,33.25
39,72.38,24.89
39,87.78,36.04
39,95.77,22.64
39,72.01,32.85
39,75.07,30.19
39,79.63,33.87
39,85.24,51.99
39,97.02,36.2
39,83.76,39.55
39,88.72,27.13
39,105.0,36.46
39,75.57,30.98
39,79.51,34.33
39,96.82,41.14
39,100.84,28.5
39,93.39,29.62
39,105.0,28.65
39,92.13,28.44
39,62.31,35.91
39,89.26,30.0
39,80.58,50.48
39,105.0,63.47
39,100.54,27.75
39,67.33,37.23
39,105.0,45.42
39,100.21,31.08
39,83.78,23.06
39,86.98,53.12
39,105.0,41.55
39,62.37,37.51
39,93.79,49.96
39,102.21,42.47
39,86.85,33.47
39,96.42,23.26
39,89.34,28.57
39,77.81,47.25
39,77.48,41.5
39,97.26,31.95
39,79.74,53.43
39,68.18,32.27
39,89.59,44.86
39,81.33,36.42
39,72.41,55.26
39,88.93,42.28
39,97.97,34.51
39,88.26,32.03
39,74.14,33.83
39,94.26,26.02
39,101.46,18.97
39,105.0,37.4
39,105.0,28.13
39,74.93,28.1
39,99.16,33.02
39,91.33,34.57
39,73.02,34.08
39,91.69,53.12
39,105.0,41.29
39,103.55,57.19
39,74.83,29.17
39,88.18,42.62
39,94.39,29.78
39,65.51,27.83
39,65.96,57.6
39,90.01,25.55
39,90.18,9.45
39,64.1,26.21
39,93.04,11.91
39,102.13,23.54
39,85.16,24.55
39,88.78,34.39
39,95.43,11.45
39,93.71,47.16
39,66.31,13.37
39,76.23,32.59
39,82.85,30.43
39,76.81,43.08
39,105.0,37.87
39,96.25,47.06
39,73.57,30.02
39,85.21,28.89
39,102.7,38.54
39,79.6,45.32
39,99.07,43.08
39,105.0,37.54
39,103.81,36.56
39,90.35,33.6
39,104.26,38.51
39,81.21,56.38
39,105.0,31.33
39,91.13,29.99
39,102.91,29.15
39,83.29,38.28
39,94.49,10.66
39,95.07,32.51
39,75.93,43.69
39,75.54,28.21
39,85.34,36.05
39,102.37,57.2
39,64.19,37.65
39,83.28,9.37
39,105.0,18.49
39,71.98,31.24
39,104.3,25.16
39,73.34,35.14
39,76.08,30.76
39,86.09,46.83
39,105.0,22.0
39,79.68,31.72
39,65.47,36.39
39,69.77,37.75
39,100.12,35.61
39,70.39,7.48
39,103.44,34.92
39,88.91,32.34
39,87.58,43.51
39,91.86,41.95
39,77.59,36.65
39,89.79,37.44
39,72.49,48.88
39,105.0,46.65
39,74.65,37.03
39,93.71,57.6
39,74.55,27.09
39,81.07,20.96
39,83.14,33.88
39,105.0,29.89
39,87.81,6.88
39,77.32,26.82
39,82.22,37.78
39,68.44,33.36
39,85.88,25.46
39,105.0,34.47
39,92.37,35.35
39,99.74,41.87
39,76.17,26.94
39,85.36,43.61
39,90.65,22.0
39,78.57,28.46
39,93.2,52.69
39,96.0,22.74
39,95.06,26.75
39,86.04,20.22
39,102.18,24.9
39,84.65,35.52
39,83.47,41.77
39,105.0,33.79
39,73.61,30.43
39,65.86,20.33
39,76.72,26.0
39,93.03,16.99
39,104.69,42.1
39,79.41,42.87
39,105.0,33.56
39,88.35,38.86
39,86.5,43.64
39,76.95,35.11
40,41.47,3.31
40,39.92,19.99
40,54.41,15.22
40,27.36,10.06
40,64.82,8.9
40,53.3,13.94
40,68.75,28.8
40,45.47,19.17
40,38.85,13.62
40,54.54,23.38
40,59.4,14.3
40,36.71,18.42
40,20.03,15.66
40,22.26,20.49
40,49.4,9.11
40,66.02,1.47
40,29.09,23.98
40,42.46,30.55
40,41.47,1.99
40,70.97,15.97
40,75.36,9.06
40,51.52,23.72
40,57.67,16.71
40,57.31,50.6
40,29.36,10.68
40,55.08,30.91
40,32.75,31.98
40,43.77,19.87
40,60.82,14.41
40,47.05,15.04
40,60.33,14.11
40,62.89,26.47
40,23.16,4.4
40,17.69,12.23
40,61.11,10.9
40,61.63,0.0
40,49.34,23.45
40,51.1,25.69
40,57.61,7.02
40,57.37,25.33
40,42.05,0.0
40,58.43,14.26
40,41.5,12.61
40,49.17,14.97
40,48.6,14.91
40,34.83,13.15
40,36.34,9.73
40,75.04,12.8
40,34.41,29.0
40,50.81,7.63
40,53.54,38.81
40,45.3,7.01
40,54.73,16.64
40,50.28,20.28
40,34.69,10.79
40,52.98,29.21
40,38.92,20.0
40,68.63,11.75
40,51.58,29.08
40,36.9,2.83
40,50.45,7.78
40,33.98,20.19
40,49.35,22.82
40,43.07,17.55
40,35.25,12.6
40,35.09,11.23
40,77.65,26.45
40,47.19,16.64
40,40.39,4.41
40,38.14,3.77
40,52.13,30.65
40,37.7,6.09
40,31.77,17.0
40,45.58,28.86
40,45.48,19.96
40,40.58,5.67
40,34.41,2.83
40,40.92,34.57
40,39.89,2.55
40,38.09,7.91
40,49.59,18.1
40,74.94,11.59
40,63.31,20.31
40,71.24,0.0
40,38.62,11.69
40,67.77,21.45
40,48.95,21.49
40,58.82,7.7
40,51.95,2.76
40,41.54,16.35
40,55.35,0.0
40,52.3,28.13
40,23.01,15.73
40,44.39,6.34
40,57.34,2.4
40,49.61,7.04
40,52.1,0.0
40,36.23,19.44
40,49.33,5.17
40,44.75,18.4
40,43.36,19.91
40,37.17,24.63
40,57.89,16.77
40,50.49,26.38
40,49.18,29.25
40,72.66,16.84
40,52.16,17.5
40,61.61,7.87
40,49.55,3.14
40,41.41,28.1
40,32.23,20.66
40,49.14,21.56
40,11.37,7.5
40,49.54,31.86
40,50.1,11.49
40,43.17,5.18
40,44.8,7.69
40,29.73,31.28
40,64.01,1.78
40,41.62,5.74
41,57.94,42.99
41,50.25,38.92
41,73.26,17.16
41,81.46,39.66
41,91.74,22.09
41,47.38,38.82
41,54.77,25.14
41,70.45,30.9
41,105.0,28.01
41,83.52,50.71
41,76.85,38.42
41,56.08,47.87
41,44.44,65.85
41,72.51,34.51
41,70.71,50.52
41,68.52,26.31
41,67.05,47.8
41,62.27,25.12
41,59.29,33.8
41,90.06,39.91
41,60.48,41.64
41,68.41,20.0
41,71.49,24.46
41,81.18,40.73
41,60.93,29.96
41,84.71,18.63
41,64.46,33.22
41,69.9,32.69
41,93.36,35.95
41,59.4,39.82
41,81.37,39.12
41,85.06,25.55
41,76.03,29.48
41,70.47,44.21
41,99.63,28.02
41,71.82,29.65
41,74.65,17.45
41,67.63,33.68
41,73.96,37.8
41,84.53,12.27
41,68.42,22.23
41,44.59,18.36
41,78.68,42.67
41,57.98,12.96
41,81.64,33.13
41,71.98,41.9
41,84.26,36.07
41,59.67,29.16
41,65.04,37.81
41,67.58,45.41
41,52.73,32.82
41,86.45,9.37
41,50.87,46.63
41,86.27,38.4
41,77.52,33.64
41,69.41,12.22
41,76.49,30.72
41,76.13,24.37
41,66.79,20.62
41,75.88,32.5
41,81.51,28.1
41,59.72,28.83
41,76.5,42.14
41,37.86,36.81
41,46.92,28.55
41,79.34,27.15
41,66.57,29.0
41,60.91,31.28
41,71.31,40.42
41,66.85,22.53
41,59.15,50.04
41,50.69,40.43
41,46.41,3.88
41,81.6,34.94
41,66.51,45.45
41,84.6,38.28
41,66.38,29.46
41,76.61,33.33
41,70.37,35.96
41,72.58,42.47
41,73.21,18.43
41,66.21,27.34
41,56.01,52.02
41,81.96,34.36
41,92.72,50.81
41,93.57,66.84
41,64.81,28.59
41,62.47,20.83
41,64.79,31.08
41,69.71,46.09
41,71.32,47.63
41,59.03,58.99
41,52.76,33.6
41,72.65,39.37
41,26.1,26.17
41,70.69,6.42
41,59.72,33.56
41,82.14,21.31
41,85.62,41.08
41,85.93,13.3
41,67.5,25.87
41,57.24,36.94
41,61.41,38.1
41,75.74,33.48
41,50.6,54.54
41,90.12,51.26
41,67.7,26.47
41,78.5,51.7
41,48.84,53.38
41,59.96,32.64
41,47.23,34.5
41,85.28,33.44
41,69.92,26.91
41,79.43,28.0
41,72.82,48.51
41,78.09,38.81
41,67.61,27.9
41,69.35,23.81
41,70.81,25.66
41,77.27,32.2
41,77.62,44.04
41,105.0,24.54
41,93.86,43.92
41,48.88,36.17
41,70.14,35.57
41,66.72,45.28
41,88.64,43.28
41,67.9,18.55
41,78.04,22.08
41,41.62,31.48
41,52.32,37.92
41,99.2,49.01
41,72.65,34.72
41,59.02,52.74
41,75.16,26.23
41,58.31,28.09
41,68.32,30.64
41,53.12,25.01
41,61.75,46.75
41,66.59,3.53
41,86.57,28.46
41,78.03,46.63
41,80.3,30.56
41,71.66,45.8
41,82.7,58.17
41,60.64,34.88
41,62.47,46.86
41,77.3,60.61
41,68.37,38.42
41,71.82,33.47
41,69.87,43.93
41,88.29,47.03
41,88.97,33.57
41,63.86,28.68
41,49.12,52.89
41,62.75,31.02
41,60.34,47.13
41,82.81,36.89
41,83.97,54.1
41,58.6,24.66
41,62.19,24.64
41,52.77,43.4
41,73.75,21.57
41,71.42,35.28
41,82.26,51.03
41,78.46,14.37
41,79.93,38.42
41,51.95,47.33
41,63.86,33.72
41,84.34,23.8
41,65.0,31.11
41,50.84,24.78
41,82.5,34.76
41,64.5,30.96
41,85.81,28.35
41,71.76,39.13
41,68.4,51.37
41,89.72,37.61
41,55.07,48.78
41,90.64,51.37
41,63.69,27.55
41,74.11,37.02
41,74.23,29.33
41,66.45,17.7
41,62.09,37.91
41,67.19,22.43
41,58.81,39.33
41,97.51,16.89
41,65.75,35.88
41,87.07,16.72
41,85.35,41.41
41,76.72,29.67
41,70.24,28.61
41,74.52,46.39
41,79.44,30.46
41,73.31,35.22
41,51.63,31.82
41,48.36,39.58
41,91.62,45.47
41,37.75,43.19
41,74.54,28.87
41,68.95,47.3
41,74.09,23.92
41,57.18,25.83
41,76.56,32.59
41,74.68,45.51
41,105.0,21.13
41,73.69,43.81
41,89.53,33.4
41,52.52,29.23
41,85.26,46.08
41,74.94,25.17
41,75.51,59.14
41,75.69,32.06
41,94.18,35.65
41,75.32,50.97
41,61.81,35.94
41,63.99,47.08
42,13.16,23.39
42,22.06,22.69
42,18.01,22.94
42,16.79,32.55
42,21.79,12.17
42,14.18,18.24
42,0.0,27.15
42,26.75,20.84
42,0.0,45.69
42,12.08,34.07
42,10.35,40.35
42,8.62,39.14
42,0.0,31.73
42,0.0,44.87
42,0.0,38.97
42,18.74,30.5
42,0.0,15.48
42,0.0,39.73
42,13.43,20.13
42,0.0,38.18
42,0.94,34.87
42,9.06,19.04
42,11.67,36.84
42,0.0,36.1
42,9.83,36.14
42,13.19,35.62
42,0.0,26.82
42,10.79,40.51
42,0.0,26.44
42,9.61,22.18
42,17.4,41.42
42,5.71,44.3
42,19.87,40.67
42,18.28,31.72
42,19.8,12.67
42,13.24,50.3
42,22.31,12.49
42,13.01,40.45
42,0.0,57.21
42,0.0,35.64
42,5.25,37.2
42,6.87,38.17
42,12.65,36.18
42,0.0,59.86
42,34.11,24.73
42,6.67,23.34
42,7.9,30.4
42,0.0,53.15
42,0.0,27.65
42,6.36,38.73
42,8.36,45.78
42,6.87,42.57
42,29.52,45.2
42,6.36,49.6
42,6.88,37.39
42,18.6,28.97
42,5.78,35.62
42,15.01,30.27
42,0.0,61.74
42,0.0,28.14
42,9.59,39.31
42,4.99,17.49
42,0.0,35.46
42,9.58,30.84
42,10.72,41.43
42,0.0,41.72
42,1.26,49.59
42,10.82,48.71
42,0.0,33.27
42,0.15,23.61
42,14.94,24.9
42,7.69,37.33
42,1.8,35.74
42,0.0,36.84
42,0.0,28.11
42,6.29,49.81
42,34.34,17.8
42,15.36,27.5
42,0.0,22.15
42,17.19,31.7
42,0.0,47.71
42,7.94,30.83
42,0.34,35.12
42,34.3,41.31
42,0.0,30.31
42,12.08,38.21
42,0.0,36.76
42,17.6,21.56
42,11.81,28.89
42,24.31,37.9
42,17.34,48.1
42,0.0,48.09
42,45.91,57.05
42,15.22,39.34
42,0.84,29.45
42,10.67,33.3
42,16.2,32.75
42,15.71,29.51
42,14.45,38.21
42,20.56,38.72
42,19.29,21.09
42,0.0,45.97
42,35.4,13.8
42,33.6,31.55
42,18.41,46.64
42,8.5,40.68
42,8.73,30.07
42,3.79,55.66
42,5.47,29.16
42,0.0,11.98
42,27.89,38.98
42,23.31,14.44
42,0.0,24.85
42,19.57,40.85
42,7.9,28.93
42,5.41,40.39
42,14.41,21.26
42,0.0,43.44
42,7.85,15.4
42,9.03,48.5
42,9.05,28.77
42,0.0,50.84
42,13.81,24.75
42,21.78,55.17
42,13.3,23.47
42,5.02,14.27
42,42.96,34.47
42,0.0,47.57
42,18.05,42.7
42,11.16,46.79
42,34.16,42.92
42,13.03,24.98
42,15.82,42.43
42,14.57,35.02
42,0.0,26.19
42,0.0,35.97
42,4.42,33.38
42,20.45,49.58
42,11.03,28.34
42,5.31,27.82
42,25.84,26.31
42,0.0,54.87
42,0.0,26.93
42,0.0,48.27
42,23.71,22.65
42,6.74,39.57
42,20.56,36.89
42,6.58,47.57
42,21.3,45.97
42,6.35,34.9
42,13.33,28.09
42,11.43,51.87
42,12.39,26.99
42,29.9,9.06
42,0.0,13.56
42,7.11,16.23
42,10.57,40.55
42,8.63,58.36
42,2.83,11.56
42,1.05,25.39
42,27.89,34.98
42,7.08,51.0
42,39.69,25.33
42,14.87,40.5
42,4.23,31.25
42,15.18,62.68
42,9.42,35.59
42,25.45,37.91
42,0.0,34.93
42,0.0,29.44
42,12.69,44.45
42,18.86,21.25
42,11.72,11.98
42,16.74,32.35
42,14.83,42.97
42,0.0,27.61
42,11.66,36.05
42,25.12,20.57
42,10.23,45.69
42,0.0,41.17
42,3.66,34.22
42,15.24,35.86
42,31.34,18.67
42,0.0,19.16
42,12.7,32.66
42,0.0,39.65
42,14.6,40.21
42,15.64,30.01
42,4.97,42.2
42,16.21,49.63
42,22.82,33.02
42,5.86,37.41
42,0.0,31.71
42,26.53,32.61
42,18.77,35.87
42,15.33,52.74
42,0.0,44.07
42,20.81,43.08
42,34.55,29.01
42,6.42,24.12
42,9.23,38.28
42,0.0,47.68
42,0.0,52.96
42,0.0,7.02
42,9.7,60.91
42,3.57,38.59
42,12.85,44.0
42,0.0,14.86
42,5.82,31.39
42,0.0,43.05
42,10.44,21.08
42,0.0,2.23
42,9.97,37.69
42,4.38,33.45
42,10.35,49.85
42,0.0,32.24
42,16.51,33.05
42,4.12,41.67
42,10.82,45.37
42,0.0,26.2
42,0.0,44.39
42,2.93,28.26
42,25.88,34.18
42,14.85,41.38
42,9.69,43.3
42,0.0,37.5
42,0.0,22.11
42,11.6,13.43
42,17.11,31.93
42,10.72,44.68
42,30.22,38.95
42,0.0,36.66
42,10.33,33.92
42,0.0,37.4
42,10.74,23.06
42,27.1,42.58
42,0.0,43.31
42,18.95,30.09
42,26.73,38.81
42,0.0,15.12
42,14.07,35.98
42,28.54,32.54
42,11.0,47.85
42,18.23,31.81
42,0.0,43.56
42,15.76,29.7
42,14.72,8.85
42,0.0,31.52
42,0.0,36.16
42,15.85,35.66
42,4.06,35.83
42,22.46,28.43
42,12.04,30.44
42,8.73,21.61
42,5.78,12.04
42,11.8,32.83
42,18.44,25.8
42,14.94,45.88
42,2.5,10.0
42,24.11,37.2
42,16.55,57.34
42,13.01,31.99
42,9.19,33.97
42,14.5,38.69
42,0.0,39.55
42,11.14,29.51
42,29.32,22.91
42,10.86,41.18
42,9.09,13.01
42,0.25,43.15
42,14.41,29.69
42,5.46,34.03
42,25.02,28.22
42,0.0,49.74
42,2.12,36.74
42,0.19,30.46
42,31.85,30.15
42,5.53,32.37
42,0.87,60.37
42,0.0,19.51
42,0.0,45.91
42,14.86,40.25
42,14.81,50.94
42,0.0,40.92
42,0.26,34.04
42,32.18,45.22
42,43.05,36.53
42,22.95,42.3
42,28.27,49.71
42,31.03,35.02
42,36.79,29.33
42,4.07,26.92
42,0.0,38.96
42,31.84,24.34
43,20.22,35.71
43,13.27,49.73
43,15.56,41.2
43,22.58,28.84
43,23.76,32.53
43,33.27,39.84
43,27.9,40.98
43,34.81,34.23
43,35.86,37.97
43,39.63,37.98
43,5.2,32.99
43,15.35,27.34
43,37.21,42.17
43,32.75,37.21
43,42.7,11.11
43,9.93,24.92
43,23.82,28.71
43,26.15,31.79
43,32.17,47.24
43,30.47,68.0
43,36.1,6.95
43,28.51,37.35
43,47.84,34.77
43,51.99,32.01
43,15.47,39.97
43,30.59,35.65
43,40.37,30.02
43,37.61,34.32
43,24.7,40.12
43,33.31,39.08
43,9.42,36.07
43,29.75,27.58
43,11.02,65.01
43,36.6,37.95
43,15.49,42.39
43,32.12,28.41
43,34.15,36.09
43,30.99,36.0
43,21.78,12.97
43,27.27,26.12
43,45.35,25.91
43,24.48,27.39
43,30.28,22.23
43,22.76,34.48
43,43.27,49.37
43,31.01,35.44
43,20.07,21.01
43,30.09,22.66
43,26.87,29.85
43,48.1,18.43
43,29.42,37.35
43,12.02,48.88
43,36.48,27.67
43,53.22,34.84
43,45.56,29.28
43,15.66,27.07
43,26.51,36.09
43,29.6,26.7
43,29.76,25.11
43,34.95,16.19
43,25.53,34.71
43,18.1,45.74
43,42.37,41.78
43,15.39,50.41
43,19.57,26.58
43,15.31,43.36
43,37.96,21.87
43,31.38,41.8
43,41.49,52.09
43,19.79,39.48
43,13.71,52.28
43,24.23,27.41
43,27.63,32.52
43,32.72,23.93
43,8.13,34.38
43,36.22,36.97
43,18.37,34.29
43,21.58,28.78
43,45.26,28.6
43,1.62,37.8
43,34.19,32.25
43,34.14,21.33
43,19.36,13.13
43,24.19,27.45
43,45.87,18.8
43,55.52,24.81
43,43.84,29.34
43,54.52,32.39
43,21.01,26.67
43,9.46,58.1
43,29.32,20.13
43,40.46,47.3
43,5.89,32.21
43,17.96,26.77
43,19.4,40.46
43,34.64,29.02
43,32.96,25.12
43,19.92,53.69
43,32.34,9.86
43,15.12,31.31
43,24.46,36.09
43,13.56,49.49
43,28.05,29.62
43,19.59,63.27
43,38.97,42.35
43,29.66,7.96
43,27.05,18.01
43,52.99,36.61
43,34.98,21.42
43,25.21,40.03
43,22.41,29.01
43,14.64,20.84
43,29.14,23.39
43,34.0,43.37
43,5.11,11.75
43,12.27,45.5
43,23.29,45.82
43,15.72,30.35
43,30.56,18.55
43,32.37,40.11
43,28.41,28.65
43,37.15,17.33
43,22.4,55.0
43,29.4,24.27
43,16.96,17.81
43,33.7,37.14
43,30.99,33.25
43,14.42,50.35
43,27.98,29.81
43,29.51,29.93
43,33.65,37.69
43,34.14,36.19
43,20.62,36.53
43,39.93,36.99
43,36.8,35.81
43,20.58,29.42
43,15.14,43.16
43,21.57,30.04
43,10.87,42.85
43,32.7,49.27
43,45.39,26.55
43,48.48,60.45
43,15.84,26.16
43,40.23,26.24
43,31.1,39.94
43,0.0,38.86
43,25.68,34.79
43,24.23,43.0
43,45.74,36.78
43,18.68,56.72
43,37.32,33.41
43,28.61,24.6
43,11.2,27.93
43,22.82,39.18
43,49.91,39.35
43,27.75,36.27
43,41.78,24.66
43,41.06,46.2
43,24.17,55.31
43,13.32,34.32
43,15.03,53.92
43,48.87,43.53
43,31.97,58.41
43,7.46,39.2
43,40.84,35.5
43,6.77,43.27
43,19.26,29.23
43,31.06,38.48
43,62.77,48.64
43,40.61,43.01
43,23.73,33.66
43,30.37,36.2
43,41.96,42.33
43,48.48,41.97
43,26.78,42.25
43,27.16,37.73
43,19.21,24.93
43,38.65,26.68
43,43.34,39.07
43,4.8,43.15
43,24.84,41.72
43,14.23,26.57
43,31.96,32.34
43,13.91,21.08
43,12.84,18.69
43,44.61,34.9
43,27.85,48.94
43,29.22,35.1
43,35.61,54.99
43,42.62,32.19
43,24.56,34.34
43,24.85,23.1
43,24.9,30.18
43,44.06,20.91
43,29.11,17.0
43,26.22,21.1
43,35.08,34.94
43,53.81,25.9
43,30.97,28.5
43,26.5,38.51
43,55.26,16.96
43,47.29,34.89
43,45.4,43.33
43,23.49,44.28
43,22.2,39.68
43,6.16,33.43
43,42.54,27.14
43,31.0,33.09
43,6.59,52.19
43,45.62,37.0
43,25.61,32.82
43,27.22,40.2
43,10.33,34.55
43,36.4,36.48
43,36.52,31.29
43,29.38,29.44
43,24.56,44.96
43,64.14,12.55
43,14.36,39.26
43,20.62,28.76
43,39.21,13.04
43,16.81,23.28
43,15.85,33.6
43,44.71,35.12
43,37.87,42.14
43,36.29,42.89
43,32.36,16.99
43,21.0,38.15
43,26.72,42.01
43,28.97,36.41
43,41.0,39.53
43,35.54,12.74
43,17.94,23.11
43,40.26,49.03
43,8.18,30.92
43,25.83,58.45
43,15.15,19.94
43,18.86,51.2
43,55.05,27.28
43,10.88,43.49
43,19.35,30.75
43,36.64,35.27
43,23.89,40.55
44,70.54,44.56
44,76.31,54.8
44,39.61,68.0
44,69.61,68.0
44,90.43,66.15
44,83.03,35.68
44,85.53,68.0
44,74.69,49.01
44,95.79,68.0
44,77.75,48.05
44,65.42,61.38
44,85.12,48.96
44,85.99,52.0
44,82.18,62.84
44,68.76,41.49
44,77.66,68.0
44,92.11,44.7
44,80.21,44.09
44,54.79,62.88
44,65.83,68.0
44,65.22,52.44
44,64.19,44.21
44,46.55,45.85
44,98.58,44.67
44,62.61,59.39
44,63.55,55.23
44,48.76,60.68
44,85.26,60.01
44,72.82,65.07
44,69.44,51.49
44,70.13,47.88
44,81.64,57.72
44,67.76,55.4
44,48.14,58.78
44,57.21,48.17
44,56.53,63.06
44,77.58,43.04
44,86.09,51.16
44,93.06,68.0
44,52.75,43.56
44,82.06,67.55
44,66.0,40.5
44,105.0,38.56
44,91.99,39.57
44,96.12,57.28
44,84.43,64.03
44,78.96,68.0
44,68.77,68.0
44,66.21,65.49
44,63.6,46.85
44,82.03,46.75
44,94.29,64.67
44,69.36,68.0
44,64.61,44.66
44,54.71,68.0
44,77.18,34.88
44,89.98,60.29
44,90.63,54.86
44,91.92,53.75
44,79.4,56.34
44,75.17,46.61
44,90.67,60.91
44,59.57,56.67
44,68.27,66.29
44,96.24,68.0
44,60.03,57.4
44,73.55,46.99
44,82.21,43.48
44,75.08,68.0
44,88.94,68.0
44,93.83,65.76
44,80.24,56.66
44,92.07,64.97
44,61.93,68.0
44,71.95,49.2
44,105.0,56.33
44,99.26,43.83
44,57.4,54.58
44,73.83,68.0
44,75.77,67.86
44,79.41,57.49
44,90.56,26.37
44,97.91,48.79
44,74.49,57.13
44,88.59,53.62
44,82.43,56.36
44,73.73,58.67
44,51.92,50.13
44,87.24,55.92
44,81.87,54.36
44,79.06,48.26
44,61.24,68.0
44,99.47,50.76
44,75.98,31.2
44,59.16,68.0
44,57.07,46.69
44,82.81,65.9
44,83.19,48.51
44,67.98,62.26
44,80.01,55.47
44,82.68,67.0
44,75.82,53.65
44,64.88,48.79
44,86.5,58.83
44,84.89,51.79
44,81.38,34.78
44,63.16,49.38
44,56.7,68.0
44,74.99,35.96
44,86.08,58.65
44,87.52,53.33
44,81.6,68.0
44,68.14,43.78
44,63.55,57.11
44,73.78,63.55
44,73.9,54.03
44,88.39,47.56
44,67.76,55.76
44,68.84,52.6
44,100.71,52.56
44,94.17,66.24
44,62.52,60.43
44,93.09,62.07
44,59.42,59.63
44,68.36,66.56
44,69.84,68.0
44,72.99,52.85
44,82.06,65.01
44,75.38,41.74
44,81.99,31.22
44,68.78,68.0
44,78.86,52.33
44,75.03,58.78
44,55.95,42.52
44,80.28,42.02
44,75.25,48.16
44,64.72,63.07
44,68.48,50.32
44,68.8,52.31
44,70.82,47.81
44,96.87,68.0
44,101.17,65.55
44,38.56,50.67
44,80.35,63.53
44,86.41,53.3
44,71.19,52.29
44,86.07,55.45
44,95.5,63.08
44,56.17,46.19
44,75.74,61.53
44,99.44,68.0
44,57.91,58.01
44,72.5,56.39
44,68.17,55.07
44,87.67,61.26
44,89.49,38.29
44,76.11,68.0
44,74.42,66.79
44,51.65,48.91
44,92.5,56.35
44,69.41,49.87
44,72.15,59.29
44,86.63,56.67
44,76.57,58.51
44,87.05,44.69
44,81.84,50.7
44,76.65,68.0
44,78.04,50.13
44,59.4,26.92
44,72.06,54.34
44,88.09,68.0
44,62.32,65.34
44,64.7,49.57
44,62.56,55.44
44,75.99,63.48
44,92.23,36.68
44,81.11,46.58
44,45.7,60.38
44,82.43,68.0
44,68.25,51.17
44,80.62,68.0
44,72.06,47.7
44,62.81,18.76
44,73.07,64.18
44,68.26,61.94
44,78.0,64.1
44,62.48,63.67
44,59.38,58.11
44,83.52,53.15
44,88.41,53.57
44,81.54,50.94
44,65.57,51.6
44,64.38,36.08
44,65.13,42.64
44,85.58,54.2
44,63.27,31.35
44,85.49,33.91
44,82.28,52.32
44,90.09,54.59
44,87.82,52.55
44,81.05,29.82
44,54.91,68.0
44,81.93,40.2
44,75.5,47.0
44,69.15,42.12
44,91.71,68.0
44,72.03,60.64
44,67.12,50.79
44,88.61,50.02
44,68.73,57.98
44,66.47,42.29
44,59.35,60.19
44,63.34,49.96
44,64.45,61.72
44,82.07,61.34
44,60.75,49.47
44,49.85,33.42
44,77.94,53.28
44,65.76,40.06
44,73.79,56.86
44,90.67,53.18
44,74.93,49.53
44,93.63,41.75
44,73.11,68.0
44,87.09,51.01
44,66.88,68.0
44,75.4,56.38
44,61.87,59.87
44,63.42,56.43
44,71.08,59.76
44,56.73,68.0
44,76.07,68.0
44,70.06,36.57
44,77.05,65.41
44,56.93,61.47
44,83.12,56.39
44,96.07,68.0
44,93.32,68.0
44,98.75,65.95
44,74.55,50.02
44,69.42,42.88
44,80.34,64.3
44,70.9,68.0
44,51.37,33.68
44,84.65,67.95
44,70.95,53.2
44,54.92,36.1
44,67.39,61.16
44,71.25,66.0
44,74.15,52.14
44,74.31,44.37
44,91.8,68.0
44,57.25,48.64
44,72.02,68.0
44,62.57,39.36
44,90.33,60.58
44,66.7,60.26
44,69.53,65.61
44,87.65,68.0
44,91.22,47.05
44,93.14,61.73
44,52.64,40.97
44,80.28,40.84
44,77.51,49.64
44,73.33,60.5
44,74.87,68.0
44,90.72,68.0
44,87.5,52.1
44,85.66,59.36
44,76.69,66.37
44,103.52,64.42
44,68.79,54.14
44,52.99,56.84
44,70.55,54.79
44,74.75,53.71
44,90.94,52.24
44,67.36,54.68
44,80.39,51.54
44,54.8,43.51
44,88.06,65.49
44,74.89,61.68
44,70.35,68.0
44,101.71,60.06
44,87.91,51.41
45,26.82,37.76
45,10.89,34.56
45,20.39,0.88
45,30.23,41.47
45,39.62,23.97
45,10.68,41.54
45,33.45,52.71
45,32.87,31.22
45,24.13,38.82
45,22.37,34.36
45,20.43,39.78
45,31.83,35.14
45,44.65,28.31
45,45.57,24.05
45,15.39,51.5
45,27.57,38.82
45,1.48,43.14
45,31.42,38.39
45,37.77,44.73
45,50.42,24.14
45,6.78,34.91
45,15.86,39.56
45,31.87,48.22
45,8.96,63.4
45,32.24,38.48
45,38.1,26.73
45,13.34,20.85
45,31.72,24.05
45,14.24,25.48
45,47.88,2.09
45,32.69,26.57
45,21.68,41.88
45,13.9,34.83
45,35.06,31.16
45,47.65,16.16
45,19.97,45.55
45,24.28,39.63
45,20.22,33.86
45,50.22,9.77
45,5.19,28.6
45,46.71,38.77
45,25.1,33.69
45,29.07,36.11
45,25.57,41.54
45,33.11,35.7
45,20.51,41.15
45,43.76,24.72
45,44.29,20.55
45,17.22,39.25
45,38.68,41.51
45,25.37,39.71
45,30.67,35.45
45,49.83,30.44
45,21.24,36.32
45,42.05,38.17
45,35.94,38.83
45,27.48,62.68
45,34.78,23.87
45,33.23,68.0
45,14.94,20.17
45,22.11,38.24
45,16.41,20.86
45,26.4,37.37
45,47.49,44.8
45,37.55,34.36
45,11.38,44.7
45,26.45,29.34
45,33.04,11.45
45,39.67,40.89
45,21.54,34.34
45,13.91,28.72
45,29.27,29.48
45,37.4,38.47
45,33.05,25.04
45,18.5,38.13
45,52.81,47.08
45,28.72,56.66
45,32.52,49.45
45,21.39,35.78
45,44.38,36.83
45,37.43,29.6
45,34.09,28.88
45,15.03,43.59
45,44.22,30.62
45,39.84,38.03
45,43.19,23.41
45,30.48,49.07
45,29.03,30.45
45,27.63,45.97
45,59.63,26.26
45,22.95,25.68
45,14.58,48.61
45,25.15,27.11
45,23.07,16.75
45,46.38,22.56
45,12.37,43.42
45,22.7,42.37
45,32.48,25.61
45,46.49,27.05
45,39.27,41.4
45,51.05,48.48
45,34.5,33.24
45,27.35,40.1
45,41.12,43.61
45,12.23,57.68
45,7.77,21.29
45,42.69,26.64
45,32.74,28.43
45,42.53,43.1
45,18.92,31.23
45,46.7,37.43
45,38.71,35.34
45,29.6,34.02
45,32.7,35.18
45,34.51,45.33
45,18.86,23.32
45,24.99,32.37
45,34.3,20.63
45,24.47,36.49
45,10.9,31.85
45,33.83,45.76
45,40.87,33.95
45,43.89,29.12
45,36.92,31.29
45,40.64,52.96
45,42.84,16.73
45,31.04,27.1
45,2.45,34.4
45,45.08,27.0
45,18.39,39.4
45,15.3,33.38
45,15.66,36.82
45,62.3,35.3
45,35.73,32.87
45,16.46,19.8
45,21.12,35.94
45,29.99,14.6
45,37.05,26.61
45,33.63,39.38
45,17.93,47.09
45,34.12,59.84
45,22.05,29.29
45,43.61,24.48
45,30.73,39.75
45,20.13,54.57
45,38.96,50.86
45,34.98,22.61
45,23.83,32.45
45,39.49,43.35
45,38.18,44.12
45,45.62,40.51
45,39.23,29.06
45,27.22,40.41
45,8.02,44.22
45,32.43,23.75
46,20.35,29.7
46,42.02,30.63
46,40.57,50.82
46,41.06,35.47
46,50.49,14.22
46,29.86,44.47
46,34.31,54.31
46,0.0,31.25
46,44.51,24.13
46,43.25,43.51
46,47.63,55.61
46,17.82,43.34
46,42.51,16.15
46,43.24,42.3
46,21.54,38.45
46,43.73,23.5
46,36.02,48.18
46,7.93,38.82
46,37.6,48.46
46,20.03,22.32
46,8.21,38.39
46,34.77,24.15
46,29.15,36.72
46,48.25,50.25
46,32.36,18.31
46,40.12,18.94
46,36.61,44.51
46,43.27,33.84
46,18.48,46.88
46,32.58,25.12
46,28.17,34.56
46,38.5,41.57
46,33.33,36.31
46,22.02,14.32
46,25.61,65.05
46,51.43,36.34
46,7.97,19.26
46,39.22,37.46
46,46.14,38.72
46,37.52,44.93
46,55.62,44.2
46,42.2,31.65
46,34.99,15.06
46,23.93,39.07
46,35.23,15.93
46,38.86,47.37
46,30.05,25.94
46,20.34,40.98
46,14.35,26.78
46,32.41,28.59
46,10.76,25.19
46,23.87,41.88
46,0.0,27.17
46,40.83,42.45
46,45.0,27.45
46,31.03,31.45
46,53.81,34.39
46,47.52,35.69
46,36.24,23.83
46,28.53,41.74
46,25.46,31.02
46,37.31,39.98
46,28.16,33.82
46,37.13,40.45
46,38.09,29.48
46,27.02,25.31
46,44.25,38.7
46,27.03,28.57
46,30.28,50.05
46,17.29,34.74
46,26.48,18.89
46,58.06,27.56
46,18.29,23.01
46,35.69,45.8
46,24.09,42.51
46,1.22,33.33
46,37.27,37.19
46,22.77,33.04
46,34.15,43.46
46,42.87,39.72
46,33.05,41.7
46,34.27,31.89
46,18.72,27.05
46,39.19,41.32
46,27.53,51.06
46,4.02,46.17
46,40.75,51.4
46,44.73,35.78
46,49.25,23.33
46,58.22,24.31
46,40.06,49.18
46,36.68,13.52
46,44.19,50.55
46,18.47,25.34
46,8.26,55.16
46,23.8,33.22
46,46.6,41.95
46,21.41,60.24
46,36.05,30.37
46,37.45,30.18
46,33.18,26.36
46,13.39,22.98
46,34.46,30.37
46,24.52,27.9
46,52.14,20.25
46,44.78,31.68
46,24.98,38.95
46,52.95,24.15
46,34.47,32.21
46,8.27,49.47
46,28.98,18.39
46,51.26,55.25
46,19.34,26.59
46,29.11,36.21
46,12.32,48.07
46,14.39,51.43
46,19.15,39.17
46,14.04,26.36
46,21.96,25.39
46,52.6,27.68
46,29.53,54.78
46,40.21,29.79
46,44.19,37.56
46,15.59,22.52
46,19.19,21.28
46,39.96,34.29
46,21.75,30.43
46,39.09,31.23
46,51.81,17.73
46,11.08,33.19
46,25.36,51.04
46,27.42,24.62
46,23.16,43.87
46,22.1,0.0
46,23.6,25.17
46,29.8,12.99
46,32.14,47.6
46,42.39,43.67
46,29.67,22.62
46,44.54,37.18
46,22.31,47.22
46,14.38,48.93
46,26.04,29.54
46,36.01,9.7
46,41.19,24.12
46,48.98,42.43
46,33.77,57.09
46,39.79,33.4
46,47.79,27.32
46,19.87,60.39
46,27.27,38.46
46,66.02,20.49
46,41.13,32.69
46,36.64,45.0
46,41.62,33.23
46,12.64,42.74
46,21.59,16.34
46,16.84,18.22
46,35.44,25.92
46,25.2,30.9
46,31.24,37.67
46,25.96,41.0
46,8.86,61.13
46,41.5,25.88
46,7.09,30.55
46,20.54,26.18
46,12.9,45.87
46,18.56,46.47
46,32.62,29.08
46,46.06,56.72
46,9.71,26.2
46,22.76,45.33
46,7.26,50.0
46,22.13,19.02
46,30.93,40.35
46,39.97,4.02
46,2.46,43.07
46,37.16,21.88
46,17.36,40.24
46,14.19,42.3
46,30.88,46.32
46,38.15,43.79
46,28.69,34.61
46,15.79,29.81
46,28.69,33.18
46,20.57,21.72
46,37.85,31.67
46,43.98,30.8
46,43.15,25.33
46,29.74,14.85
46,44.59,19.95
46,16.73,0.0
46,53.18,30.61
46,16.65,37.97
46,3.61,4.49
46,47.75,36.6
46,20.77,32.65
46,31.52,21.06
46,16.6,29.26
46,60.73,45.56
46,53.68,23.28
46,50.11,34.87
46,31.15,37.81
46,42.75,24.96
46,29.31,45.09
46,44.59,38.44
46,24.66,31.23
46,50.6,60.0
46,24.01,45.14
46,25.49,15.45
46,23.94,29.72
46,32.5,61.13
46,24.95,23.2
46,36.33,34.73
46,23.75,47.54
46,40.28,41.18
46,49.74,42.76
46,31.01,42.11
46,58.84,34.28
46,44.66,25.28
46,57.8,38.78
46,29.2,29.57
46,8.4,28.71
46,20.82,50.31
46,22.15,29.81
46,17.61,52.77
46,1.45,36.82
46,43.32,32.25
46,5.82,14.01
46,42.08,57.32
46,58.41,33.93
46,19.88,9.02
46,35.04,44.86
46,24.82,33.45
46,40.75,23.76
46,14.47,44.24
46,28.29,5.96
46,44.58,26.14
46,29.36,30.71
46,8.83,43.37
46,46.14,58.64
46,13.15,31.31
46,31.02,39.06
46,37.57,64.23
46,31.56,34.05
46,62.99,39.15
46,39.54,20.39
46,27.37,55.55
46,37.83,26.16
46,32.73,36.95
46,30.58,36.64
46,33.17,34.94
46,24.36,29.22
46,32.77,36.65
46,23.43,53.33
46,5.35,59.09
46,44.82,32.07
46,22.65,29.06
46,31.84,25.1
46,20.11,63.55
46,20.51,35.42
46,16.49,46.27
46,42.33,41.66
46,45.47,58.29
46,30.34,31.28
46,23.02,21.82
46,7.99,54.45
46,40.34,43.94
46,21.2,39.02
46,15.48,50.89
46,30.38,39.65
46,25.66,51.27
46,10.27,36.71
46,12.05,43.92
46,34.38,39.79
46,21.48,30.42
46,36.63,31.74
46,31.9,29.68
46,43.62,36.92
46,19.18,28.99
46,33.03,38.79
46,38.3,38.42
46,21.86,36.26
46,44.65,36.45
46,8.34,27.77
46,19.17,30.9
46,7.85,15.62
46,20.43,32.68
46,27.99,23.16
46,40.81,35.1
46,27.98,26.14
46,22.26,11.44
46,9.86,58.78
46,14.22,31.45
46,34.03,49.92
46,41.46,28.2
46,24.55,52.68
46,45.74,21.33
46,17.65,35.94
47,58.77,42.39
47,53.86,50.37
47,47.67,52.96
47,54.73,24.19
47,65.67,18.7
47,56.69,43.27
47,50.11,31.11
47,54.75,32.11
47,72.9,21.66
47,42.58,40.42
47,23.9,38.42
47,33.75,32.29
47,34.71,18.73
47,36.54,47.3
47,36.99,36.81
47,47.69,46.3
47,51.22,10.87
47,51.08,34.63
47,38.51,26.11
47,60.92,34.4
47,54.95,44.38
47,68.56,38.07
47,59.01,34.2
47,43.46,34.14
47,64.97,16.84
47,51.56,24.03
47,58.37,46.33
47,57.37,28.44
47,46.38,46.54
47,49.34,43.09
47,46.29,43.67
47,36.91,37.66
47,20.12,29.2
47,38.98,32.34
47,50.59,41.04
47,62.11,10.62
47,58.35,47.68
47,44.37,28.5
47,39.16,33.05
47,45.66,33.15
47,35.32,33.56
47,20.5,19.55
47,27.91,35.67
47,65.87,40.54
47,72.14,11.51
47,57.8,19.69
47,47.24,43.85
47,29.89,41.81
47,45.91,37.29
47,55.95,26.5
47,58.79,41.87
47,56.95,20.77
47,63.72,32.49
47,73.26,19.63
47,42.73,32.22
47,84.47,22.67
47,21.74,42.31
47,37.88,38.77
47,50.6,27.72
47,55.14,45.99
47,45.64,23.48
47,41.56,33.61
47,76.63,27.24
47,40.93,42.17
47,34.75,41.08
47,69.98,48.32
47,59.04,34.91
47,62.23,1.44
47,50.55,29.26
47,30.11,51.22
47,49.1,30.43
47,28.32,12.91
47,51.15,38.94
47,56.49,39.76
47,61.98,26.0
47,46.8,31.29
47,57.73,24.68
47,36.25,39.75
47,60.57,34.62
47,56.77,21.18
47,37.6,33.9
47,54.89,25.94
47,62.17,50.07
47,49.02,43.83
47,37.31,32.65
47,50.31,34.89
47,55.18,45.15
47,37.21,32.09
47,34.9,42.34
47,54.78,50.25
47,58.7,28.6
47,75.95,52.11
47,56.65,48.91
47,32.28,36.73
47,74.52,29.12
47,61.71,36.6
47,21.93,31.31
47,34.61,25.28
47,41.61,39.86
47,58.9,22.74
47,17.07,30.28
47,46.45,30.42
47,58.15,18.98
47,11.16,41.24
47,57.71,31.49
47,59.27,48.29
47,36.99,31.31
47,33.01,29.53
47,36.79,24.05
47,13.26,34.43
47,43.76,34.49
47,50.85,42.16
47,32.15,34.74
47,60.64,57.03
47,49.33,39.02
47,51.38,23.14
47,42.77,22.21
47,57.66,39.88
47,64.78,22.8
47,42.7,40.54
47,57.89,43.85
47,58.04,44.12
47,53.43,24.44
47,69.8,44.14
47,38.56,37.55
47,42.52,27.31
47,37.9,32.25
47,57.43,39.18
47,44.46,26.6
47,38.96,37.32
47,69.62,49.9
47,71.52,44.6
47,43.73,34.9
47,30.22,36.58
47,72.23,28.08
47,54.12,28.39
47,53.47,17.09
47,49.37,36.76
47,37.6,41.51
47,42.63,33.22
47,56.81,24.35
47,42.18,34.73
47,53.63,48.76
47,48.17,43.88
47,34.26,33.68
47,69.07,56.52
47,55.72,63.69
47,52.3,28.72
47,55.22,31.3
47,24.69,41.63
47,41.59,23.96
47,28.15,43.34
47,49.62,35.12
47,52.24,38.09
47,49.84,27.67
47,63.32,25.34
47,28.53,12.16
47,37.61,50.33
47,53.39,44.36
47,51.43,41.41
47,30.9,37.83
47,63.55,8.65
47,68.06,25.74
47,53.53,31.18
47,28.38,22.11
47,50.08,15.37
47,52.42,23.25
47,44.47,34.54
47,65.51,34.54
47,46.49,43.98
47,75.36,56.69
47,58.18,41.54
47,51.59,32.07
47,59.97,53.8
47,67.9,16.6
47,59.69,11.13
47,47.01,24.25
47,39.42,42.93
47,33.41,35.85
47,16.27,21.59
47,50.27,26.0
47,42.96,20.34
47,43.66,20.34
47,61.38,51.06
47,46.54,32.42
47,72.64,53.47
47,40.55,24.21
47,35.38,39.4
47,31.65,36.5
47,57.4,43.68
47,62.97,36.8
47,40.27,44.84
47,34.17,40.1
47,67.89,22.0
47,29.14,42.06
47,61.13,32.87
47,40.58,25.46
47,53.16,41.63
47,62.0,44.14
47,54.19,28.68
47,44.16,30.14
47,66.15,18.74
47,51.76,14.15
47,95.87,31.33
47,25.83,42.71
47,25.64,27.69
47,60.93,49.71
47,47.59,31.74
47,58.3,31.79
47,33.72,30.82
47,48.7,44.8
47,53.95,23.45
47,40.93,32.58
47,51.01,27.98
47,30.3,27.82
47,53.13,34.39
47,66.79,32.75
47,31.91,45.57
47,31.13,33.88
47,63.47,40.11
47,30.9,35.9
47,58.93,49.44
47,48.72,30.67
47,42.57,30.7
47,67.06,42.2
47,60.07,30.52
47,51.64,39.48
47,20.02,59.72
47,57.26,23.23
47,34.08,50.85
47,45.12,28.59
47,48.1,48.71
47,72.66,41.55
47,44.71,40.6
47,29.5,32.34
47,67.11,31.24
47,57.43,26.06
48,76.48,10.06
48,55.66,23.23
48,74.29,4.29
48,90.41,0.0
48,86.27,19.2
48,74.3,0.78
48,105.0,0.0
48,66.49,25.91
48,72.87,22.63
48,55.14,8.23
48,68.75,0.0
48,97.24,17.87
48,69.25,19.29
48,54.14,17.68
48,85.34,17.18
48,79.06,10.0
48,84.8,7.48
48,70.14,0.0
48,60.91,4.33
48,71.61,15.54
48,81.21,15.72
48,73.06,20.69
48,79.04,0.0
48,67.02,0.0
48,79.53,7.82
48,73.96,0.78
48,64.82,14.05
48,75.82,0.0
48,68.97,24.98
48,82.02,2.96
48,85.35,29.52
48,80.52,17.77
48,52.75,0.39
48,61.46,35.04
48,65.72,14.92
48,63.65,13.83
48,66.94,11.28
48,86.03,17.13
48,83.08,17.78
48,68.49,2.49
48,81.69,9.65
48,78.27,13.27
48,73.57,18.41
48,88.93,18.6
48,65.4,13.81
48,74.69,5.95
48,60.34,5.38
48,60.96,0.0
48,56.31,18.52
48,61.18,5.22
48,75.08,9.89
48,70.07,14.62
48,70.49,12.04
48,70.11,11.94
48,97.05,2.05
48,59.22,14.96
48,57.83,8.56
48,63.01,11.05
48,73.07,24.74
48,80.69,17.56
48,82.04,5.72
48,86.28,10.36
48,72.59,29.59
48,68.85,8.62
48,95.23,12.44
48,37.81,19.31
48,74.82,14.37
48,79.59,7.9
48,98.36,3.82
48,52.41,11.89
48,68.54,19.24
48,56.35,26.53
48,50.62,0.0
48,71.34,31.39
48,84.83,8.83
48,89.68,22.17
48,67.09,3.89
48,82.66,0.0
48,71.43,0.0
48,81.24,8.36
48,89.01,17.77
48,71.48,12.34
48,88.0,9.25
48,58.23,24.3
48,82.53,12.02
48,87.44,15.08
48,86.09,46.22
48,58.59,11.91
48,71.32,4.35
48,77.93,17.29
48,79.76,20.07
48,75.51,15.31
48,92.58,13.73
48,57.16,28.3
48,70.88,26.93
48,52.06,10.71
48,82.08,4.92
48,81.21,16.72
48,105.0,4.86
48,87.34,21.74
48,78.31,16.66
48,77.31,41.37
48,69.88,28.21
48,75.7,0.13
48,77.59,6.29
48,48.46,0.0
48,76.56,0.0
48,75.31,13.25
48,96.8,0.0
48,72.29,30.05
48,64.05,24.74
48,77.49,9.01
48,74.97,8.39
48,72.3,28.34
48,57.37,30.86
48,71.97,1.74
48,66.47,0.33
48,71.19,8.69
48,83.52,16.74
48,65.23,6.35
48,71.12,16.97
48,81.04,33.45
48,70.5,0.0
48,105.0,7.1
48,77.24,0.0
48,57.86,2.8
48,63.09,8.76
48,61.78,4.0
48,63.27,17.72
48,80.98,13.66
48,59.62,15.29
48,69.69,8.63
48,88.86,9.64
48,67.24,8.14
48,82.73,9.26
48,52.12,16.61
48,69.18,0.0
48,62.48,15.17
48,77.9,2.44
48,60.55,8.27
48,100.91,0.0
48,52.69,8.05
48,88.77,15.06
48,85.42,17.03
48,78.03,0.0
48,74.71,16.5
48,98.11,24.54
48,105.0,6.57
48,71.31,12.01
48,76.05,0.0
48,66.82,2.13
48,58.8,14.98
48,80.02,22.51
48,77.25,5.41
48,53.07,41.36
48,79.93,15.45
48,77.68,0.0
48,66.18,26.16
48,65.34,0.0
48,79.51,15.61
48,94.92,1.78
48,79.18,0.0
48,84.15,22.58
48,63.18,9.14
48,68.61,30.98
48,81.9,0.8
48,56.34,0.0
48,76.69,6.72
48,80.41,43.8
48,73.5,21.17
48,78.15,18.09
48,74.75,18.46
48,65.91,6.67
48,58.68,42.02
48,72.83,17.04
48,90.96,16.01
48,87.32,22.83
48,69.51,0.0
48,69.24,2.33
48,68.28,9.3
48,68.29,22.9
48,77.74,0.0
48,87.75,11.26
48,103.42,9.7
48,63.21,0.0
48,82.47,6.4
48,81.05,17.96
48,69.71,0.0
48,60.66,27.52
48,77.58,17.15
48,101.56,15.81
48,77.5,12.09
48,63.77,0.0
48,71.96,4.85
48,59.18,15.98
48,74.24,4.83
48,82.88,14.08
48,65.0,2.11
48,31.68,16.97
48,77.6,17.79
48,67.48,0.0
48,64.24,12.74
48,64.13,0.0
48,79.2,0.0
48,68.7,5.47
48,86.1,42.77
48,86.38,20.53
48,70.48,27.31
48,67.23,18.69
48,75.66,14.26
48,72.11,21.85
48,51.22,4.96
48,98.88,17.18
48,83.29,24.95
48,67.97,19.69
48,49.09,25.67
48,71.65,14.01
48,66.36,30.61
48,73.21,9.71
48,45.87,35.29
48,67.86,18.31
48,68.65,7.78
48,71.5,0.0
48,70.93,3.11
48,74.68,1.45
48,93.78,11.02
48,67.3,0.0
48,62.15,26.22
48,51.54,13.22
48,67.36,12.77
48,55.78,0.0
48,86.48,3.54
48,72.75,0.0
48,86.21,29.8
48,93.05,0.0
48,62.75,0.0
48,69.48,27.54
48,91.31,16.26
48,76.46,13.33
48,80.78,15.74
48,87.43,22.49
48,85.65,13.1
48,79.33,0.0
48,92.15,20.07
48,73.11,16.65
48,80.75,24.89
49,61.72,8.99
49,43.41,25.17
49,76.57,18.8
49,85.64,0.0
49,72.32,0.0
49,81.13,0.0
49,79.24,40.64
49,74.14,2.51
49,75.77,24.87
49,91.54,6.14
49,61.46,0.12
49,84.05,12.24
49,58.65,8.41
49,63.67,20.82
49,89.55,20.96
49,58.27,5.51
49,70.86,0.0
49,104.7,0.0
49,87.33,0.0
49,64.42,8.98
49,66.64,11.87
49,71.79,0.0
49,91.06,0.0
49,60.98,11.82
49,60.19,5.05
49,83.27,9.66
49,52.15,7.96
49,62.16,14.74
49,72.89,5.78
49,73.56,6.62
49,56.26,0.0
49,78.6,11.45
49,81.2,12.98
49,65.39,10.05
49,95.59,33.03
49,78.41,13.79
49,60.94,10.28
49,95.07,17.49
49,67.2,35.24
49,76.33,14.78
49,67.67,0.0
49,82.11,16.75
49,67.74,2.33
49,68.53,0.0
49,71.92,30.67
49,67.47,28.3
49,87.93,2.04
49,57.65,2.12
49,73.52,13.76
49,75.16,2.26
49,72.38,10.51
49,86.59,4.15
49,54.45,7.6
49,81.38,0.0
49,57.82,21.1
49,67.39,25.24
49,56.48,10.9
49,69.68,11.6
49,66.48,18.92
49,95.3,12.02
49,77.14,31.03
49,79.72,0.0
49,59.6,21.47
49,83.62,10.74
49,95.3,0.0
49,85.31,36.72
49,56.94,38.24
49,67.97,9.71
49,75.41,16.89
49,66.5,6.82
49,105.0,8.59
49,67.73,0.0
49,73.44,0.0
49,66.2,32.29
49,77.01,11.57
49,91.97,12.56
49,75.49,3.08
49,71.15,14.09
49,60.04,0.0
49,89.71,3.49
49,72.13,0.0
49,71.57,26.22
49,43.59,0.0
49,72.35,0.0
49,68.79,0.0
49,50.26,2.21
49,86.86,6.95
49,67.04,22.76
49,98.64,9.56
49,92.39,7.48
49,64.64,15.3
49,91.8,7.13
49,94.94,38.51
49,66.73,5.5
49,60.58,16.55
49,45.98,21.09
49,78.95,5.18
49,61.35,13.82
49,79.34,6.49
49,66.62,15.01
49,63.86,13.11
49,66.7,10.46
49,57.1,0.0
49,66.69,32.5
49,64.42,18.45
49,73.82,0.0
49,75.36,7.38
49,60.07,0.0
49,88.31,20.38
49,71.93,11.76
49,93.53,12.04
49,77.13,2.73
49,74.9,8.53
49,67.62,20.66
49,81.99,23.61
49,74.44,21.31
49,85.16,0.0
49,94.86,9.95
49,64.55,14.79
49,81.98,3.92
49,81.61,0.0
49,79.96,0.0
49,68.37,28.5
49,68.63,0.0
49,66.41,12.52
49,66.15,10.28
49,63.08,10.31
49,72.64,8.48
49,64.15,20.68
49,79.66,12.39
49,74.74,5.12
49,76.2,12.56
49,70.44,0.0
49,74.9,17.24
49,70.78,4.51
49,84.13,5.14
49,68.25,17.64
49,78.88,7.52
49,57.02,8.14
49,83.26,24.84
49,66.73,1.29
49,62.14,17.48
49,59.2,22.44
49,58.17,24.84
49,67.74,35.94
49,93.48,4.94
49,65.64,2.45
49,45.28,20.99
49,78.75,22.34
49,59.51,3.3
49,84.59,17.33
49,68.53,41.97
50,68.5,26.12
50,80.55,29.35
50,51.19,33.65
50,64.29,36.83
50,37.75,39.09
50,48.32,38.84
50,42.2,51.09
50,23.49,34.66
50,27.16,19.67
50,53.59,16.3
50,53.85,51.99
50,34.46,39.61
50,68.25,36.27
50,33.57,38.94
50,51.34,35.76
50,42.6,38.77
50,49.39,29.9
50,59.68,45.61
50,57.85,28.23
50,57.2,24.06
50,55.54,15.4
50,31.45,31.39
50,62.75,47.94
50,34.22,28.97
50,46.62,18.84
50,43.43,37.13
50,52.55,26.84
50,41.7,51.03
50,45.94,45.82
50,69.05,20.02
50,31.16,32.09
50,47.97,25.69
50,33.52,21.23
50,56.77,33.38
50,38.55,43.0
50,48.5,33.1
50,30.78,28.32
50,64.79,9.73
50,48.95,26.68
50,49.79,40.07
50,58.78,19.24
50,31.73,48.11
50,40.0,27.58
50,50.21,36.13
50,25.09,29.61
50,26.49,21.06
50,37.32,38.84
50,33.17,27.42
50,43.53,24.84
50,54.79,7.86
50,57.75,48.33
50,71.52,34.07
50,47.71,46.17
50,50.01,40.82
50,47.68,46.17
50,52.16,27.79
50,53.18,18.9
50,59.99,42.39
50,59.94,35.43
50,54.75,28.87
50,67.63,42.17
50,48.35,37.39
50,40.05,41.03
50,42.18,22.75
50,46.62,44.75
50,33.91,33.95
50,40.03,45.93
50,33.18,44.65
50,52.47,41.55
50,52.6,32.78
50,25.0,41.81
50,39.5,46.22
50,71.73,40.67
50,56.19,36.23
50,53.91,41.83
50,39.36,28.22
50,51.73,50.65
50,47.81,15.5
50,37.64,34.38
50,41.58,29.53
50,41.87,26.95
50,28.65,37.36
50,30.79,21.62
50,45.41,57.67
50,36.98,19.13
50,44.09,23.54
50,27.13,22.5
50,58.42,36.18
50,75.05,45.16
50,61.36,39.79
50,62.7,50.2
50,56.14,24.9
50,51.45,41.25
50,49.12,30.66
50,36.11,36.51
50,56.97,46.2
50,56.2,15.39
50,41.98,55.9
50,54.84,32.4
50,38.98,16.33
50,39.81,26.38
50,58.08,35.13
50,53.6,26.38
50,44.98,11.47
50,43.48,35.06
50,50.27,26.06
50,24.14,41.16
50,38.15,22.25
50,31.55,58.88
50,48.15,39.65
50,62.15,36.16
50,54.2,40.85
50,41.35,13.96
50,38.81,28.53
50,38.2,53.61
50,74.0,30.48
50,48.88,33.31
50,50.6,28.87
50,20.56,50.11
50,32.65,31.31
50,47.43,20.23
50,41.52,62.37
50,49.73,18.87
50,49.56,32.93
50,55.81,24.74
50,23.7,26.28
50,33.63,22.34
50,46.71,28.06
50,39.58,44.82
50,43.97,13.08
50,49.42,47.87
50,38.32,45.97
50,50.5,39.6
50,55.07,35.39
50,48.85,37.04
50,57.37,49.66
50,19.75,14.8
50,40.38,42.0
50,59.6,25.79
50,36.76,43.08
50,35.0,27.25
50,46.36,41.78
50,47.77,16.97
50,41.05,15.38
50,71.97,32.76
50,51.72,49.79
50,36.26,39.9
50,29.29,39.82
50,53.27,43.46
50,35.95,29.63
50,75.98,40.72
50,53.56,27.62
50,55.28,30.55
50,51.23,31.91
50,62.58,28.0
50,16.86,33.27
50,32.36,31.2
50,61.44,26.22
50,67.51,32.45
50,31.94,35.71
50,24.36,21.9
50,50.18,38.59
50,54.31,28.57
50,49.92,36.18
50,47.22,26.68
50,23.93,45.56
50,43.12,44.52
50,45.06,22.46
50,40.87,39.77
50,23.06,49.91
50,55.6,23.57
50,59.25,24.44
50,37.67,42.09
50,45.58,19.62
50,41.54,25.45
50,41.67,22.84
50,54.41,42.22
50,54.73,26.38
50,61.97,30.87
50,61.7,25.77
50,45.77,46.63
50,84.95,24.55
50,68.15,18.52
50,39.44,18.09
50,49.65,41.63
50,22.18,42.42
50,48.35,47.73
50,69.76,20.13
50,84.16,31.46
50,46.42,60.7
50,52.35,30.67
50,55.87,27.8
50,73.74,33.77
50,35.22,39.83
50,82.52,39.65
50,43.88,27.24
50,32.79,27.56
50,43.9,30.74
50,37.48,25.97
50,53.45,20.42
50,26.52,53.89
50,49.84,29.52
50,56.63,30.15
50,67.28,30.49
50,56.85,33.11
50,66.48,38.78
50,40.13,28.88
50,53.12,46.53
50,19.02,40.58
50,46.52,31.9
50,53.03,26.67
50,54.2,45.93
50,27.54,32.22
50,42.93,20.33
50,44.74,45.23
50,42.42,26.01
50,57.43,43.55
50,45.18,6.34
50,49.29,29.94
50,41.63,46.76
50,61.84,34.06
50,62.81,40.58
50,43.99,24.08
50,85.06,37.82
50,38.04,34.04
50,61.09,36.68
50,35.64,56.43
50,58.05,48.35
50,57.04,42.71
50,34.85,42.85
50,46.3,24.0
50,72.28,28.82
50,37.41,17.14
50,53.22,20.03
50,52.36,24.25
50,47.45,33.68
50,25.5,20.52
50,58.77,33.57
50,48.15,32.31
50,62.35,21.52
50,51.01,50.78
50,48.84,19.43
50,52.84,46.29
50,35.16,9.2
50,68.26,32.44
50,43.12,20.83
50,43.29,26.8
50,64.8,53.91
50,51.22,30.18
50,44.93,21.85
50,53.38,39.36
50,56.14,30.09
50,46.46,35.66
50,59.99,23.94
50,31.48,24.48
50,51.4,25.34
50,58.4,42.78
50,56.08,31.5
50,18.87,22.47
50,46.35,35.78
50,32.22,34.87
50,64.72,40.31
50,42.92,28.7
50,63.27,33.15
50,32.18,38.64
50,53.08,22.9
50,48.1,43.75
50,83.93,34.18
50,63.31,21.89
50,62.48,21.81
50,74.36,32.91
50,51.69,27.95
50,46.71,42.3
50,45.22,30.85
50,52.26,37.33
50,11.99,24.67
50,48.03,33.75
50,50.95,48.47
50,45.97,32.37
50,28.1,27.92
50,46.05,24.5
50,28.06,33.79
50,71.06,49.5
50,44.65,19.0
50,21.18,33.45
50,45.32,15.15
50,59.64,29.49
50,50.29,36.89
50,36.12,16.62
50,39.18,29.11
50,44.27,37.2
50,42.28,35.44
50,31.63,37.73
50,47.12,23.28
50,30.66,37.19
50,60.34,27.4
50,61.92,41.85
50,34.96,8.58
51,31.13,34.39
51,32.45,37.53
51,34.88,54.78
51,46.29,26.32
51,25.04,25.6
51,11.76,28.83
51,9.27,28.19
51,38.63,13.97
51,32.9,35.52
51,26.67,36.39
51,22.38,31.96
51,32.35,36.72
51,32.73,36.84
51,36.24,19.52
51,15.59,37.18
51,7.06,40.14
51,18.12,16.43
51,12.44,50.09
51,11.76,20.41
51,50.41,21.48
51,0.53,36.22
51,36.11,39.88
51,41.79,42.55
51,42.84,40.17
51,33.6,28.28
51,47.16,35.19
51,53.18,30.52
51,26.07,35.92
51,35.82,34.75
51,46.59,28.45
51,18.79,30.18
51,26.82,13.63
51,21.86,43.13
51,35.99,37.27
51,5.32,8.63
51,48.68,42.72
51,36.94,33.42
51,37.67,23.69
51,0.0,22.72
51,16.48,26.43
51,49.38,23.75
51,27.69,25.23
51,7.59,52.71
51,32.88,38.08
51,38.83,56.4
51,36.91,36.48
51,28.04,40.37
51,44.76,24.31
51,20.87,32.15
51,37.02,33.1
51,31.76,40.82
51,28.27,33.46
51,25.07,37.86
51,25.53,37.47
51,30.42,30.67
51,26.19,29.54
51,39.53,26.64
51,23.03,45.91
51,50.39,30.67
51,22.45,37.62
51,41.96,32.28
51,42.52,45.69
51,32.16,12.13
51,31.0,37.33
51,20.52,20.2
51,23.28,38.3
51,32.86,32.39
51,29.41,17.74
51,45.38,37.71
51,24.09,36.47
51,24.88,31.46
51,8.36,32.85
51,38.37,35.78
51,37.19,46.96
51,42.7,30.54
51,43.43,45.14
51,40.26,33.59
51,40.8,48.25
51,37.93,31.41
51,39.93,26.67
51,6.05,21.93
51,15.7,33.63
51,13.58,25.28
51,46.51,49.45
51,19.82,24.42
51,21.9,26.41
51,30.09,40.39
51,13.83,47.04
51,34.95,42.04
51,2.3,45.65
51,14.69,33.12
51,32.58,33.27
51,13.86,56.13
51,46.89,52.59
51,30.6,41.86
51,44.72,46.17
51,34.65,43.44
51,29.84,20.73
51,17.04,33.56
51,42.08,50.46
51,35.74,41.92
51,57.1,33.3
51,40.77,50.6
51,24.83,38.06
51,33.76,42.31
51,35.49,38.12
51,45.12,39.95
51,47.18,40.74
51,27.89,48.3
51,14.2,49.73
51,5.9,29.04
51,15.19,37.91
51,22.31,47.98
51,49.56,32.55
51,49.75,19.6
51,42.48,24.0
51,46.0,24.76
51,20.8,28.96
51,10.3,25.79
51,16.92,45.32
51,3.55,30.95
51,15.52,47.87
51,23.42,21.57
51,32.17,30.11
51,31.76,35.15
51,21.03,42.92
51,37.4,46.58
51,21.28,28.08
51,30.13,44.93
51,15.57,15.5
51,44.15,43.58
51,30.27,19.25
51,38.82,38.91
51,14.19,46.42
51,32.27,43.76
51,37.44,15.97
51,3.43,29.08
51,45.19,41.89
51,13.76,41.57
51,32.74,37.04
51,53.24,9.78
51,42.41,47.18
51,10.63,49.14
51,27.69,35.8
51,46.03,36.51
51,19.38,39.53
51,25.32,50.06
51,24.96,36.76
51,37.41,31.9
51,10.02,38.2
51,38.14,33.88
51,21.9,34.0
51,29.85,14.58
51,27.08,39.75
51,37.8,46.89
51,29.73,45.22
51,48.73,44.46
51,42.86,33.42
51,19.66,35.6
51,47.75,47.11
51,34.15,43.54
51,32.21,50.35
51,41.03,26.6
51,16.47,26.53
51,12.07,30.34
51,30.32,23.63
51,22.12,19.46
51,56.96,39.16
51,20.06,38.41
51,30.52,36.71
51,32.5,37.89
51,46.01,17.9
51,17.07,28.72
51,9.04,30.77
51,48.13,34.53
51,31.05,17.94
51,40.53,23.79
51,41.14,29.2
51,43.39,45.64
51,25.09,36.88
51,21.56,45.24
51,4.05,32.65
51,17.07,34.01
51,30.81,39.49
51,20.88,32.05
51,15.17,27.13
51,30.66,17.61
51,47.46,27.42
51,29.27,43.2
51,15.27,47.87
51,46.54,25.5
51,19.94,14.93
51,49.23,44.19
51,26.58,34.76
51,31.34,19.18
51,50.29,0.0
51,12.43,23.4
51,16.35,28.91
51,25.75,21.33
51,28.18,41.61
51,64.35,25.06
51,18.46,34.14
51,13.04,60.11
51,17.83,35.29
51,33.02,32.73
51,36.4,32.98
51,20.81,41.36
51,30.27,40.0
51,55.29,22.96
52,84.33,22.66
52,105.0,44.43
52,96.03,38.04
52,86.96,35.15
52,104.18,47.88
52,90.45,19.7
52,66.71,41.92
52,105.0,21.03
52,85.97,50.26
52,58.67,39.99
52,67.2,44.61
52,102.66,26.28
52,67.42,58.0
52,105.0,55.98
52,89.05,38.73
52,97.28,46.93
52,84.66,30.68
52,94.8,20.05
52,92.12,42.75
52,87.5,23.89
52,74.15,48.41
52,92.66,45.53
52,64.38,36.59
52,100.11,35.97
52,90.56,44.88
52,94.03,37.02
52,53.98,29.55
52,73.37,17.34
52,81.43,44.55
52,96.76,38.03
52,75.74,64.31
52,105.0,32.94
52,84.58,37.32
52,74.79,37.58
52,85.57,41.16
52,75.64,23.36
52,72.6,33.15
52,101.14,43.1
52,94.67,30.34
52,94.71,42.69
52,104.6,35.06
52,94.33,38.42
52,74.12,46.66
52,97.21,31.5
52,73.35,18.03
52,81.79,31.07
52,87.41,24.92
52,86.09,10.62
52,64.71,32.83
52,75.42,36.19
52,87.71,45.23
52,80.06,21.47
52,102.64,34.97
52,104.87,46.41
52,73.43,27.68
52,88.78,39.9
52,105.0,51.57
52,86.26,13.51
52,82.71,37.0
52,99.18,46.79
52,84.44,30.14
52,104.52,49.25
52,80.27,40.98
52,81.83,53.46
52,98.27,40.41
52,89.31,54.38
52,89.41,37.3
52,63.18,18.95
52,83.41,27.06
52,99.23,45.2
52,77.81,44.99
52,97.11,30.58
52,91.48,53.85
52,85.4,30.11
52,105.0,39.08
52,83.58,38.78
52,84.49,19.36
52,85.26,32.78
52,89.05,60.18
52,97.97,23.86
52,68.86,40.88
52,99.28,21.3
52,88.89,23.74
52,95.2,18.44
52,105.0,44.35
52,81.35,24.41
52,72.08,47.94
52,90.52,28.16
52,92.58,35.41
52,99.33,38.53
52,81.0,16.21
52,77.21,36.24
52,68.07,37.85
52,70.22,46.54
52,82.59,23.45
52,86.48,25.01
52,105.0,41.26
52,66.0,49.54
52,92.36,27.48
52,78.56,20.41
52,90.9,30.52
52,80.81,22.85
52,101.46,38.38
52,101.38,22.12
52,86.53,44.7
52,105.0,36.34
52,97.88,45.05
52,105.0,7.34
52,87.44,14.66
52,100.37,48.22
52,78.01,26.09
52,76.69,17.87
52,105.0,31.77
52,73.88,36.67
52,82.33,32.26
52,63.33,39.15
52,77.0,37.66
52,75.07,37.08
52,79.29,48.83
52,91.9,33.84
52,95.03,33.52
52,74.91,42.83
52,77.73,40.08
52,102.09,24.07
52,105.0,32.99
52,104.33,38.82
52,66.6,27.54
52,103.46,28.07
52,105.0,18.69
52,65.95,2.29
52,102.08,29.89
52,90.93,35.4
52,83.75,21.95
52,89.38,49.16
52,93.76,22.49
52,103.05,44.04
52,102.38,38.61
52,68.41,57.94
52,79.57,39.94
52,89.22,18.09
52,105.0,45.6
52,52.54,52.67
52,80.06,14.51
52,68.14,41.03
52,70.2,43.46
52,100.81,31.66
52,81.09,7.36
52,57.66,30.74
52,85.94,27.61
52,105.0,50.83
52,64.51,33.03
52,94.93,29.46
52,105.0,27.55
52,87.36,37.58
52,105.0,34.63
52,79.42,25.31
52,105.0,36.9
52,103.73,27.87
52,87.58,5.49
52,68.67,41.35
52,74.98,40.31
52,57.53,36.2
52,95.72,29.13
52,94.17,33.21
52,89.03,43.01
52,86.4,27.05
52,105.0,43.46
52,91.87,17.78
52,80.79,35.85
52,89.91,34.28
52,105.0,45.03
52,96.09,23.89
52,82.93,25.09
52,87.42,18.66
52,94.02,27.77
52,82.53,36.81
52,81.38,14.22
52,87.85,29.13
52,105.0,40.72
52,98.28,32.87
52,82.68,34.83
52,99.3,17.43
52,88.11,32.9
52,92.48,34.32
52,91.3,32.2
52,60.57,35.68
52,48.38,30.6
52,90.95,28.98
52,76.91,22.56
52,66.69,44.72
52,77.31,20.51
52,100.02,35.74
52,92.65,53.95
52,98.03,46.12
52,93.89,39.6
52,76.06,36.75
52,98.1,32.59
52,95.61,24.09
52,86.47,31.21
52,88.76,40.32
52,98.3,38.29
52,78.26,42.68
52,102.14,47.42
52,95.35,32.26
52,88.03,36.11
52,105.0,13.11
52,71.17,58.82
52,82.02,29.45
52,79.13,41.17
52,92.66,29.44
52,103.37,29.18
52,75.22,31.39
52,105.0,20.3
52,79.38,6.72
52,92.69,46.76
52,88.03,40.0
52,88.6,23.93
52,77.7,38.97
52,101.88,43.06
52,76.9,26.38
52,65.0,38.53
52,73.41,45.07
52,105.0,18.18
52,104.26,39.87
52,61.91,38.01
52,98.58,54.68
52,62.23,40.13
52,87.65,29.48
52,72.3,30.75
52,99.58,56.26
52,95.21,30.1
52,100.73,40.45
52,84.16,31.38
52,85.51,45.89
52,68.51,46.44
53,7.55,37.17
53,31.31,43.63
53,31.05,24.98
53,19.39,0.22
53,6.15,31.39
53,32.68,31.46
53,34.32,21.27
53,35.13,17.41
53,17.13,27.68
53,35.16,32.74
53,27.68,35.05
53,41.24,8.86
53,17.33,14.71
53,44.95,46.43
53,49.63,31.91
53,31.51,33.97
53,35.25,19.33
53,40.19,33.95
53,16.67,29.87
53,23.68,27.2
53,32.39,17.92
53,56.35,24.45
53,14.45,55.69
53,51.29,30.16
53,27.49,42.69
53,29.55,31.84
53,45.83,30.57
53,56.28,27.0
53,35.5,48.8
53,45.14,38.1
53,18.04,25.31
53,23.12,29.66
53,12.42,45.83
53,23.3,2.78
53,37.35,37.42
53,32.76,39.91
53,52.45,25.75
53,56.71,35.7
53,28.23,39.53
53,21.16,20.46
53,45.08,43.26
53,46.43,37.27
53,35.74,32.32
53,39.17,35.15
53,37.14,41.78
53,17.15,59.48
53,14.16,40.71
53,29.34,42.92
53,27.39,36.13
53,33.6,54.92
53,28.29,17.87
53,7.86,14.89
53,2.54,35.68
53,39.59,41.26
53,21.38,5.68
53,26.98,33.96
53,22.75,32.01
53,18.13,42.19
53,17.78,38.72
53,43.26,14.11
53,26.89,22.12
53,38.25,25.13
53,40.0,42.13
53,34.12,38.12
53,40.43,27.17
53,30.19,35.59
53,47.73,22.36
53,40.7,56.55
53,42.43,40.32
53,17.8,42.65
53,33.42,49.14
53,6.14,45.18
53,48.21,34.35
53,21.9,31.97
53,23.7,48.17
53,12.22,34.29
53,29.53,25.76
53,26.51,55.63
53,53.7,23.7
53,41.17,14.92
53,23.31,44.92
53,8.34,25.96
53,0.31,38.79
53,16.66,53.99
53,12.69,18.88
53,34.53,33.55
53,28.12,50.32
53,30.23,41.5
53,17.66,32.02
53,31.98,60.28
53,11.53,32.95
53,28.85,38.37
53,40.79,52.14
53,25.25,44.79
53,35.77,48.54
53,4.3,24.11
53,3.26,47.51
53,34.25,35.87
53,43.61,25.8
53,26.9,36.44
53,57.89,36.09
53,11.24,54.55
53,21.16,38.19
53,31.82,25.41
53,36.04,22.87
53,22.41,33.48
53,16.23,19.19
53,38.06,26.13
53,31.73,31.31
53,25.52,29.36
53,36.48,42.0
53,28.23,25.88
53,28.18,6.83
53,27.7,15.46
53,19.33,33.8
53,18.0,27.55
53,23.17,20.4
53,30.42,55.54
53,5.67,43.12
53,42.28,33.36
53,30.24,36.57
53,16.15,31.08
53,51.02,20.21
53,30.54,45.34
53,12.64,43.36
53,50.43,12.25
53,47.61,36.49
53,18.19,37.71
53,25.8,30.46
53,24.05,57.07
53,5.44,55.88
53,34.22,29.85
53,40.99,31.55
53,38.54,30.26
53,30.43,27.28
53,42.25,23.87
53,15.24,39.58
53,53.64,55.58
53,19.96,51.05
53,21.41,42.68
53,22.52,7.52
53,21.57,13.49
53,27.49,45.71
53,26.99,51.81
53,31.69,40.09
53,19.36,30.64
53,32.17,48.88
53,15.82,42.29
53,39.52,46.51
53,39.36,13.58
53,29.92,37.78
53,21.55,53.52
53,34.04,39.8
53,18.46,44.43
53,30.45,34.4
53,28.03,35.17
53,64.19,49.43
53,14.05,26.63
53,0.0,25.56
53,21.71,28.74
53,7.7,34.26
53,20.55,16.29
53,13.13,42.04
53,18.24,32.19
53,16.16,43.39
53,42.52,10.69
53,29.37,43.43
53,43.98,48.71
53,30.53,38.82
53,42.07,34.33
53,26.07,43.52
53,50.73,47.99
53,36.12,39.75
53,19.86,40.57
53,38.05,52.23
53,30.35,42.37
53,27.37,25.2
53,31.25,47.93
53,39.77,32.64
53,2.47,34.37
53,25.44,35.18
53,38.87,44.66
53,33.23,53.24
53,15.36,34.27
53,0.0,53.04
53,52.11,35.81
53,27.57,49.42
53,49.68,36.18
53,40.33,28.58
53,19.68,55.14
53,0.0,27.53
53,23.99,26.8
53,29.52,20.18
53,35.86,47.94
53,15.56,50.54
53,32.31,38.1
53,32.31,23.18
53,42.82,33.93
53,26.01,30.67
53,35.76,22.66
54,0.13,28.69
54,11.79,23.4
54,0.0,15.82
54,29.83,38.28
54,2.91,33.28
54,19.31,30.69
54,10.45,42.35
54,13.23,38.97
54,0.0,31.06
54,0.0,67.56
54,0.0,45.2
54,8.33,60.89
54,25.24,29.44
54,13.63,36.75
54,0.0,20.38
54,9.14,30.36
54,6.95,27.58
54,3.44,66.95
54,7.8,26.38
54,17.93,31.43
54,0.0,18.01
54,3.5,39.87
54,20.77,24.1
54,14.1,44.1
54,24.63,14.33
54,26.67,32.66
54,0.0,13.7
54,11.75,28.6
54,1.4,30.84
54,0.0,27.41
54,0.0,28.5
54,4.09,44.68
54,4.17,57.92
54,0.11,37.73
54,7.82,24.54
54,39.81,34.7
54,0.0,30.1
54,22.78,43.78
54,7.76,37.17
54,2.31,16.64
54,0.0,46.08
54,17.92,44.64
54,0.0,50.45
54,18.76,28.32
54,30.64,37.31
54,0.0,20.97
54,23.19,33.44
54,8.33,38.37
54,0.0,27.0
54,0.0,37.77
54,10.32,35.85
54,13.22,29.05
54,0.0,49.37
54,8.41,31.42
54,18.71,35.46
54,20.98,17.86
54,2.63,39.71
54,13.7,28.75
54,21.94,44.53
54,19.08,19.58
54,19.59,38.74
54,9.48,10.0
54,6.77,40.77
54,11.54,32.08
54,0.0,38.39
54,22.46,27.4
54,0.0,23.56
54,1.44,29.22
54,7.53,36.11
54,14.11,40.34
54,16.55,37.34
54,27.36,23.7
54,9.01,54.21
54,0.0,37.66
54,6.11,27.15
54,3.85,38.67
54,14.76,36.82
54,0.0,32.07
54,5.72,30.78
54,29.09,44.83
54,10.34,53.01
54,0.0,11.6
54,3.58,47.54
54,0.0,34.22
54,7.23,36.6
54,29.42,48.87
54,0.0,4.8
54,0.0,42.96
54,0.0,48.11
54,19.98,26.43
54,30.16,18.67
54,13.83,52.04
54,0.0,14.68
54,7.71,38.61
54,31.26,45.25
54,3.96,38.36
54,9.83,40.21
54,11.13,31.08
54,0.0,39.09
54,20.97,26.21
54,19.1,27.63
54,0.0,34.39
54,0.0,17.06
54,0.0,40.35
54,17.73,6.71
54,0.0,37.99
54,13.22,39.03
54,5.64,25.26
54,8.93,20.43
54,14.45,29.51
54,11.54,41.04
54,7.75,37.8
54,12.25,21.77
54,10.82,35.16
54,5.27,36.88
54,2.39,36.42
54,32.45,23.15
54,2.24,35.71
54,25.77,44.1
54,0.0,39.91
54,18.53,38.53
54,31.19,52.07
54,3.61,35.85
54,0.0,24.74
54,2.42,24.77
54,7.75,35.94
54,12.18,18.19
54,7.48,30.58
54,2.54,39.11
54,33.41,46.88
54,5.39,17.02
54,0.0,35.09
54,18.8,33.25
54,19.0,34.41
54,26.36,35.56
54,33.06,33.65
54,12.5,49.31
54,4.25,47.68
54,0.0,57.58
54,0.0,33.88
54,10.71,29.48
54,0.0,23.35
54,0.0,28.29
54,8.86,41.86
54,18.1,43.55
54,4.8,41.43
54,19.66,26.69
54,16.02,26.75
54,22.94,55.52
54,36.25,24.85
54,41.98,49.58
54,17.51,38.45
54,2.02,25.94
54,8.8,20.97
54,28.45,26.42
54,0.0,38.59
54,26.82,23.99
54,5.79,51.1
54,10.95,31.71
54,0.0,41.7
54,0.0,40.82
54,4.38,51.84
54,24.94,29.18
54,0.0,35.17
54,28.96,18.58
54,0.55,35.13
54,0.0,46.54
54,11.3,36.41
54,16.83,59.44
54,10.45,39.72
54,9.96,28.06
54,28.84,39.01
54,9.23,17.9
54,1.88,25.21
54,0.0,20.61
54,24.56,34.18
54,2.47,33.33
54,3.73,47.26
54,21.67,32.91
54,34.7,22.97
54,11.27,51.15
54,6.22,1.61
54,7.93,34.42
54,2.08,36.39
54,3.37,33.89
54,3.44,39.5
54,19.84,35.22
54,6.85,39.5
54,25.67,27.38
54,6.49,17.95
54,3.23,33.49
54,24.61,22.71
54,8.28,25.99
54,6.36,46.78
54,8.44,51.14
54,27.07,46.57
54,11.98,44.53
54,24.24,34.66
54,4.95,45.17
54,22.16,37.91
54,11.09,55.42
54,19.47,23.9
54,20.57,41.4
54,0.0,20.09
54,8.94,41.46
54,20.44,15.09
54,22.51,20.65
54,24.29,19.89
54,9.36,36.77
54,28.02,37.9
54,0.0,60.96
54,0.0,33.0
54,4.39,42.5
54,23.55,35.77
54,0.0,41.58
54,0.0,35.58
54,0.0,46.1
54,17.57,22.42
54,0.0,7.08
54,15.14,38.59
54,3.73,14.14
54,0.0,48.43
54,0.0,27.97
54,10.68,22.58
54,0.0,63.71
54,7.94,33.8
54,13.22,31.69
54,15.96,42.23
54,20.15,42.97
54,10.14,46.53
54,0.0,19.34
54,14.05,39.9
54,16.53,30.77
54,5.64,23.87
54,4.26,34.53
54,40.18,14.08
54,0.0,44.15
54,14.42,30.8
54,21.6,28.75
54,3.56,32.49
54,5.81,32.16
54,2.78,46.55
54,8.0,21.95
54,19.69,29.8
54,5.42,31.62
54,48.44,22.28
54,2.11,35.75
54,25.91,26.04
54,15.07,18.55
54,9.41,39.79
54,27.12,51.02
54,0.0,34.53
54,13.53,32.86
54,0.0,32.63
54,2.33,28.32
55,103.59,27.05
55,100.4,24.68
55,95.82,22.05
55,52.18,24.21
55,87.96,45.17
55,99.61,53.84
55,92.93,54.52
55,90.67,41.56
55,99.64,28.58
55,89.81,26.65
55,103.65,42.32
55,90.1,31.29
55,89.07,38.53
55,99.6,55.23
55,82.82,36.39
55,73.74,59.06
55,88.05,21.6
55,95.67,38.92
55,100.03,37.45
55,100.1,23.18
55,87.11,42.82
55,85.77,50.84
55,80.3,58.23
55,91.25,38.52
55,66.67,13.1
55,88.3,39.25
55,105.0,42.16
55,68.45,31.41
55,90.04,36.37
55,92.91,28.68
55,94.58,32.53
55,75.43,45.19
55,94.7,49.28
55,81.05,20.02
55,69.44,28.38
55,100.38,16.53
55,96.64,54.22
55,75.43,43.58
55,80.93,11.99
55,80.46,33.29
55,66.63,30.88
55,97.91,25.68
55,98.4,45.4
55,83.68,45.15
55,87.63,36.96
55,89.49,26.94
55,91.18,27.03
55,70.48,34.48
55,94.35,28.97
55,72.72,33.94
55,96.86,40.14
55,74.16,17.13
55,71.1,25.66
55,87.64,33.63
55,87.34,51.22
55,89.35,43.3
55,76.39,33.96
55,90.64,38.43
55,91.86,32.88
55,103.15,45.85
55,90.41,38.77
55,80.21,48.07
55,70.49,19.09
55,68.11,25.13
55,92.2,37.02
55,98.31,39.43
55,76.43,60.4
55,91.32,14.11
55,85.74,33.64
55,97.34,33.14
55,99.26,36.62
55,58.54,53.07
55,101.42,43.64
55,91.28,16.36
55,81.09,50.87
55,81.45,50.56
55,88.41,36.89
55,81.45,16.2
55,75.82,32.33
55,78.8,39.16
55,74.48,44.96
55,105.0,14.53
55,88.73,25.54
55,105.0,46.08
55,92.82,50.52
55,95.66,38.74
55,74.2,46.63
55,85.16,39.01
55,88.94,44.59
55,79.72,35.6
55,81.96,39.28
55,93.46,20.56
55,93.72,41.94
55,70.62,20.22
55,91.69,41.93
55,95.19,29.17
55,80.33,38.07
55,79.01,23.52
55,93.74,28.46
55,54.55,38.05
55,88.03,42.3
55,105.0,46.03
55,54.25,21.35
55,98.7,17.49
55,95.08,23.27
55,69.3,22.28
55,94.77,51.24
55,101.02,48.74
55,72.7,23.04
55,78.81,52.81
55,88.34,48.09
55,100.71,16.07
55,80.97,22.67
55,87.45,15.75
55,79.36,33.05
55,88.32,34.19
55,101.61,34.17
55,89.38,11.71
55,83.35,18.3
55,87.57,36.86
55,77.59,40.84
55,75.07,11.78
55,103.64,19.91
55,105.0,45.25
55,64.71,20.53
55,95.57,33.84
55,99.17,19.49
55,72.25,43.15
55,81.87,11.81
55,80.5,30.65
55,105.0,44.34
55,105.0,40.71
55,76.02,28.89
55,69.03,26.31
55,98.05,31.44
55,95.07,19.82
55,104.17,32.9
55,74.23,33.09
55,97.41,29.4
55,78.49,45.0
55,96.1,22.22
55,87.52,15.25
55,105.0,28.22
55,93.82,35.36
55,83.92,32.83
55,89.79,32.34
55,86.69,21.61
55,72.99,23.19
55,105.0,28.63
55,105.0,27.76
55,85.71,46.08
55,97.1,36.9
55,105.0,28.14
55,104.08,46.05
55,84.0,38.91
55,86.86,19.07
55,65.67,0.0
55,98.07,19.41
55,104.16,40.54
55,104.25,43.81
55,97.11,15.74
55,92.58,41.25
55,75.03,40.83
55,92.16,49.35
55,79.79,44.45
55,94.83,48.87
55,78.07,39.37
55,94.74,39.0
55,105.0,30.29
55,92.9,43.02
55,92.27,19.34
55,99.87,32.47
55,105.0,39.94
55,86.61,49.49
55,94.77,28.74
55,105.0,44.63
55,96.7,31.83
55,61.97,44.86
55,78.7,25.19
55,97.76,41.99
55,82.8,32.95
55,105.0,20.96
55,105.0,32.31
55,80.33,48.54
55,74.58,22.79
55,83.3,17.67
55,82.55,38.39
55,105.0,15.54
55,74.54,51.2
55,97.65,50.92
55,105.0,45.42
55,98.65,33.88
55,93.67,52.31
55,85.89,48.8
55,105.0,28.14
55,84.81,49.83
55,100.33,23.97
55,85.94,31.83
55,64.06,14.27
55,84.49,35.61
55,85.97,30.76
55,86.14,29.03
55,79.42,32.18
55,96.14,27.63
55,97.58,34.46
55,84.02,48.12
55,83.92,22.32
55,74.34,43.49
55,91.31,36.37
55,105.0,38.12
55,105.0,33.66
55,80.21,26.11
55,105.0,38.89
55,83.29,39.71
55,74.79,25.19
55,70.3,19.28
55,74.01,34.94
55,92.34,42.3
55,84.65,45.06
56,44.58,24.24
56,47.97,31.72
56,31.84,47.6
56,39.13,28.7
56,47.31,19.25
56,44.53,29.48
56,49.2,49.31
56,30.13,9.02
56,33.03,35.13
56,58.08,27.03
56,37.17,32.16
56,39.21,30.17
56,49.24,44.57
56,35.89,34.59
56,62.38,45.12
56,31.66,48.13
56,48.02,34.33
56,38.27,30.05
56,50.03,38.15
56,41.53,40.27
56,47.69,21.31
56,63.88,36.6
56,39.06,31.21
56,38.95,29.38
56,43.89,26.4
56,67.16,27.12
56,46.83,47.81
56,64.04,30.0
56,45.7,46.58
56,63.47,35.44
56,53.3,21.54
56,55.21,36.1
56,29.34,20.93
56,27.41,40.68
56,61.91,31.71
56,61.75,43.41
56,79.48,49.77
56,28.68,14.91
56,54.32,28.93
56,34.69,20.7
56,38.37,57.74
56,41.47,29.16
56,52.97,19.53
56,39.37,58.64
56,48.44,26.01
56,58.82,16.16
56,62.66,21.26
56,57.0,35.58
56,53.87,34.5
56,46.16,24.8
56,40.6,28.66
56,55.01,34.58
56,34.34,48.56
56,49.55,37.67
56,34.02,27.81
56,47.46,31.49
56,34.3,42.47
56,42.79,52.48
56,39.21,21.85
56,37.64,46.26
56,46.86,30.56
56,16.49,16.13
56,24.57,13.96
56,58.45,48.68
56,49.92,49.99
56,38.6,27.74
56,60.66,31.67
56,39.69,14.39
56,40.46,42.38
56,37.82,33.69
56,72.79,16.92
56,51.06,36.25
56,50.54,18.72
56,54.06,40.13
56,23.91,22.09
56,40.28,37.71
56,53.91,26.82
56,47.95,7.98
56,76.67,44.96
56,41.04,45.56
56,60.26,28.26
56,58.48,37.02
56,49.86,38.82
56,52.22,39.18
56,44.23,52.98
56,22.35,38.58
56,52.54,30.07
56,53.57,38.71
56,55.61,29.27
56,48.82,22.28
56,60.62,47.42
56,36.74,39.88
56,67.09,13.52
56,35.16,26.48
56,46.6,42.33
56,56.85,16.8
56,41.31,25.72
56,57.74,63.28
56,43.54,30.36
56,49.54,45.91
56,45.65,50.51
56,40.5,24.01
56,77.26,36.93
56,37.08,56.65
56,18.28,39.05
56,37.55,60.02
56,49.71,26.99
56,43.1,53.77
56,61.24,34.18
56,60.77,30.4
56,43.86,41.04
56,26.13,32.77
56,31.32,33.07
56,47.58,39.34
56,27.66,14.11
56,43.22,25.21
56,66.48,41.95
56,52.46,44.91
56,48.59,37.93
56,34.47,37.03
56,50.36,38.43
56,44.64,44.54
56,51.1,18.31
56,57.45,28.4
56,59.68,33.18
56,49.68,36.15
56,54.65,10.79
56,41.34,20.17
56,62.72,33.82
57,66.87,30.43
57,55.74,52.0
57,71.45,20.8
57,57.12,57.86
57,45.5,40.04
57,78.47,28.87
57,76.08,34.75
57,47.58,26.47
57,65.14,27.98
57,55.75,34.81
57,68.05,30.38
57,48.62,23.74
57,71.33,31.56
57,75.53,19.54
57,47.68,20.01
57,60.88,19.9
57,75.81,52.38
57,46.98,38.46
57,51.31,40.55
57,68.6,34.12
57,57.91,39.57
57,39.52,46.93
57,55.84,38.49
57,82.7,52.04
57,86.82,33.59
57,51.72,40.59
57,48.13,41.74
57,54.05,23.75
57,83.42,34.47
57,70.95,13.74
57,79.03,32.57
57,72.98,30.93
57,42.85,30.27
57,47.66,29.52
57,50.95,39.63
57,53.21,24.26
57,51.18,54.46
57,52.69,40.24
57,68.33,25.17
57,61.77,41.12
57,75.86,44.94
57,63.27,38.06
57,51.21,22.94
57,62.45,58.61
57,40.35,41.03
57,29.95,20.28
57,68.36,36.3
57,73.24,31.58
57,60.94,34.07
57,54.91,20.87
57,42.56,34.6
57,75.17,24.86
57,66.4,30.16
57,63.79,38.26
57,59.94,28.76
57,53.9,30.81
57,45.53,43.02
57,63.29,24.23
57,53.0,26.87
57,54.49,20.2
57,82.33,24.95
57,59.37,35.42
57,28.11,41.03
57,53.04,25.13
57,46.98,40.71
57,58.19,35.16
57,41.48,18.79
57,65.64,35.92
57,56.15,47.14
57,53.82,13.19
57,61.95,56.06
57,59.0,27.28
57,58.25,15.86
57,57.09,35.52
57,59.74,43.14
57,64.46,30.92
57,62.83,37.43
57,74.65,57.32
57,52.89,36.26
57,63.1,66.81
57,91.8,47.91
57,59.47,34.57
57,59.97,37.21
57,43.58,30.49
57,50.73,36.75
57,58.62,40.18
57,66.93,29.55
57,68.44,18.82
57,64.24,48.53
57,70.45,44.71
57,47.01,18.41
57,66.36,35.88
57,60.17,45.3
57,61.62,44.16
57,55.29,26.37
57,47.61,44.8
57,44.2,34.17
57,64.17,38.28
57,66.47,23.89
57,58.32,0.0
57,59.81,25.45
57,50.64,39.9
57,66.54,31.74
57,60.79,41.15
57,55.25,46.17
57,71.26,30.36
57,68.39,29.28
57,40.03,9.94
57,60.64,16.98
57,47.54,19.26
57,61.81,40.12
57,19.03,30.47
57,62.56,28.12
57,69.26,26.86
57,58.56,25.43
57,44.86,44.16
57,85.43,35.03
57,75.03,44.9
57,53.1,9.87
57,56.61,39.86
57,34.25,28.68
57,66.15,30.9
57,42.2,48.88
57,68.66,29.71
57,73.34,39.41
57,59.09,22.8
57,46.16,34.4
57,76.24,16.5
57,60.03,33.37
57,61.21,38.24
57,47.89,46.17
57,62.51,25.0
57,57.36,28.18
57,42.73,26.91
57,77.42,31.21
57,82.87,23.4
57,73.24,10.27
57,71.29,22.53
57,82.95,33.46
57,46.38,32.37
57,46.23,40.07
57,54.61,43.26
57,63.87,29.05
57,56.2,16.56
57,46.74,38.44
57,60.07,33.89
57,58.77,31.16
57,70.94,47.42
57,60.58,38.96
57,35.24,35.35
57,65.01,35.8
57,80.56,43.35
57,60.38,26.41
57,72.83,24.32
57,53.43,31.42
57,67.35,21.04
57,50.32,33.5
57,56.8,35.07
57,56.9,33.24
57,66.2,30.02
57,49.29,52.18
57,40.96,44.35
57,66.11,32.93
57,65.62,35.02
57,61.46,49.14
57,72.13,27.57
57,57.37,23.38
57,63.66,36.5
57,55.45,38.55
57,56.64,39.37
57,64.42,43.11
57,89.47,25.94
57,69.65,18.51
57,67.13,27.57
57,70.05,40.4
57,29.48,23.86
57,64.15,12.73
57,71.84,35.59
57,61.1,27.76
57,59.44,15.0
57,47.78,34.82
57,54.37,29.75
57,49.16,52.44
57,72.99,34.98
57,79.52,40.45
57,85.16,33.81
57,48.95,27.43
57,51.31,28.64
57,50.25,45.89
57,46.76,42.23
57,46.97,17.63
57,53.3,20.27
57,71.37,20.88
57,50.67,45.66
57,73.69,14.95
57,77.78,42.65
57,63.71,38.38
57,75.98,35.61
57,42.3,28.8
57,52.74,47.07
57,62.46,35.25
57,62.9,18.11
57,78.58,20.68
57,47.02,15.91
57,53.02,47.2
57,58.9,49.67
57,53.26,45.95
57,46.45,32.43
57,53.8,18.31
57,56.81,22.41
57,78.82,23.12
57,46.74,33.5
57,70.6,49.26
57,76.54,49.22
57,53.34,28.63
57,63.38,9.4
57,67.49,21.16
57,65.34,47.07
57,61.07,36.55
57,51.18,30.09
57,68.61,29.32
57,55.13,25.74
57,60.37,20.76
57,62.29,56.79
57,71.13,52.9
57,85.06,24.96
57,50.41,14.71
57,60.68,35.86
57,40.7,32.38
57,79.26,40.91
57,60.57,43.4
57,56.1,21.13
57,60.68,48.08
57,61.34,30.12
57,50.49,40.69
57,75.44,31.12
57,68.38,44.15
57,70.19,8.01
57,51.16,42.12
57,50.46,24.85
57,58.52,34.81
57,70.4,47.69
57,66.52,25.17
57,49.89,23.44
57,68.68,29.91
57,47.36,29.21
57,51.4,22.45
57,62.05,35.17
57,44.77,35.74
57,47.47,39.09
57,80.18,24.98
57,77.76,23.62
57,89.77,32.7
57,65.86,31.3
57,68.38,31.52
57,57.99,26.22
57,55.44,37.63
57,71.33,23.63
57,77.71,32.66
57,70.23,30.63
57,49.08,33.63
57,65.09,47.04
57,49.99,19.54
58,73.03,30.34
58,48.84,40.68
58,105.0,41.42
58,95.28,21.49
58,96.67,33.68
58,84.29,28.24
58,93.47,34.15
58,82.51,49.77
58,98.59,37.95
58,90.46,57.81
58,87.53,36.42
58,88.51,32.17
58,105.0,33.78
58,90.18,35.57
58,74.62,37.55
58,92.37,23.09
58,94.36,31.44
58,86.12,26.03
58,87.32,45.33
58,74.14,12.82
58,89.26,35.73
58,72.21,17.3
58,84.74,38.75
58,79.3,29.61
58,100.78,14.02
58,105.0,44.36
58,73.12,6.32
58,87.94,33.65
58,83.97,41.6
58,94.04,49.14
58,89.25,16.29
58,82.96,28.32
58,89.22,45.92
58,85.21,46.66
58,105.0,48.09
58,77.68,62.18
58,91.35,28.4
58,94.63,38.1
58,93.7,30.2
58,84.13,12.27
58,105.0,33.01
58,60.84,12.06
58,73.78,28.27
58,96.63,17.85
58,76.56,38.83
58,75.8,25.44
58,81.93,14.36
58,77.79,43.52
58,96.28,27.36
58,99.76,29.25
58,89.15,23.24
58,101.71,46.64
58,69.98,36.98
58,88.99,27.26
58,105.0,12.95
58,100.7,61.62
58,105.0,55.77
58,80.33,49.87
58,99.92,26.27
58,82.45,28.49
58,95.74,38.41
58,105.0,24.17
58,77.68,23.12
58,63.88,50.04
58,105.0,33.39
58,94.35,21.68
58,86.61,44.48
58,85.89,27.69
58,60.75,12.23
58,90.71,21.52
58,81.1,28.32
58,88.68,36.42
58,88.39,35.89
58,44.09,47.51
58,94.37,31.39
58,90.46,28.88
58,92.2,47.7
58,85.62,44.77
58,88.64,31.65
58,90.25,37.21
58,91.57,28.77
58,94.18,21.22
58,91.68,58.17
58,105.0,28.04
58,78.56,37.24
58,83.13,17.33
58,105.0,42.1
58,85.99,20.74
58,100.11,52.46
58,89.76,53.77
58,85.04,40.22
58,100.82,35.26
58,94.74,31.94
58,68.06,33.48
58,90.26,38.5
58,75.06,34.99
58,104.52,44.8
58,105.0,23.9
58,105.0,50.81
58,92.65,29.35
58,82.0,25.8
58,92.18,37.99
58,75.78,38.69
58,105.0,14.9
58,103.53,28.71
58,91.96,10.11
58,100.96,26.57
58,81.61,27.04
58,73.6,37.27
58,59.23,25.33
58,89.08,27.94
58,85.29,48.34
58,94.75,56.71
58,88.17,23.87
58,94.16,45.21
58,98.54,38.27
58,69.02,14.87
58,99.3,25.3
58,82.71,0.69
58,94.73,37.56
58,101.29,22.16
58,101.38,35.47
58,89.68,62.28
58,90.32,51.52
58,99.59,25.56
58,68.48,22.9
58,75.63,48.22
58,84.37,22.95
58,70.67,44.9
58,84.47,64.09
58,83.76,41.43
58,89.13,47.02
58,87.26,45.75
58,101.9,27.87
58,95.45,37.19
58,87.08,23.48
58,83.67,48.19
58,87.38,22.06
58,87.61,41.71
58,105.0,46.45
58,69.05,28.59
58,75.96,26.07
58,74.05,32.13
58,91.5,24.18
58,90.99,35.72
58,80.55,23.91
58,99.65,24.71
58,92.81,40.02
58,100.2,40.79
58,103.64,30.77
58,60.3,15.89
58,96.91,46.88
58,71.23,29.07
58,91.24,56.69
58,87.05,32.54
58,87.61,35.49
58,72.34,29.25
58,101.4,36.68
58,71.22,68.0
58,97.76,30.16
58,69.39,48.04
58,87.77,35.0
58,105.0,46.91
58,105.0,12.75
58,66.96,55.39
58,78.84,37.75
58,81.21,31.05
58,105.0,43.94
58,87.11,35.58
58,101.97,21.37
58,91.9,7.34
58,72.41,54.09
58,63.82,31.55
58,80.03,27.26
58,105.0,28.11
58,91.35,50.11
58,101.71,28.61
58,69.56,41.09
58,83.77,30.32
58,98.12,20.2
58,73.81,43.91
58,87.17,46.13
58,76.56,26.53
58,98.74,33.58
58,93.18,35.07
58,96.88,38.9
58,99.32,55.68
58,85.04,30.44
58,101.04,30.37
58,80.33,32.07
58,96.13,23.64
58,62.38,15.06
58,78.3,35.47
58,105.0,39.8
58,95.94,34.03
58,95.95,33.31
58,77.29,24.11
58,73.78,36.78
58,84.56,35.87
58,87.13,39.22
58,105.0,37.56
58,101.25,38.33
58,89.42,48.51
58,88.85,40.29
58,97.86,39.29
58,70.86,14.83
58,63.02,45.59
58,97.66,30.72
58,88.94,34.87
58,70.94,20.0
58,60.77,56.99
58,99.62,6.78
58,81.22,50.37
58,93.2,38.68
58,84.57,13.04
58,87.55,56.4
58,80.3,39.65
58,87.01,8.06
58,95.5,29.35
58,84.42,39.88
59,27.8,37.8
59,48.97,28.83
59,36.48,28.47
59,0.98,27.8
59,34.46,61.98
59,35.83,31.02
59,25.78,45.76
59,19.25,24.44
59,22.07,52.72
59,25.77,29.84
59,34.61,34.58
59,40.25,13.84
59,2.08,46.28
59,33.33,48.67
59,36.34,20.94
59,32.2,46.92
59,24.74,19.29
59,48.46,40.95
59,47.48,30.83
59,25.24,48.7
59,28.92,36.74
59,40.03,44.25
59,46.67,47.62
59,19.4,30.8
59,16.4,33.68
59,33.56,21.78
59,15.39,30.7
59,4.72,55.2
59,19.34,42.31
59,35.42,22.51
59,50.2,51.95
59,20.79,38.28
59,28.38,43.13
59,32.02,39.4
59,21.57,38.62
59,20.55,12.03
59,34.35,46.18
59,14.43,9.2
59,20.02,45.18
59,27.37,35.1
59,34.19,43.19
59,10.3,35.74
59,28.3,45.48
59,13.22,34.18
59,21.11,37.09
59,40.25,38.45
59,29.04,54.67
59,51.7,40.6
59,29.06,19.51
59,42.58,27.8
59,40.33,40.58
59,29.83,47.86
59,12.9,26.06
59,28.63,58.64
59,23.07,35.93
59,22.57,38.63
59,32.03,20.21
59,11.16,46.27
59,18.64,29.1
59,16.84,25.8
59,26.7,30.51
59,20.01,49.21
59,20.87,39.12
59,31.76,24.22
59,24.21,28.17
59,30.06,49.51
59,15.5,31.4
59,19.23,40.16
59,56.53,42.86
59,20.93,0.0
59,2.62,47.91
59,34.45,24.62
59,20.8,30.03
59,33.17,50.93
59,28.84,49.92
59,37.15,39.42
59,28.7,42.01
59,27.05,44.76
59,44.92,49.73
59,1.16,51.13
59,12.77,35.18
59,19.27,25.89
59,7.99,31.19
59,23.77,35.4
59,22.48,33.42
59,42.67,22.87
59,28.85,38.8
59,27.23,16.75
59,25.06,34.94
59,16.32,35.64
59,41.58,35.27
59,45.73,43.36
59,14.24,41.9
59,51.06,58.45
59,21.28,28.31
59,20.22,37.07
59,36.15,36.37
59,37.31,35.85
59,29.07,20.09
59,25.5,20.98
59,45.24,34.07
59,21.9,16.67
59,29.11,30.32
59,52.02,26.88
59,12.62,30.72
59,24.04,46.46
59,43.33,22.14
59,36.86,43.57
59,41.62,27.72
59,12.8,29.09
59,34.17,39.12
59,26.29,30.98
59,59.54,24.18
59,40.52,29.93
59,29.71,14.46
59,33.72,38.19
59,30.71,0.0
59,39.09,43.77
59,18.87,40.77
59,47.75,51.62
59,12.78,58.0
59,32.67,44.29
59,19.28,27.1
59,30.56,57.9
59,42.84,20.87
59,7.74,13.07
59,27.8,54.38
59,11.28,40.62
59,26.37,13.37
59,11.25,19.09
59,32.1,40.06
59,24.46,24.43
59,39.71,26.01
59,45.97,55.63
59,30.14,57.63
59,41.62,35.61
59,47.97,32.34
59,18.01,43.93
59,48.65,27.82
59,29.52,9.46
59,17.28,3.62
59,33.88,33.19
59,29.06,43.7
59,11.71,34.18
59,15.69,42.91
59,51.29,44.01
59,33.62,49.25
59,49.26,36.05
59,24.58,37.03
59,19.58,33.6
59,8.12,31.16
59,42.58,16.71
59,35.34,46.89
59,24.7,29.78
59,19.7,29.15
59,44.65,28.04
59,27.7,19.26
59,27.84,33.06
59,22.19,39.68
59,24.7,26.24
59,37.15,45.41
59,11.59,29.95
59,31.05,17.14
59,42.42,49.11
59,28.9,36.18
59,43.7,43.5
59,47.43,43.76
59,41.75,23.59
59,23.02,28.26
59,29.54,45.38
60,39.85,36.83
60,69.87,38.46
60,39.85,32.02
60,52.28,24.99
60,42.44,40.55
60,51.5,39.98
60,35.71,16.19
60,43.13,33.09
60,39.85,43.55
60,56.61,50.12
60,50.12,41.98
60,59.44,17.31
60,37.27,22.4
60,45.29,30.19
60,56.13,49.39
60,59.16,27.32
60,29.2,45.64
60,52.13,27.15
60,37.43,39.86
60,59.82,23.66
60,72.19,31.87
60,14.05,21.55
60,39.47,49.87
60,51.43,26.36
60,47.95,16.98
60,60.22,16.11
60,49.03,33.06
60,41.11,28.96
60,34.74,41.14
60,32.55,31.41
60,38.34,46.83
60,40.65,29.76
60,52.99,45.29
60,45.96,23.52
60,39.54,17.46
60,34.88,24.94
60,38.87,21.58
60,40.67,20.35
60,38.27,38.55
60,56.75,31.09
60,65.78,35.56
60,32.71,39.8
60,62.55,15.46
60,57.01,40.27
60,50.34,20.74
60,67.85,27.65
60,45.79,13.19
60,53.22,41.2
60,49.61,15.42
60,48.64,20.8
60,53.97,21.6
60,48.6,32.58
60,54.06,32.25
60,39.29,42.93
60,39.7,32.85
60,39.23,44.62
60,43.26,38.17
60,61.17,23.6
60,41.99,26.66
60,56.48,50.62
60,51.45,47.5
60,42.26,43.06
60,65.02,44.51
60,57.57,39.12
60,48.02,37.69
60,46.95,34.55
60,49.22,52.69
60,28.12,28.89
60,37.28,36.64
60,54.01,15.21
60,27.42,18.26
60,38.28,53.97
60,42.9,40.78
60,85.75,31.66
60,56.76,34.86
60,62.27,19.06
60,37.53,29.29
60,52.71,17.96
60,25.12,30.75
60,43.7,41.48
60,54.57,38.99
60,29.57,51.48
60,53.11,37.24
60,54.19,6.74
60,40.17,55.46
60,37.15,24.75
60,38.7,35.78
60,43.49,35.12
60,43.88,36.65
60,54.62,34.53
60,41.05,34.72
60,68.83,19.46
60,68.73,62.46
60,51.07,41.17
60,43.52,34.57
60,41.07,54.26
60,52.12,22.21
60,54.39,43.55
60,45.39,27.89
60,42.89,38.43
60,52.59,38.67
60,48.9,8.3
60,40.56,18.25
60,49.47,51.45
60,40.13,31.23
60,38.23,56.02
60,47.94,48.41
60,40.53,31.58
60,38.47,30.61
60,61.59,52.13
60,42.9,57.13
60,71.96,30.85
60,56.15,50.92
60,37.33,45.33
60,63.08,47.23
60,38.68,35.11
60,73.65,26.6
60,50.94,22.4
60,55.05,19.65
60,48.4,55.02
60,51.46,34.12
60,45.02,21.41
60,35.96,45.03
60,52.42,28.73
60,61.32,26.84
60,32.52,56.75
60,68.03,19.36
60,55.81,36.59
60,42.32,27.5
60,42.09,25.74
60,72.23,17.9
60,60.2,34.66
60,62.82,24.39
60,44.74,40.51
60,55.22,33.48
60,52.54,30.56
60,45.73,24.45
60,49.42,49.74
60,62.43,42.09
60,68.79,26.51
60,44.73,19.05
60,30.93,13.23
60,69.37,46.51
60,69.53,44.0
60,53.21,45.51
60,71.3,32.68
60,52.26,42.87
60,36.18,45.3
60,30.94,33.23
60,30.82,30.06
60,48.06,23.26
60,41.94,38.69
60,40.47,40.15
60,46.61,29.53
60,59.15,30.82
60,40.89,31.61
60,38.7,42.7
60,41.75,18.88
60,59.97,21.84
60,47.09,22.06
60,51.64,32.37
60,68.19,37.47
60,84.96,22.24
60,56.33,44.0
60,55.04,50.09
60,32.6,38.55
60,52.79,46.35
60,48.81,23.93
60,59.6,24.2
60,42.91,39.66
60,50.61,33.58
60,55.87,24.17
60,72.68,49.68
60,68.33,37.29
60,64.46,41.72
60,57.45,26.58
60,42.39,52.48
60,57.45,32.28
60,37.96,45.21
60,45.32,27.59
60,71.12,35.86
60,54.99,40.14
60,50.95,55.95
60,52.62,29.16
60,46.78,36.23
60,19.97,40.51
60,31.56,18.44
60,56.02,10.08
60,36.03,23.05
60,46.6,44.64
60,32.04,52.88
60,38.66,23.85
60,47.94,20.62
60,60.01,50.88
60,62.62,27.78
60,38.45,29.91
60,51.99,50.05
60,29.47,48.24
60,48.73,44.27
60,60.39,15.17
60,47.13,20.16
60,65.1,46.33
60,58.88,37.5
60,51.14,25.44
60,44.75,30.21
60,41.05,46.22
60,29.05,50.8
60,31.16,33.93
60,60.93,26.44
60,67.68,30.97
60,33.95,48.77
60,48.89,48.56
60,27.53,36.14
60,35.3,28.18
60,51.38,45.91
60,41.26,51.85
60,23.09,18.01
60,70.35,31.44
60,47.36,46.72
60,33.64,34.81
60,49.66,28.63
60,46.95,36.04
60,53.48,38.08
60,43.58,21.6
60,52.09,35.0
60,60.27,38.04
60,30.86,28.6
60,38.99,25.43
60,58.91,28.08
60,40.83,23.32
60,46.94,43.36
60,41.88,23.18
60,42.7,36.08
60,41.59,29.88
60,31.64,26.23
60,53.97,49.08
60,61.81,32.56
60,45.71,26.64
60,60.34,25.58
60,41.62,37.73
60,40.85,43.09
60,53.34,47.98
60,53.56,32.16
60,46.53,31.49
60,56.8,35.44
60,31.27,35.84
60,44.05,25.51
60,60.54,50.09
60,60.51,34.24
60,58.87,39.88
60,61.27,38.67
60,43.16,38.44
60,25.83,22.95
60,44.64,33.93
60,56.27,59.09
60,58.39,51.46
60,41.16,35.73
60,35.42,29.96
60,36.71,9.6
60,40.93,28.53
60,23.34,33.14
60,41.15,30.51
60,48.62,31.28
60,46.73,40.85
60,43.71,23.0
60,39.04,37.0
60,40.55,32.79
60,40.78,24.29
60,57.17,52.42
60,47.99,42.23
60,89.17,25.35
60,43.68,39.69
60,53.69,18.72
60,43.97,26.7
60,43.65,48.6
60,68.31,37.87
60,60.97,36.98
60,25.19,44.86
60,34.71,40.72
60,46.23,31.07
60,41.28,44.3
60,28.39,15.42
60,49.51,26.66
60,23.58,32.93
60,49.65,40.03
60,57.49,30.43
60,59.35,14.38
60,46.12,12.83
60,67.64,33.25
60,52.31,28.74
60,59.0,23.99
60,38.43,22.15
60,67.78,35.47
60,47.96,48.32
60,68.5,35.47
60,65.66,48.47
61,71.95,39.32
61,74.34,39.69
61,69.13,56.43
61,81.7,63.72
61,85.73,46.19
61,78.57,53.12
61,71.02,53.37
61,54.5,38.81
61,73.37,68.0
61,71.5,53.99
61,77.07,54.11
61,75.52,60.1
61,94.44,38.84
61,64.95,66.12
61,53.52,67.56
61,59.15,57.55
61,65.76,61.08
61,88.07,52.41
61,57.14,65.5
61,58.87,46.95
61,79.38,55.64
61,85.04,56.3
61,53.86,55.57
61,50.96,67.76
61,63.78,68.0
61,82.55,54.79
61,75.86,61.17
61,64.25,47.17
61,83.61,67.35
61,75.62,50.31
61,72.6,68.0
61,53.01,37.62
61,63.98,68.0
61,99.44,66.9
61,69.63,43.66
61,61.56,68.0
61,69.03,45.79
61,75.55,52.54
61,85.48,41.74
61,82.07,54.39
61,65.2,55.42
61,90.53,65.13
61,84.59,68.0
61,68.21,50.36
61,72.33,25.72
61,81.81,63.13
61,87.97,49.95
61,54.26,68.0
61,74.92,55.62
61,73.6,47.65
61,66.58,44.86
61,66.51,62.85
61,87.71,52.97
61,80.95,68.0
61,101.39,53.68
61,66.59,68.0
61,75.78,40.82
61,78.03,36.88
61,85.65,65.12
61,91.66,50.89
61,75.22,53.1
61,59.77,44.87
61,64.76,44.06
61,75.86,62.99
61,88.6,55.79
61,55.2,44.34
61,58.79,64.7
61,83.84,68.0
61,57.18,54.8
61,59.37,67.04
61,88.77,44.98
61,71.12,62.35
61,70.13,57.78
61,91.79,47.29
61,60.18,68.0
61,57.57,58.56
61,95.18,49.5
61,77.03,56.22
61,82.84,46.43
61,69.96,43.27
61,72.61,51.06
61,64.85,51.8
61,78.14,47.15
61,84.81,68.0
61,76.55,47.58
61,87.79,45.75
61,82.61,42.96
61,60.37,41.9
61,72.12,67.3
61,68.17,58.84
61,83.79,63.59
61,80.0,67.2
61,75.66,52.33
61,87.18,68.0
61,49.75,49.1
61,66.16,43.95
61,67.26,60.11
61,77.27,57.59
61,81.19,57.57
61,73.98,67.17
61,56.91,57.17
61,79.29,59.44
61,75.66,68.0
61,54.91,58.93
61,70.16,61.44
61,78.86,40.41
61,95.49,68.0
61,59.84,38.5
61,84.27,50.07
61,60.01,49.73
61,57.48,68.0
61,58.25,49.39
61,81.87,60.86
61,75.69,49.81
61,69.91,44.56
61,79.95,62.27
61,74.53,48.09
61,75.44,58.28
61,70.05,62.89
61,60.64,68.0
61,95.99,42.12
61,92.21,54.32
61,94.67,54.77
61,66.99,56.01
61,65.13,68.0
61,68.61,54.09
61,87.96,28.27
61,74.0,53.82
61,66.94,54.7
61,78.73,53.35
61,64.43,48.09
61,56.38,41.47
61,75.68,68.0
61,67.29,59.5
61,73.82,53.89
61,39.1,68.0
61,62.4,46.44
61,73.41,62.63
62,59.25,0.0
62,80.12,0.0
62,99.39,7.37
62,75.21,22.91
62,45.5,22.7
62,74.47,15.53
62,80.25,13.98
62,85.71,34.96
62,93.16,6.07
62,93.82,14.65
62,72.3,5.52
62,65.43,0.0
62,59.46,25.03
62,66.98,8.64
62,80.19,19.64
62,56.47,9.29
62,61.95,25.71
62,81.31,1.03
62,65.6,24.8
62,78.81,21.84
62,63.41,0.0
62,77.74,6.31
62,63.97,23.23
62,49.27,30.01
62,86.43,19.87
62,64.95,7.64
62,70.77,1.35
62,65.02,18.23
62,81.08,7.31
62,78.33,7.78
62,81.05,9.53
62,66.86,21.7
62,73.35,31.87
62,79.42,23.3
62,94.09,12.11
62,77.98,2.11
62,60.96,19.34
62,77.48,30.32
62,71.86,23.04
62,48.02,14.29
62,50.01,6.62
62,73.14,15.8
62,74.23,24.7
62,70.17,14.56
62,85.49,10.86
62,61.84,4.44
62,55.98,40.48
62,63.27,2.2
62,66.07,1.18
62,73.24,13.81
62,63.63,9.78
62,46.16,23.26
62,40.6,23.63
62,75.6,0.0
62,59.32,3.69
62,47.93,2.37
62,82.12,20.63
62,94.09,16.71
62,72.77,7.91
62,77.49,14.38
62,77.6,0.0
62,43.93,3.83
62,85.55,0.0
62,90.12,13.6
62,97.88,13.56
62,68.31,1.17
62,59.24,16.63
62,91.66,23.63
62,80.49,0.66
62,85.37,8.41
62,65.59,17.65
62,77.53,11.93
62,60.31,0.0
62,73.93,7.15
62,69.48,6.79
62,104.47,10.13
62,81.13,10.59
62,46.02,29.23
62,73.98,9.71
62,78.79,0.0
62,67.84,13.0
62,59.66,31.23
62,82.59,10.16
62,61.5,7.18
62,81.48,8.64
62,60.4,18.43
62,67.06,8.6
62,86.43,0.0
62,80.36,4.61
62,74.41,11.29
62,73.61,17.89
62,75.18,5.59
62,63.71,8.74
62,54.28,12.49
62,81.4,3.45
62,93.89,10.99
62,81.86,17.14
62,77.3,0.0
62,58.29,15.37
62,85.4,0.01
62,80.26,0.23
62,83.88,4.71
62,87.44,27.02
62,94.62,0.0
62,59.51,6.9
62,57.24,11.71
62,75.93,24.84
62,62.01,33.43
62,59.76,7.36
62,89.86,17.93
62,60.88,10.96
62,73.86,10.89
62,52.79,15.01
62,74.82,0.0
62,89.38,11.47
62,89.77,16.96
62,87.58,2.54
62,72.98,17.03
62,88.45,0.0
62,79.59,13.03
62,68.29,26.76
62,78.96,9.6
62,85.51,1.24
62,56.74,0.0
62,60.21,16.3
62,72.13,22.21
63,61.61,45.56
63,51.04,30.01
63,51.79,36.54
63,81.01,36.57
63,36.58,33.17
63,38.32,35.16
63,63.01,37.34
63,54.99,24.14
63,53.26,38.43
63,63.54,43.5
63,63.33,38.37
63,47.34,30.1
63,52.31,35.92
63,60.64,30.0
63,62.17,32.69
63,66.28,20.94
63,52.42,49.18
63,64.51,55.29
63,72.35,26.26
63,60.61,42.65
63,58.66,50.04
63,56.94,23.47
63,51.97,10.26
63,47.81,50.68
63,56.12,33.89
63,65.86,28.29
63,48.44,34.52
63,59.02,29.94
63,57.51,66.55
63,83.11,28.16
63,69.4,37.6
63,69.19,48.21
63,71.96,48.16
63,52.91,46.06
63,77.9,29.32
63,62.07,32.33
63,59.42,10.08
63,44.21,33.18
63,54.78,34.36
63,37.04,42.16
63,56.77,53.75
63,52.51,41.82
63,54.82,45.78
63,41.98,33.81
63,69.15,48.13
63,67.7,34.12
63,81.97,46.55
63,81.6,42.85
63,62.03,38.32
63,73.3,17.05
63,63.4,46.03
63,54.44,38.16
63,56.38,41.73
63,68.31,37.45
63,105.0,39.35
63,75.17,48.31
63,63.2,28.79
63,66.29,39.14
63,66.17,25.45
63,58.83,40.34
63,69.83,36.76
63,57.98,27.06
63,46.85,35.03
63,66.26,27.74
63,68.0,29.84
63,58.1,37.9
63,64.03,36.95
63,72.49,12.87
63,59.33,38.08
63,54.19,30.66
63,50.78,29.44
63,56.7,21.6
63,79.95,33.5
63,57.42,28.25
63,64.67,48.01
63,55.78,14.76
63,54.67,23.4
63,48.57,22.65
63,61.3,36.85
63,53.28,46.9
63,76.56,39.53
63,58.6,21.96
63,59.42,29.28
63,57.66,25.1
63,64.82,39.59
63,79.38,29.05
63,46.48,18.46
63,63.61,40.43
63,39.61,47.9
63,75.9,32.03
63,58.59,35.32
63,40.57,17.43
63,43.41,11.35
63,70.58,13.66
63,38.36,33.51
63,63.62,30.61
63,54.43,40.01
63,57.47,31.83
63,51.24,44.87
63,47.61,43.59
63,53.66,30.45
63,67.44,22.96
63,56.2,12.92
63,65.48,49.77
63,56.85,23.63
63,67.95,17.54
63,65.39,35.43
63,52.97,17.64
63,47.6,35.42
63,72.42,30.3
63,49.43,44.16
63,66.51,43.2
63,60.4,46.14
63,53.98,36.27
63,65.58,24.56
63,77.78,22.59
63,68.13,28.16
63,61.68,55.94
63,81.08,31.26
63,38.23,35.77
63,45.54,50.7
63,53.96,36.8
63,78.45,25.76
63,72.26,42.03
63,37.69,29.29
63,54.33,37.18
63,42.79,39.63
63,59.47,28.56
63,71.72,36.05
63,72.68,51.6
63,63.48,27.11
63,54.47,48.49
63,58.76,27.5
63,68.88,53.82
63,90.51,24.59
63,44.59,29.67
63,80.66,50.59
63,63.17,51.07
63,70.66,43.0
63,62.41,22.1
63,78.25,34.91
63,64.29,34.01
63,51.57,24.59
63,65.85,41.67
63,74.65,25.46
63,60.0,19.8
63,33.04,16.17
63,58.51,52.84
63,61.27,28.38
63,59.42,28.62
63,53.56,22.66
63,77.2,49.05
63,29.15,18.82
63,61.22,20.75
63,61.4,30.46
63,87.23,33.76
63,59.81,41.24
63,65.79,26.57
63,61.63,50.99
63,61.23,26.64
63,82.92,22.91
63,45.55,21.86
63,51.33,25.49
63,69.8,21.15
63,63.34,42.26
63,56.32,22.99
63,59.08,32.54
63,71.88,22.67
63,66.31,21.08
63,50.73,46.17
63,63.09,51.63
63,59.35,47.96
63,66.12,17.82
63,55.83,19.34
63,44.29,55.76
63,68.74,31.2
63,67.13,18.88
63,78.4,45.9
63,42.89,34.74
63,59.09,40.26
63,57.0,9.38
63,54.85,30.41
63,39.97,44.44
63,46.14,26.96
63,63.52,47.59
63,53.5,19.52
63,49.26,32.76
63,78.6,52.09
63,90.86,21.34
63,59.27,36.99
63,40.47,40.44
63,65.15,35.01
63,32.89,31.25
63,42.45,24.36
63,65.38,36.16
63,42.01,32.87
63,56.15,18.2
63,40.71,46.1
63,60.73,23.99
63,74.6,18.49
63,52.03,27.45
63,59.75,24.18
63,49.39,31.16
63,50.3,20.33
63,49.19,38.93
63,70.22,49.19
63,41.62,35.16
63,55.69,18.11
63,65.33,23.95
63,71.83,36.43
63,65.73,12.36
63,59.06,20.44
63,52.6,15.88
63,72.03,35.27
63,48.73,57.78
63,48.92,20.13
63,77.58,42.98
63,64.68,27.8
63,65.14,19.48
63,67.78,51.21
63,58.77,57.76
63,41.31,38.53
63,63.27,37.99
63,59.76,34.68
63,48.83,32.37
63,45.84,37.74
63,59.4,41.44
63,42.35,52.3
63,58.14,28.25
63,56.57,35.4
63,58.45,33.03
63,65.23,45.26
63,68.09,60.4
63,50.75,45.64
63,71.31,42.78
63,57.15,43.99
63,82.79,47.94
63,52.39,60.56
63,39.05,15.46
63,70.84,40.6
63,65.53,5.61
63,75.62,44.46
63,64.03,40.06
63,90.42,27.98
63,57.54,4.63
63,73.6,33.84
63,53.17,36.45
63,66.39,33.31
63,68.81,27.16
63,70.82,24.14
63,70.09,33.43
63,17.92,25.18
63,59.11,42.9
63,52.52,33.13
63,55.09,15.03
63,56.32,35.94
63,72.71,38.56
63,62.63,51.8
63,53.4,44.21
63,40.91,24.11
63,79.93,49.68
63,51.58,18.75
63,58.3,34.31
63,87.81,42.29
63,51.94,50.05
63,56.42,54.78
63,63.02,48.02
63,39.12,32.5
63,37.62,40.38
63,53.74,36.47
63,54.19,26.2
63,61.74,32.73
63,47.29,53.78
63,65.64,41.11
63,31.96,56.65
63,59.09,22.09
63,64.68,29.8
63,64.27,38.57
63,57.88,42.17
63,51.42,32.72
63,57.51,42.81
63,76.04,42.72
63,52.21,18.73
63,72.72,42.29
63,74.78,45.81
63,37.43,37.26
63,58.33,13.76
63,47.29,30.95
63,40.48,38.82
63,70.3,24.48
63,66.15,44.1
63,63.42,42.03
63,45.89,35.48
63,62.74,34.19
63,42.96,36.12
63,61.0,33.96
63,51.4,19.86
64,105.0,26.47
64,97.0,33.72
64,105.0,39.92
64,69.74,37.59
64,83.37,34.51
64,105.0,45.64
64,78.34,41.38
64,78.08,32.0
64,84.47,40.99
64,105.0,17.0
64,79.27,45.7
64,95.25,34.24
64,93.1,20.79
64,62.93,29.42
64,87.8,45.41
64,80.81,25.56
64,96.81,38.52
64,105.0,43.67
64,83.52,34.27
64,83.52,24.49
64,105.0,33.3
64,78.75,18.5
64,70.54,28.62
64,105.0,21.82
64,87.34,33.48
64,91.68,20.04
64,105.0,34.92
64,69.76,46.46
64,85.46,47.15
64,71.93,20.3
64,92.36,26.67
64,80.81,43.38
64,72.75,41.74
64,97.52,27.23
64,88.13,28.65
64,71.73,34.9
64,72.53,13.83
64,90.7,39.78
64,66.28,45.91
64,90.96,29.72
64,105.0,18.39
64,96.67,49.54
64,79.9,36.41
64,91.57,41.8
64,71.73,19.47
64,89.77,19.51
64,83.75,38.56
64,74.49,45.3
64,96.11,21.58
64,62.29,32.88
64,72.58,16.54
64,74.15,26.28
64,81.44,31.17
64,104.89,39.38
64,97.81,10.84
64,89.37,48.52
64,88.76,32.12
64,87.85,48.24
64,105.0,41.69
64,64.4,43.38
64,98.03,56.22
64,81.39,25.4
64,94.54,35.49
64,94.6,23.1
64,97.53,32.88
64,105.0,41.92
64,70.18,46.4
64,101.07,29.8
64,87.17,20.75
64,82.01,34.81
64,105.0,24.63
64,97.12,27.64
64,82.58,41.39
64,100.45,39.34
64,87.4,43.18
64,82.37,30.29
64,80.12,45.1
64,91.96,34.16
64,80.02,30.87
64,90.02,21.91
64,99.53,11.01
64,89.44,16.8
64,105.0,36.37
64,88.17,24.02
64,105.0,15.9
64,100.69,29.39
64,105.0,37.08
64,105.0,38.57
64,65.1,33.68
64,91.45,33.33
64,86.55,28.08
64,89.45,40.97
64,82.83,32.06
64,80.94,33.16
64,73.71,45.42
64,89.27,42.71
64,100.14,31.97
64,81.58,30.4
64,83.73,30.32
64,78.93,11.77
64,75.07,46.07
64,84.93,26.47
64,92.46,43.4
64,104.35,34.46
64,72.5,49.31
64,87.6,39.82
64,103.32,44.03
64,72.68,27.49
64,104.47,19.86
64,82.29,35.62
64,97.25,12.91
64,85.17,28.85
64,93.96,20.92
64,105.0,24.76
64,86.42,40.55
64,100.95,39.83
64,91.57,32.22
64,77.78,37.52
64,86.11,28.05
64,85.29,60.69
64,69.65,37.31
64,93.97,27.51
64,96.55,43.63
64,98.56,47.64
64,105.0,25.48
64,100.4,18.4
64,80.16,20.58
64,82.93,26.63
64,98.9,33.4
64,93.07,16.08
64,87.77,29.4
64,76.63,31.71
64,81.1,37.57
64,95.58,40.73
64,62.64,38.42
64,57.58,53.71
64,97.01,46.04
64,81.06,36.44
64,94.09,23.32
64,105.0,26.57
64,74.83,18.28
64,66.3,35.69
64,84.41,37.64
65,85.97,28.37
65,58.63,35.76
65,65.27,49.49
65,71.86,24.7
65,62.82,39.39
65,68.84,27.82
65,75.92,29.1
65,70.4,24.35
65,72.0,22.51
65,59.75,28.78
65,78.58,45.53
65,77.63,25.7
65,62.09,23.98
65,55.19,36.3
65,87.99,34.06
65,94.73,33.25
65,75.05,36.79
65,67.3,22.89
65,85.6,24.11
65,78.11,44.85
65,69.26,32.39
65,84.58,40.56
65,61.47,47.46
65,63.02,43.3
65,76.73,18.93
65,73.49,32.72
65,80.28,45.45
65,87.51,39.75
65,51.82,36.02
65,72.51,15.96
65,96.71,27.22
65,64.24,34.76
65,62.71,18.32
65,42.87,42.73
65,73.32,32.71
65,79.55,12.22
65,79.52,27.77
65,58.52,30.85
65,71.89,32.57
65,74.88,49.62
65,72.68,40.36
65,57.77,18.98
65,73.0,17.62
65,61.41,31.07
65,47.67,35.39
65,80.86,44.92
65,73.82,53.03
65,79.69,53.63
65,65.05,29.13
65,80.15,44.28
65,85.29,38.68
65,94.8,22.0
65,82.58,13.23
65,77.0,35.59
65,54.06,17.55
65,70.62,24.63
65,53.51,26.47
65,61.35,36.41
65,97.42,48.09
65,58.7,34.14
65,41.55,28.07
65,82.57,11.25
65,63.25,39.04
65,81.98,34.31
65,56.79,27.95
65,66.46,46.83
65,87.55,20.9
65,54.81,26.47
65,69.8,31.3
65,75.79,27.82
65,62.65,40.06
65,75.15,39.1
65,72.2,45.56
65,78.95,39.53
65,95.95,32.73
65,105.0,30.26
65,78.02,39.01
65,70.56,31.91
65,77.73,34.52
65,68.98,39.61
65,51.36,35.52
65,71.39,37.39
65,86.07,25.3
65,52.96,48.85
65,59.2,21.83
65,64.43,38.83
65,76.84,28.66
65,102.9,45.91
65,61.48,43.72
65,73.19,33.98
65,72.08,51.1
65,68.08,31.94
65,71.38,43.7
65,65.96,26.01
65,105.0,38.45
65,81.75,23.74
65,66.07,34.21
65,87.39,33.43
65,75.34,43.66
65,72.75,26.62
65,69.63,67.81
65,68.75,18.8
65,56.14,36.56
65,50.24,37.17
65,76.82,39.92
65,69.5,28.33
65,83.41,36.66
65,60.43,27.79
65,57.73,54.6
65,82.09,27.01
65,68.16,32.37
65,83.12,26.7
65,72.43,25.2
65,96.41,18.59
65,81.82,41.39
65,77.33,26.6
65,82.4,25.23
65,68.45,23.41
65,50.64,37.35
65,76.69,34.24
65,97.24,34.29
65,42.22,25.63
65,78.1,38.79
65,52.04,26.71
65,71.7,34.77
65,73.03,32.46
65,81.71,15.43
65,74.73,56.32
65,89.86,40.32
65,87.16,35.98
65,69.44,37.72
65,86.23,56.58
65,67.93,46.51
65,65.7,37.84
65,56.34,26.21
65,89.06,27.94
65,68.1,14.16
65,40.52,29.95
65,79.05,41.28
65,66.36,40.97
65,68.12,40.78
65,68.96,28.33
65,67.62,40.06
65,105.0,43.07
65,93.62,9.5
65,81.09,37.35
65,75.14,56.89
65,86.67,30.79
65,75.17,6.26
65,82.61,25.06
65,79.26,14.04
65,73.67,27.02
65,84.22,20.54
65,66.54,44.24
65,72.76,42.56
65,59.27,37.77
65,60.77,47.49
65,39.12,27.78
65,77.94,34.81
65,81.51,58.14
65,86.11,40.44
65,57.67,40.41
65,77.72,25.56
65,71.99,29.42
65,81.59,22.97
65,63.53,52.49
65,67.63,16.86
65,51.8,44.06
65,62.68,40.39
65,72.04,16.36
65,74.26,46.57
65,50.08,31.15
66,49.31,61.46
66,57.34,34.42
66,53.43,37.26
66,48.57,21.47
66,44.55,43.74
66,70.36,32.64
66,64.22,38.9
66,63.39,43.93
66,55.27,32.86
66,60.67,26.55
66,50.43,8.39
66,50.21,29.74
66,82.23,26.49
66,71.5,21.43
66,52.7,49.98
66,40.55,44.81
66,37.89,13.87
66,51.76,35.69
66,61.4,25.01
66,61.54,38.03
66,61.93,25.2
66,64.34,28.07
66,46.5,44.59
66,79.6,43.01
66,57.43,50.6
66,63.83,31.61
66,51.47,17.99
66,64.05,44.13
66,87.0,44.2
66,47.14,40.91
66,45.5,25.82
66,48.76,22.22
66,55.67,39.9
66,53.22,24.25
66,46.47,30.61
66,59.35,65.97
66,80.29,57.42
66,58.05,42.72
66,58.75,26.72
66,64.46,26.05
66,68.42,41.87
66,77.85,50.47
66,63.12,28.37
66,59.97,28.98
66,47.11,34.96
66,69.62,18.72
66,49.02,19.06
66,48.62,21.06
66,62.51,40.01
66,80.04,36.99
66,69.44,46.51
66,59.51,14.89
66,47.24,17.31
66,79.79,39.01
66,59.26,24.41
66,56.23,25.21
66,67.22,45.14
66,54.18,27.92
66,50.21,29.2
66,51.46,31.25
66,51.42,31.92
66,45.34,41.53
66,43.89,20.69
66,72.64,31.93
66,68.69,46.79
66,49.3,57.46
66,71.55,19.08
66,64.02,37.64
66,55.79,31.91
66,44.06,32.91
66,64.44,25.31
66,84.25,42.31
66,60.19,41.75
66,72.98,61.75
66,57.25,19.47
66,71.98,14.77
66,58.05,56.6
66,28.73,33.43
66,50.62,28.98
66,61.72,36.07
66,74.07,18.66
66,58.0,38.13
66,60.39,33.12
66,52.37,45.81
66,80.29,43.43
66,79.51,44.34
66,51.21,36.1
66,40.29,51.65
66,36.51,40.34
66,67.84,28.14
66,61.76,25.1
66,49.84,26.34
66,63.53,40.48
66,44.01,19.35
66,70.33,35.71
66,55.03,24.84
66,45.94,20.22
66,55.23,21.99
66,54.78,33.74
66,64.75,42.4
66,75.16,26.56
66,74.48,11.16
66,62.08,68.0
66,57.57,46.3
66,52.61,44.26
66,37.02,51.91
66,59.75,35.02
66,48.94,32.51
66,75.84,48.91
66,57.39,48.84
66,69.71,40.77
66,53.73,43.71
66,51.22,20.37
66,67.86,31.17
66,63.61,52.74
66,64.19,42.85
66,58.78,17.92
66,70.26,28.16
66,68.38,50.95
66,31.7,39.01
66,56.65,36.0
66,73.19,36.33
66,46.75,33.08
66,38.0,28.23
66,58.2,24.83
66,66.77,45.11
66,54.01,36.61
66,76.81,41.78
66,83.97,40.01
66,34.97,49.5
66,55.01,39.0
66,30.34,43.06
66,68.59,35.84
66,51.16,23.58
66,53.81,31.52
66,74.93,40.49
66,42.73,41.45
66,39.47,49.96
66,30.39,28.94
66,76.52,36.49
66,73.5,32.58
66,56.18,51.87
66,43.42,38.14
66,70.84,38.35
66,95.81,33.61
66,56.94,31.52
66,44.36,18.06
66,76.14,20.13
66,45.28,35.97
66,55.23,34.6
66,25.7,36.03
66,56.06,44.36
66,43.38,35.02
66,76.36,30.17
66,47.31,31.69
66,70.14,36.68
66,58.64,29.82
66,61.63,45.71
66,66.79,33.88
66,59.31,36.77
66,51.58,25.02
66,49.44,45.71
66,66.62,49.83
66,35.28,19.01
66,81.82,38.41
66,61.71,32.81
66,55.61,37.12
66,63.46,38.97
66,52.27,9.42
66,57.69,42.35
66,45.29,46.24
66,64.88,47.47
66,58.98,23.61
66,62.44,33.66
66,79.28,28.07
66,49.55,12.93
66,58.32,27.17
66,38.53,22.07
66,67.15,37.68
66,59.77,16.05
66,60.23,23.22
66,57.95,28.29
66,52.48,42.47
67,21.17,26.69
67,38.55,25.37
67,12.5,46.25
67,44.26,38.44
67,33.55,32.5
67,28.37,42.96
67,8.1,37.02
67,41.97,49.71
67,20.1,33.82
67,32.0,38.69
67,27.96,46.08
67,9.41,7.07
67,27.0,46.48
67,14.27,28.44
67,21.52,39.5
67,35.63,52.31
67,39.13,30.64
67,29.76,28.99
67,18.51,33.4
67,21.58,18.02
67,21.36,58.19
67,2.22,33.53
67,30.95,52.1
67,8.34,30.33
67,30.99,34.37
67,11.03,44.39
67,14.32,21.88
67,38.69,32.87
67,30.32,43.97
67,5.5,31.66
67,22.74,28.69
67,33.41,46.27
67,21.95,49.41
67,25.54,51.16
67,33.17,26.58
67,30.58,27.63
67,17.1,28.81
67,30.29,41.9
67,26.26,20.84
67,52.41,21.46
67,28.66,26.14
67,31.75,23.68
67,33.38,43.73
67,25.81,42.99
67,20.64,28.7
67,35.98,31.87
67,36.08,6.06
67,57.07,28.97
67,39.65,47.68
67,39.87,28.37
67,39.33,21.98
67,21.03,49.14
67,13.65,21.74
67,16.95,51.01
67,38.94,65.77
67,48.48,32.8
67,39.54,47.68
67,27.83,15.64
67,51.8,15.16
67,24.23,25.24
67,15.07,43.05
67,33.29,34.02
67,46.79,31.95
67,19.03,19.8
67,7.84,32.6
67,30.49,26.92
67,40.03,23.85
67,0.0,22.92
67,42.71,36.11
67,12.23,26.08
67,39.42,33.93
67,4.04,14.54
67,10.83,39.53
67,38.04,36.65
67,45.81,31.45
67,29.88,35.78
67,61.14,44.28
67,16.71,18.06
67,16.54,34.73
67,26.07,19.64
67,25.45,34.96
67,33.69,31.15
67,20.34,33.73
67,37.38,43.33
67,37.07,43.0
67,50.97,45.95
67,23.62,29.64
67,34.38,41.73
67,37.88,39.57
67,29.91,29.92
67,27.25,35.29
67,3.17,32.55
67,31.08,49.34
67,37.74,42.91
67,29.25,30.31
67,19.83,29.54
67,8.17,44.53
67,35.89,48.74
67,30.43,37.47
67,48.07,41.24
67,11.16,48.33
67,23.89,32.08
67,12.82,34.92
67,43.33,39.35
67,46.11,29.28
67,54.99,52.69
67,36.78,29.18
67,40.26,34.67
67,35.67,55.08
67,37.45,13.52
67,30.64,36.38
67,38.04,26.73
67,57.82,34.0
67,32.84,20.74
67,30.31,29.92
67,32.57,34.27
67,28.06,36.62
67,33.2,43.85
67,27.62,8.44
67,44.87,32.62
67,43.57,32.08
67,58.16,33.29
67,29.69,34.36
67,33.75,24.87
67,33.21,16.98
67,32.59,36.39
67,44.69,23.06
67,8.88,38.43
67,35.99,23.69
67,55.95,41.62
67,47.72,33.4
67,46.23,34.16
67,40.95,31.29
67,22.25,29.53
67,20.25,31.44
67,20.35,47.0
67,15.2,17.12
67,42.31,26.87
67,49.09,45.62
67,35.65,43.02
67,40.46,48.78
67,33.82,33.35
67,37.39,19.5
67,2.48,21.81
67,34.09,30.71
67,24.47,42.37
67,29.48,31.2
67,32.93,30.35
67,20.7,38.37
67,16.02,34.3
67,20.3,29.15
67,11.17,22.98
67,14.98,44.42
67,16.77,45.53
67,11.34,22.37
67,36.87,29.57
67,18.29,41.34
67,5.78,21.49
67,24.78,38.02
67,15.53,30.41
67,48.97,20.62
67,31.73,53.55
67,10.88,30.24
67,37.39,39.77
67,31.1,21.67
67,26.9,51.08
67,50.47,55.42
67,17.32,17.48
67,43.46,32.19
67,24.68,48.61
67,29.76,28.85
67,20.25,38.5
67,21.08,15.52
67,24.33,25.33
67,5.29,37.36
67,34.51,27.52
67,31.49,30.03
67,10.53,17.33
67,38.58,41.19
67,48.94,19.26
68,70.41,42.34
68,69.13,48.26
68,47.19,27.49
68,52.52,52.56
68,54.05,18.25
68,54.93,40.49
68,43.13,24.2
68,66.94,26.94
68,51.05,34.66
68,58.52,29.61
68,73.08,2.5
68,67.43,40.73
68,51.92,42.58
68,73.53,32.23
68,68.65,31.36
68,50.82,29.9
68,53.32,15.17
68,73.01,14.01
68,70.12,42.84
68,40.47,45.71
68,46.93,40.57
68,69.04,38.17
68,44.73,42.61
68,70.46,41.88
68,85.17,25.36
68,64.85,36.45
68,48.0,30.74
68,62.29,30.89
68,73.45,46.54
68,61.29,51.32
68,66.29,8.19
68,49.61,31.19
68,50.59,30.62
68,71.78,46.78
68,50.74,18.05
68,26.38,1.11
68,56.02,43.03
68,64.08,44.59
68,73.76,14.38
68,81.4,32.63
68,61.1,50.83
68,68.56,22.14
68,61.57,35.11
68,64.6,39.59
68,57.57,18.3
68,65.02,27.8
68,50.51,15.4
68,85.74,32.19
68,28.91,25.3
68,67.42,36.28
68,64.15,40.98
68,64.83,49.27
68,44.62,59.66
68,38.18,36.28
68,67.88,30.52
68,77.43,29.88
68,62.86,23.39
68,70.47,38.93
68,54.04,28.56
68,64.31,39.7
68,75.93,23.74
68,55.92,28.87
68,75.41,38.76
68,38.75,32.63
68,52.03,12.88
68,67.1,33.83
68,84.74,25.18
68,60.19,47.0
68,46.56,44.68
68,84.44,8.89
68,58.36,42.82
68,68.64,38.28
68,55.65,17.68
68,61.85,43.66
68,52.69,19.92
68,89.35,46.6
68,75.49,26.89
68,82.99,17.3
68,49.75,57.33
68,36.27,16.99
68,56.19,25.13
68,92.71,27.29
68,55.82,28.99
68,73.67,41.69
68,46.68,34.64
68,49.22,45.05
68,58.96,38.09
68,87.43,15.6
68,74.3,40.05
68,33.31,36.57
68,68.67,27.13
68,45.07,56.81
68,51.14,40.69
68,66.64,44.36
68,78.18,44.74
68,77.54,29.38
68,64.31,40.97
68,64.49,37.48
68,77.5,27.87
68,39.52,20.56
68,83.76,34.27
68,50.43,40.46
68,63.39,34.18
68,53.55,31.99
68,44.97,34.3
68,66.0,30.84
68,63.07,51.04
68,58.63,36.97
68,58.02,28.65
68,79.84,14.11
68,88.51,31.83
68,76.29,27.65
68,63.61,27.25
68,38.72,44.37
68,68.15,34.88
68,68.73,15.49
68,70.03,40.81
68,45.17,16.6
68,71.05,41.63
68,80.3,28.77
68,47.23,34.96
68,68.9,33.73
68,49.45,32.37
68,58.64,36.3
68,47.67,34.9
68,55.44,54.57
68,55.54,36.46
68,65.36,36.72
68,71.57,26.2
68,75.81,38.19
68,51.52,22.74
68,64.68,46.65
68,45.72,17.67
68,58.56,24.72
68,60.56,16.08
68,48.01,38.62
68,67.27,29.34
68,57.98,41.55
68,62.01,23.27
68,75.92,39.85
68,54.44,40.38
68,71.05,36.33
68,78.76,34.34
68,77.96,35.51
68,57.55,23.98
68,47.36,22.17
68,50.77,39.98
68,39.37,29.94
68,68.92,38.99
68,69.73,51.06
68,61.53,28.97
68,42.11,27.4
68,55.25,30.43
68,77.94,34.43
68,67.93,40.76
68,70.18,33.69
68,103.0,56.86
68,64.26,38.63
68,31.94,42.59
68,45.69,33.59
68,63.97,45.13
68,60.24,31.74
68,57.76,26.91
68,57.99,43.96
68,49.8,33.37
68,64.86,36.7
68,78.13,44.8
68,82.52,35.53
68,82.15,32.36
68,47.57,28.11
68,59.74,45.68
68,55.92,30.24
68,67.7,33.44
68,58.92,37.16
68,57.07,37.11
68,78.91,45.15
68,61.28,33.23
68,61.61,49.14
68,65.37,31.26
68,68.79,38.08
68,68.87,31.98
68,80.18,57.02
68,43.29,30.14
68,64.22,31.14
68,58.67,35.26
68,56.09,31.07
69,50.4,34.61
69,45.02,39.18
69,41.43,22.75
69,49.25,14.45
69,48.1,43.98
69,63.25,65.5
69,35.53,39.05
69,66.91,41.16
69,46.09,24.28
69,49.93,50.17
69,34.16,29.86
69,55.31,46.8
69,35.51,40.68
69,52.85,40.95
69,51.58,40.53
69,43.77,40.18
69,21.15,37.12
69,76.09,44.66
69,34.3,26.01
69,51.55,31.37
69,38.51,50.15
69,61.62,35.9
69,43.07,30.41
69,38.22,45.38
69,55.74,43.21
69,31.46,19.7
69,42.63,42.03
69,56.97,35.51
69,67.59,41.83
69,35.49,34.12
69,40.05,39.11
69,52.58,13.86
69,22.03,24.16
69,65.65,42.14
69,35.01,62.84
69,42.31,38.04
69,51.39,26.38
69,48.67,35.49
69,35.47,24.17
69,70.38,47.75
69,14.52,34.53
69,33.41,45.59
69,39.72,32.31
69,35.65,46.56
69,63.85,16.14
69,26.44,34.27
69,68.25,39.94
69,44.38,31.05
69,30.31,37.95
69,20.69,37.77
69,45.2,45.54
69,38.87,40.84
69,51.07,38.32
69,42.14,43.67
69,60.43,19.12
69,46.15,25.72
69,42.49,18.76
69,60.65,40.03
69,50.97,38.55
69,58.07,49.24
69,62.93,37.87
69,44.18,27.05
69,48.5,35.47
69,58.97,13.37
69,16.14,29.51
69,46.68,8.18
69,45.08,37.61
69,52.86,30.93
69,37.59,32.54
69,62.24,23.75
69,38.41,26.64
69,42.03,41.62
69,39.36,18.2
69,63.99,39.56
69,20.89,25.08
69,71.23,15.51
69,67.15,47.49
69,40.66,48.62
69,61.35,28.07
69,49.69,27.96
69,69.49,31.24
69,60.36,25.09
69,76.51,27.03
69,27.69,38.95
69,50.49,56.81
69,25.59,30.1
69,41.26,45.25
69,77.25,37.88
69,54.09,15.61
69,60.8,33.73
69,54.68,32.35
69,53.86,50.11
69,41.21,50.56
69,38.79,38.14
69,40.86,47.36
69,12.5,32.39
69,46.93,46.31
69,51.12,35.1
69,39.95,46.07
69,46.3,47.19
69,54.83,41.88
69,59.5,25.84
69,32.43,29.37
69,37.67,42.27
69,57.79,43.83
69,55.66,35.74
69,65.48,30.56
69,64.94,36.11
69,79.39,30.94
69,44.19,31.0
69,68.52,55.56
69,36.04,28.77
69,79.12,39.59
69,53.91,35.68
69,55.05,20.51
69,60.87,20.13
69,30.38,33.11
69,34.03,12.52
69,49.5,54.13
69,52.49,30.02
69,75.07,29.12
69,35.66,47.45
69,68.02,32.45
69,44.55,41.16
69,44.37,27.7
69,45.87,34.5
69,44.03,44.65
69,54.32,24.52
69,42.87,39.81
69,29.66,7.42
69,44.52,47.92
69,53.94,27.88
69,29.77,33.06
69,55.56,32.92
69,63.35,23.28
69,67.24,22.43
69,52.39,39.73
69,24.54,40.25
69,56.42,24.26
69,60.57,39.95
69,38.95,40.14
69,47.06,29.84
69,54.29,19.77
69,71.23,33.59
69,44.67,38.02
69,59.59,33.35
69,52.11,27.48
69,50.59,39.14
69,65.3,47.92
69,37.19,25.53
69,51.0,30.72
69,48.35,64.17
69,28.41,37.2
69,64.02,20.07
69,58.78,28.75
69,48.44,25.67
69,44.6,38.18
69,48.0,37.38
69,57.2,27.0
69,48.69,54.42
69,39.32,34.94
69,41.28,28.99
69,47.84,20.57
69,35.88,24.16
69,52.33,20.29
69,37.69,31.9
69,35.59,24.27
69,89.51,42.62
69,73.22,27.57
69,49.87,43.24
69,59.06,39.41
69,61.27,41.1
69,47.02,43.86
69,51.68,55.93
69,44.59,24.66
69,64.32,43.31
69,64.5,38.38
69,68.3,45.7
69,51.46,35.22
69,76.18,46.94
69,47.01,19.79
69,74.61,22.95
69,41.98,27.74
69,31.13,33.18
69,74.36,34.51
69,56.58,25.86
69,54.75,23.1
69,43.31,26.79
69,37.01,15.2
69,38.25,30.83
69,49.8,33.36
69,46.05,38.85
69,22.77,35.84
69,70.02,53.73
69,42.54,42.94
69,64.1,42.11
69,38.83,38.01
69,50.01,39.89
69,60.64,31.57
69,58.85,35.1
69,44.52,55.14
69,54.62,33.23
69,56.79,19.35
69,46.08,41.66
69,33.52,43.63
69,39.88,35.7
69,43.07,13.34
69,48.34,48.15
69,68.7,36.53
69,59.8,30.59
69,37.39,47.07
69,71.87,11.73
69,46.98,35.23
69,56.74,28.05
69,35.79,50.41
69,42.12,36.67
69,61.49,24.49
69,36.57,46.52
70,57.58,16.94
70,67.99,7.73
70,70.87,24.25
70,85.83,4.84
70,102.64,8.48
70,50.87,17.82
70,79.8,14.49
70,102.63,4.59
70,66.55,0.0
70,65.75,11.79
70,77.07,4.0
70,84.77,12.33
70,82.55,7.37
70,69.34,4.11
70,63.57,9.05
70,91.11,11.19
70,63.93,19.65
70,49.09,16.66
70,55.11,35.04
70,66.51,13.56
70,93.4,4.6
70,58.55,10.17
70,93.78,18.25
70,90.99,23.04
70,76.93,26.76
70,40.86,0.81
70,58.61,26.09
70,65.76,11.49
70,96.5,1.8
70,66.6,9.76
70,63.95,25.32
70,76.45,17.03
70,55.68,0.0
70,73.68,0.0
70,63.62,0.0
70,105.0,3.95
70,62.07,12.85
70,99.09,0.0
70,59.18,7.29
70,77.42,27.42
70,80.5,29.8
70,75.84,29.06
70,75.05,0.0
70,85.2,30.41
70,79.43,13.01
70,71.75,12.86
70,65.23,23.32
70,71.85,19.74
70,71.68,0.0
70,71.43,5.26
70,74.99,7.97
70,55.68,0.0
70,60.64,22.97
70,84.81,27.83
70,44.74,11.88
70,89.56,15.28
70,66.73,11.88
70,95.7,13.09
70,89.94,24.29
70,69.74,0.0
70,71.09,17.35
70,94.71,12.13
70,90.55,4.15
70,86.65,6.46
70,88.87,32.16
70,59.86,0.0
70,76.67,10.15
70,63.99,29.92
70,59.53,0.0
70,76.13,6.98
70,68.62,12.47
70,71.84,16.54
70,67.5,11.12
70,57.69,2.15
70,96.06,16.92
70,76.03,10.89
70,55.25,18.91
70,76.37,22.16
70,93.78,0.0
70,86.46,23.36
70,67.26,9.2
70,67.57,21.08
70,61.56,17.43
70,64.35,32.39
70,65.41,12.07
70,54.91,7.56
70,68.23,6.36
70,78.47,0.59
70,68.62,20.89
70,76.83,0.0
70,95.09,20.79
70,97.86,9.54
70,73.12,0.0
70,85.44,28.37
70,71.83,0.0
70,67.66,11.1
70,59.48,14.57
70,75.13,0.0
70,88.1,16.85
70,57.43,4.63
70,70.27,9.27
70,69.64,26.77
70,77.21,13.57
70,77.42,8.14
70,80.98,10.12
70,98.66,31.54
70,62.68,16.45
70,61.97,2.28
70,77.22,6.63
70,92.89,0.0
70,54.99,7.03
70,78.31,29.69
70,71.38,10.17
70,85.11,0.0
70,82.17,16.74
70,74.63,7.68
70,80.34,18.18
70,65.44,9.33
70,84.4,27.9
70,92.02,1.98
70,75.3,0.0
70,68.7,22.31
70,72.11,0.0
70,84.27,10.11
70,73.46,20.81
70,58.4,0.0
70,86.38,12.71
70,61.22,0.0
70,79.52,0.0
70,49.74,0.27
70,75.41,9.98
70,73.11,4.24
70,48.43,24.18
70,78.33,12.91
70,59.68,6.62
70,75.1,0.0
70,68.65,14.47
70,54.75,34.65
70,60.41,4.27
70,61.45,5.56
70,86.77,0.33
70,84.87,25.03
70,102.53,22.2
70,67.35,7.09
70,66.93,5.41
70,75.75,1.62
70,69.38,8.82
70,66.43,23.22
70,74.71,12.46
70,83.15,26.16
70,46.54,4.08
70,66.56,0.0
70,55.76,40.66
70,72.0,14.36
70,79.62,20.56
70,88.52,3.34
70,68.36,0.0
70,75.38,13.7
70,52.13,0.0
70,62.81,9.06
70,76.69,23.25
70,56.33,16.93
70,90.08,14.8
70,80.81,31.18
70,62.24,16.13
70,54.73,0.0
70,64.65,10.36
70,62.31,33.18
70,58.18,8.6
70,55.71,32.51
70,71.0,23.26
70,83.52,7.51
70,64.76,0.11
70,79.78,15.74
70,69.74,25.98
70,81.96,0.0
70,63.78,13.32
70,77.65,0.0
70,75.56,8.26
70,91.71,0.0
70,81.26,18.18
70,77.33,4.42
70,54.89,24.74
70,67.17,6.05
70,63.59,5.05
70,63.31,0.0
70,74.2,16.3
70,77.13,17.41
70,77.64,22.34
70,90.4,19.21
70,80.29,16.41
70,58.04,18.55
70,76.63,19.67
70,81.6,21.98
70,90.41,0.0
70,72.0,6.92
70,72.12,0.0
70,88.03,15.65
70,76.32,29.93
70,53.22,21.86
70,50.43,5.32
70,97.93,17.56
70,51.72,15.84
70,71.83,14.56
70,85.48,0.0
70,51.06,26.47
70,59.94,0.0
70,57.79,7.97
70,97.41,22.55
70,100.24,7.89
70,64.46,12.87
70,81.53,13.32
70,78.0,12.73
70,70.35,13.27
70,52.85,14.35
70,104.0,12.82
70,50.39,2.15
70,76.76,0.0
70,65.58,22.98
70,87.1,23.48
70,85.0,15.71
70,61.28,15.62
70,63.73,1.93
70,53.85,0.0
70,76.53,9.26
70,83.24,0.0
70,68.26,14.03
70,70.82,26.35
70,98.8,5.22
70,86.17,5.85
70,91.52,0.94
70,44.85,12.49
70,81.11,11.63
70,77.27,0.79
70,57.72,22.04
70,60.43,41.73
70,71.16,25.09
70,56.55,10.78
70,63.62,10.65
70,68.0,6.35
70,81.46,6.12
70,64.81,22.54
70,68.19,23.02
70,87.32,0.0
70,51.06,16.03
70,76.95,24.22
70,79.06,8.15
70,79.42,9.67
70,67.48,19.66
70,60.16,19.97
70,93.75,16.72
70,62.87,14.8
70,59.48,16.27
70,74.26,8.95
70,64.39,0.0
70,87.66,0.0
70,70.55,18.55
70,89.35,13.19
71,61.02,32.23
71,76.63,34.12
71,71.07,42.32
71,50.38,47.66
71,66.56,49.3
71,50.29,39.91
71,26.03,33.99
71,82.44,50.32
71,55.13,30.18
71,73.51,34.6
71,51.4,31.32
71,49.5,10.56
71,52.89,47.99
71,63.28,41.43
71,62.29,7.93
71,66.47,45.02
71,53.55,30.66
71,60.53,44.87
71,49.04,34.83
71,79.1,19.07
71,42.92,34.29
71,49.31,24.12
71,54.5,20.55
71,91.06,43.54
71,69.97,38.31
71,48.9,50.47
71,70.69,29.66
71,66.71,23.41
71,63.56,41.03
71,69.05,24.83
71,60.75,30.59
71,62.22,39.78
71,39.81,32.61
71,78.76,28.62
71,54.18,18.57
71,43.92,44.31
71,53.44,29.95
71,53.97,40.8
71,49.58,39.35
71,70.11,46.0
71,72.66,31.41
71,34.53,30.18
71,53.31,21.81
71,54.24,28.03
71,57.76,37.75
71,82.18,25.01
71,49.42,37.47
71,80.31,50.14
71,58.1,29.1
71,80.43,19.54
71,55.96,29.45
71,54.43,18.35
71,59.71,48.68
71,76.8,34.93
71,62.06,25.99
71,62.72,27.84
71,68.28,21.0
71,48.56,45.12
71,64.38,54.21
71,51.83,17.56
71,79.13,45.48
71,65.44,31.3
71,69.01,47.94
71,33.49,13.83
71,69.19,36.48
71,57.69,29.51
71,41.32,41.25
71,61.23,34.67
71,40.26,34.24
71,67.94,32.83
71,78.64,51.19
71,36.72,32.08
71,59.61,43.51
71,57.86,40.91
71,34.14,43.78
71,71.91,22.84
71,68.13,41.78
71,86.34,37.71
71,66.45,20.92
71,48.57,31.66
71,66.69,59.24
71,76.7,29.69
71,53.96,29.96
71,71.08,38.96
71,29.39,28.05
71,79.18,35.54
71,70.41,29.06
71,26.92,38.43
71,64.97,33.32
71,34.18,55.47
71,52.06,34.51
71,68.83,31.55
71,58.23,45.32
71,76.34,18.7
71,60.83,52.61
71,59.51,23.13
71,74.28,47.12
71,55.61,50.02
71,59.67,28.22
71,61.39,29.27
71,59.12,32.8
71,75.08,40.84
71,51.33,23.02
71,49.21,32.8
71,46.2,30.55
71,32.16,21.34
71,79.29,22.5
71,48.29,35.41
71,56.9,35.22
71,80.25,25.6
71,58.16,34.87
71,66.69,26.88
71,41.53,48.38
71,78.18,32.87
71,58.42,46.07
71,46.76,15.38
71,46.75,37.55
71,81.97,40.56
71,52.38,32.48
71,47.04,28.07
71,54.37,32.31
71,60.59,42.17
71,61.97,20.68
71,65.78,41.71
71,63.05,37.5
71,68.41,31.13
71,56.45,31.6
71,86.94,34.68
71,53.65,52.24
71,77.58,37.83
71,52.21,23.63
71,41.44,29.21
71,38.33,21.41
71,63.95,13.21
71,75.11,21.22
71,45.04,35.32
71,48.59,48.01
71,65.02,44.95
71,59.97,21.29
71,52.39,25.23
71,43.37,23.67
71,64.02,5.6
71,68.49,32.16
71,66.39,42.84
71,60.34,31.22
71,46.28,20.05
71,64.09,24.7
71,63.12,30.38
71,42.93,42.47
71,56.07,31.99
71,64.76,40.98
71,58.98,33.11
71,34.51,36.6
71,51.68,23.66
71,50.81,26.46
71,67.27,20.19
71,93.78,40.62
71,61.74,30.8
71,44.43,0.0
72,77.45,33.78
72,94.24,53.95
72,85.27,38.47
72,60.47,41.58
72,105.0,45.58
72,85.35,41.92
72,90.62,25.18
72,79.88,45.91
72,84.16,29.89
72,90.1,37.32
72,74.45,35.46
72,105.0,46.59
72,98.9,38.32
72,94.72,18.75
72,86.16,57.01
72,78.1,43.18
72,101.39,27.94
72,95.94,21.49
72,82.81,44.44
72,73.9,22.79
72,67.51,42.81
72,88.37,45.76
72,84.76,26.85
72,103.41,25.87
72,100.9,28.83
72,88.51,23.12
72,86.95,36.53
72,73.02,38.1
72,101.79,42.0
72,87.26,24.83
72,95.87,43.24
72,103.3,23.14
72,80.65,43.23
72,77.24,17.65
72,105.0,51.25
72,95.73,28.26
72,84.38,40.59
72,104.12,41.46
72,83.99,20.04
72,92.23,43.19
72,80.61,27.94
72,87.78,30.63
72,84.44,26.63
72,78.23,51.75
72,91.16,21.13
72,79.7,38.73
72,95.49,27.14
72,84.04,46.0
72,65.64,59.53
72,96.07,27.07
72,96.29,35.54
72,105.0,29.76
72,88.23,45.42
72,90.38,31.26
72,94.22,43.96
72,101.26,29.62
72,100.44,58.68
72,92.14,9.89
72,87.57,38.15
72,98.95,33.88
72,87.03,33.49
72,71.24,37.14
72,68.48,34.64
72,84.19,36.41
72,89.56,38.49
72,105.0,53.24
72,86.44,3.58
72,88.61,54.32
72,82.74,62.16
72,96.04,14.74
72,91.64,34.53
72,79.7,49.08
72,74.85,44.1
72,82.77,52.44
72,77.04,38.09
72,84.99,11.64
72,89.84,48.35
72,81.48,40.99
72,105.0,50.13
72,103.07,17.13
72,85.02,20.62
72,75.47,34.18
72,87.61,48.66
72,86.26,51.73
72,87.18,26.02
72,82.83,29.53
72,74.36,65.59
72,88.45,27.92
72,83.44,41.43
72,84.59,29.03
72,89.22,39.22
72,87.1,24.47
72,88.94,24.78
72,82.84,29.92
72,92.68,28.0
72,78.67,30.65
72,73.86,39.78
72,76.43,54.79
72,79.2,27.5
72,71.26,23.13
72,65.99,34.1
72,94.54,24.64
72,104.57,16.01
72,95.25,45.71
72,81.72,34.89
72,65.69,35.96
72,90.5,12.8
72,67.11,27.57
72,86.87,18.43
72,77.61,33.77
72,58.35,35.48
72,105.0,35.47
72,71.67,26.66
72,83.37,24.62
72,86.32,31.87
72,81.88,37.93
72,94.04,27.63
72,78.37,23.69
72,92.96,24.16
72,92.14,26.76
72,70.09,29.02
72,91.07,21.92
72,74.3,29.1
72,72.85,47.6
72,91.78,30.76
72,82.69,20.37
72,92.85,9.16
72,92.96,54.2
72,69.44,46.53
72,97.63,37.13
72,91.71,46.79
72,80.37,39.8
72,86.23,33.17
72,98.0,20.36
72,83.85,54.99
72,105.0,29.19
72,105.0,29.79
72,89.52,34.41
72,85.04,34.6
72,85.6,40.32
72,80.19,39.06
72,89.63,27.65
72,96.94,34.28
72,70.46,39.97
72,96.36,26.72
72,100.14,49.91
72,95.44,33.78
72,86.31,51.58
72,94.9,18.69
72,104.89,41.2
72,87.24,24.21
72,88.31,27.02
72,105.0,43.95
72,91.99,31.49
72,74.91,62.57
72,99.35,39.7
72,93.23,26.35
72,79.48,39.72
72,73.65,31.39
72,91.1,43.15
72,87.22,30.74
72,71.82,38.47
72,86.85,36.18
72,86.03,34.86
72,87.19,45.46
72,94.39,14.16
72,65.1,35.07
72,73.54,26.29
72,81.67,19.16
72,105.0,24.78
72,105.0,27.18
72,88.06,31.41
72,88.59,37.71
72,56.24,39.97
72,99.76,29.5
72,93.85,51.43
72,91.68,29.92
72,71.8,12.59
72,105.0,30.21
72,105.0,34.52
72,91.83,0.0
72,100.9,47.28
72,88.66,32.91
72,98.67,21.32
72,71.01,23.44
72,58.44,42.38
72,71.5,43.72
72,77.52,26.86
72,79.63,19.09
72,93.83,35.44
72,84.65,37.46
72,87.63,40.22
72,72.6,27.81
72,71.47,32.66
72,88.53,34.22
72,80.95,44.63
72,88.06,48.62
72,95.08,51.61
72,105.0,48.33
73,73.17,22.15
73,52.34,52.3
73,79.94,9.82
73,42.11,32.31
73,90.74,33.17
73,47.32,32.74
73,71.54,16.94
73,78.78,20.96
73,65.97,44.54
73,33.35,49.24
73,47.68,29.41
73,64.64,23.76
73,68.26,14.37
73,57.68,44.35
73,60.97,45.0
73,40.9,3.08
73,83.07,7.34
73,55.09,35.5
73,70.25,36.93
73,78.25,28.75
73,44.98,33.64
73,61.66,31.28
73,63.61,34.29
73,56.65,24.09
73,72.06,33.87
73,51.33,26.58
73,60.71,25.67
73,55.18,13.46
73,90.23,32.07
73,51.38,42.83
73,69.68,30.42
73,83.36,30.11
73,48.06,47.81
73,61.24,45.27
73,47.18,53.08
73,33.83,58.83
73,49.79,34.65
73,52.59,21.27
73,53.36,28.27
73,56.1,40.3
73,60.08,49.84
73,44.44,22.46
73,64.57,36.81
73,75.77,25.28
73,77.3,32.39
73,56.62,32.22
73,71.62,38.19
73,51.15,56.36
73,55.54,39.23
73,65.18,29.27
73,55.65,27.46
73,43.57,31.9
73,70.83,24.41
73,49.23,35.54
73,53.24,7.48
73,73.76,31.68
73,66.98,32.55
73,62.29,21.23
73,40.9,29.8
73,44.88,46.32
73,65.17,47.11
73,68.19,28.14
73,63.29,39.76
73,53.84,17.52
73,53.41,30.74
73,62.81,36.54
73,43.73,50.8
73,61.19,47.12
73,41.95,36.3
73,46.32,23.97
73,62.32,48.94
73,67.58,30.26
73,64.44,38.93
73,45.51,32.65
73,35.68,55.91
73,59.89,27.29
73,35.31,44.08
73,72.28,33.05
73,45.94,40.26
73,89.04,51.82
73,47.49,11.95
73,66.02,33.28
73,50.42,24.17
73,57.81,38.9
73,62.39,41.6
73,71.18,28.82
73,73.25,28.26
73,69.46,36.24
73,73.49,19.99
73,51.99,37.67
73,68.43,25.01
73,55.57,42.07
73,72.82,19.5
73,61.5,27.76
73,68.06,25.74
73,63.79,30.72
73,69.88,49.14
73,49.5,43.31
73,39.57,28.72
73,72.86,28.71
73,77.48,43.74
73,58.49,21.2
73,70.54,34.25
73,38.82,27.34
73,51.92,32.11
73,61.07,42.9
73,37.44,26.64
73,40.12,44.72
73,62.05,58.2
73,52.13,40.64
73,55.49,33.08
73,54.72,46.73
73,43.31,21.8
73,57.17,50.73
73,59.82,25.72
73,52.42,57.85
73,53.48,26.11
73,57.35,41.28
73,70.66,16.84
73,58.77,31.65
73,34.96,22.12
73,44.48,18.14
73,72.11,47.26
73,51.09,20.5
73,58.85,25.91
73,85.02,24.63
73,68.21,46.54
73,32.07,45.19
73,78.78,47.97
73,61.95,25.35
73,64.8,48.85
73,63.95,25.26
73,71.87,25.7
73,58.96,26.31
73,40.74,26.71
73,64.21,33.0
73,42.04,24.77
73,83.62,36.55
73,55.29,5.3
73,59.33,36.51
73,51.21,22.01
73,64.41,26.64
73,65.91,26.9
73,51.18,44.37
73,65.89,39.55
73,60.88,32.18
73,58.75,26.13
73,50.23,42.61
73,90.09,53.74
73,75.38,33.69
73,69.47,16.42
73,74.64,26.27
73,63.9,40.15
73,55.46,29.13
73,25.64,24.55
73,44.15,24.08
73,88.15,35.01
73,75.08,17.13
73,62.63,33.62
73,39.49,34.97
73,68.25,29.06
73,56.39,22.53
73,69.07,45.2
73,45.55,19.34
73,53.63,35.9
73,71.51,42.01
73,85.06,35.75
73,51.44,47.54
73,47.01,21.51
73,73.3,25.3
73,43.62,28.93
73,44.56,68.0
73,63.46,39.59
73,87.11,41.65
73,48.97,41.19
73,55.19,34.87
73,61.45,45.54
73,53.85,13.43
73,37.03,37.05
73,70.43,38.71
73,62.42,45.21
73,64.77,21.29
73,58.16,22.1
73,79.67,22.79
73,53.44,39.75
74,105.0,33.2
74,91.72,21.28
74,89.61,42.05
74,85.3,47.56
74,100.1,23.71
74,93.06,32.31
74,105.0,28.72
74,72.22,45.83
74,67.91,49.59
74,78.38,28.73
74,95.19,0.0
74,82.43,46.68
74,104.52,34.5
74,82.88,34.54
74,102.06,44.6
74,77.2,30.0
74,103.38,27.07
74,105.0,30.09
74,80.66,39.38
74,94.36,43.67
74,91.48,51.96
74,94.72,38.44
74,104.7,32.41
74,100.65,43.75
74,94.68,23.32
74,96.62,49.61
74,71.5,36.33
74,87.47,31.48
74,73.68,23.35
74,87.76,40.9
74,102.52,30.91
74,87.91,32.96
74,55.43,15.62
74,74.39,29.22
74,95.55,27.75
74,80.99,38.6
74,98.19,31.06
74,72.31,4.86
74,92.96,29.43
74,93.62,18.0
74,98.27,22.53
74,79.48,45.04
74,98.14,15.42
74,105.0,37.24
74,58.45,28.42
74,88.67,26.3
74,64.52,23.23
74,76.82,37.51
74,77.88,38.75
74,87.14,15.02
74,92.91,46.66
74,99.76,20.95
74,91.43,38.27
74,96.76,21.01
74,73.98,28.95
74,101.74,19.93
74,45.15,28.18
74,105.0,31.79
74,105.0,21.36
74,97.75,37.46
74,105.0,38.9
74,64.55,63.77
74,98.13,44.22
74,89.76,46.94
74,91.17,14.54
74,72.87,12.46
74,93.13,30.73
74,92.52,53.65
74,79.04,61.22
74,87.11,26.44
74,70.91,27.55
74,82.86,39.98
74,100.49,31.83
74,100.75,32.11
74,97.99,40.98
74,100.49,63.87
74,100.66,48.35
74,79.63,54.56
74,92.41,13.71
74,102.13,45.82
74,70.07,23.55
74,69.99,52.44
74,69.27,48.93
74,64.79,40.64
74,74.34,25.83
74,81.17,28.68
74,105.0,29.57
74,82.31,42.39
74,68.29,38.44
74,90.16,49.62
74,85.54,51.72
74,77.83,24.7
74,80.35,39.23
74,101.87,39.09
74,69.67,32.95
74,66.34,44.36
74,94.07,39.4
74,80.02,27.68
74,105.0,32.44
74,85.99,30.16
74,86.7,26.0
74,98.23,33.06
74,66.26,19.73
74,92.39,39.21
74,83.25,49.45
74,101.35,34.56
74,79.59,44.41
74,90.3,35.71
74,83.33,22.76
74,93.37,56.08
74,84.74,7.35
74,91.41,34.11
74,105.0,25.55
74,84.28,51.4
74,93.24,36.38
74,105.0,62.11
74,93.07,34.4
74,56.36,25.63
74,79.34,15.19
74,72.35,46.17
74,99.99,24.82
74,86.78,29.38
74,101.83,47.51
74,95.95,45.59
74,95.89,27.29
74,72.1,29.01
74,94.56,14.68
74,105.0,11.39
74,69.19,42.4
74,83.88,43.61
74,92.61,37.93
74,89.27,36.06
74,105.0,26.23
74,97.47,50.15
74,93.28,14.38
74,98.63,28.85
74,97.94,35.77
74,88.53,34.0
74,83.39,33.98
74,100.87,28.29
74,78.34,39.95
75,43.68,22.36
75,48.06,20.47
75,50.8,22.41
75,25.11,48.67
75,26.33,39.63
75,49.74,44.61
75,40.09,39.61
75,40.88,45.91
75,55.4,34.3
75,35.15,50.67
75,16.63,20.45
75,69.54,33.25
75,63.73,22.73
75,63.56,47.66
75,33.43,38.62
75,46.99,47.05
75,31.51,18.56
75,47.22,27.37
75,43.48,14.38
75,33.99,37.97
75,54.54,29.29
75,44.64,42.31
75,70.4,34.35
75,49.12,10.57
75,14.88,15.74
75,24.44,34.91
75,75.24,39.12
75,43.33,9.62
75,51.12,33.08
75,48.13,22.81
75,66.41,21.79
75,23.21,26.79
75,65.28,35.36
75,64.38,26.23
75,48.08,12.15
75,53.37,35.27
75,43.18,30.14
75,26.09,23.68
75,55.54,30.61
75,51.21,30.17
75,51.48,34.48
75,54.27,31.27
75,40.14,35.82
75,67.41,33.47
75,48.11,43.02
75,55.04,51.43
75,44.46,33.83
75,61.65,27.16
75,49.35,18.19
75,46.89,41.11
75,63.7,24.07
75,25.6,59.82
75,44.36,64.57
75,40.04,31.66
75,52.86,15.68
75,52.11,41.19
75,47.85,57.09
75,38.72,19.56
75,47.69,54.88
75,52.2,13.66
75,45.68,18.0
75,62.4,37.4
75,55.96,45.18
75,48.25,33.27
75,17.5,38.94
75,45.16,46.15
75,56.19,47.42
75,44.37,27.15
75,51.94,24.5
75,45.08,45.59
75,51.02,39.0
75,66.21,40.48
75,58.23,26.73
75,31.16,41.02
75,26.45,21.96
75,53.75,36.72
75,63.18,35.23
75,26.41,35.31
75,45.27,42.59
75,78.85,22.78
75,44.51,41.45
75,80.84,34.23
75,37.29,25.29
75,39.59,19.46
75,38.86,54.78
75,31.37,33.24
75,26.01,30.1
75,45.12,21.42
75,49.88,45.98
75,38.68,45.12
75,41.81,43.0
75,66.8,33.33
75,60.63,42.26
75,44.64,24.94
75,53.59,36.39
75,26.73,33.4
75,51.51,36.94
75,47.19,14.06
75,43.14,54.57
75,48.43,51.8
75,46.33,21.35
75,30.92,40.35
75,69.84,17.64
75,60.36,34.92
75,42.96,9.85
75,25.11,30.79
75,16.07,28.63
75,74.06,46.72
75,45.74,52.35
75,57.92,52.6
75,35.67,46.74
75,44.0,34.91
75,44.67,38.27
75,51.14,38.22
75,49.17,21.02
75,36.01,46.61
75,35.88,41.59
75,46.94,42.1
75,25.19,8.9
75,37.3,38.98
75,46.0,45.06
75,53.17,33.83
75,67.54,28.49
75,41.81,19.01
75,48.47,18.22
75,23.72,35.7
75,52.35,31.42
75,36.18,31.26
75,43.99,50.82
75,54.19,20.18
75,54.73,30.2
75,29.1,52.64
75,58.43,30.57
75,47.49,34.73
75,64.47,32.07
75,67.0,41.76
75,68.88,11.39
75,29.48,31.76
75,53.23,34.6
75,27.49,23.02
75,64.92,37.78
75,66.77,42.65
75,60.71,38.97
75,42.48,53.57
75,55.08,29.23
75,40.82,39.48
75,48.18,39.24
75,46.8,31.41
75,22.02,46.47
75,37.48,37.17
75,77.52,20.79
75,46.87,42.26
75,50.08,28.51
75,47.89,30.45
75,42.66,31.26
75,48.47,42.09
75,42.71,45.87
75,18.32,32.25
75,58.22,31.61
75,68.97,11.48
75,32.87,26.19
75,42.63,23.59
75,67.5,37.42
75,37.97,32.82
75,53.04,24.0
75,104.25,35.68
75,56.22,33.26
75,48.89,6.06
75,59.46,46.19
75,58.1,45.12
75,39.39,31.38
75,25.43,37.88
75,55.72,30.42
75,57.67,16.35
75,44.13,57.8
75,69.39,42.25
75,66.78,44.35
75,58.07,30.87
75,44.38,46.39
75,20.82,18.93
75,45.73,31.3
75,24.13,42.14
75,17.36,27.11
75,56.41,44.02
75,63.24,37.34
75,22.64,36.31
75,44.66,26.08
75,47.77,38.45
75,44.2,55.26
75,30.08,35.93
75,65.3,40.12
75,30.44,41.74
75,22.66,21.41
75,30.13,32.54
75,54.26,32.21
75,44.53,10.63
75,37.99,42.68
75,54.86,23.75
75,52.32,41.48
75,18.0,25.66
75,54.73,56.46
75,63.36,30.94
75,46.4,55.13
75,44.95,32.1
75,72.62,33.41
75,38.77,51.23
75,45.85,23.91
75,52.3,34.55
75,48.63,39.93
75,44.46,38.44
75,49.16,34.47
75,68.4,32.96
75,58.5,43.31
75,47.03,35.94
75,36.77,44.63
75,38.5,38.31
75,60.35,41.15
75,27.29,46.47
75,79.24,30.59
75,47.59,46.17
75,30.08,32.28
75,50.37,18.59
75,37.59,30.38
75,42.55,26.05
75,28.36,38.13
75,44.9,30.86
75,20.41,35.41
75,40.2,45.16
75,37.25,50.34
75,41.47,37.22
75,38.07,45.94
75,48.44,32.05
75,59.54,16.81
75,52.69,21.03
75,64.89,31.85
75,41.52,42.75
75,52.22,31.88
75,52.73,47.04
75,62.97,54.15
75,38.5,24.23
75,58.25,57.37
75,36.85,16.02
75,40.59,54.34
75,43.34,33.63
75,53.89,31.44
75,33.87,33.91
75,35.68,25.2
75,39.61,50.52
75,48.63,26.39
75,35.83,27.79
75,51.43,18.83
75,43.35,25.96
75,56.55,26.3
75,48.82,25.56
75,70.78,32.07
75,49.57,21.74
75,32.16,51.54
75,45.23,32.32
75,48.27,38.11
75,36.19,43.48
75,67.72,56.27
75,43.97,44.01
75,39.62,31.27
75,50.36,22.2
75,36.22,37.72
75,60.56,45.69
75,57.95,35.56
75,49.7,34.72
75,55.69,36.35
75,41.5,13.43
75,28.46,35.61
75,43.77,42.06
75,41.48,33.5
75,21.53,46.36
76,35.74,36.91
76,30.56,18.29
76,3.63,38.3
76,27.57,24.37
76,16.6,38.34
76,31.74,25.91
76,38.88,40.5
76,27.17,32.32
76,18.3,21.4
76,33.04,30.8
76,61.77,58.26
76,1.76,9.0
76,33.03,35.83
76,22.93,22.88
76,24.46,49.15
76,28.64,42.98
76,25.53,36.05
76,37.82,44.09
76,26.86,36.69
76,1.9,34.07
76,46.64,27.41
76,44.68,30.03
76,22.11,28.9
76,30.65,34.11
76,45.83,13.19
76,43.43,45.33
76,47.65,55.42
76,34.87,29.25
76,40.0,46.92
76,48.31,32.52
76,25.54,27.37
76,35.73,29.8
76,2.09,34.94
76,9.46,26.07
76,36.5,40.67
76,38.48,28.29
76,24.97,22.19
76,22.12,33.78
76,25.38,26.37
76,32.49,30.4
76,0.0,33.4
76,36.05,19.26
76,30.42,50.05
76,33.22,42.94
76,28.39,27.07
76,12.02,33.79
76,15.72,40.99
76,49.81,36.3
76,21.65,54.68
76,40.5,31.37
76,15.93,47.08
76,29.81,19.32
76,24.27,21.01
76,26.26,52.53
76,25.58,29.25
76,48.77,21.16
76,55.06,33.48
76,33.09,47.9
76,24.63,25.6
76,12.72,33.54
76,11.83,13.6
76,48.84,28.84
76,10.91,44.97
76,24.28,25.37
76,32.02,20.01
76,0.0,25.46
76,13.74,27.29
76,12.6,42.41
76,21.35,38.18
76,33.36,40.3
76,43.36,34.31
76,21.37,27.18
76,24.0,25.46
76,28.45,38.76
76,19.53,51.48
76,35.43,23.65
76,35.83,22.8
76,0.0,21.51
76,38.31,43.15
76,31.65,33.54
76,33.36,40.11
76,45.33,28.41
76,6.78,40.8
76,13.68,30.84
76,29.09,17.01
76,0.0,44.15
76,27.25,33.6
76,41.0,30.59
76,35.16,37.09
76,31.03,18.11
76,26.97,38.74
76,24.44,27.45
76,23.69,32.28
76,32.97,46.53
76,9.84,41.06
76,49.02,32.06
76,20.41,32.89
76,37.25,5.83
76,31.04,24.96
76,15.0,35.84
76,46.8,25.59
76,44.06,19.41
76,9.58,39.28
76,29.04,48.37
76,32.7,26.06
76,3.07,43.63
76,2.43,41.97
76,19.16,23.26
76,12.93,26.0
76,16.43,53.83
76,12.93,21.71
76,28.41,27.3
76,18.4,55.62
76,44.48,27.74
76,32.34,48.88
76,40.33,22.76
76,8.05,35.52
76,21.83,45.95
76,31.77,28.86
76,35.89,35.1
76,21.58,42.19
76,23.49,24.08
76,24.91,58.64
76,26.13,45.41
76,58.13,30.07
76,34.07,31.42
76,30.52,55.03
76,13.63,30.1
76,13.94,28.81
76,27.23,46.61
76,44.69,18.59
76,27.41,33.14
76,27.97,34.93
76,20.32,26.26
76,7.36,16.78
76,35.68,34.76
76,26.69,41.57
76,35.8,26.53
76,32.01,21.02
76,17.47,47.82
76,32.93,39.81
76,13.22,30.02
76,32.83,44.13
76,29.18,36.66
76,50.03,53.68
76,18.73,41.31
76,12.75,18.71
76,24.63,26.75
76,37.92,27.28
76,0.0,37.41
76,41.38,30.66
76,27.29,21.6
76,15.16,40.48
76,25.22,45.0
76,20.37,32.87
76,14.07,36.3
76,4.8,23.36
76,39.5,28.25
76,22.73,28.7
76,24.91,40.14
76,40.98,36.82
76,30.73,30.37
76,9.73,29.94
76,38.75,12.35
76,49.29,51.66
76,36.54,11.06
76,18.75,38.64
76,10.85,34.41
76,18.28,31.08
76,31.34,33.91
76,48.54,26.71
76,20.13,41.18
76,21.56,19.55
76,43.28,37.61
76,24.36,26.54
76,52.28,29.3
76,28.07,29.6
76,45.18,32.18
76,34.98,39.52
76,39.19,33.61
76,27.7,44.26
76,28.55,45.49
76,35.45,37.4
76,40.38,41.51
76,36.84,56.27
76,7.02,18.45
76,33.35,45.84
76,21.46,50.99
76,22.9,38.77
76,35.95,54.94
76,52.07,53.51
76,26.98,30.29
76,55.65,31.14
76,15.74,39.84
76,46.01,27.13
76,35.6,63.82
76,32.71,42.68
76,47.98,34.51
76,21.73,18.49
76,46.61,36.77
76,27.29,20.96
76,21.65,42.36
76,12.75,6.48
76,50.61,49.22
76,44.84,29.33
76,23.79,15.39
76,37.09,33.82
76,31.65,34.19
76,25.41,33.29
76,42.54,49.18
76,21.87,38.19
76,1.51,42.76
76,33.38,31.26
76,30.87,38.7
76,22.29,19.61
76,18.4,36.84
76,9.73,25.66
76,25.28,48.52
76,18.62,34.83
76,42.54,41.29
76,36.71,36.89
76,23.7,53.87
76,36.8,16.84
76,28.6,32.75
76,26.5,23.44
76,29.29,11.45
76,53.03,22.72
76,38.37,46.89
76,26.12,33.67
76,41.62,31.58
76,41.15,42.51
76,33.38,35.27
76,25.73,40.75
76,24.87,37.55
76,16.02,39.97
76,32.35,29.05
76,22.07,45.52
76,24.32,20.67
76,38.11,33.05
76,51.93,46.07
76,34.86,32.31
76,28.63,29.26
76,29.76,59.17
76,44.79,49.6
76,35.04,35.56
76,32.52,23.32
77,51.15,24.92
77,23.76,25.62
77,48.08,0.0
77,39.67,0.0
77,48.1,24.99
77,71.26,10.84
77,56.26,0.0
77,53.49,5.97
77,45.41,9.17
77,51.39,10.56
77,36.6,22.41
77,53.21,3.78
77,43.49,24.29
77,35.31,17.14
77,56.6,0.0
77,16.99,10.49
77,38.92,19.44
77,53.97,14.44
77,61.92,18.17
77,52.13,7.54
77,37.26,20.1
77,45.34,9.62
77,49.79,42.01
77,66.29,0.0
77,57.97,43.68
77,58.06,3.54
77,46.85,27.98
77,32.08,23.1
77,27.72,3.99
77,42.08,20.59
77,55.09,8.55
77,39.48,17.02
77,53.44,15.63
77,35.67,10.16
77,37.67,9.24
77,64.3,17.75
77,55.97,4.06
77,42.02,4.47
77,35.2,24.5
77,58.34,18.71
77,57.39,0.0
77,54.31,2.96
77,43.69,0.0
77,31.77,24.01
77,45.81,21.57
77,64.3,2.02
77,34.18,21.15
77,46.62,35.84
77,67.27,0.0
77,42.04,7.23
77,44.34,0.0
77,28.44,24.43
77,54.1,12.94
77,36.37,9.62
77,25.79,16.5
77,33.6,7.87
77,48.71,9.58
77,25.46,17.02
77,27.98,7.29
77,53.27,8.84
77,45.06,12.28
77,34.12,15.0
77,41.82,20.62
77,68.6,20.42
77,62.66,0.0
77,44.6,29.49
77,56.61,14.65
77,47.57,10.35
77,22.94,4.06
77,20.61,35.88
77,34.18,39.96
77,25.52,34.53
77,49.53,15.34
77,38.85,17.79
77,51.53,30.4
77,51.73,11.35
77,54.97,19.95
77,33.9,16.5
77,52.7,35.11
77,33.58,29.8
77,55.25,12.48
77,61.89,30.78
77,55.4,13.96
77,43.7,8.0
77,53.37,10.86
77,26.07,15.62
77,23.14,5.36
77,52.07,8.31
77,63.0,0.0
77,29.99,4.95
77,46.2,16.58
77,51.71,25.46
77,38.01,24.05
77,41.59,18.73
77,53.97,0.0
77,47.41,4.53
77,47.46,11.83
77,33.23,24.59
77,45.6,7.87
77,40.83,0.58
77,41.52,29.93
77,38.96,5.92
77,45.65,1.59
77,34.71,16.5
77,46.16,13.45
77,41.25,8.5
77,33.88,14.0
77,20.67,3.81
77,58.32,8.37
77,55.7,13.6
77,35.54,0.0
77,54.86,24.51
77,32.68,0.0
77,42.01,3.67
77,39.11,25.0
77,42.39,20.26
77,54.4,14.96
77,40.78,0.0
77,41.58,7.34
77,55.66,11.62
77,46.8,12.42
77,38.31,26.56
77,49.13,35.94
78,89.79,53.41
78,66.34,54.59
78,39.89,56.05
78,57.76,54.57
78,43.17,52.58
78,69.01,48.14
78,71.68,45.06
78,53.3,57.22
78,62.9,68.0
78,55.46,64.96
78,72.35,60.27
78,62.9,68.0
78,87.13,56.21
78,76.21,45.12
78,94.86,52.16
78,68.09,55.33
78,101.88,50.36
78,74.03,62.71
78,67.13,66.29
78,105.0,36.95
78,50.23,54.4
78,66.82,24.07
78,52.35,54.99
78,50.1,54.87
78,47.13,68.0
78,82.02,68.0
78,56.72,66.26
78,70.69,45.44
78,85.59,44.81
78,80.02,43.94
78,79.38,68.0
78,89.78,45.99
78,94.92,51.76
78,57.73,46.1
78,80.28,42.16
78,70.46,59.66
78,72.09,57.69
78,54.35,31.53
78,67.08,41.68
78,68.5,58.81
78,92.59,55.21
78,58.98,51.59
78,42.99,62.66
78,73.92,40.13
78,57.66,49.46
78,72.19,61.7
78,82.59,48.86
78,72.7,59.44
78,68.39,43.39
78,71.96,46.94
78,85.02,36.4
78,58.99,33.37
78,83.47,50.76
78,60.94,60.95
78,81.83,54.74
78,53.94,68.0
78,81.05,51.68
78,72.68,32.68
78,75.26,59.79
78,86.47,44.14
78,63.33,57.38
78,73.67,30.86
78,77.94,52.97
78,70.11,63.73
78,83.32,62.39
78,78.29,53.24
78,66.46,55.44
78,90.39,50.53
78,81.3,52.72
78,63.05,62.89
78,62.92,47.75
78,71.15,48.83
78,79.82,38.62
78,45.23,63.11
78,63.59,52.48
78,66.49,42.11
78,55.31,65.05
78,60.72,54.89
78,75.78,47.24
78,67.64,65.22
78,68.67,51.64
78,56.08,38.14
78,71.22,65.94
78,54.45,46.16
78,92.97,68.0
78,96.66,50.5
78,67.85,33.23
78,59.41,68.0
78,85.11,54.78
78,81.7,58.22
78,98.37,59.6
78,101.83,40.43
78,47.65,31.57
78,89.06,68.0
78,71.11,38.2
78,81.14,68.0
78,84.11,61.19
78,83.57,57.33
78,87.0,50.25
78,66.72,68.0
78,61.61,47.78
78,89.43,48.09
78,62.67,62.81
78,98.2,48.0
78,64.06,44.28
78,69.05,54.78
78,71.52,62.98
78,53.97,68.0
78,54.0,68.0
78,85.86,35.72
78,51.64,66.89
78,105.0,44.6
78,72.78,45.14
78,60.62,49.49
78,79.46,48.79
78,42.0,43.66
78,69.66,29.85
78,71.33,68.0
78,57.54,65.32
78,65.79,55.25
78,93.84,44.79
78,76.38,68.0
78,79.19,54.74
78,63.77,49.11
78,56.8,37.35
78,70.87,61.36
78,42.05,51.76
78,59.74,58.31
78,57.72,57.29
78,47.5,62.43
78,82.44,57.83
78,72.3,52.09
78,65.94,61.55
78,82.72,65.9
78,52.62,68.0
78,56.53,43.12
78,88.53,67.68
78,103.66,37.98
78,82.89,66.61
78,80.13,48.95
78,66.44,64.71
78,66.73,68.0
78,76.95,57.97
78,91.85,55.48
78,79.55,54.92
78,86.45,50.82
78,62.09,68.0
78,82.02,54.81
78,65.27,32.07
78,75.82,65.73
78,82.01,65.15
78,67.09,56.47
78,60.78,47.33
78,78.71,43.24
78,72.25,47.36
78,75.77,58.19
78,82.54,35.72
78,90.99,60.67
78,82.62,56.8
78,80.92,68.0
78,67.5,63.71
78,69.49,48.05
78,79.91,37.4
78,69.28,46.97
78,79.85,68.0
78,63.4,59.24
78,99.08,62.57
78,76.52,49.08
78,75.66,61.33
78,67.73,39.28
78,98.87,66.29
78,57.71,43.29
78,64.86,34.28
78,85.1,68.0
78,77.12,57.48
78,66.5,57.18
78,66.87,35.43
78,70.22,62.85
78,75.33,65.75
78,94.2,53.81
78,81.87,65.79
78,87.3,68.0
78,68.35,61.78
78,80.7,32.17
78,53.79,43.33
78,76.37,68.0
78,75.53,56.91
78,97.68,56.96
78,94.25,46.85
78,70.64,48.99
78,63.38,68.0
78,63.73,68.0
78,70.17,64.77
78,90.92,62.07
78,79.39,62.89
78,80.73,55.23
78,84.55,42.76
78,61.08,40.38
78,64.78,68.0
78,80.76,55.64
78,63.87,61.25
78,54.16,58.32
78,59.93,58.88
78,87.71,59.79
78,69.14,63.67
78,76.94,47.56
78,60.58,68.0
78,78.93,47.88
78,70.5,58.63
78,79.8,42.99
78,67.79,54.17
78,80.56,48.74
78,67.15,56.27
78,72.96,64.09
78,70.47,56.84
78,74.34,68.0
78,77.63,64.76
78,67.57,53.49
78,72.44,55.05
78,76.42,60.16
78,80.6,63.75
78,73.01,42.43
78,62.47,63.0
78,75.12,42.71
78,82.71,61.94
78,56.67,68.0
78,56.82,59.3
78,65.39,30.42
78,71.5,36.39
78,45.44,62.19
78,81.46,29.01
78,71.63,62.71
78,43.44,66.83
78,59.53,68.0
78,70.09,53.34
78,50.96,60.82
78,86.62,58.3
78,76.43,39.8
78,82.82,64.2
78,60.62,68.0
78,79.35,63.58
78,65.41,50.47
78,71.5,64.14
78,78.59,68.0
78,73.09,68.0
78,84.51,67.3
78,75.81,38.49
78,67.98,60.38
78,84.96,63.1
78,87.7,67.43
78,75.14,61.67
78,91.37,68.0
79,85.74,68.0
79,94.05,44.96
79,62.45,50.52
79,93.61,57.46
79,84.59,68.0
79,71.57,42.87
79,62.19,48.18
79,76.55,62.52
79,77.71,64.22
79,78.44,58.33
79,65.85,54.72
79,81.92,57.43
79,68.73,39.42
79,89.82,57.12
79,96.23,68.0
79,63.44,41.48
79,74.78,47.38
79,86.64,51.63
79,77.59,52.33
79,56.42,68.0
79,85.24,45.75
79,66.12,43.55
79,76.61,64.48
79,61.08,48.88
79,84.33,64.66
79,68.53,53.83
79,85.71,61.05
79,71.21,38.75
79,67.74,61.01
79,79.36,58.4
79,60.03,53.19
79,97.38,42.44
79,76.41,58.39
79,66.64,63.96
79,68.81,50.16
79,74.23,50.37
79,86.95,64.73
79,62.37,68.0
79,69.21,66.34
79,73.36,58.52
79,94.05,53.32
79,86.99,55.7
79,94.67,41.42
79,74.4,54.3
79,92.63,68.0
79,90.47,56.44
79,83.06,49.12
79,84.1,48.1
79,66.27,55.65
79,97.77,42.42
79,70.81,46.01
79,81.28,68.0
79,82.8,44.6
79,56.17,47.18
79,73.34,59.2
79,76.64,51.14
79,72.53,56.97
79,73.49,65.49
79,93.4,38.98
79,63.25,64.3
79,57.51,49.59
79,66.38,52.85
79,83.68,68.0
79,84.94,40.57
79,81.88,62.5
79,85.85,68.0
79,77.33,48.48
79,67.27,48.65
79,61.71,51.94
79,57.59,48.42
79,71.05,56.73
79,84.25,65.82
79,77.08,52.0
79,74.3,66.21
79,60.28,68.0
79,105.0,60.74
79,63.27,61.78
79,75.57,49.47
79,87.04,27.15
79,74.55,62.44
79,63.51,64.76
79,84.51,58.67
79,56.59,66.01
79,96.65,49.97
79,77.67,61.7
79,70.71,68.0
79,55.59,63.32
79,59.02,68.0
79,73.32,68.0
79,98.61,42.56
79,77.03,63.91
79,78.51,49.05
79,79.02,43.82
79,104.73,52.86
79,68.26,68.0
79,94.35,50.02
79,68.82,36.66
79,64.85,40.11
79,72.97,61.26
79,72.9,47.65
79,81.31,33.52
79,43.79,40.54
79,75.92,57.84
79,66.22,64.57
79,64.59,51.1
79,57.15,63.14
79,69.26,66.06
79,67.28,47.38
79,68.45,54.67
79,52.7,49.39
79,75.28,61.93
79,63.71,49.27
79,52.74,42.66
79,66.87,56.58
79,63.94,68.0
79,74.53,61.62
79,66.7,67.08
79,55.16,66.11
79,62.45,56.46
79,51.55,49.43
79,88.78,46.43
79,90.87,38.55
79,92.45,68.0
79,66.33,52.36
79,90.86,37.25
79,79.29,68.0
79,63.31,57.04
79,65.83,66.65
79,71.76,53.12
79,75.33,47.27
79,78.72,60.9
79,73.98,61.81
79,69.47,52.92
79,91.58,68.0
79,72.52,66.4
79,71.78,62.21
79,71.18,43.79
79,72.53,42.24
79,56.29,68.0
79,60.96,31.93
79,105.0,55.0
79,52.54,57.61
79,77.53,50.61
79,78.45,55.61
79,87.17,60.62
79,78.77,49.54
79,98.58,65.7
79,77.12,62.41
79,91.52,54.02
79,87.52,46.91
79,94.05,55.0
79,74.32,68.0
79,79.17,47.67
79,69.2,68.0
79,76.08,36.69
79,76.79,46.53
79,46.99,50.03
79,72.14,66.44
79,85.57,56.61
79,56.45,68.0
79,61.18,52.34
79,89.02,55.41
79,91.46,52.38
79,65.93,68.0
79,76.26,43.68
79,72.99,50.41
79,89.3,45.24
79,67.07,62.31
79,69.08,43.45
80,93.36,38.76
80,94.02,32.27
80,87.74,41.63
80,89.58,33.6
80,89.1,36.02
80,94.75,47.49
80,77.31,21.15
80,75.1,24.5
80,98.67,29.39
80,87.98,31.0
80,61.92,46.72
80,81.82,18.44
80,105.0,33.68
80,85.92,27.94
80,81.1,52.71
80,68.57,43.72
80,80.62,36.63
80,72.87,44.66
80,93.58,19.49
80,88.64,56.3
80,83.27,24.74
80,78.09,47.83
80,105.0,40.07
80,78.83,36.91
80,78.88,47.37
80,84.84,44.96
80,86.66,35.18
80,94.27,29.36
80,100.1,35.35
80,99.12,32.87
80,105.0,37.89
80,65.99,45.23
80,91.0,39.15
80,81.23,36.03
80,105.0,26.81
80,90.28,37.57
80,61.61,15.34
80,93.64,25.23
80,91.47,40.67
80,97.85,43.74
80,78.59,33.77
80,92.26,36.21
80,84.48,38.07
80,79.27,41.5
80,92.46,31.78
80,89.99,23.19
80,101.65,38.26
80,88.35,55.54
80,95.85,23.85
80,72.3,32.6
80,105.0,29.75
80,77.9,60.55
80,99.74,23.43
80,91.42,32.23
80,89.77,29.99
80,97.88,20.2
80,60.18,19.6
80,80.54,40.25
80,97.7,41.8
80,105.0,27.85
80,87.68,49.5
80,56.31,9.24
80,83.88,20.16
80,87.22,24.93
80,102.42,33.9
80,88.63,29.04
80,71.4,31.79
80,100.53,39.34
80,95.39,50.03
80,78.91,42.83
80,97.36,34.62
80,80.89,33.12
80,84.12,46.12
80,81.11,54.73
80,83.97,41.02
80,99.79,28.61
80,64.78,36.85
80,102.35,40.38
80,90.29,27.89
80,82.93,43.52
80,88.27,36.9
80,76.18,46.81
80,66.79,23.26
80,76.55,14.84
80,63.36,29.68
80,70.42,34.26
80,66.9,14.19
80,103.91,27.31
80,71.31,48.12
80,87.46,39.87
80,102.52,35.52
80,99.05,22.39
80,84.16,47.75
80,84.22,29.41
80,90.34,35.04
80,105.0,38.48
80,93.37,35.88
80,96.69,50.41
80,105.0,40.33
80,91.61,37.72
80,102.92,33.05
80,94.21,38.75
80,94.02,31.69
80,75.48,36.08
80,73.32,30.24
80,81.34,28.51
80,99.47,23.92
80,98.85,31.02
80,105.0,30.3
80,87.86,54.12
80,94.99,44.91
80,95.05,32.53
80,86.6,29.34
80,83.82,40.77
80,68.7,55.37
80,86.02,42.76
80,86.65,15.08
80,102.75,43.49
80,104.03,45.44
80,89.89,58.19
80,105.0,31.27
80,90.47,35.52
80,101.43,38.95
80,86.7,25.6
80,73.18,24.6
80,82.47,38.39
80,105.0,17.03
80,84.57,19.51
80,81.94,42.97
80,87.95,39.48
80,82.94,47.75
80,103.52,39.1
80,105.0,34.11
80,88.08,48.18
80,95.03,29.35
80,100.63,30.33
80,89.41,33.29
80,76.59,38.96
80,82.68,33.27
80,93.36,17.66
80,93.12,31.07
80,64.7,33.65
80,82.32,35.26
80,78.42,29.06
80,99.47,39.56
80,78.92,16.28
80,82.01,38.57
80,81.55,53.72
80,98.29,27.33
80,100.59,34.63
80,94.42,31.28
80,102.38,31.47
80,104.06,22.69
80,64.47,55.91
80,95.69,38.24
80,83.19,26.62
80,71.66,25.37
80,83.84,34.68
80,97.5,10.16
80,105.0,45.58
80,70.51,28.35
80,96.04,38.28
80,105.0,38.79
80,105.0,44.62
80,43.11,39.42
80,105.0,42.17
80,100.49,45.21
80,58.0,30.37
80,78.05,57.67
80,104.35,37.88
80,92.68,33.69
80,80.54,24.75
80,88.86,31.72
80,95.1,38.42
80,80.47,35.05
80,86.35,54.1
80,99.66,29.71
80,78.89,41.47
80,70.36,21.62
80,79.71,58.02
80,76.44,20.87
80,80.14,56.82
80,65.54,32.51
80,91.06,9.42
80,99.28,48.87
80,77.45,34.91
80,79.52,29.01
80,85.56,41.06
80,76.15,41.31
80,100.79,38.56
80,76.45,46.49
80,81.16,36.78
80,78.08,41.15
80,101.1,28.26
80,85.0,42.42
80,105.0,28.31
80,92.6,21.63
80,103.06,31.73
80,83.78,30.97
80,75.75,44.21
80,87.57,18.01
80,79.17,46.03
80,62.02,27.15
80,101.18,6.89
80,88.43,20.72
80,78.9,30.62
80,92.89,38.89
80,88.61,32.53
80,105.0,20.7
81,44.82,46.64
81,53.98,68.0
81,22.99,68.0
81,39.06,64.34
81,72.37,48.57
81,54.33,45.3
81,42.15,68.0
81,33.16,42.09
81,60.4,54.43
81,65.92,68.0
81,31.07,55.36
81,32.3,50.77
81,49.62,66.76
81,50.84,54.79
81,52.28,56.16
81,69.96,68.0
81,33.37,26.01
81,46.52,57.95
81,55.38,45.57
81,55.24,51.72
81,37.58,55.24
81,38.09,46.57
81,40.03,56.51
81,68.14,58.24
81,33.28,56.24
81,41.78,55.23
81,56.08,52.71
81,31.85,52.92
81,49.35,54.87
81,21.31,43.63
81,48.5,67.97
81,46.68,53.0
81,48.13,49.56
81,34.7,58.35
81,48.96,52.74
81,45.49,67.67
81,62.89,63.84
81,54.29,55.02
81,27.16,64.33
81,35.18,56.59
81,37.99,41.3
81,48.35,63.79
81,43.8,33.1
81,43.75,15.31
81,82.63,61.68
81,39.33,58.88
81,64.08,58.14
81,44.08,68.0
81,17.68,53.73
81,48.49,49.84
81,60.55,62.76
81,54.23,46.15
81,49.33,51.38
81,46.31,56.78
81,39.57,57.66
81,57.65,50.34
81,40.36,48.6
81,37.68,41.68
81,51.34,45.34
81,42.1,68.0
81,62.65,51.08
81,52.07,56.08
81,35.89,37.6
81,31.12,68.0
81,38.54,44.52
81,76.39,41.07
81,42.91,53.33
81,55.86,44.18
81,29.03,58.01
81,31.92,37.37
81,43.55,66.51
81,68.11,64.34
81,29.22,52.69
81,37.81,35.79
81,57.72,45.07
81,66.7,54.69
81,51.69,40.68
81,54.79,42.47
81,34.34,65.54
81,28.8,55.7
81,31.1,55.36
81,34.65,59.8
81,48.93,52.2
81,30.14,53.35
81,49.26,59.02
81,41.9,62.9
81,38.69,59.48
81,57.51,68.0
81,33.53,54.27
81,64.66,39.18
81,56.8,65.97
81,33.13,51.3
81,61.63,45.54
81,31.59,61.84
81,62.81,58.08
81,50.33,39.93
81,25.47,61.38
81,29.16,68.0
81,40.74,57.56
81,57.28,51.18
81,43.78,35.64
81,43.46,68.0
81,46.52,48.31
81,20.06,38.51
81,56.71,55.22
81,63.42,65.09
81,56.26,67.6
81,40.49,46.61
81,34.49,52.92
81,31.93,54.0
81,31.27,64.74
81,75.44,60.52
81,44.98,56.98
81,57.76,64.06
81,57.05,39.02
81,47.85,58.63
81,33.89,56.44
81,52.74,53.45
81,31.93,51.25
81,53.83,55.48
81,32.52,47.73
81,40.33,68.0
81,40.31,68.0
81,64.19,66.02
81,14.36,48.17
81,76.3,43.47
81,35.52,51.67
81,44.4,55.26
81,51.37,38.07
81,50.26,59.28
81,56.97,65.9
81,53.93,29.41
81,72.48,44.1
81,55.51,67.51
81,44.47,58.11
81,38.81,44.47
81,38.47,62.09
81,62.81,47.46
81,68.82,51.4
81,59.05,41.47
81,4.86,54.19
81,16.79,65.2
81,45.9,48.75
81,43.83,61.1
81,46.26,53.45
81,62.27,65.87
81,61.62,48.91
81,48.27,68.0
81,26.19,61.5
81,30.02,56.68
81,46.88,57.09
81,51.42,48.89
81,30.17,48.18
81,54.59,56.88
81,23.22,40.81
81,11.38,47.38
81,34.62,43.69
81,63.85,60.29
81,65.79,60.46
81,25.27,67.95
81,26.26,50.32
81,55.89,45.11
81,40.27,37.84
81,63.76,56.98
81,55.68,68.0
81,57.91,53.18
81,35.32,54.29
81,51.77,53.93
81,72.21,56.79
81,47.85,64.97
81,45.41,68.0
81,40.34,59.48
81,25.17,60.21
81,31.71,51.37
81,34.41,52.81
81,24.62,52.67
81,25.93,49.97
81,14.17,55.4
81,35.83,60.87
81,54.78,54.7
81,41.89,50.91
81,41.94,55.39
81,55.97,43.44
81,67.96,62.84
81,75.55,49.46
81,47.88,41.3
81,42.34,59.08
81,40.63,59.63
81,53.69,44.54
81,43.97,60.86
81,44.01,60.97
81,44.88,68.0
81,33.75,51.41
81,15.68,53.4
82,29.94,23.99
82,42.84,56.66
82,24.36,28.48
82,36.13,42.78
82,26.91,28.62
82,6.05,48.71
82,38.16,48.29
82,7.28,30.44
82,27.93,37.02
82,28.13,48.01
82,29.89,37.35
82,30.62,23.87
82,30.49,34.77
82,34.72,25.77
82,28.59,35.66
82,64.0,25.34
82,25.55,38.1
82,14.11,14.32
82,11.67,21.66
82,38.56,25.27
82,9.31,32.24
82,14.27,17.37
82,12.4,24.28
82,35.94,42.56
82,47.3,43.87
82,17.73,6.13
82,35.49,27.55
82,0.0,48.02
82,20.32,38.25
82,37.83,38.48
82,25.94,40.21
82,42.92,23.45
82,0.97,36.35
82,20.45,39.19
82,35.89,35.18
82,35.72,29.67
82,36.72,33.47
82,32.7,21.46
82,15.13,40.76
82,19.87,18.21
82,60.11,25.02
82,13.63,41.5
82,11.6,37.19
82,38.84,28.67
82,16.23,15.16
82,53.3,33.49
82,65.55,27.07
82,26.87,39.28
82,34.02,28.32
82,6.28,14.74
82,43.41,18.78
82,0.9,29.3
82,12.59,35.2
82,31.54,21.2
82,37.12,25.66
82,10.71,42.72
82,22.95,46.21
82,8.4,37.05
82,25.88,30.86
82,19.59,27.16
82,21.74,39.93
82,38.47,30.52
82,33.66,44.12
82,37.3,44.7
82,28.32,38.51
82,39.32,28.53
82,29.54,29.38
82,23.61,15.92
82,37.42,33.42
82,24.5,33.08
82,25.72,18.85
82,43.89,60.01
82,42.66,40.12
82,26.14,24.76
82,41.35,56.6
82,13.38,28.54
82,26.21,43.13
82,20.23,34.96
82,29.98,28.92
82,39.55,30.29
82,37.22,49.8
82,35.46,43.64
82,31.79,32.65
82,27.93,11.45
82,45.62,37.35
82,9.9,20.29
82,21.33,39.92
82,35.35,26.15
82,49.86,27.3
82,25.5,26.98
82,26.61,45.23
82,13.23,14.57
82,22.96,42.12
82,39.21,37.77
82,50.53,33.2
82,26.19,29.07
82,19.61,39.35
82,30.91,29.16
82,9.01,29.06
82,46.06,34.7
82,14.0,52.92
82,34.08,17.36
82,33.89,39.51
82,38.16,32.43
82,33.32,31.57
82,30.04,17.2
82,35.57,14.69
82,40.85,37.74
82,53.35,20.04
82,15.67,45.18
82,6.09,22.83
82,9.89,40.06
82,6.43,27.66
82,14.4,27.14
82,12.75,23.95
82,24.59,38.8
82,41.12,41.87
82,38.14,30.53
82,21.91,40.5
82,23.03,34.14
82,56.14,19.32
82,37.73,38.16
82,32.25,30.69
82,31.58,5.24
82,26.24,29.7
82,56.04,15.37
82,27.53,20.45
82,31.94,31.26
82,8.57,33.17
82,21.73,24.81
82,22.84,39.8
82,36.32,32.74
82,19.92,29.34
82,30.63,34.48
82,22.12,47.26
82,15.69,10.35
82,15.16,48.29
82,27.75,27.22
82,31.34,25.43
82,27.48,29.58
82,19.17,24.25
82,28.21,22.56
82,25.8,43.32
82,16.46,35.76
82,31.08,12.91
82,53.53,41.42
82,28.06,39.81
82,11.01,17.67
82,49.09,35.98
82,46.34,40.83
82,48.62,16.35
82,29.45,37.14
82,19.81,26.57
82,18.39,39.96
82,44.84,23.73
82,50.88,45.46
82,18.04,31.32
82,0.0,27.24
82,29.77,26.05
82,18.24,43.61
82,20.81,26.05
82,26.9,45.66
82,35.33,36.35
82,19.85,18.76
82,31.77,34.29
82,28.36,34.52
82,0.03,18.4
82,37.08,34.09
82,24.14,39.96
82,13.57,46.41
82,20.56,45.93
82,32.64,60.28
82,30.6,34.01
82,38.38,40.09
82,35.68,27.33
82,14.77,54.73
82,0.0,24.2
82,31.57,54.23
82,38.2,52.82
82,27.37,25.37
82,38.59,45.4
82,16.98,39.02
82,25.5,29.47
82,18.03,32.51
82,39.06,36.92
83,49.99,13.45
83,69.67,32.64
83,37.28,24.39
83,54.97,49.31
83,56.23,18.99
83,68.56,47.48
83,83.02,32.03
83,62.83,38.47
83,55.3,18.82
83,50.92,30.6
83,70.86,26.69
83,57.47,57.14
83,53.46,26.42
83,72.37,46.69
83,75.2,46.84
83,47.53,46.53
83,40.54,27.47
83,58.73,53.85
83,45.18,56.13
83,43.4,38.04
83,46.47,28.88
83,73.6,24.53
83,68.46,39.19
83,91.95,34.71
83,51.65,36.01
83,77.29,19.17
83,66.42,34.36
83,52.77,46.58
83,58.09,42.97
83,52.71,29.44
83,63.36,32.8
83,72.83,17.85
83,55.21,26.68
83,71.03,30.26
83,76.53,40.97
83,79.42,26.23
83,44.75,22.6
83,59.36,42.33
83,69.22,29.35
83,45.87,24.77
83,42.98,42.94
83,59.66,39.05
83,54.63,31.72
83,57.76,30.14
83,53.87,38.17
83,88.08,39.93
83,54.0,36.3
83,67.61,35.33
83,66.74,27.33
83,38.05,27.99
83,79.06,32.11
83,68.14,23.43
83,62.04,22.14
83,73.75,33.01
83,59.38,44.88
83,71.47,11.2
83,35.61,29.69
83,70.63,37.0
83,62.39,45.8
83,62.59,53.8
83,49.05,31.16
83,57.16,55.7
83,56.77,39.01
83,45.19,42.96
83,64.66,22.28
83,80.45,38.99
83,41.52,43.91
83,66.37,26.42
83,54.53,5.34
83,53.03,35.64
83,60.97,31.64
83,61.17,48.79
83,62.4,28.08
83,45.3,26.24
83,74.17,21.11
83,61.05,27.07
83,67.72,63.34
83,75.79,16.55
83,35.03,19.31
83,68.2,33.4
83,57.87,55.72
83,73.25,42.16
83,49.58,51.08
83,72.16,29.76
83,46.28,18.71
83,65.23,29.06
83,63.7,32.63
83,57.98,34.12
83,46.58,31.65
83,55.21,40.5
83,72.0,26.17
83,79.34,23.8
83,85.4,20.75
83,66.85,36.26
83,63.27,35.16
83,65.84,46.01
83,85.07,51.02
83,66.77,20.72
83,61.13,34.26
83,56.42,31.74
83,57.92,17.1
83,65.02,28.19
83,50.23,51.23
83,51.86,27.04
83,59.17,25.21
83,54.13,33.43
83,67.75,44.03
83,68.76,30.65
83,63.41,35.4
83,66.37,8.87
83,61.53,40.3
83,10.7,36.43
83,48.61,43.73
83,69.2,13.46
83,49.1,30.67
83,71.12,44.61
83,71.85,27.87
83,56.55,34.56
83,52.32,29.49
83,60.12,29.76
83,59.43,46.84
83,68.15,18.34
83,29.57,33.45
83,50.46,36.77
83,46.84,44.32
83,27.26,32.66
83,53.57,44.66
83,40.51,33.4
83,54.96,35.31
83,53.66,34.89
83,65.89,41.21
83,56.75,39.96
83,38.01,21.76
83,64.51,36.39
83,91.46,39.95
83,73.98,50.08
83,68.83,22.9
83,57.46,39.92
83,53.62,30.17
83,52.72,36.11
83,63.13,22.19
83,45.23,33.85
83,62.86,37.51
83,51.37,23.33
83,37.71,49.94
83,51.19,17.01
83,76.27,39.91
83,61.8,7.29
83,13.82,31.2
83,51.24,39.28
83,71.74,41.84
83,56.12,32.84
83,66.81,31.34
83,54.86,40.24
83,62.39,44.46
83,60.46,49.18
83,51.6,19.8
83,67.43,31.79
83,79.91,9.87
83,65.0,18.96
83,61.35,26.25
83,49.04,43.52
83,72.2,28.71
83,53.36,30.82
83,67.29,37.3
83,69.9,26.62
83,72.84,12.06
83,73.08,25.79
83,72.61,32.67
83,43.67,39.15
83,48.83,31.73
83,42.16,38.97
83,41.28,44.17
83,79.83,46.33
83,47.18,35.9
83,45.36,21.49
83,59.27,20.3
83,50.3,21.33
83,89.4,22.18
83,56.45,35.09
83,65.79,54.76
83,49.85,36.33
83,38.39,33.08
83,50.53,44.58
83,50.67,24.89
83,50.58,45.46
83,39.2,44.65
83,61.77,34.65
83,55.62,57.03
83,39.96,46.27
83,61.38,34.5
83,69.91,32.42
83,75.57,29.25
83,28.54,32.56
83,50.5,32.88
83,42.18,30.49
83,51.52,31.65
83,78.05,20.88
83,50.55,27.75
83,53.82,16.43
83,49.22,38.56
83,81.14,34.88
83,30.1,32.65
83,52.77,43.75
83,48.75,24.5
83,37.62,26.18
83,74.33,17.71
83,36.56,45.25
83,54.03,40.66
83,58.98,48.63
83,50.24,51.41
83,37.45,29.33
83,57.81,26.18
83,50.1,14.25
83,70.51,21.92
83,66.71,30.43
83,85.28,11.33
83,61.43,22.15
83,67.66,33.09
83,55.33,43.83
83,82.25,26.11
83,60.13,35.41
83,58.67,54.5
83,67.03,14.13
83,51.62,45.94
83,53.5,38.19
83,67.02,47.93
83,69.52,44.64
83,67.76,26.7
83,58.96,34.02
83,63.52,17.93
83,72.49,28.25
83,45.78,34.32
83,60.02,37.34
83,22.15,42.68
83,69.62,51.41
83,49.83,29.21
83,50.17,46.59
83,58.42,36.94
83,68.05,19.62
83,91.09,32.35
83,39.81,35.27
83,48.96,24.8
83,62.97,22.55
83,50.55,22.18
83,70.87,28.02
83,57.82,24.49
83,71.51,47.53
83,56.77,7.04
83,67.08,35.22
83,47.56,39.81
83,85.19,23.41
83,37.9,31.45
83,50.8,30.24
83,41.54,33.15
83,70.4,41.29
83,67.01,40.31
83,44.16,27.4
83,72.96,17.45
83,50.92,35.82
83,65.04,26.78
83,68.09,28.19
83,56.82,36.46
83,71.83,29.21
83,58.13,37.37
83,64.4,61.64
83,56.44,41.54
84,9.0,46.92
84,14.84,28.34
84,14.21,39.8
84,19.22,46.95
84,8.77,30.96
84,0.0,26.82
84,0.0,44.29
84,14.0,39.45
84,0.0,33.31
84,16.92,40.72
84,25.4,44.56
84,5.13,33.42
84,23.75,37.36
84,11.37,39.75
84,8.34,28.92
84,8.95,47.07
84,0.0,22.66
84,0.0,32.56
84,0.0,42.44
84,0.0,22.38
84,35.81,43.58
84,0.0,36.09
84,0.0,48.58
84,0.0,40.74
84,0.0,32.21
84,11.5,36.55
84,0.05,36.94
84,5.42,56.26
84,0.0,34.93
84,1.82,32.48
84,7.22,31.85
84,6.25,36.08
84,33.75,21.52
84,7.63,29.79
84,5.27,22.87
84,0.0,24.3
84,11.12,42.85
84,0.0,34.29
84,15.17,25.84
84,9.85,32.35
84,18.37,31.29
84,0.0,34.58
84,8.35,17.42
84,16.78,22.0
84,0.0,18.14
84,15.93,24.1
84,15.34,26.05
84,6.25,22.62
84,28.52,42.41
84,14.7,54.24
84,0.0,43.08
84,20.85,27.78
84,0.0,36.31
84,18.37,33.27
84,11.84,27.3
84,0.0,48.57
84,15.86,56.08
84,5.12,17.83
84,2.03,49.84
84,2.51,27.5
84,18.26,31.11
84,0.0,37.11
84,22.47,51.02
84,0.0,37.09
84,11.84,38.54
84,18.04,43.39
84,17.72,45.12
84,10.39,39.62
84,5.31,45.19
84,0.85,27.42
84,0.0,14.92
84,0.0,54.07
84,0.0,22.59
84,0.0,28.13
84,31.45,30.35
84,0.0,28.46
84,22.63,26.01
84,0.0,39.1
84,0.0,39.22
84,0.0,40.82
84,0.0,40.13
84,20.0,29.42
84,15.65,29.4
84,4.98,46.31
84,43.2,28.26
84,7.78,28.05
84,8.78,44.22
84,0.0,33.8
84,0.0,28.44
84,1.07,28.55
84,19.07,46.36
84,15.42,40.45
84,24.78,36.6
84,0.0,21.17
84,15.66,36.65
84,11.97,31.66
84,13.64,23.96
84,0.0,27.38
84,0.0,41.66
84,15.01,47.67
84,19.35,22.37
84,0.0,23.76
84,15.92,41.64
84,23.59,29.5
84,3.3,40.08
84,0.0,29.35
84,0.0,40.35
84,0.0,18.89
84,2.2,40.04
84,7.53,10.91
84,7.79,44.18
84,4.46,33.63
84,16.83,38.85
84,0.0,36.61
84,24.44,15.24
84,20.22,49.04
84,19.27,37.68
84,0.0,42.32
84,6.49,25.21
84,17.4,36.65
84,5.4,19.59
84,0.0,35.64
84,0.0,23.66
84,0.0,68.0
84,0.0,40.66
84,45.31,48.64
84,0.0,31.25
84,0.0,38.39
84,15.75,43.96
84,0.0,22.2
84,3.43,26.6
84,13.14,44.7
84,21.42,31.6
84,4.45,25.78
84,19.99,27.06
84,0.0,20.55
84,0.12,12.45
84,14.43,15.34
84,33.65,34.5
84,0.0,41.39
84,0.0,61.71
84,12.44,33.54
84,8.69,19.92
84,0.0,33.69
84,0.0,41.73
84,1.32,45.33
84,14.78,44.26
84,3.67,40.3
84,23.23,35.05
84,6.23,42.1
84,15.82,20.97
84,11.62,11.91
84,2.75,57.03
84,18.83,33.48
84,0.0,39.87
84,0.8,3.18
84,2.62,50.99
84,12.96,46.71
84,16.2,16.78
84,0.0,30.51
84,0.0,36.93
84,9.02,20.1
84,0.0,39.38
84,21.1,45.5
84,5.09,37.57
84,0.0,16.77
84,0.0,22.6
84,12.07,32.64
84,11.72,31.25
84,0.0,31.48
84,6.52,31.09
84,0.0,14.16
84,4.64,42.86
84,27.18,40.9
84,35.7,39.75
84,5.25,38.73
84,13.61,30.87
84,13.1,27.32
84,0.0,22.81
84,0.0,50.97
84,0.0,33.77
84,13.84,15.73
84,33.29,33.68
84,21.86,11.07
84,8.58,36.73
84,6.75,35.57
84,3.42,28.04
84,21.78,23.67
84,10.8,40.19
84,8.81,33.09
84,0.0,12.64
84,15.81,47.24
84,6.05,23.66
84,13.16,19.5
84,20.99,48.95
84,0.0,45.66
84,4.16,29.37
84,2.27,20.22
84,1.13,23.99
84,0.0,29.19
84,0.0,47.38
84,0.0,48.24
84,18.72,35.83
84,12.91,41.15
84,12.01,31.7
84,0.0,24.4
84,33.33,17.49
84,2.69,37.55
84,30.68,43.9
84,17.74,28.38
84,4.99,47.06
84,34.56,29.77
84,15.38,34.92
84,5.03,31.57
84,2.92,47.6
84,21.42,39.42
84,1.03,33.36
84,3.08,34.84
84,0.24,20.92
84,0.0,9.43
84,0.0,28.15
84,31.04,31.87
84,21.1,39.84
84,11.06,32.21
84,0.88,28.84
84,0.83,1.58
84,3.23,39.8
84,31.26,36.32
84,11.78,42.95
84,17.72,34.3
84,10.6,46.62
84,0.0,27.94
84,9.33,33.55
84,0.0,36.65
84,23.54,41.26
84,0.0,38.58
84,0.57,39.25
84,18.57,36.96
84,0.0,31.88
84,5.15,43.91
84,0.0,15.58
84,3.81,27.08
84,15.73,51.51
84,0.0,26.6
84,15.27,33.14
84,7.79,49.27
84,22.14,32.61
84,0.0,24.83
84,4.86,47.18
84,0.0,30.82
84,6.8,31.57
84,2.52,12.22
84,20.48,32.6
84,0.0,41.51
84,2.49,29.26
84,0.0,19.91
84,8.35,28.71
84,33.85,27.23
84,0.0,31.21
84,7.38,28.31
85,74.93,64.52
85,73.48,48.18
85,89.53,63.16
85,71.97,44.7
85,71.6,49.59
85,98.22,58.66
85,60.11,48.66
85,84.37,50.52
85,74.83,27.31
85,67.49,65.23
85,65.57,54.7
85,91.66,45.6
85,80.05,68.0
85,81.81,47.32
85,85.57,50.33
85,78.44,45.42
85,60.21,68.0
85,53.57,68.0
85,94.02,68.0
85,76.7,68.0
85,75.03,49.43
85,97.46,68.0
85,60.16,53.85
85,41.19,39.03
85,50.45,51.31
85,67.1,59.59
85,75.52,48.91
85,92.09,57.62
85,84.96,61.9
85,40.7,60.52
85,105.0,63.21
85,68.66,54.02
85,89.96,48.0
85,81.1,39.83
85,74.07,55.03
85,70.92,50.09
85,59.54,54.7
85,57.26,33.22
85,71.84,39.3
85,55.95,61.61
85,95.42,38.01
85,75.26,53.91
85,101.21,46.86
85,68.34,46.16
85,66.32,56.94
85,81.68,56.31
85,70.63,62.01
85,86.65,43.88
85,92.7,46.27
85,88.29,68.0
85,91.74,53.53
85,84.63,60.02
85,66.86,50.53
85,88.82,61.01
85,83.07,28.62
85,65.97,68.0
85,67.62,50.99
85,72.81,42.26
85,88.45,44.31
85,75.52,53.1
85,73.93,54.79
85,71.93,57.55
85,69.41,42.88
85,58.87,65.58
85,84.34,50.23
85,60.77,49.68
85,74.88,53.51
85,68.68,63.29
85,83.96,55.63
85,69.55,50.03
85,60.92,52.44
85,86.86,68.0
85,63.26,67.61
85,76.01,60.02
85,90.56,57.63
85,64.51,68.0
85,72.65,61.1
85,68.39,57.99
85,75.71,53.78
85,73.11,59.92
85,85.97,22.5
85,65.93,67.3
85,90.56,42.01
85,94.86,48.1
85,77.34,40.6
85,63.73,47.9
85,73.47,52.26
85,72.38,65.78
85,97.04,68.0
85,72.66,68.0
85,91.98,57.12
85,75.45,53.59
85,74.6,64.58
85,69.39,46.6
85,70.61,45.38
85,85.57,51.96
85,64.5,55.63
85,86.48,33.26
85,92.73,67.74
85,66.31,58.64
85,89.7,64.78
85,87.63,38.72
85,85.3,48.68
85,65.73,48.13
85,72.45,53.77
85,72.43,55.63
85,101.18,65.57
85,73.87,57.09
85,71.62,47.84
85,59.08,68.0
85,61.37,53.08
85,65.11,46.02
85,78.7,35.26
85,55.49,56.99
85,65.34,63.6
85,49.81,43.46
85,92.22,62.87
85,75.38,56.92
85,78.04,36.49
85,59.83,62.88
85,89.1,53.08
85,93.54,43.61
85,74.87,66.53
85,67.77,66.32
85,81.18,43.37
85,83.55,59.23
85,85.31,58.24
85,82.63,55.25
85,86.53,50.33
85,65.0,54.37
85,85.85,66.32
85,68.1,60.5
85,41.37,34.79
85,67.98,32.42
85,66.8,35.57
85,77.13,41.06
85,84.89,47.69
85,76.51,51.02
85,100.11,55.28
85,67.17,55.63
85,48.16,55.47
85,77.61,68.0
85,66.92,37.56
85,59.89,59.67
85,70.13,59.62
85,63.82,42.11
85,65.1,61.87
85,93.79,60.1
85,75.62,55.52
85,70.55,29.41
85,94.77,66.6
85,70.16,58.49
85,58.01,60.44
85,56.76,18.7
85,72.96,50.15
85,52.65,40.23
85,58.76,68.0
85,69.04,43.84
85,88.72,68.0
85,90.79,66.48
85,82.58,58.43
85,73.95,68.0
85,66.58,45.61
85,79.05,47.58
85,97.17,66.15
85,75.84,45.66
85,67.99,41.42
85,71.95,52.47
85,70.53,46.3
85,81.13,68.0
85,64.07,64.53
85,79.28,49.66
85,81.39,44.98
85,78.47,59.73
85,59.88,68.0
85,72.06,59.2
85,67.15,45.54
85,73.04,40.2
85,65.33,51.84
85,90.16,59.47
85,76.43,50.82
85,52.96,67.08
85,56.71,61.8
85,89.66,58.61
85,71.66,61.58
85,68.93,40.72
85,88.67,50.52
85,72.03,44.56
85,58.46,60.23
85,59.34,44.72
85,82.16,56.9
85,100.38,54.19
85,84.91,62.6
85,69.04,42.84
85,71.05,60.97
85,74.63,44.24
85,47.74,45.39
85,74.31,54.43
85,81.59,68.0
85,97.05,46.74
85,88.18,36.44
85,99.09,45.6
85,95.85,51.76
85,92.13,68.0
85,74.34,60.27
85,78.48,47.71
85,52.29,54.45
85,75.69,68.0
85,81.36,53.36
85,70.32,53.49
85,53.96,51.54
85,94.58,63.66
85,79.28,50.22
85,96.37,65.6
85,83.65,67.69
85,91.79,62.75
85,89.12,53.53
85,65.17,40.62
85,67.38,53.54
85,68.43,48.65
85,61.44,47.43
85,96.95,53.37
85,74.55,61.27
85,79.97,49.15
85,56.7,40.88
85,84.64,45.45
85,68.68,68.0
85,90.39,62.04
85,65.09,45.46
85,91.31,68.0
85,86.23,53.36
85,67.95,68.0
85,92.43,58.88
85,88.93,62.22
85,80.37,65.21
85,61.08,68.0
85,84.4,51.17
85,74.86,68.0
85,74.64,49.14
85,74.96,52.02
85,73.61,56.1
85,62.75,66.12
85,54.3,52.37
85,51.62,68.0
85,77.89,68.0
85,42.49,56.44
85,83.44,45.37
85,80.58,67.01
85,70.06,32.95
85,87.34,64.15
85,70.62,46.94
85,79.44,68.0
85,48.54,40.76
85,44.86,48.72
85,70.94,60.82
85,79.5,62.62
85,86.35,49.11
85,71.7,52.35
85,77.21,66.48
85,84.22,67.07
85,72.34,52.13
85,81.63,49.32
85,59.33,40.94
85,52.47,58.79
85,67.06,64.94
86,53.22,39.03
86,2.66,34.17
86,41.42,29.9
86,32.82,40.35
86,36.09,36.29
86,19.77,41.78
86,28.02,21.94
86,33.81,35.33
86,28.88,28.93
86,6.68,38.09
86,52.26,12.6
86,38.45,29.68
86,30.45,39.97
86,31.29,41.74
86,51.89,33.66
86,20.34,10.24
86,17.41,41.05
86,41.05,51.43
86,36.01,24.77
86,16.87,29.32
86,44.15,42.87
86,33.83,43.17
86,18.33,46.07
86,36.37,45.16
86,34.43,17.15
86,28.86,28.73
86,35.0,40.89
86,38.14,33.05
86,41.88,38.02
86,31.39,32.57
86,26.48,29.21
86,33.11,31.34
86,45.48,21.66
86,38.19,26.04
86,25.75,33.26
86,30.72,33.46
86,51.65,40.24
86,39.74,30.86
86,31.97,52.43
86,44.82,47.53
86,22.94,28.47
86,34.28,36.18
86,54.38,47.34
86,38.5,26.95
86,51.07,25.77
86,28.91,48.29
86,23.81,41.61
86,45.08,45.81
86,6.23,37.47
86,32.34,31.2
86,43.4,19.24
86,37.31,35.51
86,2.67,47.55
86,12.5,47.68
86,28.51,45.78
86,36.17,42.66
86,36.68,58.32
86,29.92,16.93
86,39.49,36.54
86,35.68,23.7
86,28.33,51.08
86,36.99,27.92
86,21.58,45.09
86,38.28,29.06
86,18.99,38.62
86,36.34,32.81
86,36.02,33.85
86,26.11,37.67
86,38.25,44.11
86,50.06,32.8
86,16.74,43.8
86,42.4,45.42
86,44.12,29.41
86,27.31,54.74
86,40.41,42.2
86,26.69,29.25
86,46.33,40.75
86,0.0,45.42
86,48.78,40.49
86,15.54,36.22
86,31.17,0.0
86,19.42,23.36
86,49.45,41.46
86,27.02,23.14
86,22.95,39.65
86,44.56,43.73
86,39.52,32.76
86,25.66,14.59
86,17.11,25.9
86,15.36,41.53
86,46.58,47.83
86,35.45,11.1
86,32.25,34.89
86,36.4,17.86
86,4.67,34.99
86,25.78,32.27
86,26.13,59.96
86,42.76,28.07
86,10.9,45.54
86,43.7,45.1
86,53.33,31.86
86,7.65,35.31
86,30.22,34.01
86,36.49,25.82
86,41.35,24.87
86,1.86,29.49
86,34.39,21.48
86,27.16,28.5
86,26.32,31.85
86,56.9,35.78
86,27.2,38.88
86,35.85,31.84
86,28.44,25.54
86,33.14,38.68
86,37.18,42.7
86,41.61,28.66
86,19.9,23.19
86,31.98,29.09
86,32.44,32.0
86,8.58,46.6
86,17.6,41.63
86,41.58,33.96
86,24.0,54.91
86,63.96,33.62
86,42.52,49.55
86,35.87,47.43
86,49.64,46.66
86,40.05,37.53
86,32.39,35.28
86,11.62,34.06
86,38.65,43.35
86,48.16,25.32
86,22.29,31.11
86,6.26,52.34
86,16.1,40.86
86,52.87,44.5
86,31.04,20.57
86,48.98,29.25
86,30.25,37.67
86,23.55,33.54
86,57.75,20.52
86,25.17,42.36
86,26.76,45.85
86,35.99,30.86
86,26.23,42.75
86,40.12,56.32
86,35.8,50.78
86,36.31,31.35
86,21.98,21.86
86,8.39,36.53
86,19.18,59.82
86,20.33,48.72
86,33.8,33.93
86,19.4,51.18
86,10.95,46.86
86,15.09,13.11
86,35.04,45.68
86,38.94,35.31
86,23.41,24.47
86,24.8,35.0
86,37.98,38.56
86,32.15,25.26
86,45.42,32.68
86,27.95,30.36
86,19.19,42.75
86,44.12,30.68
86,25.95,15.3
86,19.75,29.08
86,41.61,23.59
86,48.84,19.77
86,32.38,46.98
86,16.94,42.84
86,49.95,23.36
86,34.9,20.04
86,32.86,32.87
86,24.75,19.44
86,44.69,31.34
86,15.59,34.78
86,14.35,37.35
86,54.63,37.74
86,18.79,25.41
86,42.48,34.78
86,47.92,48.09
86,32.73,10.93
86,18.55,37.58
86,38.19,21.04
86,48.09,49.44
86,34.45,42.99
86,20.3,42.64
86,33.98,24.61
86,12.0,36.9
86,17.34,38.13
86,26.64,7.92
86,30.8,35.61
86,14.37,40.75
86,33.25,18.45
86,36.78,40.62
86,27.21,35.1
86,1.94,49.19
86,31.36,29.46
86,53.59,35.95
87,75.12,26.23
87,43.37,0.0
87,82.76,16.1
87,75.12,15.75
87,75.04,15.04
87,83.38,0.0
87,68.66,0.0
87,74.56,13.29
87,85.25,1.85
87,74.72,4.93
87,50.03,7.33
87,74.67,0.42
87,74.83,0.0
87,85.71,12.0
87,69.54,0.0
87,61.29,6.44
87,61.33,4.66
87,92.75,11.74
87,77.76,38.26
87,92.09,1.2
87,93.97,16.47
87,64.33,14.43
87,63.34,18.16
87,72.34,9.65
87,81.99,27.86
87,55.78,19.54
87,79.91,19.71
87,79.26,0.0
87,59.37,13.06
87,59.83,6.39
87,79.78,2.52
87,100.95,5.11
87,70.17,11.38
87,78.29,17.02
87,66.13,22.8
87,77.07,22.28
87,65.87,15.22
87,70.63,12.61
87,105.0,8.43
87,75.39,9.28
87,53.67,3.42
87,82.36,7.29
87,88.68,15.89
87,82.78,28.94
87,71.7,10.35
87,62.07,3.12
87,62.39,22.66
87,71.53,0.0
87,69.23,23.47
87,66.74,0.0
87,89.8,19.23
87,85.98,6.76
87,90.47,15.53
87,63.75,34.91
87,62.03,2.78
87,75.01,0.99
87,79.39,12.86
87,74.93,28.78
87,78.51,13.97
87,94.61,12.49
87,71.16,13.86
87,84.49,0.95
87,80.73,13.97
87,75.24,7.68
87,83.89,26.55
87,64.02,20.78
87,61.4,0.0
87,79.63,8.89
87,52.71,17.81
87,80.65,1.2
87,59.33,0.13
87,93.73,6.92
87,68.85,15.79
87,92.89,23.41
87,71.26,14.55
87,70.7,39.09
87,85.26,4.56
87,77.81,20.14
87,73.13,0.0
87,68.75,29.72
87,68.87,26.95
87,104.65,19.83
87,52.22,0.0
87,58.37,19.72
87,89.3,2.99
87,88.32,16.99
87,62.01,0.0
87,51.22,14.97
87,90.54,8.11
87,60.39,3.44
87,67.62,18.52
87,75.25,11.44
87,60.06,9.75
87,86.02,20.11
87,74.27,32.94
87,62.53,15.03
87,63.68,0.0
87,90.86,0.0
87,70.38,12.76
87,81.99,23.29
87,73.87,13.48
87,51.19,17.63
87,83.71,11.35
87,87.96,22.58
87,97.95,18.78
87,49.29,0.78
87,32.94,16.93
87,82.31,0.0
87,66.21,16.93
87,55.41,8.89
87,75.4,13.77
87,68.16,15.56
87,57.41,15.1
87,72.92,27.59
87,81.36,12.37
87,76.27,14.08
87,76.37,26.63
87,79.76,32.86
87,52.01,11.81
87,73.33,6.37
87,77.12,6.91
87,69.09,16.96
87,63.22,9.76
87,64.3,0.0
87,70.19,24.35
87,85.89,20.97
87,93.85,24.61
87,91.2,26.79
87,53.71,14.1
87,61.79,14.87
87,82.55,23.07
87,90.91,0.0
87,61.43,8.12
87,76.38,11.35
87,59.29,22.14
87,77.59,6.08
87,65.64,4.17
87,76.38,7.26
87,58.25,17.17
87,52.76,11.25
87,105.0,0.0
87,74.9,0.0
87,101.75,13.5
87,93.62,13.87
87,52.74,12.3
87,78.7,6.82
87,57.17,20.66
87,70.15,16.06
87,49.5,15.68
87,53.54,16.07
87,62.89,29.57
87,66.91,0.73
87,74.5,7.37
87,60.53,8.3
87,75.94,25.83
87,88.76,7.89
87,77.56,3.28
87,73.12,10.84
87,78.44,13.15
87,55.35,25.16
87,86.38,7.82
87,58.43,4.44
87,94.17,1.99
87,84.02,8.21
87,81.24,40.2
87,81.8,16.21
87,73.98,18.58
87,63.78,12.0
87,61.76,13.51
87,96.77,20.65
87,75.34,18.19
87,59.51,15.84
87,80.72,12.18
87,78.46,8.12
87,69.72,16.67
87,62.33,12.92
87,83.56,35.46
87,86.3,23.56
87,78.19,4.58
87,74.93,0.0
87,63.83,7.62
87,80.24,0.08
87,65.75,6.96
87,57.46,1.33
87,88.63,8.4
87,60.61,8.53
87,49.34,13.62
87,91.02,9.72
87,51.32,2.07
87,68.93,25.36
87,59.76,16.43
87,64.59,6.01
87,102.91,2.25
87,72.68,0.0
87,78.68,0.0
87,84.28,23.52
87,65.59,22.35
87,87.98,5.57
87,78.89,27.03
87,83.8,18.78
87,64.58,14.24
87,79.77,21.48
87,73.88,18.8
87,88.69,13.69
87,66.98,9.36
87,100.42,10.82
87,78.4,0.0
87,72.37,3.19
87,70.85,31.8
87,73.91,2.9
87,65.83,0.0
87,82.67,21.94
87,73.85,14.73
87,99.27,15.35
87,68.37,10.27
87,72.43,22.02
87,68.35,28.83
87,98.3,6.26
87,55.21,18.96
87,75.22,24.3
87,78.07,5.64
87,59.34,28.61
87,105.0,24.27
87,61.9,0.0
87,74.44,29.54
87,95.89,0.0
87,69.12,4.44
87,75.87,19.52
87,69.52,23.46
87,73.31,13.09
87,88.06,5.07
87,68.52,9.14
87,39.49,7.84
87,73.57,21.25
87,74.82,7.54
87,76.54,4.83
87,71.62,0.0
87,62.79,5.46
87,70.81,10.7
87,96.95,0.0
87,73.45,0.0
87,82.49,22.78
87,60.56,1.0
87,70.21,0.0
87,60.99,29.26
88,80.57,8.02
88,91.05,8.07
88,85.48,17.46
88,69.52,2.45
88,60.15,5.67
88,57.32,12.17
88,72.18,25.64
88,59.7,12.89
88,63.63,12.71
88,72.02,0.36
88,92.17,30.65
88,54.36,24.18
88,74.39,25.42
88,57.73,0.0
88,66.77,15.87
88,86.09,1.68
88,62.97,20.49
88,70.58,15.54
88,75.83,17.71
88,83.12,4.12
88,66.88,0.56
88,90.39,4.95
88,68.21,15.39
88,80.3,9.34
88,71.53,14.78
88,83.63,0.74
88,100.36,11.93
88,70.39,27.35
88,73.79,15.66
88,68.38,16.34
88,66.38,16.43
88,64.91,6.37
88,73.76,29.95
88,63.9,15.93
88,64.29,13.95
88,32.85,19.56
88,92.0,22.35
88,95.37,0.0
88,82.43,12.62
88,62.64,36.59
88,57.57,30.21
88,53.66,10.83
88,82.31,20.01
88,90.45,8.41
88,76.16,15.89
88,85.15,6.96
88,79.78,6.77
88,63.98,5.49
88,87.12,30.51
88,86.29,6.72
88,61.12,24.56
88,84.49,7.25
88,72.08,5.99
88,70.61,16.28
88,79.08,0.0
88,78.68,19.31
88,85.55,10.5
88,62.96,5.94
88,81.35,3.58
88,58.92,33.68
88,71.68,11.62
88,72.54,11.16
88,86.61,21.6
88,74.12,2.74
88,70.6,24.48
88,92.54,11.61
88,68.42,0.0
88,67.88,6.16
88,49.61,0.0
88,71.18,12.89
88,61.78,3.27
88,70.74,2.06
88,77.12,15.21
88,59.89,12.48
88,63.3,25.3
88,53.21,24.81
88,67.37,12.68
88,61.72,17.5
88,101.87,0.0
88,93.55,19.66
88,91.44,16.52
88,57.17,22.49
88,71.69,8.63
88,58.36,8.73
88,97.96,8.8
88,84.8,27.78
88,60.32,15.11
88,78.8,0.0
88,54.73,19.09
88,72.23,6.9
88,71.72,23.93
88,83.62,17.93
88,86.84,25.64
88,74.26,23.43
88,71.09,22.31
88,31.94,24.48
88,94.31,20.97
88,65.45,4.37
88,75.33,0.0
88,103.37,2.87
88,58.48,20.04
88,74.28,0.0
88,80.46,11.83
88,88.2,9.08
88,74.02,25.46
88,89.28,10.71
88,68.6,7.95
88,81.07,26.48
88,79.38,10.99
88,72.82,9.21
88,78.21,6.62
88,62.63,15.14
88,70.12,8.35
88,57.27,8.39
88,68.26,27.95
88,88.8,12.54
88,79.47,7.07
88,78.0,1.05
88,53.21,14.18
88,78.16,5.84
88,73.18,7.95
88,80.99,2.63
88,91.98,14.17
88,68.68,0.0
88,69.9,16.53
88,85.94,5.99
88,66.16,19.88
88,75.14,17.34
88,48.04,13.14
88,70.0,21.31
88,90.97,29.13
88,78.36,25.95
88,85.69,0.0
88,86.43,5.34
88,91.54,6.69
88,69.49,19.02
88,86.25,6.26
88,103.22,5.82
88,73.66,3.92
88,56.84,15.29
88,66.27,18.98
88,80.09,0.0
88,52.4,6.34
88,64.09,0.0
88,69.71,0.0
88,75.43,17.33
88,97.35,15.47
88,82.94,13.9
88,59.52,29.46
88,105.0,0.0
88,73.79,0.0
88,52.15,0.0
88,60.5,0.0
88,60.58,5.25
88,56.48,18.41
88,80.67,15.26
88,39.33,23.3
88,86.77,16.08
88,84.59,7.56
88,68.07,6.21
88,85.9,16.81
88,59.79,0.0
88,63.05,0.0
88,81.14,16.29
88,71.28,14.58
88,65.87,29.26
88,72.52,19.66
88,91.14,15.4
88,90.64,8.57
88,79.54,3.08
88,69.38,8.92
88,80.78,22.51
88,62.79,17.1
88,89.2,22.28
88,86.36,13.17
88,99.11,2.11
88,63.57,24.77
88,61.96,23.77
88,81.17,14.04
88,70.44,18.12
88,86.99,17.51
88,91.13,6.85
88,96.14,9.14
88,74.76,1.99
88,85.45,9.1
88,67.28,23.34
88,76.82,21.25
88,73.31,18.14
88,72.61,22.55
88,97.71,7.98
88,56.55,0.0
88,73.94,10.27
88,74.7,11.15
88,82.36,19.43
88,59.74,17.63
88,70.11,23.12
88,66.26,0.0
88,44.73,3.22
88,89.11,11.0
88,54.89,17.27
88,53.16,35.04
88,86.32,1.25
88,69.65,4.19
88,70.1,7.34
88,70.34,3.8
88,87.97,2.23
88,66.83,12.51
88,81.74,22.82
88,59.16,13.31
88,78.29,2.54
88,85.73,9.84
88,92.27,0.58
88,53.86,22.81
88,70.14,28.18
88,94.78,0.0
88,85.98,14.52
88,71.41,3.44
88,74.05,12.69
88,77.86,11.06
88,69.15,0.0
88,81.11,25.3
88,80.38,10.33
88,59.51,6.83
88,67.63,13.28
88,68.1,2.42
88,70.68,9.98
88,77.51,0.0
88,76.35,0.0
88,64.64,1.33
88,91.42,6.14
88,74.07,0.0
88,93.03,6.53
88,92.72,6.13
88,60.23,11.32
88,67.63,18.76
88,68.58,30.83
88,78.07,16.71
88,83.44,1.17
88,75.91,19.33
88,66.84,27.41
88,95.47,0.0
88,68.3,0.29
88,83.64,0.0
88,73.52,5.79
88,73.15,16.11
88,82.76,28.32
88,94.06,21.81
88,77.96,16.24
88,67.65,12.5
88,93.24,16.31
88,80.42,16.95
88,76.21,26.34
88,87.36,11.77
88,78.19,14.88
88,105.0,7.51
88,74.02,13.25
88,88.95,9.18
88,79.75,0.0
88,79.7,21.61
89,41.2,47.11
89,28.14,31.53
89,32.46,17.31
89,27.18,40.2
89,22.86,44.75
89,36.78,27.87
89,36.66,31.76
89,41.99,9.64
89,29.96,32.29
89,14.4,20.25
89,44.4,39.69
89,20.45,37.68
89,20.23,34.17
89,23.08,48.55
89,7.33,36.65
89,27.17,36.13
89,38.05,37.54
89,24.36,27.59
89,47.4,44.91
89,46.59,23.92
89,41.56,38.65
89,4.85,47.41
89,48.64,22.71
89,26.92,19.23
89,51.82,22.51
89,22.15,53.99
89,28.18,27.3
89,31.17,20.79
89,17.88,38.03
89,8.93,4.04
89,0.0,23.5
89,68.39,49.55
89,8.31,23.49
89,8.49,31.13
89,37.44,37.24
89,11.49,37.24
89,9.08,28.14
89,0.0,40.01
89,33.81,49.91
89,16.09,22.32
89,38.36,28.67
89,29.01,32.84
89,31.11,41.7
89,24.11,34.36
89,26.41,32.6
89,18.37,16.96
89,19.6,21.54
89,15.77,36.12
89,49.68,28.35
89,24.85,30.24
89,0.56,33.32
89,33.36,59.76
89,19.55,28.53
89,29.42,49.26
89,26.5,48.45
89,49.37,42.84
89,25.01,24.68
89,40.61,35.51
89,39.24,29.7
89,12.23,56.16
89,32.44,38.52
89,20.14,31.66
89,14.29,53.63
89,14.34,30.12
89,40.68,40.07
89,64.36,41.73
89,19.53,37.82
89,32.8,32.83
89,34.04,43.21
89,23.11,27.07
89,48.3,46.25
89,58.56,30.9
89,22.23,48.72
89,52.55,45.51
89,22.89,40.04
89,17.39,33.01
89,28.19,46.13
89,41.3,40.28
89,28.65,0.0
89,39.59,25.01
89,32.95,35.86
89,47.59,37.08
89,36.9,41.78
89,49.9,51.04
89,18.85,40.45
89,27.36,11.07
89,29.98,36.17
89,18.9,47.37
89,16.91,35.23
89,34.97,36.24
89,38.65,28.56
89,31.46,44.44
89,43.77,30.12
89,15.66,40.52
89,24.92,38.71
89,14.66,34.6
89,31.81,39.33
89,36.34,36.22
89,47.44,48.05
89,14.7,41.44
89,34.84,45.44
89,48.67,25.6
89,16.98,24.91
89,13.93,34.69
89,10.83,42.24
89,38.12,39.85
89,20.57,25.74
89,36.21,42.59
89,27.19,27.09
89,53.41,41.41
89,40.24,37.15
89,19.55,31.52
89,26.07,28.1
89,40.24,35.46
89,16.11,34.91
89,45.37,22.49
89,26.75,40.62
89,40.52,46.72
89,27.45,43.47
89,23.19,37.47
89,21.06,29.05
89,52.52,35.42
89,26.16,32.55
89,70.05,35.37
89,31.97,44.3
89,18.94,32.81
89,9.39,13.79
89,46.03,42.8
89,27.48,38.37
89,40.69,35.65
89,60.19,21.08
89,38.69,24.84
89,34.38,26.13
89,45.94,27.58
89,40.45,28.61
89,13.58,21.0
89,47.32,57.67
89,29.4,50.52
89,50.04,37.05
89,36.59,33.63
90,38.38,22.3
90,51.22,54.33
90,45.63,38.58
90,44.5,53.87
90,45.85,30.98
90,46.89,60.52
90,50.74,34.88
90,50.81,46.61
90,66.7,34.36
90,37.51,35.81
90,60.57,32.73
90,34.02,28.58
90,51.08,44.78
90,61.56,33.9
90,55.4,43.13
90,43.89,43.94
90,51.7,49.56
90,69.48,38.63
90,40.31,17.38
90,55.37,30.48
90,60.55,33.72
90,42.96,34.14
90,70.56,48.5
90,74.95,46.5
90,62.22,32.41
90,62.25,60.73
90,25.53,30.16
90,30.83,31.06
90,46.9,21.98
90,39.45,16.85
90,56.14,21.02
90,10.98,45.15
90,56.05,42.16
90,45.72,24.28
90,40.96,35.1
90,72.79,42.87
90,44.0,11.63
90,26.98,53.49
90,53.94,45.58
90,52.97,42.92
90,45.74,47.22
90,78.57,11.54
90,50.73,31.6
90,61.19,47.84
90,52.2,33.92
90,64.52,42.17
90,43.7,49.93
90,34.18,41.74
90,57.95,31.17
90,51.89,40.33
90,58.34,15.62
90,39.98,39.39
90,54.24,42.25
90,27.27,35.66
90,41.76,46.78
90,38.84,37.06
90,54.45,35.62
90,41.71,54.16
90,30.15,23.46
90,40.61,49.31
90,55.78,48.44
90,49.7,43.3
90,38.31,29.55
90,58.91,37.77
90,68.35,25.15
90,59.81,27.82
90,18.0,35.45
90,51.08,24.28
90,46.16,31.43
90,21.54,21.88
90,31.22,41.18
90,58.39,51.98
90,50.41,58.17
90,49.05,22.63
90,39.55,24.56
90,62.07,33.45
90,32.01,43.05
90,36.46,32.99
90,43.87,45.85
90,28.17,41.11
90,36.54,15.81
90,61.8,35.86
90,37.02,21.62
90,58.15,29.04
90,56.25,30.72
90,45.81,43.4
90,29.55,34.92
90,48.82,30.12
90,20.56,58.3
90,41.12,25.41
90,51.16,38.4
90,59.3,42.58
90,46.03,37.08
90,40.1,25.35
90,39.06,24.79
90,41.91,42.05
90,56.11,46.72
90,52.55,34.65
90,47.71,20.73
90,56.19,35.33
90,48.01,51.88
90,30.65,24.15
90,33.57,31.73
90,55.82,35.86
90,30.14,47.19
90,43.05,29.39
90,46.52,40.54
90,34.57,50.52
90,26.32,18.92
90,32.73,20.8
90,24.47,34.19
90,55.95,46.0
90,53.17,38.88
90,38.12,46.98
90,30.22,16.49
90,63.16,39.02
90,53.72,3.9
90,39.93,49.81
90,63.43,48.29
90,49.79,31.6
90,52.13,9.81
90,34.45,32.92
90,28.29,47.5
90,27.59,39.77
90,75.08,55.55
90,37.24,31.95
90,48.85,57.55
90,53.97,12.97
90,47.73,26.86
90,45.99,20.96
90,45.7,43.3
90,54.24,21.88
90,34.48,46.28
90,42.27,42.75
90,18.05,37.19
90,23.78,33.95
90,31.13,23.61
90,59.1,41.8
90,44.45,29.57
90,57.07,43.58
90,53.0,51.6
90,51.38,31.72
90,35.73,49.65
90,48.97,37.21
90,51.31,41.69
90,76.61,20.58
90,43.5,27.57
90,57.52,27.45
90,46.39,49.93
90,38.87,31.26
90,59.3,42.03
90,72.59,34.28
90,51.41,31.19
90,39.12,18.93
90,54.08,14.12
90,51.63,31.39
90,76.81,32.03
90,57.65,25.45
90,35.86,36.71
90,64.57,56.72
90,58.08,51.54
90,60.16,34.93
90,53.78,35.32
90,61.11,41.72
90,53.73,37.38
90,44.69,41.74
90,49.74,37.69
90,46.49,35.69
90,52.44,27.49
90,49.03,38.5
90,43.91,9.64
90,45.64,37.43
90,47.95,11.78
90,24.85,37.44
90,61.32,23.75
90,52.52,48.58
90,40.05,35.5
90,55.69,34.54
90,41.39,38.98
90,41.39,25.01
90,52.87,46.86
90,66.6,42.15
90,51.64,28.46
90,37.91,22.88
90,43.43,29.89
90,59.04,32.82
90,53.26,22.07
90,60.47,28.97
90,53.11,27.49
90,58.02,31.78
90,74.17,31.86
90,30.42,39.37
90,79.29,34.34
90,60.17,38.42
90,82.12,36.74
90,35.22,31.86
90,52.97,41.52
90,50.07,3.82
90,59.49,30.05
90,54.11,27.72
90,52.65,35.31
90,58.13,27.02
90,46.61,40.04
90,41.29,41.98
90,53.89,18.78
90,41.27,36.46
90,46.37,19.91
90,29.27,39.28
90,48.73,28.87
90,35.93,25.15
90,47.57,15.19
90,33.88,32.99
90,47.75,21.26
90,59.7,17.68
90,40.25,36.05
90,35.87,44.66
90,58.16,38.34
90,59.87,18.26
90,53.51,32.5
90,41.95,41.49
90,39.81,32.5
90,43.69,37.58
90,47.23,29.19
90,25.57,29.77
90,35.22,26.74
90,64.26,40.73
90,50.7,41.43
90,63.95,27.89
90,61.2,42.3
90,43.94,18.3
90,44.13,32.12
90,60.57,19.11
90,57.86,21.55
90,60.84,18.98
90,47.82,26.79
90,49.85,40.82
90,44.68,33.14
90,47.3,27.58
90,39.09,32.09
90,47.03,11.38
90,45.92,40.29
90,42.04,9.28
90,58.28,26.22
90,29.67,33.13
90,52.39,38.9
90,36.02,36.63
90,36.98,33.46
90,38.09,50.03
90,54.12,56.16
90,18.65,34.08
90,50.19,32.9
90,48.59,32.24
90,35.39,27.28
90,50.37,38.13
90,32.23,47.99
90,47.43,6.61
90,31.74,32.13
90,74.65,50.37
90,59.2,38.32
90,51.2,38.55
90,35.58,16.39
90,44.42,41.72
90,44.96,45.1
90,51.14,36.2
90,53.18,26.79
90,50.92,38.87
90,52.45,22.58
90,45.79,21.13
90,52.45,42.82
90,39.71,46.05
91,32.57,29.32
91,14.87,26.44
91,46.69,42.44
91,23.96,45.86
91,34.76,20.04
91,20.34,46.57
91,37.59,23.28
91,38.66,8.35
91,8.19,34.12
91,21.16,39.58
91,27.96,17.33
91,23.17,12.19
91,41.33,28.56
91,22.24,27.09
91,39.29,49.07
91,36.3,34.13
91,28.6,42.08
91,39.83,36.31
91,10.01,51.26
91,29.2,24.19
91,19.93,33.03
91,28.61,16.74
91,23.9,42.93
91,30.78,46.25
91,30.12,43.6
91,31.8,32.63
91,32.32,17.62
91,37.45,33.05
91,13.64,26.55
91,36.62,44.15
91,10.34,29.31
91,0.0,29.07
91,55.64,57.91
91,17.8,42.79
91,24.18,45.84
91,5.77,28.37
91,24.09,21.9
91,32.69,45.73
91,33.16,50.41
91,14.31,19.85
91,24.23,28.31
91,34.79,23.94
91,33.1,39.3
91,31.67,45.95
91,39.89,29.95
91,28.58,29.92
91,48.1,12.48
91,26.19,23.5
91,39.03,50.58
91,39.49,39.42
91,8.69,44.19
91,35.73,29.98
91,21.68,31.0
91,16.88,34.2
91,24.48,37.57
91,32.1,49.14
91,9.66,26.6
91,30.35,32.48
91,27.17,25.27
91,43.5,12.35
91,21.76,44.12
91,45.47,53.22
91,35.03,42.42
91,29.56,36.53
91,46.56,54.39
91,54.99,39.05
91,27.26,42.83
91,20.38,35.55
91,35.58,37.23
91,11.5,32.54
91,13.09,43.16
91,46.99,22.0
91,37.43,38.61
91,18.84,24.62
91,70.76,39.61
91,12.03,60.34
91,38.06,41.7
91,19.65,46.91
91,53.15,43.93
91,23.1,8.42
91,26.3,32.55
91,6.49,38.93
91,57.07,11.02
91,21.97,30.88
91,36.24,33.13
91,30.06,20.45
91,22.83,23.33
91,1.04,48.71
91,27.03,0.0
91,26.47,36.99
91,34.14,46.8
91,57.89,33.7
91,38.38,49.49
91,41.18,29.3
91,26.03,24.04
91,12.93,33.9
91,26.37,29.8
91,20.45,27.71
91,29.35,32.01
91,23.58,25.29
91,8.19,24.78
91,46.47,21.66
91,28.17,38.58
91,25.71,23.01
91,15.64,20.34
91,23.82,22.19
91,18.78,36.26
91,14.48,41.36
91,32.12,42.26
91,23.91,36.36
91,39.73,39.89
91,25.32,33.4
91,31.49,39.01
91,31.12,38.84
91,35.0,25.97
91,19.06,22.17
91,41.69,48.87
91,14.66,35.38
91,30.55,45.57
91,14.34,21.9
91,28.43,29.54
91,41.58,18.86
91,37.22,41.11
91,43.76,27.24
91,26.06,27.9
91,41.82,55.51
91,21.0,41.33
91,24.04,41.19
91,31.69,20.78
91,41.05,13.57
91,22.88,44.68
91,39.04,9.36
91,33.01,28.48
91,34.38,25.07
91,18.89,23.82
91,25.0,29.15
91,28.78,22.39
91,34.39,20.62
91,19.5,36.81
91,13.2,45.73
91,2.27,14.9
91,39.7,36.15
91,42.27,39.96
91,3.87,38.91
91,30.98,31.57
91,25.1,27.43
91,45.82,42.34
91,27.27,37.69
91,37.09,13.16
92,31.78,6.28
92,42.84,0.0
92,52.39,7.55
92,35.24,2.64
92,49.03,20.23
92,33.14,2.29
92,29.92,6.64
92,54.0,14.03
92,61.26,33.94
92,30.61,6.39
92,58.39,0.0
92,45.83,0.0
92,17.23,4.53
92,27.35,6.77
92,53.91,39.35
92,24.89,24.63
92,37.96,10.53
92,44.94,34.38
92,51.82,7.26
92,48.4,9.48
92,66.39,8.82
92,35.39,25.3
92,47.28,13.23
92,51.88,30.58
92,55.26,18.77
92,59.67,24.0
92,40.36,0.0
92,54.47,0.0
92,33.96,0.0
92,44.99,9.29
92,52.52,0.0
92,58.68,27.64
92,53.41,11.81
92,47.18,20.77
92,44.97,8.59
92,53.13,23.07
92,74.46,0.0
92,57.11,13.46
92,50.96,19.51
92,28.2,20.44
92,35.02,10.51
92,41.79,0.0
92,57.83,25.12
92,33.82,9.68
92,54.35,10.64
92,47.56,38.41
92,50.61,15.06
92,43.19,8.29
92,38.24,7.63
92,33.34,21.1
92,53.95,4.97
92,45.0,19.63
92,32.0,26.11
92,48.9,13.03
92,90.5,24.87
92,43.38,13.24
92,67.5,6.44
92,12.39,0.0
92,42.48,17.03
92,58.41,17.26
92,46.2,24.79
92,37.65,23.73
92,45.66,36.74
92,58.81,7.61
92,73.86,17.91
92,59.85,6.44
92,39.44,24.23
92,42.97,3.8
92,43.07,24.05
92,34.73,5.9
92,43.98,22.43
92,42.44,27.27
92,30.39,0.0
92,56.9,0.0
92,51.47,16.58
92,37.67,15.41
92,47.92,10.79
92,33.46,8.76
92,38.82,4.59
92,54.94,17.64
92,52.12,3.39
92,39.33,18.03
92,50.05,7.68
92,45.03,9.35
92,33.04,27.37
92,43.83,24.5
92,51.62,3.03
92,49.98,4.4
92,24.0,22.56
92,48.16,0.0
92,46.33,29.99
92,21.32,15.49
92,35.5,7.64
92,52.39,14.12
92,64.0,28.97
92,24.67,0.0
92,58.73,25.29
92,21.56,27.14
92,64.17,10.47
92,42.9,13.21
92,36.71,15.5
92,50.61,22.07
92,33.49,5.97
92,52.71,13.84
92,44.39,12.9
92,0.0,21.47
92,35.46,43.43
92,48.48,5.93
92,59.86,14.87
92,50.31,5.63
92,59.66,8.62
92,34.38,2.16
92,55.46,0.0
92,55.68,27.01
92,24.8,17.92
92,60.29,15.02
92,50.26,4.39
92,42.34,13.18
92,42.12,1.28
92,32.51,13.7
92,54.2,17.67
92,49.93,8.03
92,53.58,5.68
92,47.03,8.58
92,48.68,22.96
92,42.15,16.22
92,60.0,0.0
92,53.88,21.96
92,48.25,19.98
92,44.25,16.06
92,23.02,32.1
92,20.2,14.26
92,41.21,18.74
92,62.49,19.16
92,36.84,23.65
92,37.35,11.55
92,33.36,6.91
92,29.22,24.7
92,34.12,24.13
92,49.62,28.02
92,39.61,18.57
92,39.02,0.0
92,37.86,15.8
92,49.08,14.37
92,51.07,27.52
92,21.7,25.64
92,36.12,20.74
92,44.84,0.0
92,51.71,4.93
92,47.66,9.99
92,56.7,10.24
92,27.65,15.84
92,51.4,30.28
92,72.67,22.57
92,46.62,3.89
92,47.15,4.88
92,52.75,3.89
92,38.91,12.71
92,33.69,22.86
92,46.75,24.6
92,24.5,9.86
92,51.15,13.67
92,53.34,32.42
92,25.15,0.0
92,48.12,21.02
92,43.19,19.83
92,65.21,10.74
92,63.03,13.8
92,56.94,18.62
92,61.74,10.76
92,41.25,6.99
92,49.38,6.16
92,42.72,34.48
92,33.04,9.16
92,47.07,16.21
92,44.92,22.64
92,43.37,11.67
92,45.23,14.39
92,46.79,19.53
92,57.54,4.67
92,38.4,0.0
92,29.36,5.96
92,54.81,33.01
92,57.14,7.67
92,50.65,15.44
92,31.2,0.0
92,44.29,28.76
92,49.71,10.69
92,32.11,9.0
92,36.06,12.53
92,44.09,41.64
92,61.38,18.86
92,48.93,12.28
92,38.56,0.0
92,43.38,28.88
92,37.34,6.36
92,40.64,4.62
92,55.39,5.6
92,21.04,30.12
92,63.09,13.54
92,74.46,0.0
92,48.11,11.75
92,35.2,4.85
92,61.12,17.95
92,49.61,9.75
92,39.16,0.0
92,33.37,13.09
92,40.72,13.38
92,48.5,0.21
92,57.64,0.0
92,49.69,17.11
92,51.9,10.91
92,41.66,11.63
92,57.11,22.2
92,43.31,0.0
92,69.89,14.66
92,37.51,21.29
92,51.13,11.99
92,74.46,0.0
92,59.55,6.73
92,55.69,9.03
92,49.86,0.0
92,46.69,18.09
92,43.74,14.04
92,38.7,6.93
92,26.04,24.84
92,54.33,8.26
92,26.01,30.28
92,54.47,11.04
92,41.98,3.5
92,33.58,3.83
92,64.27,15.0
92,27.16,2.22
92,37.34,15.59
92,38.56,9.59
92,47.94,9.34
92,38.04,13.54
92,65.0,25.05
92,28.17,8.03
92,99.11,16.03
92,32.24,18.89
92,84.43,0.69
92,60.21,19.75
92,44.57,22.97
92,48.95,24.63
92,41.08,1.8
92,50.51,2.57
92,36.42,13.4
92,55.22,12.78
92,48.37,14.21
92,33.14,10.08
92,51.55,16.04
92,50.75,0.0
92,36.68,21.24
92,40.44,30.19
92,52.66,7.92
92,60.18,16.23
92,44.15,32.49
92,58.1,14.37
92,61.17,17.36
92,62.94,34.26
92,51.42,36.4
92,34.28,2.33
92,57.59,9.47
92,43.51,23.83
92,52.58,19.47
92,37.82,21.77
92,38.2,0.0
93,92.6,44.04
93,71.85,28.41
93,82.61,20.23
93,95.41,33.42
93,70.02,34.39
93,78.83,31.55
93,92.88,47.09
93,95.67,39.51
93,81.2,32.73
93,100.77,33.94
93,100.35,34.89
93,64.69,39.79
93,105.0,34.58
93,103.16,32.3
93,90.69,19.32
93,86.22,26.19
93,98.26,37.05
93,94.94,36.07
93,84.47,17.66
93,105.0,27.82
93,60.64,23.77
93,79.36,49.01
93,93.82,36.76
93,87.32,38.73
93,97.09,33.27
93,69.87,27.11
93,84.69,29.1
93,102.95,39.42
93,68.58,31.14
93,84.87,39.53
93,81.1,35.57
93,92.72,37.25
93,93.11,37.81
93,89.26,28.21
93,84.23,30.58
93,88.82,44.0
93,85.86,54.09
93,87.58,44.1
93,105.0,3.32
93,72.37,25.66
93,92.44,35.26
93,75.75,21.92
93,105.0,21.4
93,89.16,29.39
93,71.52,37.8
93,84.99,40.79
93,69.03,29.96
93,79.77,29.11
93,96.0,24.72
93,105.0,39.58
93,102.05,38.84
93,86.64,43.98
93,95.41,35.43
93,98.51,19.58
93,105.0,30.16
93,80.15,43.43
93,105.0,14.91
93,73.8,33.07
93,103.34,37.14
93,79.93,56.04
93,79.11,27.39
93,84.3,32.66
93,77.91,52.56
93,93.54,27.53
93,103.95,45.82
93,60.55,38.32
93,85.73,31.57
93,73.87,38.97
93,99.77,32.38
93,105.0,58.84
93,85.73,11.28
93,78.86,30.89
93,67.0,31.22
93,105.0,32.53
93,105.0,45.88
93,62.28,29.08
93,96.52,39.41
93,73.54,36.55
93,81.39,43.22
93,71.77,32.49
93,61.99,37.54
93,87.41,32.64
93,105.0,23.15
93,75.96,51.59
93,99.59,25.62
93,101.63,28.74
93,97.38,24.57
93,105.0,38.42
93,100.42,28.74
93,105.0,50.67
93,73.09,39.87
93,97.69,30.95
93,105.0,23.99
93,77.96,32.78
93,42.68,39.72
93,71.52,33.5
93,78.58,32.46
93,95.3,22.77
93,80.64,58.67
93,88.04,31.79
93,80.14,18.88
93,86.33,22.17
93,87.14,30.21
93,79.78,55.39
93,98.68,32.13
93,105.0,29.88
93,73.06,43.29
93,90.83,44.09
93,69.42,41.25
93,65.21,36.2
93,101.48,21.85
93,105.0,25.74
93,83.73,16.5
93,105.0,31.54
93,79.57,29.33
93,84.95,28.19
93,105.0,37.07
93,76.14,26.77
93,99.92,30.25
93,83.47,28.65
93,78.63,33.65
93,81.39,38.01
93,59.81,19.21
93,104.39,38.99
93,90.94,36.91
93,86.08,38.6
93,78.99,35.47
93,92.05,37.98
93,99.48,29.43
93,84.43,38.88
93,100.53,46.59
93,91.58,28.55
93,86.79,28.95
94,38.65,25.88
94,53.49,36.11
94,42.4,15.29
94,63.88,25.2
94,41.94,7.08
94,37.35,58.58
94,47.94,36.18
94,53.66,35.83
94,52.16,39.89
94,55.01,61.86
94,40.81,29.21
94,62.76,23.21
94,26.48,56.0
94,37.85,20.46
94,48.5,48.28
94,38.94,33.19
94,43.97,38.77
94,35.24,18.2
94,45.29,62.53
94,54.02,29.8
94,41.04,26.29
94,36.57,40.03
94,42.01,26.91
94,62.35,38.67
94,62.24,20.13
94,41.78,35.6
94,54.61,27.37
94,47.76,25.38
94,64.69,23.65
94,50.49,43.74
94,45.38,30.15
94,68.8,31.98
94,35.99,38.7
94,52.15,46.54
94,65.76,23.84
94,56.66,36.43
94,38.08,23.99
94,37.38,31.71
94,29.69,45.72
94,67.28,8.19
94,33.27,23.85
94,57.27,31.46
94,29.46,38.19
94,81.24,47.42
94,30.41,15.33
94,48.55,49.57
94,63.76,39.73
94,38.86,31.35
94,55.33,17.84
94,44.34,27.7
94,53.05,45.28
94,62.05,34.29
94,42.43,32.01
94,67.46,23.31
94,52.58,42.08
94,73.33,32.35
94,37.18,31.4
94,39.65,32.95
94,44.98,26.9
94,32.24,25.03
94,60.04,17.29
94,47.01,27.19
94,33.1,14.2
94,37.3,39.34
94,36.69,26.66
94,60.01,29.68
94,53.94,33.59
94,46.28,25.18
94,43.25,21.07
94,44.9,36.44
94,71.15,54.78
94,44.96,44.01
94,59.15,48.08
94,43.72,19.72
94,69.87,31.89
94,32.15,31.82
94,58.49,49.71
94,38.13,44.09
94,76.77,32.19
94,57.07,8.83
94,25.85,21.25
94,35.89,40.96
94,56.91,30.47
94,56.55,32.79
94,55.58,40.75
94,50.04,46.45
94,43.85,25.43
94,62.13,40.51
94,36.77,51.73
94,48.69,49.71
94,39.94,28.16
94,38.9,37.24
94,42.03,42.26
94,38.44,34.22
94,55.15,31.26
94,28.81,14.96
94,53.6,24.48
94,39.75,26.35
94,48.4,20.12
94,45.83,35.2
94,41.51,43.53
94,63.77,29.39
94,43.18,9.76
94,57.15,32.7
94,57.31,37.01
94,44.46,36.27
94,31.65,26.07
94,36.53,20.75
94,64.62,43.75
94,54.4,37.87
94,49.81,26.51
94,40.63,17.49
94,70.51,36.45
94,36.71,24.13
94,49.82,38.21
94,54.52,35.74
94,31.03,56.85
94,38.14,33.14
94,42.05,56.01
94,59.2,34.9
94,42.31,26.66
94,29.33,22.39
94,28.08,24.35
94,38.03,38.72
94,28.63,35.42
94,57.99,13.77
94,58.5,45.22
94,48.09,50.25
94,44.58,13.66
94,57.64,45.13
94,57.1,52.51
94,35.17,14.24
94,36.97,28.86
94,57.19,24.65
94,51.52,44.71
94,55.91,29.44
94,36.38,29.0
94,38.23,38.63
94,54.03,51.16
94,39.13,33.32
94,28.24,28.82
94,39.33,30.87
94,45.33,41.24
94,70.12,19.35
94,37.1,33.82
94,47.2,23.68
94,74.56,20.77
94,33.79,12.61
94,56.59,28.34
94,38.76,45.87
94,53.22,12.18
94,78.35,39.97
94,58.29,26.86
94,49.97,22.3
94,35.64,37.78
94,45.72,48.42
94,40.65,50.48
94,29.14,37.12
94,20.32,33.23
94,37.2,38.31
94,47.59,61.25
94,62.55,30.78
95,69.0,43.0
95,46.03,35.83
95,48.92,54.01
95,53.11,62.37
95,34.4,68.0
95,40.3,36.27
95,37.65,68.0
95,50.32,56.04
95,50.77,47.17
95,38.19,61.49
95,72.36,68.0
95,45.64,35.53
95,47.34,49.26
95,63.47,48.01
95,34.63,60.89
95,39.23,68.0
95,49.71,54.81
95,26.82,50.79
95,42.91,58.9
95,72.66,51.42
95,69.78,30.13
95,57.66,59.69
95,61.38,64.84
95,52.41,65.81
95,40.39,41.28
95,67.37,60.68
95,33.67,68.0
95,58.59,68.0
95,39.38,59.27
95,40.16,64.82
95,53.0,43.08
95,72.44,41.64
95,64.57,64.86
95,50.4,31.61
95,46.82,55.71
95,56.16,68.0
95,63.75,61.84
95,23.11,61.77
95,44.35,53.46
95,32.32,49.49
95,43.16,68.0
95,29.65,67.57
95,22.52,63.31
95,28.85,54.31
95,38.8,47.57
95,53.63,65.88
95,35.42,50.62
95,34.75,54.87
95,51.14,60.77
95,49.73,56.3
95,68.13,68.0
95,58.15,39.48
95,32.66,54.74
95,37.28,68.0
95,55.7,63.87
95,34.47,51.83
95,41.78,62.79
95,23.76,53.47
95,29.01,68.0
95,62.37,63.03
95,48.17,44.47
95,37.82,56.62
95,39.65,58.6
95,68.3,59.15
95,37.46,57.51
95,52.15,60.21
95,57.33,58.61
95,64.78,46.07
95,34.94,48.98
95,27.81,51.2
95,31.65,55.05
95,55.5,51.24
95,71.89,66.13
95,55.96,43.44
95,37.43,34.92
95,61.44,68.0
95,39.9,45.01
95,35.19,66.1
95,41.69,60.69
95,38.45,45.4
95,36.88,52.54
95,61.88,50.9
95,39.29,57.92
95,25.37,45.56
95,53.62,52.06
95,33.59,53.59
95,34.01,66.12
95,55.12,49.48
95,36.57,43.27
95,40.11,48.01
95,46.55,58.04
95,42.28,34.51
95,40.42,67.17
95,15.54,54.22
95,43.75,58.77
95,66.97,56.41
95,54.19,46.66
95,41.12,42.1
95,52.11,46.29
95,54.16,37.43
95,35.05,57.83
95,62.34,52.21
95,48.12,37.12
95,41.94,47.22
95,66.68,61.17
95,19.11,68.0
95,30.71,39.88
95,54.34,68.0
95,54.76,43.45
95,67.41,35.25
95,16.67,68.0
95,57.16,42.55
95,29.81,68.0
95,51.45,46.69
95,45.15,50.78
95,57.05,39.64
95,42.94,68.0
95,59.14,66.54
95,35.23,46.73
95,44.94,53.18
95,48.51,61.28
95,67.8,48.81
95,56.83,68.0
95,48.66,52.84
95,54.32,48.29
95,60.12,36.59
95,50.87,39.77
95,32.67,60.47
95,54.17,56.59
95,45.63,62.97
95,41.41,47.81
95,35.79,35.95
95,53.53,48.54
95,52.66,68.0
95,33.58,43.39
95,31.62,53.6
95,70.59,27.45
95,57.19,48.28
95,47.13,49.45
95,53.88,57.65
95,39.92,50.5
95,43.76,37.3
95,46.28,46.7
95,58.54,51.76
95,27.63,43.04
95,32.74,44.64
95,30.08,65.06
95,57.09,47.13
95,44.69,58.84
95,34.09,52.05
95,43.12,40.47
95,37.79,50.34
95,27.35,57.2
95,62.38,68.0
95,44.06,45.51
95,62.68,53.06
95,27.17,64.0
95,52.56,67.87
95,27.25,46.86
95,77.79,52.29
95,23.52,66.24
95,69.35,59.63
95,45.74,65.37
95,43.62,66.89
95,53.66,60.09
95,33.81,55.58
95,56.21,46.62
95,57.16,51.31
95,46.15,52.04
95,49.25,67.19
95,71.09,55.94
95,54.47,56.04
95,35.83,43.07
95,55.76,67.25
95,39.01,45.56
95,36.49,50.87
95,52.66,68.0
95,32.88,63.75
95,46.6,44.65
95,54.76,42.13
95,70.83,51.76
95,54.3,47.66
95,26.89,37.86
95,28.92,45.71
95,68.44,23.77
95,37.75,63.94
95,26.29,63.25
95,32.94,68.0
95,56.32,57.89
95,47.47,49.07
95,54.42,65.26
95,45.57,46.28
95,31.66,39.41
95,22.77,52.38
95,35.15,58.52
95,47.58,45.07
95,30.61,42.48
95,58.78,49.41
96,105.0,23.46
96,86.23,30.6
96,97.76,32.56
96,69.17,30.98
96,95.63,32.91
96,81.99,26.42
96,87.88,48.16
96,105.0,23.0
96,83.16,42.19
96,71.0,41.45
96,73.02,23.57
96,90.25,29.96
96,89.54,33.97
96,89.0,52.43
96,71.29,29.94
96,105.0,68.0
96,105.0,42.45
96,89.69,37.78
96,68.23,43.73
96,105.0,15.1
96,102.78,46.89
96,89.34,19.45
96,103.58,43.57
96,81.57,27.48
96,75.52,25.21
96,90.05,53.5
96,67.81,32.9
96,73.57,17.16
96,95.07,44.72
96,91.12,20.57
96,70.04,48.97
96,82.68,33.82
96,70.61,19.99
96,81.65,43.03
96,80.23,39.73
96,100.9,10.64
96,85.96,33.3
96,84.84,37.29
96,82.9,36.65
96,65.63,31.97
96,86.72,42.19
96,94.28,40.26
96,91.01,34.34
96,97.0,31.4
96,97.64,35.63
96,105.0,27.36
96,73.33,22.75
96,91.05,21.64
96,92.51,32.9
96,83.84,24.56
96,79.78,32.25
96,94.48,48.63
96,93.24,31.72
96,74.31,35.52
96,64.63,31.48
96,81.61,48.37
96,79.25,52.24
96,95.84,28.84
96,75.99,42.01
96,85.69,57.0
96,65.81,21.23
96,67.83,44.78
96,78.0,14.85
96,84.74,34.33
96,77.34,32.46
96,89.86,15.22
96,65.88,45.98
96,85.2,35.62
96,85.36,23.8
96,69.18,37.61
96,90.97,43.94
96,59.8,14.54
96,79.09,0.0
96,98.24,33.54
96,59.07,25.55
96,96.72,48.72
96,72.84,29.93
96,80.32,37.4
96,105.0,31.94
96,79.85,16.99
96,105.0,34.34
96,84.03,19.41
96,86.9,18.87
96,98.95,21.93
96,95.07,20.96
96,90.0,31.68
96,81.98,29.69
96,67.84,37.13
96,68.47,16.68
96,105.0,31.23
96,105.0,28.71
96,89.68,36.22
96,64.94,36.74
96,77.96,35.72
96,77.32,23.11
96,80.77,34.27
96,76.5,28.35
96,94.77,48.46
96,91.22,35.21
96,105.0,34.87
96,82.94,19.91
96,90.6,27.51
96,97.63,36.85
96,101.28,33.13
96,71.95,33.02
96,93.26,14.71
96,89.91,25.05
96,91.94,30.98
96,88.78,47.22
96,105.0,13.2
96,76.42,22.52
96,75.65,13.12
96,77.33,37.58
96,84.23,47.05
96,91.81,37.97
96,82.07,40.35
96,101.08,22.65
96,87.95,38.06
96,86.75,25.5
96,70.71,34.66
96,105.0,39.53
96,87.38,30.79
96,105.0,43.02
96,79.91,32.2
96,98.8,37.01
96,80.69,54.8
96,105.0,39.47
96,102.57,25.76
96,99.04,28.71
96,78.58,43.6
96,105.0,45.47
96,105.0,33.6
96,83.06,17.2
96,90.1,23.55
96,100.05,35.99
96,62.36,40.38
96,102.9,45.05
96,101.31,11.65
96,80.68,43.59
96,59.5,49.7
96,92.33,7.67
96,73.26,33.94
96,67.35,42.34
96,92.82,18.47
96,105.0,28.51
96,85.15,40.16
96,103.41,28.25
96,96.63,30.0
96,70.15,36.43
96,80.8,21.13
96,102.03,22.26
96,80.69,39.15
96,98.65,44.44
96,82.67,38.38
96,97.38,48.97
96,93.58,38.62
96,84.77,54.32
96,97.01,34.72
96,59.92,36.78
96,73.89,38.44
96,81.97,27.09
96,103.25,25.46
96,69.2,24.1
96,87.55,27.89
96,92.13,56.78
96,91.22,54.04
96,86.72,30.39
96,79.93,29.37
96,84.79,10.38
96,100.67,23.06
96,79.05,25.1
96,59.93,29.16
96,94.06,27.73
96,105.0,36.36
96,74.33,42.52
96,105.0,25.99
96,94.77,49.81
96,72.97,37.8
96,78.85,43.77
96,78.28,29.16
96,90.2,40.01
96,85.64,38.99
96,102.37,50.14
96,99.04,41.18
96,67.91,43.39
96,69.55,28.18
96,95.99,47.16
96,81.3,19.96
96,85.73,27.7
96,95.11,37.09
96,99.16,21.32
96,71.97,23.85
96,59.12,23.85
96,86.53,38.17
96,76.89,32.25
96,88.86,44.6
96,86.85,54.69
96,75.32,36.97
96,105.0,28.37
96,88.22,38.05
96,80.54,24.15
96,89.32,33.3
96,94.89,61.08
96,79.78,31.77
96,105.0,37.33
96,68.21,32.22
96,69.11,29.49
96,67.21,39.29
96,88.05,20.02
96,94.15,32.17
96,83.7,19.07
96,94.11,50.99
96,93.94,44.86
96,83.31,25.55
96,93.56,13.59
96,85.45,39.39
96,82.68,33.52
96,81.52,58.68
96,91.03,49.42
96,103.83,40.99
96,72.33,28.19
96,81.76,31.12
96,90.11,37.32
96,105.0,37.91
96,93.61,26.22
96,77.43,19.0
96,75.99,55.21
96,100.81,34.37
96,83.92,38.67
96,72.0,24.57
96,101.18,49.03
96,92.01,45.44
96,72.48,34.67
96,70.58,36.31
96,59.82,37.13
96,79.91,35.08
96,91.96,40.14
96,100.49,38.14
96,93.52,32.07
96,71.04,21.15
96,84.31,33.72
96,105.0,42.25
96,81.34,41.39
96,98.0,48.44
96,96.39,49.6
96,97.88,41.72
96,93.61,36.06
96,97.84,37.78
96,68.74,27.68
96,105.0,42.79
96,64.51,48.56
96,92.05,45.46
96,87.37,40.12
96,79.87,31.35
96,75.32,30.08
96,95.15,32.24
96,98.42,25.97
96,86.66,37.02
96,84.24,3.24
96,104.66,28.07
96,82.52,34.75
96,87.45,61.52
96,85.35,34.05
96,105.0,34.45
96,77.08,24.83
96,98.81,52.91
96,65.91,25.05
97,29.26,21.12
97,22.69,44.95
97,43.12,25.58
97,47.27,18.93
97,27.59,43.68
97,29.69,47.76
97,24.64,36.61
97,32.91,23.65
97,15.77,30.95
97,0.0,26.79
97,5.69,33.46
97,27.13,41.88
97,16.09,33.72
97,28.47,33.96
97,23.34,28.36
97,20.82,41.31
97,21.57,38.05
97,42.57,13.78
97,33.06,14.4
97,50.34,30.35
97,31.34,44.68
97,5.17,46.83
97,16.43,42.39
97,31.5,32.34
97,33.15,50.11
97,22.38,26.05
97,19.66,30.25
97,22.1,18.37
97,28.12,30.2
97,29.36,24.52
97,15.73,50.92
97,33.2,48.75
97,33.08,34.7
97,28.57,39.14
97,21.02,27.35
97,38.73,6.1
97,47.21,25.61
97,24.17,42.23
97,21.83,38.82
97,36.06,29.69
97,14.78,42.13
97,13.4,28.82
97,21.57,21.44
97,34.02,42.14
97,18.55,27.27
97,29.76,45.29
97,3.88,12.03
97,38.02,27.74
97,48.73,40.57
97,18.17,39.43
97,35.77,31.57
97,27.3,37.16
97,31.38,35.54
97,26.8,17.62
97,26.05,30.0
97,19.17,36.5
97,15.79,39.57
97,44.29,33.28
97,8.17,27.93
97,29.76,19.32
97,29.17,42.28
97,29.39,41.07
97,38.64,44.86
97,25.18,22.14
97,38.49,35.34
97,55.82,26.39
97,28.02,34.51
97,3.58,65.97
97,28.15,43.94
97,26.87,25.69
97,35.23,31.22
97,4.08,30.02
97,34.22,35.36
97,24.52,17.24
97,40.44,37.56
97,23.26,10.71
97,41.28,15.6
97,10.36,56.02
97,30.23,30.03
97,17.37,49.69
97,23.65,25.09
97,65.36,10.88
97,17.66,22.44
97,25.16,63.57
97,15.13,18.48
97,26.01,53.54
97,28.05,37.8
97,20.45,35.32
97,50.49,25.77
97,45.02,24.09
97,17.69,40.21
97,40.62,48.51
97,23.76,36.16
97,14.02,42.14
97,20.67,29.32
97,13.67,57.9
97,42.24,36.62
97,18.61,56.37
97,46.75,23.38
97,31.83,33.5
97,24.75,45.79
97,23.47,35.56
97,52.78,39.7
97,30.13,23.24
97,23.44,29.54
97,41.09,24.37
97,37.61,33.06
97,17.15,31.93
97,30.07,28.18
97,6.49,40.96
97,29.57,22.28
97,34.08,10.36
97,35.82,27.71
97,17.01,57.68
97,20.4,39.61
97,33.22,24.69
97,46.26,38.9
97,31.2,32.52
97,22.74,38.26
97,42.61,43.69
97,31.68,36.13
97,32.32,35.33
97,40.37,50.35
97,28.75,39.94
97,17.87,36.14
97,27.99,34.46
97,44.46,27.78
97,54.6,20.3
97,14.16,41.37
97,51.28,48.04
97,25.23,38.71
97,30.27,40.23
97,52.1,24.24
97,24.67,27.44
97,26.43,19.9
97,21.64,31.26
97,30.49,44.82
97,34.05,26.33
97,21.07,33.18
97,48.85,41.73
97,20.28,47.29
97,36.48,15.88
97,30.35,28.76
97,46.17,25.88
97,19.55,24.36
97,37.44,29.79
97,61.47,12.58
97,11.26,29.96
97,18.29,34.39
97,57.09,22.53
97,28.26,28.7
97,31.48,34.22
97,25.68,35.32
97,51.5,16.02
97,9.02,41.7
97,46.08,41.97
97,10.79,25.83
97,9.63,52.46
97,15.87,39.01
97,28.34,37.42
97,20.71,41.51
97,19.94,22.64
97,17.94,30.11
97,18.17,40.79
97,17.87,25.22
97,33.05,30.12
97,21.73,40.61
97,0.0,37.41
97,29.52,34.23
97,39.74,34.69
97,26.38,32.08
97,13.61,43.38
97,39.69,56.99
97,12.16,37.22
97,25.82,48.1
97,29.72,29.2
97,44.03,26.5
97,37.51,25.33
97,33.1,23.9
97,42.1,30.77
97,14.95,43.75
97,50.54,45.03
97,0.0,28.39
97,48.56,30.44
97,19.06,33.98
97,34.94,36.58
97,48.83,40.45
97,37.29,29.61
97,34.84,31.8
97,41.26,48.9
97,10.76,30.94
97,12.71,27.68
97,33.53,33.06
97,27.43,34.86
97,25.93,17.05
97,46.1,29.12
97,44.97,38.62
97,18.03,56.05
97,35.75,28.18
97,9.66,42.41
97,9.35,35.97
97,18.39,46.76
97,29.31,27.19
97,21.51,46.14
97,35.87,49.42
97,29.8,49.89
97,44.48,49.7
97,37.09,36.1
97,16.5,40.43
97,41.71,29.38
97,18.79,9.55
97,35.35,36.81
97,23.6,32.23
97,47.21,44.59
97,39.51,43.48
97,21.0,22.32
97,24.98,59.73
97,72.5,38.27
97,13.61,19.87
97,20.64,21.41
97,21.28,10.04
97,14.93,42.4
97,16.3,28.2
97,28.59,24.76
97,36.19,26.92
97,9.29,30.69
97,23.48,40.33
97,19.55,15.91
98,38.28,53.82
98,53.57,36.22
98,39.53,59.53
98,66.47,44.97
98,48.71,40.12
98,61.94,34.79
98,52.73,37.07
98,53.52,29.04
98,36.22,42.72
98,61.18,49.22
98,48.8,65.67
98,33.6,54.67
98,18.57,56.79
98,47.82,68.0
98,65.6,22.64
98,34.21,58.31
98,33.77,57.46
98,41.89,63.06
98,60.32,34.24
98,22.12,47.69
98,37.55,43.76
98,32.93,39.83
98,53.31,68.0
98,44.14,47.77
98,41.49,64.2
98,43.66,61.76
98,56.2,38.16
98,60.58,48.22
98,59.32,54.66
98,53.48,58.35
98,63.99,57.64
98,33.89,68.0
98,51.04,64.01
98,76.53,61.23
98,22.12,64.65
98,39.05,68.0
98,32.53,47.15
98,49.75,36.63
98,64.69,47.33
98,52.99,38.89
98,43.17,43.19
98,53.09,55.1
98,42.23,47.91
98,48.53,61.13
98,54.04,57.34
98,68.79,58.01
98,51.84,40.09
98,48.83,44.35
98,72.46,32.99
98,20.57,60.25
98,44.8,68.0
98,36.36,55.97
98,42.9,56.94
98,53.85,48.15
98,58.75,51.62
98,39.23,68.0
98,54.7,55.0
98,34.33,61.03
98,29.35,68.0
98,46.92,66.1
98,43.16,54.36
98,65.38,55.16
98,73.67,49.75
98,38.09,59.49
98,22.45,49.45
98,28.23,57.85
98,35.14,65.42
98,48.69,35.45
98,42.6,33.57
98,29.64,53.51
98,69.22,61.36
98,54.62,57.16
98,68.87,40.68
98,22.59,63.9
98,62.54,68.0
98,44.06,44.44
98,40.91,46.02
98,46.32,54.28
98,36.91,52.62
98,44.14,67.23
98,58.3,57.12
98,20.48,50.79
98,65.47,47.51
98,51.1,37.2
98,44.57,68.0
98,58.16,60.9
98,50.73,53.0
98,39.76,55.2
98,35.95,52.82
98,65.49,34.58
98,26.77,38.37
98,43.44,51.75
98,27.66,51.57
98,52.34,53.87
98,44.74,68.0
98,29.76,50.85
98,34.7,45.61
98,46.58,54.58
98,49.71,38.63
98,20.82,55.71
98,36.83,46.03
98,48.09,56.48
98,61.73,52.02
98,56.91,52.44
98,40.09,60.89
98,58.99,62.08
98,41.9,68.0
98,5.41,61.64
98,64.73,51.31
98,51.95,47.04
98,48.44,57.82
98,46.11,68.0
98,49.94,63.42
98,46.09,46.16
98,42.24,58.98
98,37.51,56.44
98,47.0,65.54
98,34.54,57.32
98,31.15,56.9
98,49.51,41.01
98,58.74,62.71
98,35.65,38.7
98,37.91,54.99
98,23.95,47.94
98,28.89,47.29
98,29.38,60.41
98,58.67,53.96
98,23.43,27.67
98,51.97,51.82
98,42.55,49.73
98,53.87,67.83
98,61.16,40.33
98,45.61,68.0
98,60.74,63.42
98,66.15,50.94
98,63.5,49.39
98,37.26,46.98
98,20.4,57.51
98,44.38,45.33
98,48.32,52.71
98,20.61,42.05
98,46.79,61.84
98,12.55,55.86
98,66.1,48.85
98,52.21,51.34
98,35.37,46.38
98,47.65,57.45
98,49.25,40.19
98,52.28,63.92
98,46.9,55.91
98,58.28,49.06
98,29.52,60.46
98,44.32,58.27
98,69.23,42.5
98,41.43,68.0
98,49.14,26.54
98,33.06,65.98
98,74.04,52.21
98,49.71,64.9
98,29.64,68.0
98,60.17,49.3
98,32.05,49.81
98,54.89,57.46
98,59.39,41.53
98,72.35,50.35
98,48.91,49.42
98,46.63,40.95
98,19.65,48.84
98,40.06,62.28
98,36.71,61.49
98,43.65,52.05
98,39.24,54.69
98,56.22,50.65
98,38.73,34.62
98,52.18,42.82
98,44.5,64.55
98,37.9,67.17
98,36.72,44.56
98,49.03,66.31
98,63.82,40.79
98,36.5,48.31
98,46.62,52.69
98,52.29,51.0
98,45.74,46.39
98,23.12,55.39
98,52.23,62.54
98,26.42,38.01
98,26.6,55.39
98,29.04,64.61
98,43.9,49.46
98,33.47,47.98
98,27.34,44.64
98,50.94,68.0
98,45.65,68.0
98,55.85,50.76
98,36.52,66.98
98,45.17,48.21
98,56.4,52.29
98,28.93,42.34
98,37.4,33.73
98,58.91,47.62
98,46.25,49.32
98,44.04,58.69
98,45.5,61.2
98,61.9,52.65
98,45.69,43.1
98,46.59,46.76
99,83.1,27.89
99,51.45,51.49
99,70.66,44.66
99,48.27,51.98
99,73.43,32.75
99,70.76,35.17
99,32.52,16.63
99,65.24,16.63
99,48.86,32.39
99,55.57,18.86
99,51.42,24.57
99,71.8,34.48
99,51.11,48.0
99,43.37,34.11
99,49.5,19.04
99,57.21,13.96
99,65.33,35.32
99,75.55,27.08
99,66.68,35.28
99,67.59,31.75
99,69.6,33.23
99,70.63,47.22
99,73.43,45.59
99,92.57,38.06
99,70.41,24.15
99,63.72,27.94
99,53.95,42.4
99,64.03,48.32
99,75.0,19.99
99,44.16,50.8
99,76.36,25.42
99,54.45,41.36
99,56.98,64.81
99,66.78,16.51
99,53.15,39.56
99,65.96,30.55
99,45.02,38.92
99,71.39,27.19
99,62.55,6.73
99,59.95,25.71
99,63.57,37.82
99,59.74,48.84
99,65.74,38.46
99,57.31,50.2
99,56.22,28.57
99,37.02,27.68
99,77.74,37.77
99,44.88,29.87
99,81.0,46.35
99,56.85,18.54
99,75.83,43.49
99,73.55,47.29
99,72.51,38.02
99,60.6,44.04
99,44.47,26.86
99,57.63,24.85
99,55.91,37.87
99,58.67,26.06
99,44.04,37.31
99,56.28,37.32
99,22.01,33.26
99,56.1,37.11
99,61.64,40.98
99,49.84,32.9
99,56.49,28.75
99,62.11,43.05
99,73.17,37.01
99,73.71,38.96
99,63.97,40.41
99,59.62,35.63
99,64.62,30.21
99,83.4,27.21
99,66.52,33.03
99,63.39,39.3
99,73.95,39.81
99,60.62,35.58
99,48.91,37.87
99,65.97,21.85
99,62.21,28.89
99,57.16,41.38
99,67.07,24.83
99,36.44,35.55
99,52.97,34.57
99,48.58,32.75
99,49.93,41.47
99,58.0,36.5
99,48.17,20.83
99,81.8,39.68
99,65.87,28.42
99,49.67,19.0
99,37.37,42.16
99,52.42,20.96
99,55.71,30.1
99,51.75,37.23
99,93.05,33.19
99,38.5,27.13
99,60.66,23.07
99,58.31,25.64
99,56.76,22.15
99,34.79,32.61
99,59.44,28.0
99,62.35,18.83
99,69.23,30.82
99,66.28,26.92
99,75.84,36.95
99,33.4,37.98
99,56.95,48.76
99,92.56,41.13
99,73.78,22.03
99,41.11,10.1
99,61.15,17.29
99,46.38,28.47
99,54.39,16.31
99,86.0,27.22
99,72.46,34.35
99,40.24,27.81
99,50.05,37.07
99,60.01,27.31
99,56.56,25.62
99,64.07,52.79
99,49.93,33.64
99,55.24,35.23
99,49.78,43.29
99,55.22,43.65
99,69.15,29.97
99,63.86,45.51
99,50.88,29.06
99,74.72,45.18
99,73.83,20.43
99,59.99,30.63
99,56.65,36.45
99,82.91,37.97
99,80.89,24.72
99,40.31,15.86
99,75.53,39.06
99,82.41,31.73
99,68.54,29.7
99,53.93,52.2
99,55.51,30.78
99,82.24,28.31
99,70.86,14.2
99,67.11,22.09
99,90.33,43.63
99,46.9,26.02
99,58.82,40.91
99,62.47,19.78
99,57.25,24.44
99,36.08,24.16
99,73.05,39.24
99,50.23,31.67
99,50.0,21.78
99,55.33,41.86
99,57.01,39.44
99,58.42,37.74
99,72.53,37.25
99,75.19,24.61
99,56.63,47.84
99,52.22,32.89
99,58.33,36.95
99,48.38,38.21
99,59.63,23.61
99,47.7,54.86
99,87.65,33.7
99,61.66,34.37
99,53.01,29.46
99,69.18,46.65
99,43.98,47.11
99,50.75,35.74
99,65.51,17.88
99,61.76,32.19
99,73.63,33.29
99,24.52,29.03
99,70.64,23.18
99,52.94,16.9
99,44.79,50.18
99,37.6,42.16
100,76.68,40.14
100,74.65,33.99
100,66.79,22.91
100,77.07,16.13
100,78.66,61.16
100,80.94,43.15
100,60.45,40.15
100,77.61,32.74
100,87.31,41.59
100,75.85,22.42
100,100.71,36.19
100,69.65,36.67
100,49.67,22.7
100,60.96,32.85
100,63.3,29.46
100,79.26,25.6
100,82.81,28.07
100,73.77,15.22
100,75.8,45.69
100,96.9,51.19
100,61.2,23.81
100,71.05,46.21
100,66.12,33.65
100,56.74,33.89
100,45.68,19.75
100,88.85,27.86
100,62.07,39.86
100,68.74,23.27
100,77.6,25.84
100,56.53,28.41
100,61.15,0.0
100,71.72,37.61
100,66.3,41.01
100,55.41,38.01
100,79.89,44.37
100,65.96,29.12
100,73.78,53.92
100,72.74,24.71
100,84.6,31.53
100,76.59,30.44
100,60.79,36.05
100,87.11,31.36
100,65.85,32.87
100,61.42,26.54
100,59.49,29.18
100,41.53,9.42
100,64.09,42.83
100,77.16,22.76
100,54.3,28.6
100,94.21,22.34
100,42.87,40.27
100,61.82,28.02
100,52.66,7.12
100,83.93,37.09
100,80.48,25.78
100,68.54,33.74
100,53.52,43.15
100,56.42,23.14
100,75.25,33.44
100,63.21,25.51
100,64.69,44.85
100,71.04,34.87
100,66.64,33.75
100,49.25,20.35
100,54.7,42.25
100,55.01,43.65
100,62.54,25.57
100,73.17,35.69
100,72.64,40.47
100,87.43,58.4
100,53.71,38.3
100,75.98,34.0
100,61.77,32.29
100,97.68,32.94
100,70.62,42.44
100,64.7,24.3
100,75.57,44.26
100,74.56,17.05
100,67.06,41.33
100,79.72,44.39
100,91.63,42.87
100,83.94,36.97
100,70.06,38.34
100,95.1,29.6
100,78.27,21.63
100,57.73,36.75
100,72.71,34.76
100,69.18,44.16
100,64.96,32.45
100,76.09,35.75
100,47.57,37.16
100,92.84,40.3
100,79.96,44.43
100,48.06,23.51
100,79.8,41.72
100,77.76,32.01
100,91.05,41.07
100,94.41,50.26
100,96.6,10.81
100,68.39,47.36
100,79.03,32.7
100,65.76,24.59
100,84.72,29.19
100,43.9,22.65
100,55.42,39.58
100,66.36,22.62
100,71.22,47.25
100,74.13,41.61
100,88.57,36.5
100,63.55,11.6
100,55.2,19.45
100,66.96,33.12
100,64.12,33.72
100,79.19,44.34
100,91.83,1.96
100,90.66,25.65
100,86.16,43.21
100,64.6,30.29
100,69.9,28.86
100,77.52,16.27
100,61.98,45.64
100,63.19,28.67
100,76.87,46.03
100,54.26,50.12
100,86.2,48.49
100,66.78,33.64
100,79.03,28.67
100,74.69,27.92
100,88.3,55.65
100,44.33,31.67
100,88.39,45.58
100,88.1,39.31
100,75.66,29.47
100,78.78,31.22
100,79.75,47.02
100,60.29,34.34
100,72.7,29.01
100,83.57,25.12
100,48.76,37.52
100,78.12,28.32
100,73.13,40.53
100,80.16,61.99
100,55.47,39.7
100,62.33,53.85
100,53.85,26.14
100,53.71,41.52
100,82.8,47.81
100,64.34,49.18
100,63.39,48.07
100,86.18,34.18
100,67.53,43.79
100,84.53,22.81
100,58.36,51.68
100,67.5,23.53
100,60.23,47.8
100,79.12,45.48
100,69.31,45.41
100,81.5,56.72
100,73.99,45.58
100,46.7,19.41
100,68.57,40.49
100,52.04,13.22
100,76.5,33.0
100,79.22,29.35
100,80.57,41.02
100,70.4,24.95
100,50.78,25.28
100,74.72,39.51
100,77.29,46.92
100,69.63,34.03
100,73.11,59.55
100,47.46,30.22
100,72.86,41.48
100,70.59,37.75
100,56.23,30.23
100,78.87,48.43
100,65.57,24.21
100,74.98,11.17
100,78.34,32.61
100,76.27,31.17
100,54.57,45.69
100,67.01,20.25
100,99.68,39.76
100,90.14,38.43
100,82.85,37.55
100,75.57,45.48
100,59.16,33.74
100,69.89,34.57
100,66.51,38.95
100,70.9,32.88
100,53.2,19.11
100,84.41,29.48
100,37.08,31.15
100,83.14,27.81
100,83.39,30.52
100,102.25,35.98
100,68.75,30.99
100,65.24,43.39
100,73.56,43.57
100,79.28,7.83
100,70.83,18.24
100,56.62,7.55
101,84.95,48.04
101,73.44,66.48
101,66.16,52.33
101,73.94,47.22
101,67.58,60.34
101,54.79,56.64
101,86.45,56.32
101,79.52,60.88
101,92.84,54.49
101,57.92,65.29
101,53.01,40.29
101,61.83,68.0
101,79.19,45.95
101,85.17,38.0
101,77.72,47.33
101,75.87,52.16
101,85.11,47.92
101,68.03,45.38
101,87.73,67.12
101,99.81,46.42
101,60.18,31.16
101,70.7,52.15
101,55.93,68.0
101,61.45,44.3
101,79.1,46.1
101,52.09,51.56
101,63.87,68.0
101,87.7,52.05
101,76.9,44.74
101,83.98,59.99
101,57.18,59.18
101,74.88,61.35
101,98.53,44.31
101,65.4,49.79
101,67.66,68.0
101,81.56,60.5
101,62.3,64.9
101,83.32,55.4
101,50.64,67.62
101,42.47,59.22
101,78.09,50.24
101,61.26,64.2
101,66.65,46.37
101,85.4,68.0
101,82.11,67.09
101,58.04,52.78
101,80.76,53.97
101,70.1,57.46
101,79.42,54.1
101,73.74,68.0
101,54.45,50.07
101,64.73,39.47
101,42.64,53.15
101,76.41,64.28
101,79.16,67.16
101,64.84,57.25
101,72.5,49.03
101,61.34,55.52
101,90.33,48.79
101,57.28,30.64
101,69.96,46.63
101,57.12,61.61
101,77.05,53.02
101,87.5,52.61
101,47.01,68.0
101,82.5,45.4
101,95.21,46.47
101,75.68,59.64
101,65.23,48.17
101,73.51,48.11
101,66.91,68.0
101,99.54,44.21
101,84.85,47.94
101,85.71,60.83
101,102.02,55.46
101,91.48,40.89
101,72.42,68.0
101,74.33,47.26
101,104.68,53.3
101,64.39,60.81
101,71.77,68.0
101,60.83,51.49
101,50.36,45.89
101,62.56,61.47
101,62.82,68.0
101,65.87,57.5
101,81.96,52.86
101,73.85,60.3
101,87.14,33.17
101,75.96,49.23
101,76.33,35.92
101,70.21,52.04
101,99.31,50.36
101,68.5,26.99
101,85.92,57.97
101,58.63,62.8
101,70.84,53.87
101,100.1,39.19
101,82.91,68.0
101,55.8,68.0
101,60.59,60.4
101,94.83,52.1
101,75.15,52.25
101,70.42,60.77
101,63.87,56.99
101,69.87,60.79
101,92.38,60.95
101,64.9,47.88
101,66.17,46.95
101,81.79,52.92
101,60.48,61.14
101,61.85,38.85
101,74.08,53.48
101,74.41,55.6
101,63.48,50.65
101,80.15,68.0
101,76.84,68.0
101,48.34,60.57
101,84.15,68.0
101,66.6,65.66
101,84.48,57.48
101,101.04,50.75
101,73.13,51.65
101,65.62,60.19
101,91.92,51.91
101,63.09,39.31
101,98.6,51.81
101,67.97,67.3
101,65.85,27.69
101,104.76,68.0
101,78.72,62.31
101,95.09,53.42
101,73.66,59.16
101,72.73,66.57
101,35.97,56.37
101,87.15,66.44
101,79.01,65.36
101,72.55,57.93
101,81.69,43.78
101,74.5,54.92
101,61.74,33.55
101,78.71,60.9
101,71.52,51.38
101,83.63,49.23
101,70.36,63.21
101,67.91,42.03
101,66.93,57.23
101,62.51,52.26
101,67.21,54.02
101,79.61,59.13
101,64.25,68.0
101,58.72,60.38
101,84.26,68.0
101,72.2,68.0
101,83.98,64.47
101,71.14,35.72
101,66.57,53.36
101,51.34,44.0
101,59.31,68.0
101,62.66,44.96
101,77.65,39.53
101,72.58,25.53
101,60.67,44.6
101,37.85,57.35
101,80.01,67.96
101,85.41,44.23
101,86.54,68.0
101,61.46,55.3
101,87.35,50.66
101,81.36,57.9
101,81.3,68.0
101,66.08,56.56
101,72.27,43.81
101,97.81,60.67
101,95.81,60.49
101,73.37,53.91
101,76.49,67.24
101,45.47,30.82
101,89.65,59.93
101,83.69,64.63
101,78.49,40.06
101,66.17,39.68
101,74.86,66.98
101,93.05,68.0
101,78.71,68.0
101,105.0,48.38
101,84.55,58.21
101,62.06,59.67
101,68.66,37.22
101,64.77,57.73
101,85.15,57.53
101,89.0,64.2
101,96.31,49.71
101,69.68,68.0
101,80.08,56.88
101,90.65,68.0
101,94.15,64.21
101,58.0,59.05
101,82.06,43.0
101,58.49,41.48
101,66.18,68.0
101,57.01,65.66
101,65.93,52.86
101,55.15,51.42
101,58.63,58.44
101,62.24,41.2
101,77.94,50.86
101,74.44,62.74
101,52.63,64.21
101,105.0,51.95
101,67.65,68.0
101,56.72,67.49
101,81.57,47.54
101,73.94,41.97
101,63.44,62.54
101,79.08,51.05
101,65.26,48.96
101,70.16,58.45
101,93.05,63.91
101,75.61,64.71
101,81.98,56.61
101,67.21,30.77
101,75.99,66.5
101,63.98,47.13
101,63.4,59.39
101,68.64,54.66
101,64.97,68.0
101,87.49,68.0
101,81.53,50.95
101,44.2,41.21
101,96.41,42.07
101,82.33,58.99
101,88.88,50.06
101,71.78,43.78
101,54.58,50.24
101,56.79,60.96
101,96.19,55.14
101,52.85,50.69
101,55.21,52.07
101,68.37,54.22
101,56.0,58.45
101,80.93,59.09
101,81.94,37.87
101,79.38,57.83
101,66.02,52.02
101,77.75,44.85
101,97.19,51.9
101,55.36,68.0
101,88.52,64.89
101,84.5,57.07
101,72.63,46.13
101,76.16,41.04
101,78.64,45.64
101,61.31,56.13
101,52.78,56.37
101,85.78,48.84
101,57.82,65.66
101,59.79,60.23
101,67.3,26.84
101,77.7,57.2
101,67.51,64.31
102,84.57,48.37
102,87.15,32.89
102,87.42,37.98
102,90.39,28.51
102,80.47,38.87
102,102.2,46.6
102,105.0,35.83
102,81.1,37.97
102,72.81,43.66
102,70.51,41.78
102,93.26,45.49
102,95.64,37.53
102,93.32,37.52
102,94.44,36.63
102,80.61,43.51
102,62.13,29.25
102,81.54,39.84
102,105.0,59.27
102,91.44,37.95
102,93.52,20.83
102,99.76,30.81
102,77.08,40.83
102,90.91,26.62
102,94.66,23.24
102,75.88,18.83
102,92.73,31.71
102,104.84,51.73
102,82.79,28.16
102,65.61,43.63
102,90.24,30.93
102,79.46,29.74
102,90.35,39.69
102,77.05,17.13
102,88.79,52.36
102,103.95,39.91
102,87.64,45.57
102,66.56,31.16
102,92.88,39.46
102,88.26,44.26
102,90.77,33.0
102,100.65,24.39
102,81.17,23.63
102,84.26,29.35
102,74.62,36.5
102,90.51,32.21
102,90.17,28.62
102,84.62,41.46
102,97.71,28.93
102,74.52,27.43
102,89.65,44.33
102,95.81,40.06
102,80.95,20.52
102,70.14,19.36
102,65.96,21.81
102,90.02,33.66
102,105.0,46.96
102,80.07,49.92
102,93.87,42.26
102,56.47,55.04
102,92.85,36.22
102,73.85,46.2
102,82.89,27.72
102,89.03,16.88
102,66.41,30.6
102,105.0,32.62
102,80.13,62.43
102,95.89,34.0
102,105.0,22.8
102,91.81,44.61
102,72.04,25.64
102,89.34,35.58
102,64.11,43.65
102,83.7,23.75
102,105.0,50.69
102,69.65,46.39
102,77.29,37.89
102,105.0,53.27
102,85.73,29.8
102,76.38,42.74
102,93.06,37.07
102,81.91,26.98
102,52.69,27.31
102,70.31,56.34
102,105.0,45.65
102,92.27,43.78
102,105.0,27.12
102,74.62,41.79
102,87.28,29.95
102,85.8,52.68
102,80.89,47.34
102,90.73,44.11
102,73.51,43.0
102,103.72,33.03
102,94.07,39.36
102,85.74,50.95
102,89.73,39.13
102,84.07,24.75
102,65.59,47.8
102,75.12,26.53
102,85.66,33.67
102,83.41,28.79
102,96.42,5.3
102,95.28,35.93
102,80.72,57.9
102,75.56,37.52
102,97.81,66.6
102,90.46,32.31
102,79.92,36.44
102,73.15,32.85
102,79.21,34.66
102,93.1,38.07
102,105.0,50.61
102,85.25,24.77
102,77.17,34.1
102,105.0,40.77
102,83.17,48.08
102,77.68,10.26
102,82.7,18.62
102,82.06,34.45
102,104.52,46.31
102,66.24,28.71
102,95.73,41.36
102,87.86,55.76
102,80.76,34.11
102,83.63,31.49
102,84.74,39.19
102,89.15,35.98
102,82.13,36.81
102,87.15,32.01
102,77.89,31.17
102,105.0,22.95
102,101.12,40.75
102,94.35,22.56
102,82.23,25.01
102,98.68,20.82
102,91.89,30.41
102,89.55,34.29
102,81.07,21.9
102,91.57,31.07
102,105.0,35.78
102,89.05,16.74
102,84.57,25.65
102,89.29,53.85
102,88.57,26.21
102,80.89,41.79
102,78.36,28.42
102,98.31,36.2
102,103.67,25.23
102,105.0,13.08
102,93.96,29.15
102,89.52,38.86
102,99.72,41.46
102,76.2,35.57
102,96.35,25.45
102,101.5,44.12
102,101.31,26.06
102,105.0,26.73
102,80.22,23.22
102,81.6,29.35
102,85.2,30.75
102,73.5,37.23
102,95.0,19.12
102,96.78,28.94
102,95.3,25.19
102,89.94,38.7
102,101.08,37.33
102,95.48,22.68
102,80.17,39.41
102,49.65,33.42
102,83.7,42.72
102,88.51,26.89
102,88.62,40.49
102,85.67,43.51
102,81.02,34.76
102,76.99,57.08
102,74.57,39.41
102,93.65,53.39
102,102.15,61.74
102,71.73,15.6
102,87.2,46.67
102,98.25,39.68
102,85.54,36.68
102,97.31,26.73
102,102.02,24.2
102,93.13,22.42
102,81.56,58.46
102,105.0,39.36
102,84.52,19.05
102,84.52,22.42
102,94.69,11.72
102,84.08,47.1
102,85.09,34.5
102,83.14,39.6
102,85.65,34.03
102,90.56,44.43
102,62.35,29.63
102,86.73,37.25
102,65.06,37.01
102,82.71,21.24
102,92.4,26.05
102,83.74,30.67
102,97.14,37.53
102,92.52,49.27
102,59.97,35.27
102,103.57,33.04
102,91.25,37.41
102,80.6,32.27
102,81.89,33.75
102,60.9,50.67
102,90.83,31.55
102,96.47,36.88
102,79.16,26.91
102,76.24,47.87
102,89.83,23.97
102,103.53,33.21
102,102.18,44.81
102,98.78,24.47
102,105.0,43.55
102,100.02,11.46
102,103.04,21.99
102,89.13,32.96
102,83.49,60.51
102,102.75,35.6
102,75.25,35.83
102,93.51,46.62
102,80.1,22.05
102,92.41,0.63
102,91.48,53.07
102,90.12,40.65
102,87.77,29.1
102,94.92,34.63
102,97.01,45.57
102,69.81,32.58
102,87.41,35.59
102,82.56,56.39
102,90.52,20.32
102,82.59,39.69
102,104.58,20.56
102,87.11,51.2
102,100.83,37.22
102,75.62,26.44
102,84.35,17.49
102,80.01,30.15
102,93.12,36.04
102,72.6,46.74
102,65.79,21.97
102,79.87,24.93
102,95.29,28.53
102,77.47,25.47
102,91.45,28.34
102,79.58,23.6
102,65.21,38.59
102,99.08,28.69
102,96.44,34.12
102,87.48,37.35
102,88.56,18.83
102,85.3,40.53
102,74.58,36.3
103,48.7,31.26
103,49.24,52.1
103,32.66,40.26
103,68.48,34.85
103,38.96,42.32
103,48.87,32.41
103,63.15,34.32
103,43.56,29.26
103,51.08,39.25
103,19.51,28.1
103,22.24,30.53
103,47.67,43.67
103,50.46,31.86
103,62.38,40.22
103,58.42,41.13
103,27.3,33.16
103,64.49,30.16
103,32.52,19.48
103,59.22,21.94
103,42.13,40.7
103,83.31,40.5
103,40.33,23.11
103,47.04,38.36
103,50.06,36.38
103,44.85,44.29
103,35.04,57.82
103,76.65,40.32
103,40.06,26.4
103,39.6,42.18
103,46.58,22.54
103,50.51,58.44
103,39.1,20.51
103,60.4,38.82
103,49.99,34.02
103,48.26,29.45
103,55.26,28.76
103,36.97,48.98
103,40.39,40.23
103,47.71,32.32
103,60.09,53.05
103,44.83,32.69
103,43.88,42.08
103,20.59,19.26
103,38.98,19.84
103,26.54,41.81
103,29.78,37.39
103,52.76,57.61
103,91.15,26.24
103,50.53,41.43
103,52.33,31.3
103,38.11,43.33
103,34.37,42.46
103,74.73,33.7
103,37.53,25.85
103,22.0,30.27
103,51.19,21.76
103,42.41,38.01
103,55.75,3.1
103,68.38,27.61
103,52.8,43.95
103,50.95,43.68
103,56.58,16.27
103,83.16,40.41
103,77.62,21.45
103,43.89,29.84
103,60.35,42.43
103,71.22,23.27
103,57.01,49.7
103,47.14,36.83
103,41.53,39.09
103,49.28,45.85
103,33.18,43.8
103,59.64,42.84
103,66.08,26.76
103,42.84,21.78
103,42.14,30.89
103,34.27,39.22
103,54.07,19.86
103,47.86,40.41
103,29.24,38.12
103,85.89,32.0
103,24.88,34.68
103,29.28,34.72
103,60.21,38.86
103,56.54,42.21
103,38.71,65.59
103,37.88,35.86
103,53.95,26.91
103,52.92,13.03
103,38.85,18.51
103,60.92,25.67
103,55.43,41.58
103,65.37,29.66
103,47.35,38.47
103,58.53,25.95
103,45.03,39.01
103,55.03,43.6
103,52.65,29.58
103,59.03,38.78
103,54.75,29.16
103,23.44,20.45
103,39.86,40.09
103,49.08,38.54
103,54.06,40.53
103,58.72,44.51
103,55.13,31.26
103,38.84,32.07
103,59.94,30.87
103,37.48,37.8
103,64.42,32.47
103,65.29,35.39
103,47.87,26.07
103,39.58,22.7
103,38.95,24.0
103,33.78,38.58
103,36.01,33.53
103,45.65,28.57
103,40.73,41.3
103,27.07,50.04
103,41.71,28.56
103,49.21,22.08
103,43.59,44.4
103,36.37,34.17
103,16.91,31.98
103,62.89,45.2
103,47.49,31.11
103,52.17,38.37
103,50.35,35.76
103,54.47,68.0
103,51.13,32.52
103,49.28,44.3
103,57.92,31.24
103,60.71,38.95
103,65.98,31.84
103,37.19,42.75
103,51.24,32.95
103,27.13,39.54
103,41.74,25.68
103,45.44,25.24
103,57.63,13.3
103,46.47,38.02
103,56.75,26.86
103,43.51,58.15
103,40.49,28.8
103,37.57,47.71
103,56.98,46.59
103,43.08,31.29
103,16.46,25.9
103,56.26,32.52
103,35.92,46.48
103,50.51,59.14
103,33.32,20.42
103,48.19,34.16
103,10.68,27.35
103,47.56,30.02
103,36.62,52.78
103,31.52,25.53
103,57.93,16.32
103,46.46,36.22
103,44.83,38.18
103,38.58,29.37
103,59.63,26.51
103,42.35,35.76
103,67.34,19.15
103,63.98,38.64
103,66.53,30.18
103,60.58,49.26
103,40.12,37.5
103,48.68,32.31
103,45.36,31.47
103,58.9,12.73
103,47.86,32.63
103,44.84,31.76
103,69.55,34.57
103,43.74,31.91
103,39.88,49.71
103,42.77,31.04
103,61.93,24.72
103,50.44,15.69
103,53.96,29.09
103,51.07,22.48
103,19.49,19.72
103,34.11,30.57
103,44.38,46.52
103,52.09,44.29
103,35.2,19.9
103,34.8,34.4
103,43.94,38.65
103,65.24,40.43
103,20.01,51.64
103,13.53,21.13
103,70.56,24.26
103,28.11,26.71
103,42.73,38.03
103,28.49,4.06
103,44.07,31.48
103,46.23,14.39
103,68.94,33.97
103,57.37,56.77
103,31.32,43.91
103,23.2,20.51
103,54.5,29.4
103,41.25,24.21
103,38.6,48.24
103,63.4,9.78
103,25.17,29.17
103,43.24,26.34
103,56.2,21.09
103,32.66,52.24
103,64.88,16.77
103,34.85,20.86
103,47.08,51.55
103,38.99,32.9
103,12.38,32.07
103,42.53,27.12
103,58.3,33.98
103,34.55,29.28
103,39.83,25.92
103,41.29,18.58
103,54.97,34.44
103,43.32,27.43
103,48.3,28.84
103,48.47,41.26
103,41.2,28.44
103,69.97,32.79
103,34.67,52.41
103,57.14,38.22
103,64.59,28.06
103,46.2,21.93
103,48.79,32.54
103,54.89,42.66
103,43.17,27.51
103,23.35,33.52
104,13.39,33.07
104,32.74,48.2
104,31.09,30.87
104,48.38,40.87
104,30.56,44.45
104,19.89,17.45
104,48.03,53.22
104,33.88,25.41
104,31.61,30.16
104,28.96,27.34
104,31.11,27.76
104,17.89,28.28
104,28.01,20.87
104,26.22,42.37
104,33.71,35.27
104,43.59,32.48
104,41.63,45.18
104,35.72,53.43
104,6.67,16.84
104,23.42,51.86
104,5.39,33.75
104,43.14,19.14
104,27.51,38.54
104,27.16,32.71
104,20.16,43.47
104,45.51,35.6
104,30.4,37.92
104,27.59,29.21
104,30.71,22.69
104,31.7,42.16
104,27.33,28.23
104,45.49,38.43
104,45.36,50.34
104,30.3,32.24
104,18.97,41.7
104,33.33,33.66
104,21.34,29.99
104,47.63,16.81
104,49.5,33.57
104,38.45,32.19
104,14.0,24.42
104,23.03,11.61
104,26.48,15.63
104,18.16,53.64
104,25.15,34.42
104,32.12,18.2
104,35.95,27.38
104,45.84,34.11
104,28.82,38.94
104,25.2,31.43
104,12.36,56.23
104,33.62,56.75
104,23.22,38.21
104,26.4,29.97
104,21.76,38.21
104,22.13,19.38
104,38.45,44.99
104,28.38,35.89
104,49.43,20.72
104,14.59,27.57
104,45.38,40.31
104,22.71,15.68
104,28.4,24.17
104,35.55,28.88
104,42.47,44.73
104,42.98,52.86
104,42.73,38.17
104,26.42,0.0
104,52.69,21.72
104,37.12,68.0
104,0.0,35.73
104,29.9,5.33
104,24.52,60.1
104,25.4,19.3
104,37.75,40.31
104,33.47,21.39
104,20.69,58.22
104,49.02,18.41
104,12.77,27.56
104,11.9,45.54
104,15.36,27.92
104,35.26,39.35
104,34.26,43.14
104,18.92,35.95
104,21.74,21.78
104,29.43,25.34
104,15.59,29.78
104,39.86,40.46
104,49.84,42.93
104,27.17,36.26
104,33.99,41.72
104,30.89,16.49
104,47.26,37.27
104,54.71,33.29
104,24.83,39.45
104,29.9,42.27
104,40.64,22.44
104,33.97,32.79
104,17.63,48.68
104,5.97,37.34
104,21.72,32.9
104,33.75,20.6
104,24.36,39.97
104,15.77,18.71
104,21.94,32.04
104,53.29,28.6
104,14.81,38.33
104,25.39,27.41
104,22.78,30.39
104,54.92,23.98
104,10.34,31.27
104,19.28,36.36
104,30.33,30.18
104,31.69,30.55
104,44.08,35.81
104,42.74,45.01
104,20.35,42.19
104,33.58,19.77
104,27.25,42.44
104,23.55,49.05
104,42.71,41.76
104,32.81,7.45
104,50.23,36.91
104,35.69,49.22
104,41.56,29.07
104,0.0,65.9
104,30.68,10.02
104,35.15,35.61
104,36.35,41.96
104,49.64,35.89
104,37.59,35.69
104,13.8,22.56
104,36.57,27.67
104,40.46,40.31
104,21.65,10.75
104,24.23,43.96
104,39.82,32.75
104,29.64,40.08
104,43.83,43.31
104,32.04,68.0
104,1.26,49.39
104,30.4,20.78
104,24.47,57.78
104,37.66,4.15
104,35.16,29.12
104,17.41,35.91
104,32.24,30.44
104,36.63,37.1
104,35.44,32.14
104,42.37,48.13
104,16.38,28.7
104,27.64,32.73
104,0.7,53.49
104,45.01,44.65
104,31.26,32.13
104,28.55,39.2
104,28.34,54.6
104,36.24,18.77
104,43.53,22.04
104,26.21,27.68
104,35.32,36.39
104,35.17,44.65
104,1.42,25.59
104,20.8,23.64
104,35.66,19.57
104,46.04,23.64
104,47.67,26.79
104,14.08,10.2
104,42.99,27.83
104,43.43,22.46
104,35.37,32.2
104,3.74,52.68
104,23.02,16.47
104,31.41,45.15
104,26.93,52.34
104,1.81,44.61
104,26.6,37.77
104,17.9,48.45
104,37.68,40.96
104,36.24,46.22
104,36.8,35.31
104,25.2,22.34
104,30.26,46.8
104,28.91,62.71
104,41.88,30.26
104,23.07,34.25
104,20.16,35.23
104,42.5,17.84
104,40.67,24.67
104,36.06,37.35
104,50.53,32.97
104,57.15,34.18
104,46.0,34.29
104,20.28,32.72
104,40.8,25.58
104,31.43,38.78
104,22.69,37.61
104,20.37,24.32
104,33.5,38.56
104,40.62,27.14
104,47.93,41.18
104,38.76,33.53
104,37.46,38.34
104,27.32,35.94
104,32.81,33.38
104,10.57,37.6
104,37.35,43.26
104,35.61,35.33
104,54.88,35.15
104,29.48,30.11
104,45.49,13.99
104,23.83,34.37
104,52.06,20.07
104,48.84,27.77
104,44.72,24.47
104,30.78,26.11
104,27.11,26.79
104,25.18,39.34
104,17.35,37.66
104,36.08,35.22
104,26.77,47.3
104,34.97,67.64
104,32.21,39.58
104,16.04,43.99
104,43.8,37.08
104,31.25,41.13
104,41.21,16.13
104,14.85,4.25
104,20.07,10.75
104,24.9,27.13
104,33.16,49.04
104,28.65,36.81
104,47.74,29.7
104,43.45,40.26
104,20.5,37.88
104,68.3,19.09
105,6.97,30.36
105,30.02,34.12
105,2.74,43.54
105,38.24,40.17
105,0.27,55.86
105,16.35,32.31
105,11.73,36.67
105,27.37,33.83
105,25.61,26.35
105,0.0,38.51
105,3.63,30.97
105,35.64,52.3
105,9.29,25.32
105,18.58,30.26
105,0.0,20.32
105,4.8,37.72
105,0.0,19.4
105,20.04,33.91
105,17.59,21.14
105,23.91,23.18
105,0.0,25.59
105,15.13,42.02
105,8.26,32.96
105,0.0,32.65
105,14.02,40.19
105,24.8,26.74
105,28.42,12.38
105,7.54,21.91
105,18.78,30.85
105,15.09,33.46
105,0.0,40.15
105,0.0,32.4
105,7.38,45.19
105,4.94,37.98
105,9.15,18.51
105,2.57,5.98
105,10.76,22.92
105,0.0,35.52
105,27.81,38.08
105,0.0,32.84
105,6.95,35.32
105,5.35,48.53
105,6.24,34.15
105,0.0,37.85
105,0.0,51.56
105,11.12,14.08
105,5.34,52.81
105,13.0,5.85
105,0.0,24.91
105,30.32,27.85
105,6.96,16.03
105,0.0,32.19
105,10.45,33.44
105,1.87,42.14
105,0.0,41.79
105,24.02,35.91
105,20.09,46.3
105,12.44,41.09
105,9.0,30.43
105,14.56,35.31
105,0.0,27.01
105,10.49,20.52
105,24.09,38.71
105,21.52,17.51
105,0.0,31.94
105,10.41,8.72
105,0.0,34.78
105,10.04,26.0
105,0.0,40.25
105,0.0,31.55
105,12.66,32.6
105,0.0,34.57
105,0.0,27.27
105,12.57,27.77
105,0.0,27.77
105,3.81,32.62
105,0.0,27.87
105,0.0,38.96
105,23.22,14.53
105,2.59,17.51
105,0.0,54.77
105,19.06,29.22
105,29.01,22.84
105,11.27,33.72
105,21.27,42.44
105,0.83,41.05
105,8.71,25.77
105,8.1,28.36
105,12.21,30.33
105,20.54,37.43
105,0.0,34.5
105,0.0,23.91
105,1.69,28.4
105,0.0,31.08
105,10.99,50.3
105,10.83,32.05
105,8.76,68.0
105,2.76,31.04
105,25.52,15.49
105,10.82,37.86
105,6.05,45.52
105,8.87,39.23
105,17.68,36.16
105,10.78,29.82
105,0.0,30.86
105,30.92,8.4
105,14.01,43.45
105,0.0,29.83
105,0.0,46.61
105,16.95,28.14
105,24.8,33.41
105,13.88,47.74
105,15.96,48.69
105,16.29,43.25
105,8.06,13.42
105,0.0,19.95
105,0.0,41.71
105,18.33,26.32
105,15.62,34.81
105,5.46,36.28
105,0.87,36.82
105,10.26,22.39
105,3.54,45.25
105,6.97,28.23
105,9.72,40.49
105,0.0,31.72
105,18.4,55.13
105,5.86,49.93
105,14.34,57.45
105,8.83,52.18
105,28.05,32.52
105,15.06,28.13
105,13.3,21.51
105,12.83,36.93
105,35.09,34.27
105,7.43,33.53
105,10.13,24.88
105,9.36,37.97
105,0.0,29.8
105,9.21,28.69
105,21.21,35.8
105,14.69,33.14
105,27.64,18.31
105,18.21,25.34
105,14.53,39.86
105,19.55,33.47
105,12.74,12.63
105,4.35,41.69
105,6.33,33.46
105,0.0,22.32
105,28.74,26.64
105,5.42,35.82
105,0.0,9.71
105,3.24,38.63
105,30.84,44.85
105,8.93,43.8
105,11.34,46.7
105,35.12,25.42
105,18.86,45.37
105,4.25,37.0
105,0.0,24.81
105,16.31,39.13
105,0.0,38.8
105,16.58,50.95
105,7.37,47.17
105,13.31,26.4
105,19.65,37.75
105,0.0,37.63
105,9.67,36.76
105,7.76,30.65
105,11.74,53.3
105,14.56,27.15
105,9.98,52.33
105,0.0,18.33
105,0.0,29.8
105,0.0,42.41
105,9.56,22.42
105,14.85,25.92
105,3.55,39.88
105,18.8,14.99
105,6.51,46.15
105,6.89,50.26
105,0.0,50.74
105,2.24,37.58
105,19.97,29.29
105,26.17,30.01
105,5.53,37.16
105,19.27,35.43
105,26.39,29.82
105,0.0,51.42
105,12.13,31.29
105,10.47,49.81
105,21.98,35.1
105,0.0,34.42
105,12.1,39.7
105,4.64,39.56
105,13.52,32.41
105,23.88,40.21
105,27.2,41.56
105,23.99,52.19
105,0.0,34.78
105,1.85,25.41
105,21.08,26.55
105,15.86,60.05
105,4.58,13.32
105,0.0,20.91
105,0.0,34.29
105,0.0,27.23
105,4.03,43.01
105,4.23,42.05
105,13.34,28.12
105,15.82,50.54
105,37.37,21.86
105,0.0,25.89
105,0.0,51.3
105,0.0,19.64
105,29.8,37.82
105,8.17,51.25
105,21.16,5.41
105,0.68,30.29
105,1.48,44.42
105,0.0,31.03
106,52.07,30.43
106,37.52,26.94
106,57.96,44.97
106,51.32,37.33
106,33.1,38.31
106,41.95,40.33
106,29.63,18.47
106,50.78,43.7
106,54.38,28.05
106,50.76,29.05
106,55.15,24.81
106,49.74,34.88
106,57.91,33.26
106,46.34,18.7
106,57.12,14.32
106,31.28,31.77
106,29.84,42.95
106,49.13,41.89
106,56.9,45.01
106,44.4,31.82
106,56.3,30.11
106,52.03,32.78
106,21.37,42.85
106,78.2,51.74
106,31.64,28.94
106,35.72,31.08
106,62.94,34.34
106,48.26,31.08
106,38.02,27.61
106,41.9,32.62
106,36.55,25.3
106,37.6,41.98
106,58.26,50.21
106,41.52,30.88
106,34.11,52.29
106,38.12,32.81
106,45.98,26.33
106,38.26,41.55
106,44.0,23.83
106,52.53,40.86
106,41.75,36.79
106,36.82,29.56
106,38.94,28.4
106,66.1,24.4
106,76.27,45.35
106,48.6,31.55
106,57.42,37.42
106,35.78,33.88
106,40.33,31.67
106,53.85,37.59
106,17.27,39.63
106,58.04,35.52
106,40.66,31.92
106,33.99,22.05
106,53.05,27.36
106,66.75,30.63
106,43.93,34.18
106,51.8,14.87
106,53.9,40.81
106,51.12,37.53
106,35.04,27.6
106,50.91,23.92
106,50.39,26.45
106,12.51,19.44
106,59.15,30.27
106,28.45,32.03
106,49.67,44.1
106,67.73,39.22
106,44.83,47.72
106,34.4,35.23
106,55.27,23.98
106,66.22,53.15
106,33.59,30.5
106,17.32,17.0
106,63.37,36.42
106,59.1,16.51
106,53.0,33.07
106,24.6,28.77
106,55.77,39.76
106,61.44,44.49
106,76.03,30.43
106,44.34,29.64
106,50.07,42.34
106,20.02,25.57
106,60.59,34.71
106,60.27,39.96
106,53.25,25.3
106,63.44,30.69
106,37.84,35.11
106,45.16,48.64
106,45.67,20.7
106,62.29,32.36
106,62.58,48.89
106,52.13,44.68
106,51.45,30.97
106,55.16,33.22
106,43.63,39.05
106,65.7,39.28
106,42.12,49.16
106,53.58,46.45
106,40.25,18.79
106,60.31,16.45
106,46.71,28.02
106,74.87,13.62
106,46.36,48.44
106,60.19,17.55
106,39.8,30.71
106,44.01,24.42
106,47.45,16.54
106,52.57,46.99
106,38.3,27.66
106,40.58,54.98
106,49.16,49.46
106,53.18,33.97
106,47.53,10.95
106,45.67,30.26
106,30.74,59.14
106,54.51,38.71
106,58.96,32.16
106,60.5,27.27
106,49.95,43.76
106,40.16,38.07
106,43.82,37.12
106,50.01,46.5
106,47.76,45.91
106,37.01,38.81
106,26.13,16.54
106,40.78,23.19
106,44.4,27.22
106,52.02,33.59
106,42.67,50.49
106,44.73,56.58
106,49.45,38.31
106,68.37,40.05
106,45.84,17.38
106,27.87,29.35
106,39.1,27.92
106,71.5,27.0
106,66.64,40.38
106,60.21,29.04
106,57.12,13.15
106,57.27,43.27
106,44.89,47.24
106,59.27,37.17
106,59.78,32.15
106,58.98,24.11
106,40.22,24.79
107,42.35,43.19
107,34.42,33.79
107,65.29,27.14
107,46.58,31.14
107,24.4,18.48
107,16.69,35.87
107,24.49,30.66
107,28.66,39.86
107,20.14,31.75
107,15.38,34.39
107,33.06,28.99
107,41.55,31.2
107,54.15,21.57
107,31.0,45.35
107,37.83,33.54
107,5.93,12.12
107,41.16,16.56
107,16.89,45.41
107,33.96,33.52
107,29.44,33.78
107,26.86,33.97
107,10.71,39.36
107,20.16,50.84
107,17.59,38.9
107,22.28,37.38
107,45.37,27.72
107,25.41,17.03
107,21.25,39.22
107,38.44,40.11
107,34.25,46.1
107,56.42,52.83
107,43.14,21.24
107,4.14,27.25
107,40.47,41.35
107,38.92,34.01
107,51.57,49.88
107,27.42,31.87
107,44.25,56.01
107,25.39,34.62
107,33.78,51.9
107,16.29,7.52
107,12.13,39.35
107,41.3,34.26
107,30.05,10.97
107,13.35,33.83
107,40.59,20.38
107,0.0,28.28
107,19.47,37.36
107,8.41,32.65
107,45.59,37.92
107,24.36,35.73
107,31.03,59.9
107,33.95,36.85
107,40.51,35.24
107,39.04,38.63
107,40.42,33.71
107,26.55,16.58
107,41.09,41.61
107,21.48,48.2
107,24.77,51.11
107,10.02,41.58
107,51.79,31.04
107,17.08,36.89
107,48.34,53.65
107,36.98,31.54
107,32.59,20.87
107,34.77,58.3
107,16.15,22.8
107,50.87,16.71
107,25.3,37.51
107,43.17,38.5
107,22.94,39.04
107,11.39,43.66
107,55.78,32.22
107,22.15,32.38
107,36.0,27.69
107,0.0,35.5
107,29.08,39.96
107,37.85,43.97
107,31.85,24.12
107,28.73,20.29
107,27.26,43.73
107,41.32,28.18
107,13.18,23.16
107,26.92,13.65
107,48.65,49.48
107,10.72,37.03
107,28.62,40.0
107,15.66,38.81
107,33.91,36.34
107,30.43,33.74
107,17.73,33.23
107,30.32,23.25
107,30.85,14.58
107,22.08,58.7
107,24.58,34.42
107,21.58,29.19
107,0.35,25.19
107,42.05,45.55
107,45.53,35.59
107,7.25,24.5
107,45.7,30.66
107,35.22,37.42
107,15.67,29.75
107,27.28,42.97
107,20.83,57.37
107,42.0,29.36
107,18.07,30.87
107,57.6,24.87
107,45.06,32.31
107,14.08,12.44
107,51.3,46.09
107,39.49,19.32
107,28.04,25.13
107,38.78,34.92
107,42.02,49.15
107,20.14,24.6
107,40.85,31.95
107,24.37,37.23
107,40.59,26.61
107,28.23,32.67
107,16.9,16.5
107,38.19,28.2
107,25.08,47.54
107,32.01,42.97
107,35.32,29.12
107,49.1,22.86
107,24.33,31.66
107,18.97,17.9
107,51.4,31.84
107,30.04,29.49
107,22.91,29.09
107,34.71,32.45
107,25.53,39.9
107,26.52,22.57
107,63.46,44.53
107,17.16,46.38
107,11.31,58.2
107,45.93,37.26
107,25.07,50.2
107,34.15,44.74
107,38.3,36.09
107,7.25,20.61
107,44.83,43.85
107,22.7,36.64
107,54.69,53.66
107,19.65,42.14
107,50.35,45.61
107,52.71,27.64
107,23.64,36.69
107,27.53,12.84
107,25.92,40.1
107,49.76,47.4
107,32.33,49.31
107,36.93,30.1
107,28.13,14.05
107,36.14,28.09
107,36.98,33.14
107,22.24,38.5
107,53.04,11.68
107,27.35,32.85
107,43.39,22.59
107,13.6,49.91
107,38.89,8.32
107,43.84,45.14
107,33.46,32.25
107,43.99,11.48
107,20.81,52.45
107,36.14,48.85
107,10.23,47.75
107,31.93,35.02
107,19.69,26.61
107,29.11,34.72
107,47.93,40.01
107,52.59,28.03
107,13.33,24.56
107,46.19,39.42
107,48.19,36.15
107,34.22,44.19
107,47.65,50.75
107,24.61,43.42
107,23.32,21.32
107,23.38,33.86
107,39.28,38.26
107,28.74,42.9
107,20.69,43.44
107,21.32,33.36
107,30.02,28.61
107,18.96,45.1
107,38.69,38.15
107,45.54,37.1
107,42.66,26.25
107,67.84,57.1
107,35.34,36.74
107,52.04,33.04
107,32.39,36.74
107,26.38,32.55
107,31.55,19.82
107,32.16,37.29
107,28.39,18.03
107,15.93,35.13
107,17.27,16.47
107,44.73,10.3
107,40.84,40.74
107,53.12,21.86
107,24.89,38.78
107,23.68,35.86
107,15.06,35.62
107,43.73,27.1
107,18.4,32.56
107,29.6,26.78
107,34.07,44.39
107,9.67,28.69
107,40.1,31.27
107,43.13,42.19
107,33.6,27.16
107,28.87,14.3
107,29.58,22.33
107,48.2,45.61
107,30.69,34.91
107,29.74,37.21
107,21.07,37.25
107,0.0,53.67
107,44.25,11.17
107,29.96,32.59
107,18.62,34.33
107,57.43,33.78
107,35.71,42.79
107,27.32,43.07
107,43.24,31.62
107,34.78,15.42
107,34.53,61.59
107,22.09,33.93
107,39.05,34.96
107,42.22,47.89
107,22.16,29.67
107,5.37,48.21
107,42.35,30.63
107,38.17,54.12
107,40.95,39.01
107,30.6,26.57
107,42.52,57.98
107,21.51,40.63
107,27.57,27.3
107,16.39,18.52
107,45.05,41.67
107,29.39,49.22
107,33.01,38.26
107,35.63,37.63
107,26.9,51.14
107,40.69,40.58
107,51.55,26.76
107,42.74,27.24
107,7.6,40.11
107,31.43,39.52
107,32.02,45.97
107,46.15,38.05
107,22.86,41.48
107,16.47,37.83
108,70.64,34.73
108,71.55,52.23
108,78.21,47.28
108,75.46,57.89
108,91.09,43.61
108,76.75,60.72
108,55.5,58.45
108,58.63,54.88
108,70.89,61.16
108,83.38,62.52
108,64.57,53.38
108,82.47,56.39
108,64.03,48.53
108,76.06,48.41
108,79.39,68.0
108,59.14,53.78
108,79.14,55.87
108,95.0,55.15
108,71.43,60.09
108,74.99,50.02
108,77.29,51.07
108,75.18,66.31
108,74.31,39.64
108,73.31,58.06
108,53.62,46.97
108,79.89,33.9
108,60.03,55.11
108,78.89,43.3
108,83.12,41.33
108,79.29,68.0
108,62.51,61.96
108,78.1,62.23
108,71.22,55.41
108,66.33,42.86
108,100.83,54.18
108,62.32,52.09
108,80.43,34.83
108,93.83,68.0
108,78.98,55.02
108,66.0,46.84
108,66.83,57.35
108,55.84,40.84
108,75.22,45.68
108,75.69,68.0
108,70.74,50.28
108,92.51,55.8
108,73.51,57.14
108,53.85,54.09
108,93.71,50.07
108,59.07,68.0
108,81.12,47.85
108,82.82,46.17
108,73.5,61.4
108,86.68,41.87
108,75.55,67.23
108,69.88,53.79
108,47.45,57.42
108,52.04,59.25
108,105.0,52.26
108,84.12,66.07
108,90.89,63.15
108,105.0,61.68
108,69.91,39.34
108,72.79,52.16
108,53.18,54.78
108,70.87,68.0
108,70.52,40.45
108,69.55,48.98
108,88.3,67.9
108,83.94,45.67
108,86.6,48.77
108,58.78,68.0
108,75.01,60.02
108,79.1,65.44
108,98.92,63.95
108,76.15,57.29
108,72.5,57.01
108,88.76,65.75
108,71.27,46.68
108,80.74,68.0
108,80.36,50.13
108,67.87,67.25
108,65.64,61.56
108,73.59,49.98
108,68.37,61.32
108,54.52,57.4
108,83.38,36.58
108,81.41,55.05
108,64.34,42.26
108,63.08,61.58
108,80.35,54.44
108,96.78,65.65
108,87.27,48.34
108,89.61,41.75
108,70.04,44.16
108,79.4,68.0
108,72.28,68.0
108,64.56,68.0
108,76.54,39.06
108,62.72,40.85
108,64.31,44.28
108,68.21,64.52
108,69.6,68.0
108,73.62,65.95
108,47.14,58.09
108,61.88,45.83
108,94.42,52.86
108,73.88,56.98
108,81.3,65.71
108,79.41,50.51
108,72.59,60.41
108,62.52,59.03
108,66.85,57.1
108,99.46,51.65
108,67.07,57.33
108,96.38,54.95
108,68.6,47.4
108,69.85,65.73
108,74.99,68.0
108,71.71,57.87
108,61.8,55.49
108,73.82,64.35
108,54.86,58.04
108,78.74,68.0
108,76.92,57.17
108,83.47,62.45
108,67.54,68.0
108,83.6,68.0
108,79.6,54.27
108,75.66,67.9
108,99.7,44.25
108,80.12,53.79
108,67.97,65.17
108,93.97,68.0
108,80.63,47.73
108,97.12,55.7
108,49.89,56.03
108,70.09,54.99
108,70.12,42.62
108,49.45,61.51
108,76.16,41.97
108,69.17,68.0
108,48.01,68.0
108,64.04,48.98
108,92.02,42.04
108,85.81,55.65
108,64.75,50.28
108,64.37,53.69
108,85.19,57.01
108,48.45,45.77
108,81.72,68.0
108,50.19,48.95
108,95.35,66.29
108,82.56,46.21
108,50.03,56.67
108,69.05,60.95
108,78.12,57.49
108,48.17,53.21
108,73.43,50.58
108,80.26,51.53
108,47.11,48.57
108,83.7,59.66
108,72.38,68.0
108,85.92,59.95
108,70.95,62.55
108,60.26,67.9
108,58.99,51.04
108,69.94,36.15
108,71.55,56.03
108,87.83,65.4
108,70.37,68.0
108,53.72,45.22
108,68.05,68.0
108,54.19,58.87
108,78.55,51.72
108,81.54,44.49
108,83.75,49.58
108,70.07,62.31
108,64.9,68.0
108,67.36,26.03
108,72.81,61.64
108,67.38,49.69
108,94.92,50.72
108,69.24,60.58
108,72.67,68.0
108,64.23,48.1
108,64.53,54.95
108,57.45,38.67
108,60.63,60.82
108,98.34,48.41
108,81.07,68.0
108,69.59,59.96
108,65.46,52.88
108,90.06,52.96
108,63.14,60.01
108,51.86,63.6
108,80.18,43.14
108,61.95,54.37
108,57.31,55.97
108,59.8,58.33
108,79.4,68.0
108,72.64,40.32
108,61.2,66.52
108,80.1,60.01
108,63.24,50.52
108,52.74,64.87
108,57.0,51.79
108,74.29,36.06
108,63.81,18.23
108,75.37,42.62
108,88.46,50.01
108,65.81,57.89
108,105.0,62.57
108,77.59,53.16
108,71.71,40.49
108,56.65,51.81
108,69.47,53.6
108,70.77,68.0
108,83.88,62.13
108,66.25,37.78
108,79.62,52.53
108,74.55,63.66
108,86.67,56.23
108,87.7,38.14
108,78.34,65.0
108,83.94,60.0
108,88.61,54.27
108,80.99,47.13
108,77.61,67.15
108,79.32,36.05
108,94.95,38.9
108,75.46,47.92
108,83.48,59.32
108,65.21,41.0
108,93.51,50.01
108,79.84,52.25
108,69.51,59.77
108,73.09,52.96
108,71.16,53.0
108,74.06,48.24
108,76.73,67.98
108,71.44,63.26
108,53.36,62.86
108,97.07,47.44
108,77.46,50.36
108,77.53,61.24
108,73.38,49.54
108,85.8,45.81
108,74.63,59.18
108,69.96,41.61
108,70.79,53.7
108,90.27,65.81
108,76.63,57.6
108,73.54,44.48
108,68.34,61.2
108,69.83,49.39
108,88.05,65.3
108,62.09,61.6
108,82.71,52.18
108,83.19,47.75
108,76.8,46.66
108,71.53,68.0
108,54.73,30.79
108,82.63,36.64
108,53.26,68.0
108,76.17,65.75
108,74.68,59.96
108,83.98,34.09
108,62.36,61.93
108,61.71,45.22
108,80.95,54.91
108,71.78,60.48
108,47.78,61.57
108,73.92,48.84
108,97.5,68.0
108,81.13,64.94
108,58.59,45.44
108,80.11,50.72
108,86.78,47.65
108,51.57,55.31
108,70.26,62.92
108,90.89,35.64
108,54.19,34.17
108,70.36,46.85
108,71.2,68.0
108,68.6,58.61
108,91.89,68.0
108,89.89,54.29
108,70.07,46.74
108,60.78,37.56
108,90.55,46.88
108,84.07,49.18
108,73.78,29.32
108,82.51,46.75
108,82.42,46.65
108,62.63,56.24
108,66.28,55.54
108,74.07,59.52
109,26.63,23.68
109,41.01,28.69
109,28.16,39.89
109,32.43,44.76
109,36.87,37.74
109,22.77,54.97
109,21.33,46.27
109,21.16,40.06
109,28.99,26.27
109,37.46,46.44
109,24.71,25.55
109,45.02,42.21
109,52.75,7.12
109,18.58,28.57
109,45.45,18.63
109,29.77,30.85
109,34.95,17.07
109,28.26,34.31
109,45.85,39.14
109,34.52,26.85
109,25.48,30.48
109,24.57,36.41
109,14.38,33.48
109,22.57,48.83
109,45.86,26.46
109,44.08,39.91
109,21.68,36.86
109,15.73,16.52
109,42.37,34.96
109,35.58,33.04
109,4.31,28.58
109,67.44,53.52
109,30.15,48.14
109,52.12,25.61
109,32.26,40.99
109,16.47,42.18
109,32.52,35.6
109,10.92,21.92
109,28.36,23.52
109,15.86,39.81
109,27.34,39.58
109,33.22,30.86
109,33.84,48.47
109,11.02,50.43
109,21.62,50.3
109,4.32,50.34
109,38.07,33.83
109,32.64,19.32
109,14.73,30.45
109,48.28,32.74
109,36.07,27.07
109,28.63,29.81
109,23.85,21.29
109,21.71,41.86
109,19.74,51.91
109,45.26,60.2
109,33.57,36.73
109,16.36,32.11
109,46.86,33.59
109,28.82,48.97
109,18.05,48.79
109,55.68,31.35
109,15.77,47.24
109,19.27,35.78
109,30.0,25.91
109,34.19,32.3
109,20.21,52.73
109,1.26,41.94
109,30.42,28.43
109,16.4,44.31
109,25.33,41.85
109,19.47,30.59
109,15.91,25.79
109,26.54,21.78
109,21.78,15.91
109,19.08,26.8
109,42.55,32.05
109,17.07,47.86
109,26.72,43.07
109,29.51,36.16
109,8.02,13.39
109,15.47,37.25
109,29.49,15.9
109,29.0,43.61
109,19.75,43.92
109,29.66,34.56
109,33.48,42.99
109,37.63,45.16
109,38.66,35.21
109,45.72,32.41
109,31.4,19.38
109,11.94,30.09
109,26.16,23.04
109,13.5,22.93
109,40.99,25.94
109,47.85,12.42
109,29.92,44.77
109,45.11,36.41
109,44.22,46.77
109,33.95,42.82
109,36.85,39.49
109,42.33,42.74
109,11.85,35.66
109,33.22,48.36
109,37.2,28.39
109,11.35,33.78
109,54.86,30.93
109,44.2,56.19
109,44.31,27.05
109,35.32,48.17
109,17.67,19.0
109,13.51,35.1
109,28.71,32.0
109,39.06,22.77
109,37.05,26.69
109,52.23,39.53
109,25.96,30.3
109,25.32,23.38
109,30.1,43.88
109,14.97,33.77
109,49.52,37.64
109,26.75,46.02
109,33.29,51.0
109,40.59,8.85
109,20.22,32.82
109,33.61,15.55
109,29.9,63.99
109,42.68,35.66
109,30.11,44.7
109,0.0,27.1
109,17.85,30.09
109,10.5,46.09
109,55.05,39.67
109,48.39,52.46
109,2.05,24.82
109,16.86,31.6
109,12.0,39.64
109,32.81,41.32
109,17.57,38.61
109,26.55,19.45
109,12.1,23.63
109,35.59,37.76
109,8.17,17.02
109,62.54,24.25
109,49.56,34.41
109,62.26,25.46
109,37.88,36.52
109,50.24,33.01
109,41.61,25.33
109,16.94,25.59
109,25.16,48.06
109,35.51,38.23
109,44.98,36.72
109,29.91,34.6
109,37.21,24.02
109,25.68,27.79
109,24.64,7.59
109,10.87,27.0
109,35.76,27.18
109,23.6,40.03
109,13.3,27.37
109,22.29,42.64
109,33.71,31.14
109,38.69,35.63
109,27.6,33.66
109,43.89,41.7
109,49.37,47.27
109,26.27,23.14
109,42.66,53.35
109,21.32,24.58
109,13.1,31.97
109,17.72,28.18
109,18.76,50.59
109,24.31,22.33
109,55.77,41.89
109,23.19,9.71
109,25.11,42.95
109,32.0,31.9
109,12.83,29.88
109,31.9,26.39
109,38.54,33.27
109,49.27,30.1
109,47.08,17.6
109,34.72,25.37
109,27.1,42.78
109,27.85,29.57
109,35.3,25.3
109,29.39,34.51
109,28.82,39.37
109,17.85,41.15
109,38.72,37.72
109,33.87,47.3
109,20.17,34.54
109,49.36,31.4
109,32.71,43.61
109,11.49,26.21
109,42.28,29.55
109,21.26,16.48
109,24.67,53.95
109,27.57,56.94
109,41.22,32.07
109,29.25,42.4
109,38.04,41.7
109,9.54,36.08
109,15.66,47.37
109,30.42,20.09
109,20.57,31.97
109,27.34,11.04
109,39.7,22.88
109,19.56,16.12
109,20.44,13.78
109,31.43,28.55
109,2.36,38.01
109,43.1,26.68
109,31.69,28.0
109,31.21,25.92
109,22.99,35.54
109,38.96,27.35
109,27.9,22.93
109,45.94,44.26
109,7.76,24.4
109,30.82,20.01
109,30.55,42.14
109,34.05,15.48
109,48.25,47.52
109,12.27,22.71
109,11.87,34.88
109,25.41,23.06
109,5.4,34.14
109,59.99,28.27
109,42.13,23.19
109,36.72,16.36
109,40.18,28.05
109,46.52,39.23
109,22.01,41.42
109,25.31,26.1
109,34.45,26.12
109,23.44,32.08
109,17.94,34.02
109,23.12,33.96
109,34.96,29.23
109,41.85,29.98
109,13.48,30.84
109,27.53,7.43
109,29.3,29.54
109,11.92,42.6
109,35.83,49.33
109,28.61,46.94
110,64.88,27.51
110,62.1,35.25
110,53.68,31.87
110,59.75,19.25
110,62.52,36.42
110,53.87,17.22
110,84.13,29.07
110,79.92,41.34
110,71.36,35.86
110,76.96,35.68
110,75.98,24.49
110,62.46,45.54
110,95.39,24.25
110,62.01,41.77
110,50.32,48.29
110,74.1,17.16
110,79.34,29.53
110,68.08,28.52
110,88.18,37.0
110,74.35,23.62
110,61.33,21.18
110,64.28,33.41
110,73.93,27.83
110,73.05,32.39
110,87.77,43.82
110,82.85,16.21
110,51.62,32.75
110,69.81,27.5
110,55.84,34.26
110,90.96,27.54
110,59.34,21.02
110,74.63,38.32
110,62.93,64.49
110,46.28,32.89
110,55.68,26.01
110,68.76,25.98
110,79.39,44.28
110,78.9,24.35
110,54.7,48.3
110,76.07,16.0
110,84.35,36.12
110,78.67,41.3
110,67.3,42.39
110,72.63,41.62
110,73.98,36.93
110,90.16,46.69
110,94.12,23.1
110,80.38,26.91
110,72.69,29.57
110,71.6,50.32
110,72.94,39.13
110,74.67,41.5
110,65.29,32.03
110,97.59,42.98
110,61.7,16.93
110,88.84,29.5
110,43.43,31.61
110,68.42,28.78
110,67.6,30.47
110,74.97,40.02
110,67.26,36.62
110,90.02,47.13
110,68.85,11.05
110,58.62,50.37
110,59.44,26.85
110,65.85,48.48
110,81.42,29.41
110,83.77,38.06
110,56.37,22.16
110,61.6,20.62
110,58.15,40.39
110,68.29,4.7
110,84.51,20.63
110,74.23,42.43
110,79.15,29.44
110,81.71,24.3
110,64.37,50.75
110,55.35,54.62
110,64.36,34.0
110,82.68,48.01
110,79.84,50.69
110,73.03,33.82
110,84.34,28.37
110,73.89,34.98
110,67.69,18.0
110,51.61,40.25
110,88.53,30.38
110,70.75,34.62
110,66.13,34.46
110,70.67,24.68
110,91.48,33.61
110,84.9,19.05
110,67.32,28.69
110,78.11,21.75
110,87.95,24.36
110,76.52,9.17
110,73.57,29.28
110,44.83,39.34
110,88.19,35.96
110,58.63,45.92
110,47.68,23.52
110,48.54,28.73
110,60.88,44.09
110,78.32,33.05
110,87.09,36.03
110,76.44,57.26
110,94.56,31.2
110,66.76,28.67
110,68.98,23.08
110,47.73,30.82
110,64.51,45.24
110,45.45,40.31
110,54.56,49.76
110,80.19,37.97
110,50.07,9.35
110,51.35,40.92
110,49.15,35.15
110,82.09,34.02
110,93.31,47.4
110,71.03,30.98
110,84.26,40.38
110,56.87,22.16
110,87.99,17.3
110,62.7,27.41
110,80.68,30.55
110,71.65,40.03
110,47.07,21.93
110,60.49,50.58
110,74.22,23.38
110,47.95,33.03
110,75.86,34.13
110,53.59,37.29
110,79.03,38.96
110,54.31,58.88
110,77.76,27.37
110,82.62,37.44
110,69.82,33.08
110,70.96,44.81
110,91.31,38.94
110,61.82,36.42
110,65.05,17.57
110,80.33,29.02
110,77.49,23.26
110,68.84,29.08
110,56.2,24.92
110,84.66,28.3
110,55.9,29.48
110,101.62,29.67
110,56.46,30.76
110,57.63,23.79
110,76.44,34.41
110,79.14,24.08
110,59.34,27.41
110,94.0,33.45
110,76.29,5.6
110,68.78,61.41
110,77.02,39.77
110,87.74,37.52
110,92.92,28.26
110,74.51,35.03
110,55.44,20.69
110,55.64,39.39
110,53.61,15.48
110,63.65,20.04
110,72.49,26.19
110,74.78,50.61
110,86.65,21.88
110,45.05,37.67
110,71.86,11.31
110,77.99,34.27
110,35.5,53.09
110,77.9,39.5
110,105.0,11.2
110,82.05,34.48
110,76.0,28.9
110,68.44,47.49
110,75.03,32.9
110,91.98,18.16
110,67.49,32.5
110,87.52,26.34
110,78.03,10.24
110,93.15,32.08
110,86.16,34.05
110,74.46,38.19
110,73.63,45.19
110,67.93,30.91
110,84.7,17.49
111,88.05,24.34
111,86.28,38.58
111,84.93,25.36
111,87.89,30.12
111,105.0,34.17
111,86.9,33.54
111,84.57,23.36
111,88.5,37.62
111,79.21,23.91
111,67.7,52.16
111,65.38,29.58
111,78.55,40.69
111,103.36,42.06
111,103.17,30.1
111,73.49,23.36
111,85.94,42.03
111,89.71,18.35
111,78.58,20.03
111,105.0,40.68
111,97.91,31.79
111,92.69,26.22
111,88.89,28.51
111,67.68,25.25
111,105.0,57.99
111,95.55,45.2
111,93.32,24.93
111,78.41,30.56
111,79.53,40.56
111,94.43,23.27
111,102.33,27.85
111,105.0,30.72
111,78.44,24.3
111,85.93,46.06
111,60.77,26.14
111,56.01,32.72
111,94.82,35.28
111,76.91,51.45
111,62.35,33.05
111,72.88,57.51
111,92.46,30.01
111,92.99,31.57
111,66.72,44.31
111,104.07,55.12
111,78.96,31.09
111,91.57,47.6
111,88.49,43.32
111,87.85,25.63
111,75.82,33.8
111,87.68,33.55
111,91.5,22.65
111,85.41,35.81
111,89.31,34.88
111,102.32,38.12
111,81.87,34.77
111,96.49,26.66
111,85.26,60.91
111,105.0,36.39
111,69.72,48.3
111,104.95,38.82
111,81.09,50.58
111,105.0,25.46
111,93.66,33.02
111,99.05,29.07
111,85.91,27.71
111,96.85,36.94
111,96.84,31.29
111,86.15,18.3
111,97.94,30.67
111,44.31,29.75
111,79.63,43.69
111,88.28,18.08
111,94.52,28.36
111,100.64,25.75
111,84.71,42.19
111,82.92,28.0
111,99.33,45.51
111,102.97,33.48
111,97.62,39.39
111,86.01,46.16
111,105.0,20.78
111,89.03,31.28
111,90.81,38.63
111,105.0,36.18
111,105.0,19.73
111,97.2,41.66
111,76.28,34.52
111,89.46,35.41
111,94.73,31.57
111,105.0,0.0
111,105.0,40.0
111,80.21,40.47
111,99.08,29.36
111,77.41,17.67
111,86.38,28.11
111,76.72,44.94
111,105.0,29.51
111,91.09,34.25
111,91.81,30.33
111,88.64,37.47
111,92.89,19.51
111,93.34,31.78
111,79.09,46.06
111,66.06,23.91
111,70.74,30.98
111,67.06,45.58
111,90.53,42.21
111,77.39,38.98
111,100.74,38.28
111,91.13,38.1
111,64.14,31.46
111,82.66,46.12
111,60.4,28.85
111,73.13,23.06
111,81.63,18.78
111,75.71,27.22
111,105.0,27.08
111,97.73,26.17
111,83.74,21.07
111,105.0,38.11
111,75.33,23.59
111,83.68,40.03
111,99.1,41.93
111,73.5,62.3
111,96.91,29.0
111,91.81,32.24
111,95.64,25.79
111,105.0,21.11
111,93.92,29.38
111,89.64,25.46
111,68.53,20.98
111,90.73,36.6
111,81.76,22.21
111,86.4,40.22
111,81.85,43.41
111,94.39,24.49
111,75.12,49.38
111,90.76,38.41
111,74.46,33.2
111,64.62,14.43
111,83.56,15.15
111,94.03,51.3
111,77.9,48.52
111,89.78,51.6
111,83.28,54.43
111,74.54,49.12
111,95.24,36.62
111,79.53,40.16
111,92.87,26.47
111,69.02,36.62
111,89.78,42.2
111,96.11,42.41
111,92.57,32.62
111,99.6,11.67
111,96.39,17.35
111,91.89,39.24
111,99.0,28.44
111,83.14,41.32
111,94.78,20.61
111,88.28,48.98
111,105.0,23.69
111,91.56,50.24
111,71.29,16.93
111,91.29,40.64
111,75.63,23.75
111,97.47,33.9
111,97.7,45.84
111,80.08,43.92
111,74.51,24.95
111,89.73,27.26
111,76.25,16.7
111,77.1,14.29
111,81.42,24.83
111,96.12,24.6
111,68.71,17.43
111,78.19,31.74
111,105.0,33.64
111,105.0,33.85
111,103.73,25.21
111,88.57,27.63
111,97.78,30.52
111,83.0,42.99
111,52.84,26.56
111,80.59,15.53
111,81.84,30.47
111,88.37,29.2
111,94.28,16.23
111,105.0,29.61
111,88.41,24.27
111,74.95,33.14
111,85.45,38.62
111,96.37,28.1
111,86.54,39.62
111,77.55,30.63
111,94.82,31.09
111,73.14,30.6
112,22.22,59.37
112,60.53,58.15
112,48.75,61.97
112,38.95,56.37
112,59.82,47.12
112,83.24,49.09
112,26.5,45.43
112,45.49,48.93
112,54.67,60.18
112,24.81,45.5
112,26.15,65.77
112,58.39,43.13
112,45.3,56.24
112,36.98,63.19
112,24.67,58.94
112,50.24,33.68
112,27.78,55.47
112,32.75,45.88
112,33.58,39.46
112,41.59,56.45
112,31.69,40.26
112,33.65,56.69
112,58.28,68.0
112,48.18,57.32
112,46.2,51.44
112,51.67,52.23
112,32.23,64.05
112,50.73,50.64
112,51.55,48.88
112,32.69,43.76
112,53.76,44.17
112,49.06,63.83
112,49.41,48.65
112,67.66,60.11
112,47.59,61.0
112,34.0,43.48
112,47.69,45.25
112,46.17,60.35
112,31.59,55.55
112,19.69,52.03
112,45.15,59.08
112,58.26,65.14
112,58.38,53.57
112,49.67,47.74
112,66.41,55.29
112,48.27,45.15
112,43.44,55.57
112,48.65,54.02
112,36.47,45.03
112,29.53,49.55
112,33.28,50.43
112,39.77,62.07
112,57.26,44.37
112,27.19,45.1
112,33.34,49.89
112,56.47,60.2
112,41.36,62.0
112,43.41,56.88
112,41.13,61.86
112,71.12,66.78
112,53.28,55.73
112,49.28,45.18
112,48.57,53.15
112,51.32,39.02
112,70.03,58.34
112,41.14,48.59
112,48.19,55.23
112,46.38,53.07
112,57.74,49.79
112,68.16,56.48
112,38.35,52.63
112,51.89,47.06
112,48.29,41.92
112,27.89,57.92
112,58.61,40.73
112,66.32,68.0
112,56.66,68.0
112,37.78,36.51
112,28.36,60.9
112,54.33,66.52
112,31.97,47.55
112,33.26,57.86
112,48.72,52.62
112,55.57,61.5
112,41.63,49.09
112,43.31,65.15
112,44.55,52.42
112,34.09,50.51
112,41.06,61.13
112,24.97,63.91
112,55.56,28.3
112,82.25,22.06
112,46.78,57.76
112,61.48,46.72
112,42.6,39.47
112,28.5,49.89
112,75.27,68.0
112,35.01,39.37
112,58.31,63.74
112,48.81,45.62
112,61.43,38.03
112,45.13,47.27
112,30.87,38.36
112,37.36,36.75
112,76.58,46.03
112,50.16,42.01
112,74.31,52.39
112,41.22,55.85
112,55.28,45.32
112,29.31,60.93
112,46.39,46.69
112,74.9,52.31
112,35.81,30.14
112,37.03,54.9
112,56.76,68.0
112,47.49,62.74
112,70.65,52.1
112,42.87,41.26
112,46.89,68.0
112,50.12,52.23
112,32.02,46.59
112,29.12,46.87
112,27.93,68.0
112,3.0,52.7
112,44.89,58.96
112,29.09,51.77
112,38.99,53.28
112,59.26,49.33
112,33.7,68.0
112,54.97,54.48
112,25.46,38.51
112,37.09,58.34
112,68.63,52.74
112,40.44,58.19
112,62.74,50.35
112,76.62,48.05
112,40.55,63.84
112,37.35,68.0
112,17.92,33.55
112,49.79,54.9
112,50.93,48.06
112,56.02,43.97
112,64.09,30.28
112,32.66,57.97
112,70.32,48.68
112,42.34,48.03
112,50.73,67.23
112,45.12,49.17
112,35.97,48.7
112,30.42,39.3
112,48.73,44.01
112,33.47,68.0
112,43.13,60.73
112,40.64,68.0
112,41.29,44.75
112,22.61,57.97
112,4.83,65.53
112,56.91,60.37
112,60.63,68.0
112,12.7,58.42
112,51.44,53.98
112,48.82,28.1
112,28.79,58.58
112,57.67,60.57
112,60.8,66.62
112,59.77,45.26
112,68.68,53.63
112,59.0,36.51
112,35.19,36.25
112,46.23,59.64
112,51.01,67.93
112,65.75,68.0
112,42.74,58.82
112,37.78,68.0
112,24.5,49.68
112,57.35,63.88
112,48.72,39.5
112,34.74,19.42
112,56.02,48.71
112,41.58,52.67
112,28.78,56.58
112,63.3,51.95
112,19.18,57.98
112,47.87,68.0
112,44.56,62.12
112,24.7,45.58
112,50.23,26.36
112,36.98,42.17
112,67.89,68.0
112,59.05,48.46
112,48.88,61.47
112,13.61,61.04
112,38.78,53.39
112,37.77,53.05
112,61.73,46.69
112,48.31,68.0
112,50.12,43.48
112,59.23,66.33
112,67.2,63.14
112,64.96,60.77
112,53.1,52.68
112,42.47,37.72
112,51.65,41.37
112,45.57,45.48
112,56.22,58.07
112,38.62,63.8
112,57.75,57.45
112,46.6,56.86
112,51.02,65.47
112,30.45,31.01
112,42.44,29.72
112,51.8,36.98
112,43.63,64.18
112,15.49,31.9
112,29.96,53.89
112,50.44,43.99
112,65.56,55.71
112,42.98,52.44
112,39.64,56.75
112,59.68,49.61
112,46.14,61.78
112,55.66,68.0
112,42.16,67.91
112,40.72,50.01
112,56.69,44.48
112,54.74,56.15
112,41.83,68.0
112,31.39,53.41
112,24.3,63.23
112,26.01,62.62
112,37.77,62.49
112,50.12,68.0
112,24.35,39.52
112,25.2,43.4
112,50.91,54.52
112,66.39,67.53
112,60.15,67.51
112,22.06,53.49
112,51.09,64.98
112,58.43,49.36
112,39.56,44.91
112,42.92,39.38
112,50.34,52.49
113,8.7,40.35
113,8.76,43.5
113,2.55,22.03
113,0.0,39.92
113,0.0,21.73
113,18.23,47.23
113,6.2,22.27
113,0.0,23.25
113,25.77,42.3
113,30.08,52.48
113,23.66,45.64
113,13.51,30.11
113,11.72,23.12
113,7.68,29.29
113,10.12,35.38
113,16.17,33.15
113,17.2,22.68
113,13.9,48.15
113,0.0,48.39
113,22.97,54.73
113,10.59,15.73
113,0.0,25.11
113,10.57,36.76
113,11.93,34.05
113,0.0,29.05
113,0.0,24.58
113,0.0,23.03
113,0.0,56.29
113,15.41,18.3
113,0.0,16.87
113,9.21,20.93
113,17.59,36.11
113,2.36,31.0
113,18.11,38.55
113,25.62,26.23
113,19.0,34.97
113,15.8,34.93
113,19.11,51.32
113,13.13,53.57
113,19.04,32.34
113,0.0,43.4
113,7.03,35.79
113,13.1,42.48
113,7.03,38.23
113,40.53,42.1
113,5.51,43.38
113,0.0,38.67
113,8.72,35.5
113,18.77,45.47
113,0.0,32.52
113,7.52,27.66
113,7.05,16.9
113,7.23,38.68
113,0.22,41.62
113,22.26,15.04
113,36.18,27.25
113,0.0,42.26
113,0.0,32.42
113,2.31,34.61
113,26.29,44.04
113,4.65,32.81
113,12.76,38.23
113,0.0,22.11
113,31.19,37.87
113,4.16,19.27
113,11.24,19.74
113,0.0,28.46
113,0.0,40.04
113,7.95,34.58
113,9.35,25.32
113,19.22,43.65
113,0.0,37.51
113,0.0,45.5
113,0.0,24.2
113,9.56,49.78
113,0.0,51.4
113,6.76,44.03
113,0.0,39.37
113,6.24,39.46
113,0.0,37.64
113,0.0,18.9
113,11.71,27.41
113,22.47,32.86
113,18.57,22.67
113,22.47,49.78
113,23.99,39.5
113,5.91,53.61
113,32.32,42.69
113,17.83,18.64
113,0.0,48.38
113,0.0,29.04
113,9.96,49.01
113,19.45,50.59
113,5.02,48.87
113,0.0,45.81
113,18.28,38.77
113,0.0,33.89
113,11.95,54.74
113,8.56,37.0
113,0.0,29.76
113,31.1,38.86
113,8.22,46.64
113,0.0,46.23
113,8.63,22.05
113,0.0,45.88
113,12.69,41.58
113,19.19,30.2
113,43.12,24.93
113,9.27,49.73
113,0.0,50.82
113,10.69,51.27
113,26.72,19.61
113,14.51,31.69
113,18.82,34.63
113,17.88,50.53
113,14.58,42.88
113,0.0,31.54
113,0.0,35.78
113,0.0,41.85
113,0.0,42.22
113,0.0,52.49
113,32.18,50.02
113,0.0,47.72
113,9.3,25.59
113,4.83,26.27
113,10.52,23.1
113,8.91,38.65
113,0.0,28.83
113,15.77,40.55
113,0.0,42.14
113,0.0,36.71
113,4.02,43.98
113,18.52,27.23
113,0.0,18.07
113,9.19,26.57
113,13.24,43.55
113,11.34,54.58
113,10.63,50.62
113,0.0,32.16
113,9.65,44.94
113,0.0,19.12
113,0.0,51.43
113,1.99,40.2
113,1.25,43.13
113,46.48,13.41
113,20.69,39.55
113,18.2,54.77
113,2.7,37.75
113,5.59,33.51
113,41.43,31.71
113,0.0,26.6
113,11.31,35.52
113,31.94,21.16
113,0.0,39.5
113,9.95,46.76
113,7.76,29.82
113,0.0,38.77
113,18.07,33.85
113,0.0,38.89
113,18.09,44.56
113,13.58,39.11
113,19.67,44.01
113,5.48,40.29
113,13.06,44.05
113,21.34,38.03
113,0.0,38.19
113,0.0,42.16
113,15.56,33.75
113,18.7,39.5
113,9.76,24.74
113,19.96,14.61
113,3.29,35.56
113,24.47,25.76
113,7.06,55.77
113,0.0,25.72
113,26.52,42.93
113,18.75,26.69
113,2.15,34.23
113,2.41,22.2
113,15.81,21.18
113,0.0,37.63
113,12.17,30.12
113,5.81,42.65
113,10.79,48.21
113,0.0,16.94
113,0.0,46.02
113,11.3,23.43
113,21.68,30.34
113,6.3,18.58
113,17.39,18.91
113,0.0,12.6
113,2.17,29.55
113,11.64,34.67
113,7.19,29.91
113,17.91,14.3
113,4.66,12.47
113,4.79,34.11
113,16.5,42.68
113,1.01,36.73
113,0.0,54.55
113,14.04,33.58
113,0.0,37.47
113,26.44,33.77
113,0.0,25.4
113,4.12,32.19
113,29.15,43.22
113,33.69,43.65
113,6.81,37.93
113,22.35,51.4
113,18.08,39.03
113,1.61,37.59
113,14.07,50.52
113,0.0,26.13
113,0.0,49.71
113,14.56,23.29
113,15.32,31.07
113,0.0,13.8
113,6.14,36.76
113,0.0,48.58
113,2.0,23.68
113,2.33,30.89
113,17.63,31.56
113,1.5,31.63
113,0.0,22.47
113,30.3,34.41
113,14.43,51.27
113,19.65,28.49
113,15.91,36.53
113,20.23,36.44
113,13.68,29.65
113,14.05,37.06
113,9.66,29.81
113,2.29,38.59
113,19.53,33.22
113,4.56,18.54
113,9.53,14.21
113,12.81,10.48
113,13.91,29.49
113,0.0,43.14
113,10.62,25.97
113,0.0,31.28
113,10.32,26.81
113,18.14,24.82
113,31.4,58.23
114,76.37,14.02
114,88.97,46.9
114,80.54,21.17
114,91.72,44.69
114,78.51,46.22
114,80.36,20.57
114,78.8,20.4
114,86.81,29.68
114,97.28,44.12
114,98.65,27.43
114,105.0,35.03
114,70.94,28.48
114,74.48,42.64
114,76.06,27.02
114,87.96,26.07
114,74.0,22.64
114,79.04,22.3
114,96.9,45.7
114,101.91,30.06
114,97.01,23.54
114,92.17,15.62
114,79.39,31.02
114,88.28,24.97
114,102.83,22.88
114,96.6,25.48
114,99.5,35.34
114,100.36,21.23
114,83.74,30.63
114,96.24,43.74
114,83.06,27.91
114,95.74,22.29
114,103.95,45.61
114,105.0,33.03
114,95.73,32.08
114,93.12,39.73
114,105.0,33.05
114,76.76,34.77
114,105.0,16.72
114,89.7,24.77
114,89.79,54.49
114,82.14,22.56
114,72.75,34.76
114,105.0,53.16
114,93.25,41.55
114,83.2,37.19
114,92.55,25.18
114,83.62,27.14
114,65.84,30.6
114,85.68,37.71
114,69.71,48.0
114,91.09,35.29
114,105.0,27.72
114,79.66,32.94
114,98.28,39.73
114,79.68,37.71
114,87.73,31.26
114,76.59,21.68
114,96.05,45.85
114,105.0,31.12
114,90.5,36.7
114,94.96,26.56
114,94.94,26.28
114,84.77,39.47
114,105.0,20.07
114,81.27,21.2
114,67.56,50.6
114,76.02,43.09
114,96.0,38.58
114,82.97,22.2
114,89.21,36.43
114,84.9,33.19
114,90.35,29.13
114,102.21,33.01
114,105.0,18.26
114,75.4,11.24
114,100.12,37.27
114,90.56,35.78
114,72.1,36.77
114,94.43,42.47
114,105.0,39.63
114,78.41,50.33
114,85.03,46.97
114,67.12,34.64
114,86.48,35.74
114,90.08,36.47
114,105.0,17.13
114,75.85,44.12
114,100.53,40.44
114,91.91,15.77
114,105.0,51.05
114,90.28,29.29
114,87.33,32.63
114,99.01,32.42
114,94.36,32.11
114,100.16,60.34
114,95.3,31.13
114,68.82,30.43
114,94.79,34.21
114,94.49,24.67
114,78.38,37.21
114,91.76,24.97
114,64.13,39.51
114,91.32,22.53
114,96.9,27.54
114,100.47,22.95
114,97.11,28.15
114,76.48,14.35
114,68.95,7.1
114,100.24,30.46
114,93.26,17.1
114,94.41,53.07
114,105.0,30.05
114,67.11,41.79
114,105.0,37.4
114,80.69,22.31
114,98.72,29.37
114,87.83,42.15
114,83.51,41.43
114,68.38,43.53
114,79.26,26.78
114,94.07,40.43
114,92.62,27.35
114,100.38,45.12
114,79.01,44.78
114,97.71,18.89
114,88.86,37.04
114,96.23,21.95
114,94.67,43.11
114,81.87,21.59
114,91.28,37.55
114,93.99,42.13
114,98.22,34.74
114,105.0,43.48
114,79.75,37.23
114,72.84,51.23
114,104.73,21.88
114,71.28,29.78
114,101.44,12.88
114,76.18,30.74
114,79.81,20.94
114,86.97,18.74
114,69.13,16.89
114,75.39,28.8
114,66.25,36.79
114,96.7,39.26
114,87.85,45.02
114,88.19,44.39
114,87.21,21.58
114,87.77,25.83
114,81.73,36.12
114,100.43,36.29
114,65.08,49.18
114,69.25,30.83
114,105.0,42.44
114,91.47,32.43
114,61.68,37.94
114,92.15,38.27
114,67.34,33.75
114,104.91,23.26
114,99.96,37.04
114,105.0,41.08
114,84.11,35.18
114,72.18,3.61
114,80.97,32.06
114,81.27,41.46
114,93.01,23.22
114,64.19,45.73
114,87.93,27.26
114,74.81,30.48
114,81.33,36.27
114,105.0,23.87
114,101.04,44.03
114,97.49,47.91
114,96.27,21.9
114,84.56,31.96
114,87.37,54.83
114,67.56,46.09
114,71.96,16.25
114,89.65,46.84
114,73.44,0.0
114,96.97,40.76
114,87.35,24.58
114,84.13,39.06
114,80.11,36.72
114,93.86,35.47
114,96.81,40.44
114,76.56,28.54
114,81.18,27.41
114,85.55,44.24
114,92.17,34.06
114,92.01,27.73
114,86.67,32.04
114,97.21,31.09
114,86.24,30.2
114,69.84,38.87
114,105.0,24.43
114,100.74,50.73
114,70.1,36.46
114,90.32,13.8
114,104.91,37.03
114,84.04,23.77
114,98.03,33.7
114,102.44,32.32
114,91.49,41.46
114,105.0,41.33
114,96.45,36.44
114,89.33,55.01
114,85.83,26.03
114,87.39,49.02
114,80.66,49.33
114,73.52,37.71
114,76.31,39.05
114,86.15,44.46
114,98.44,30.53
114,92.24,28.43
114,90.2,29.01
114,105.0,37.22
114,105.0,28.84
114,76.14,26.06
114,97.16,22.61
114,72.57,23.18
114,91.48,26.96
114,70.15,27.21
114,80.11,35.18
114,96.11,25.46
114,82.09,39.41
114,73.97,55.65
114,79.06,47.74
114,75.73,22.33
114,93.36,30.71
114,103.64,20.02
114,85.44,36.15
114,101.38,36.78
114,80.55,35.91
114,86.69,22.46
114,105.0,26.86
114,85.69,44.51
114,101.91,38.37
114,78.64,24.45
114,87.74,19.88
114,76.84,33.2
114,88.86,32.65
114,91.11,19.85
114,97.84,30.61
114,80.47,28.67
114,85.83,27.54
114,103.45,29.29
114,72.28,37.02
114,55.82,34.99
114,79.51,47.81
114,95.93,36.18
114,89.08,42.85
114,75.57,19.44
114,88.93,35.67
114,83.23,29.9
114,67.65,41.96
114,83.58,36.8
114,97.68,51.33
114,84.39,23.75
114,68.33,26.18
114,105.0,37.75
114,75.09,32.57
114,92.85,23.62
114,98.86,38.11
114,93.48,28.55
114,84.98,38.96
115,32.2,38.32
115,39.09,31.82
115,26.82,25.11
115,35.82,34.43
115,29.1,38.93
115,39.53,18.6
115,10.01,40.71
115,0.0,53.13
115,46.3,33.29
115,22.61,48.34
115,7.86,39.22
115,27.91,36.9
115,23.26,26.29
115,34.8,30.25
115,36.4,23.21
115,24.57,44.38
115,42.08,25.81
115,14.26,53.38
115,0.0,38.82
115,31.92,38.33
115,26.65,19.44
115,5.37,41.32
115,37.92,31.58
115,7.92,27.8
115,28.54,26.78
115,39.97,20.35
115,33.34,34.11
115,32.61,32.16
115,23.84,19.55
115,32.19,39.66
115,36.61,57.41
115,21.62,18.34
115,15.3,32.75
115,40.25,52.24
115,54.07,25.45
115,49.43,38.84
115,0.0,38.32
115,46.27,41.24
115,21.75,54.16
115,53.41,14.31
115,16.5,36.1
115,15.33,28.49
115,29.35,33.56
115,24.78,34.5
115,25.42,30.76
115,42.26,22.04
115,46.08,22.79
115,17.73,57.38
115,51.32,18.8
115,14.0,47.49
115,22.14,22.61
115,62.93,35.05
115,34.81,55.65
115,21.46,42.74
115,33.43,18.18
115,39.17,30.29
115,34.39,33.72
115,46.65,45.34
115,18.75,34.52
115,21.5,32.25
115,18.43,52.92
115,19.2,51.38
115,30.55,41.69
115,16.17,27.11
115,33.78,4.84
115,38.23,19.93
115,14.11,17.02
115,21.81,33.33
115,23.36,44.32
115,27.15,55.73
115,27.86,48.01
115,41.77,26.19
115,42.74,36.79
115,19.49,38.43
115,38.99,16.85
115,47.87,24.39
115,45.72,29.26
115,32.66,57.43
115,29.29,38.25
115,11.75,19.54
115,24.63,29.33
115,10.58,38.94
115,44.82,31.24
115,26.57,30.08
115,28.88,42.05
115,21.97,49.42
115,11.67,47.38
115,39.26,30.7
115,36.53,32.18
115,42.14,30.6
115,7.22,45.62
115,47.14,29.72
115,28.37,12.84
115,40.11,39.31
115,0.0,39.82
115,35.33,29.54
115,29.04,54.38
115,27.13,28.04
115,28.72,49.59
115,22.25,19.27
115,11.64,37.04
115,13.56,25.1
115,30.35,33.2
115,47.05,42.38
115,44.39,27.73
115,32.99,26.32
115,23.65,31.55
115,56.82,68.0
115,38.85,36.22
115,37.73,35.57
115,12.68,38.78
115,33.32,15.12
115,13.91,44.13
115,57.06,41.82
115,19.07,14.38
115,22.11,60.45
115,21.56,34.03
115,25.19,21.72
115,38.72,37.45
115,30.04,24.0
115,30.55,16.29
115,39.35,31.0
115,10.27,31.5
115,39.73,16.68
115,31.75,25.42
115,20.86,22.64
115,31.71,30.07
115,31.47,41.12
115,0.0,35.55
115,47.87,33.64
115,45.71,13.92
115,13.02,33.69
115,20.17,22.03
115,47.6,15.1
115,38.64,43.65
115,35.05,19.36
115,35.67,35.04
115,34.86,28.64
115,16.16,23.51
115,22.66,47.42
115,42.97,27.39
115,38.53,28.14
115,33.69,25.91
115,21.58,35.93
115,42.86,32.25
115,17.43,26.28
115,49.25,23.85
115,20.57,33.55
115,18.67,26.85
115,30.39,52.97
115,32.76,28.22
115,31.26,37.68
115,12.8,33.0
115,35.48,30.82
115,42.73,43.89
115,28.95,40.38
115,9.9,40.17
115,27.25,40.05
115,15.27,16.24
115,4.89,38.85
115,22.87,31.28
115,51.11,28.36
115,28.93,68.0
115,26.45,17.79
115,39.23,33.0
115,37.94,32.12
115,10.94,33.1
115,54.3,22.85
115,32.57,36.48
115,41.79,21.64
115,22.26,37.12
115,4.58,35.72
115,28.48,31.31
115,15.67,33.2
115,45.22,51.43
115,11.58,40.36
115,30.35,35.9
115,37.79,38.67
115,35.53,34.44
115,23.49,40.07
115,6.86,27.34
115,10.41,58.32
115,20.16,36.07
115,11.67,65.09
115,29.02,58.38
115,20.09,28.46
115,13.19,36.63
115,11.51,38.02
115,9.3,44.27
115,29.27,35.44
115,20.46,47.28
115,30.33,14.65
115,28.99,27.29
115,27.36,31.9
115,38.41,26.67
115,10.85,14.95
115,38.48,43.72
116,17.81,51.61
116,23.92,25.59
116,0.65,19.06
116,0.0,55.29
116,0.0,17.72
116,22.49,9.09
116,23.23,18.09
116,12.37,32.48
116,11.21,19.28
116,0.0,27.81
116,14.05,11.63
116,18.21,45.96
116,10.15,38.62
116,10.62,20.08
116,0.0,8.53
116,23.19,24.06
116,0.0,41.15
116,7.78,45.84
116,13.95,31.41
116,22.83,28.48
116,21.7,27.64
116,22.81,37.35
116,4.07,43.7
116,38.21,32.43
116,22.14,29.89
116,3.41,42.59
116,4.25,50.44
116,17.89,30.85
116,1.92,34.93
116,0.0,25.73
116,9.07,34.88
116,0.0,23.81
116,12.66,49.64
116,16.29,43.75
116,4.54,53.11
116,22.95,27.84
116,19.08,56.77
116,0.0,36.69
116,8.58,32.53
116,1.25,47.84
116,3.8,22.77
116,22.9,34.37
116,16.13,32.28
116,0.0,38.59
116,10.91,29.12
116,0.0,28.07
116,1.7,29.81
116,28.01,30.8
116,41.11,34.87
116,31.13,48.17
116,11.61,10.28
116,10.39,42.43
116,21.25,28.81
116,9.32,32.03
116,0.0,22.05
116,31.65,34.51
116,0.0,29.69
116,23.7,31.53
116,17.88,40.41
116,32.18,40.99
116,19.21,49.62
116,0.36,27.48
116,22.11,41.51
116,3.28,40.97
116,0.0,34.97
116,0.0,52.54
116,6.39,26.98
116,0.0,35.66
116,26.68,37.35
116,0.0,20.82
116,3.06,47.91
116,3.62,32.83
116,10.23,38.81
116,0.0,51.38
116,22.75,36.37
116,10.12,34.44
116,7.77,34.73
116,0.0,22.95
116,15.15,29.81
116,26.16,32.33
116,43.03,35.08
116,0.0,49.17
116,6.23,44.22
116,0.0,27.54
116,16.84,33.74
116,0.0,49.41
116,11.58,15.04
116,24.05,31.5
116,2.64,19.63
116,0.0,60.88
116,25.14,42.5
116,17.24,28.54
116,0.0,33.61
116,9.82,24.96
116,0.0,55.9
116,21.79,8.77
116,9.6,37.6
116,27.86,33.22
116,0.0,22.68
116,10.95,31.24
116,7.84,16.17
116,11.31,51.27
116,0.64,34.28
116,0.0,44.07
116,16.83,28.67
116,8.7,48.79
116,0.0,34.38
116,1.48,45.8
116,0.0,40.24
116,0.0,33.63
116,21.5,45.0
116,15.43,68.0
116,0.0,21.56
116,40.82,32.67
116,0.0,19.77
116,17.29,38.56
116,8.05,36.48
116,0.0,55.37
116,12.55,31.18
116,5.6,44.47
116,0.0,11.12
116,25.15,35.67
116,16.11,24.43
116,17.35,40.52
116,5.2,46.66
116,12.58,27.4
116,7.65,39.95
116,14.49,30.07
116,0.0,34.52
116,0.0,38.52
116,25.63,22.96
116,7.81,23.01
116,15.43,43.54
116,0.0,26.55
116,5.09,48.08
116,27.76,14.47
116,12.73,44.29
116,36.66,34.09
116,19.59,32.97
116,0.0,35.62
116,13.74,18.1
116,29.87,46.34
116,10.86,29.27
116,16.39,24.82
116,26.37,57.81
116,0.0,30.16
116,17.12,24.5
116,25.51,42.94
116,0.0,36.9
116,21.59,45.11
116,7.93,34.92
116,0.0,44.51
116,18.28,56.58
116,7.88,25.66
116,7.03,28.95
116,16.4,16.37
116,0.0,38.18
116,18.03,35.38
116,0.0,47.89
116,27.67,33.69
116,22.81,33.07
116,27.99,36.15
116,14.04,31.42
116,2.49,38.05
116,0.0,36.49
116,0.0,39.93
116,5.76,31.49
116,0.0,40.05
116,12.22,40.79
116,0.0,30.41
116,0.0,33.1
116,3.05,32.06
116,0.0,20.5
116,3.55,28.66
116,15.59,42.37
116,0.0,43.31
116,0.0,37.72
116,5.68,22.85
116,0.0,44.77
116,25.38,54.37
116,0.0,40.53
116,8.63,33.97
116,13.9,24.5
116,0.0,33.85
116,0.0,28.56
116,0.0,31.81
116,18.17,48.18
116,31.81,43.71
116,32.13,30.23
116,24.55,34.97
116,0.0,33.95
116,0.0,29.23
116,26.04,19.22
116,27.83,43.11
116,18.34,47.0
116,18.48,27.32
116,2.42,26.82
116,30.31,43.99
116,0.0,26.67
116,0.0,18.75
116,18.42,29.12
116,0.42,48.92
116,0.0,28.24
116,19.41,26.87
116,0.0,28.82
116,13.91,21.34
116,2.19,19.51
116,28.82,31.11
116,13.94,18.57
116,21.96,29.62
116,0.0,36.9
116,0.0,38.14
116,3.29,32.45
116,15.95,20.82
116,8.93,29.48
116,22.96,37.8
116,15.1,40.83
116,0.0,31.0
116,14.04,26.26
116,10.24,34.91
116,24.52,30.11
116,0.0,22.8
116,0.0,37.38
116,13.16,34.2
116,26.38,21.82
116,5.41,27.06
116,15.75,31.91
116,8.46,17.24
116,7.45,26.0
116,22.97,40.95
116,9.43,28.61
116,2.25,25.22
116,1.48,45.91
116,4.01,37.84
116,0.0,41.65
116,4.91,25.36
116,8.76,30.87
116,11.73,33.88
116,0.0,36.49
116,2.53,59.14
116,3.17,34.93
116,0.0,45.92
116,0.47,59.17
116,19.71,52.88
116,25.73,35.73
116,3.93,46.62
116,0.0,35.4
116,6.94,33.57
116,9.1,43.25
116,17.0,43.72
116,2.85,39.58
116,0.95,32.16
116,39.87,28.69
116,0.0,20.73
116,19.71,35.79
116,27.37,36.6
116,4.7,43.13
116,13.72,17.95
116,0.0,35.15
116,8.32,31.77
116,23.07,33.37
116,9.57,47.7
116,8.5,48.1
116,30.55,45.17
116,18.65,35.03
116,17.21,31.92
116,0.0,47.24
116,0.0,52.81
116,12.85,51.59
116,8.07,39.38
116,17.91,34.44
116,9.62,41.61
116,8.58,42.31
116,8.4,29.6
116,0.0,31.88
116,0.0,67.52
116,0.0,29.6
116,0.0,43.37
116,7.4,28.34
116,0.0,32.63
116,1.81,23.86
116,33.08,23.89
116,7.03,40.79
116,8.62,39.48
116,8.2,54.24
116,10.76,34.29
116,1.16,35.71
116,5.85,33.53
116,0.95,23.3
116,0.0,40.48
116,23.25,32.14
116,0.0,18.21
117,34.76,37.98
117,32.73,39.14
117,16.94,40.75
117,48.15,20.37
117,20.53,49.08
117,0.0,28.63
117,41.03,22.92
117,40.61,45.27
117,14.47,48.69
117,29.93,30.53
117,44.04,24.84
117,48.36,38.87
117,37.96,19.34
117,40.75,62.07
117,39.32,22.65
117,28.22,37.92
117,15.84,32.23
117,26.6,23.88
117,44.62,23.71
117,44.49,46.41
117,32.64,38.04
117,25.67,26.34
117,52.55,27.84
117,31.61,25.05
117,38.29,43.69
117,14.32,44.15
117,29.27,39.8
117,44.12,36.79
117,12.2,40.89
117,29.5,15.86
117,35.32,37.03
117,48.57,45.75
117,42.69,36.54
117,52.01,34.58
117,40.81,27.0
117,41.57,27.74
117,17.58,28.24
117,17.21,36.45
117,51.85,28.66
117,24.1,13.94
117,22.96,42.78
117,0.0,39.74
117,43.78,37.91
117,15.45,23.69
117,19.34,28.59
117,44.23,39.71
117,1.29,34.29
117,47.66,26.32
117,19.22,48.3
117,28.09,24.68
117,19.91,1.16
117,12.71,34.96
117,20.13,35.43
117,19.25,34.64
117,14.0,38.42
117,50.05,27.87
117,17.4,45.29
117,5.47,18.97
117,3.16,33.76
117,35.66,27.12
117,7.46,45.07
117,27.68,25.26
117,55.6,34.78
117,32.36,34.94
117,34.21,36.15
117,23.11,25.97
117,29.83,38.02
117,27.19,34.31
117,34.01,37.78
117,51.54,51.32
117,24.45,35.28
117,19.76,23.05
117,29.02,55.57
117,42.48,44.77
117,25.6,41.19
117,33.47,31.99
117,36.65,42.14
117,57.98,11.37
117,41.99,51.01
117,18.65,43.86
117,1.51,32.05
117,31.95,43.58
117,20.83,40.81
117,23.68,22.9
117,17.05,35.97
117,23.43,38.13
117,23.17,32.53
117,28.5,31.59
117,21.25,43.91
117,20.68,35.94
117,36.89,54.66
117,29.97,26.81
117,30.06,38.5
117,29.36,23.87
117,18.36,41.45
117,48.68,21.74
117,56.42,37.17
117,46.1,46.99
117,7.07,34.57
117,21.4,23.1
117,39.2,44.4
117,20.25,37.96
117,20.89,33.06
117,12.17,23.35
117,25.29,16.29
117,19.32,58.77
117,0.0,27.69
117,44.97,23.08
117,35.42,37.46
117,12.64,22.8
117,41.28,39.48
117,31.65,48.86
117,45.07,22.36
117,39.55,30.71
117,19.92,38.74
117,38.7,20.6
117,39.25,23.98
117,43.72,32.72
117,42.97,55.57
117,57.02,24.62
117,42.38,30.89
117,19.8,61.28
117,32.3,42.75
117,16.36,15.36
117,45.72,31.43
117,18.87,40.43
117,59.0,49.91
117,26.2,49.32
117,29.43,40.16
117,23.96,41.89
117,20.68,19.71
117,23.11,26.38
117,33.01,19.73
117,30.23,45.34
117,24.45,38.14
117,33.98,35.17
117,22.94,50.98
117,29.94,39.92
117,52.96,46.52
117,22.55,42.32
117,26.06,43.39
117,14.99,22.53
117,25.6,44.72
117,34.87,39.2
117,23.13,29.5
117,15.26,41.53
118,62.26,40.32
118,62.86,26.61
118,53.86,23.84
118,69.81,52.25
118,79.67,24.84
118,94.54,24.81
118,61.52,39.08
118,76.67,3.35
118,72.29,42.06
118,71.89,53.67
118,52.11,43.52
118,58.86,22.55
118,95.59,26.04
118,85.12,34.71
118,75.68,38.02
118,78.0,51.75
118,81.66,51.26
118,66.17,31.63
118,66.71,28.16
118,63.99,25.4
118,74.2,41.09
118,57.04,45.88
118,63.37,34.75
118,78.58,33.99
118,67.41,57.24
118,49.24,41.48
118,67.07,11.42
118,79.09,33.62
118,73.51,36.22
118,50.03,31.04
118,85.42,47.88
118,68.8,30.37
118,76.41,23.17
118,85.58,26.19
118,70.39,41.42
118,47.18,19.1
118,94.82,28.58
118,43.3,43.32
118,67.68,19.04
118,88.84,22.59
118,62.94,15.35
118,63.7,24.15
118,69.18,28.25
118,69.65,31.39
118,60.82,23.92
118,63.73,29.8
118,85.97,44.78
118,65.09,37.67
118,78.53,57.48
118,60.13,26.6
118,90.0,29.06
118,84.19,35.7
118,70.84,28.34
118,80.34,33.71
118,91.78,12.91
118,58.98,29.92
118,58.27,43.65
118,76.86,54.94
118,55.19,49.94
118,51.82,35.38
118,51.16,39.29
118,73.93,37.64
118,45.54,27.9
118,66.76,23.45
118,27.41,36.73
118,77.69,32.79
118,78.56,43.23
118,69.24,7.81
118,87.36,32.09
118,82.34,47.3
118,61.71,40.34
118,60.59,23.19
118,83.49,19.6
118,80.9,33.49
118,68.5,42.64
118,49.13,39.68
118,84.08,35.27
118,72.87,41.06
118,71.25,36.83
118,35.09,40.59
118,78.93,44.31
118,71.21,29.11
118,64.98,24.26
118,61.13,42.02
118,73.44,28.38
118,78.08,12.59
118,67.03,49.7
118,79.27,36.79
118,57.02,36.3
118,63.52,31.97
118,80.92,43.21
118,66.74,19.88
118,94.32,34.04
118,75.6,37.11
118,56.82,40.06
118,51.6,15.21
118,82.2,40.53
118,64.11,29.39
118,83.92,26.83
118,64.98,16.82
118,75.15,58.56
118,67.64,32.59
118,75.32,36.7
118,81.48,22.43
118,72.25,17.18
118,80.59,42.96
118,49.92,19.15
118,77.4,48.34
118,72.3,53.81
118,68.59,25.47
118,40.92,28.93
118,50.31,6.03
118,74.96,14.83
118,76.6,40.95
118,77.32,47.8
118,71.91,25.4
118,56.42,27.06
118,58.64,16.61
118,44.58,21.57
118,73.62,48.62
118,96.77,37.41
118,70.81,14.25
118,62.12,40.23
118,72.33,60.08
118,70.24,29.67
118,49.43,26.67
118,75.3,40.4
118,70.59,45.07
118,69.78,43.04
118,97.85,30.51
118,70.68,29.37
118,95.69,15.03
118,61.25,20.47
118,52.37,37.97
118,61.47,28.12
118,87.25,36.71
118,62.14,31.38
118,53.46,34.68
118,76.42,34.21
118,67.01,42.21
119,7.53,5.6
119,0.0,58.63
119,22.12,24.55
119,0.69,24.28
119,5.92,28.03
119,10.29,44.83
119,12.03,57.59
119,11.5,52.04
119,6.22,28.7
119,29.38,14.22
119,8.98,29.44
119,4.73,26.97
119,31.37,15.91
119,0.0,40.41
119,31.33,34.05
119,0.0,39.51
119,2.78,42.05
119,0.0,41.53
119,0.0,33.29
119,13.89,52.04
119,11.71,28.61
119,0.09,26.98
119,29.24,31.45
119,22.75,39.92
119,7.33,41.51
119,0.0,30.26
119,20.47,30.49
119,1.73,48.35
119,11.8,19.62
119,18.37,64.22
119,2.78,30.69
119,24.62,31.75
119,3.07,38.07
119,15.0,39.85
119,17.82,26.8
119,19.86,37.72
119,30.67,23.73
119,0.0,27.41
119,0.0,16.35
119,3.82,35.55
119,47.57,32.06
119,25.56,11.85
119,0.85,26.51
119,3.48,33.68
119,7.8,43.45
119,11.55,19.9
119,16.34,30.69
119,16.88,21.9
119,23.56,41.98
119,34.04,26.65
119,6.26,39.71
119,5.22,30.06
119,3.26,15.26
119,4.4,33.23
119,12.8,20.97
119,16.26,46.31
119,30.44,54.0
119,0.0,41.01
119,12.66,26.95
119,0.0,34.25
119,13.26,37.19
119,42.74,45.93
119,6.22,31.93
119,39.88,38.49
119,0.0,15.53
119,2.02,36.66
119,3.55,24.54
119,10.27,34.47
119,6.0,22.58
119,17.93,38.53
119,0.0,41.02
119,0.0,31.44
119,32.63,24.47
119,0.0,40.31
119,3.36,51.13
119,15.96,55.14
119,7.41,38.35
119,0.0,37.06
119,13.79,19.53
119,18.87,48.45
119,0.24,8.45
119,13.3,47.11
119,19.19,34.29
119,22.05,7.25
119,12.81,37.7
119,30.22,32.28
119,8.62,29.06
119,0.0,31.03
119,5.16,33.79
119,23.76,33.76
119,0.0,17.77
119,0.0,38.43
119,13.98,29.82
119,2.23,51.46
119,37.23,43.46
119,11.46,44.7
119,24.08,54.48
119,1.62,42.1
119,15.72,32.39
119,12.83,5.86
119,25.93,36.65
119,10.49,53.04
119,1.19,43.84
119,21.5,28.42
119,0.0,34.66
119,0.0,27.89
119,7.43,37.36
119,3.76,28.39
119,8.22,49.83
119,0.0,35.32
119,22.56,36.83
119,22.37,24.89
119,18.8,29.41
119,17.51,21.29
119,0.0,49.59
119,9.51,28.35
119,19.15,35.76
119,25.43,16.96
119,5.35,20.45
119,24.95,31.25
119,12.0,30.58
119,0.0,36.69
119,6.71,56.12
119,0.0,11.81
119,0.04,44.76
119,21.68,39.48
119,11.87,27.2
119,1.26,29.23
119,0.0,46.32
119,13.69,33.31
119,5.6,30.46
119,17.06,22.46
119,0.0,24.8
119,3.05,20.62
119,0.0,43.73
119,0.8,25.37
119,36.31,20.87
119,0.0,35.92
119,1.85,25.02
119,0.0,51.01
119,5.62,34.45
119,7.06,36.26
119,23.84,36.29
119,2.73,40.28
119,9.48,41.81
119,0.0,34.32
119,0.0,22.82
119,22.11,32.31
119,0.0,34.65
119,17.98,16.05
119,0.0,10.85
119,5.75,20.66
119,30.29,12.54
119,17.69,28.65
119,0.0,25.5
119,49.88,34.98
119,0.0,41.8
119,32.26,37.18
119,2.2,38.78
119,0.0,44.41
119,2.14,30.41
119,0.0,5.33
119,0.87,14.81
119,8.78,39.48
119,14.21,36.16
119,26.47,41.65
119,10.79,65.27
119,9.01,36.41
119,0.0,32.95
119,4.36,37.81
119,1.45,20.91
119,0.0,42.3
119,41.16,32.12
119,11.15,52.51
119,11.32,16.39
119,23.83,34.05
120,38.09,46.42
120,25.87,5.88
120,47.3,31.71
120,23.1,50.35
120,24.9,25.06
120,56.19,34.05
120,12.44,34.87
120,19.81,51.51
120,0.0,22.49
120,24.19,24.06
120,38.98,39.56
120,35.33,37.79
120,31.87,39.74
120,18.61,37.54
120,27.52,32.7
120,24.83,40.16
120,29.93,36.26
120,32.26,31.26
120,25.44,33.3
120,30.31,28.06
120,28.73,26.21
120,21.23,40.13
120,31.03,19.62
120,13.4,41.58
120,32.36,31.1
120,15.56,32.87
120,29.67,32.05
120,36.05,39.54
120,17.96,50.28
120,43.43,53.84
120,53.25,45.52
120,21.55,34.86
120,28.12,42.79
120,45.76,11.76
120,6.62,40.69
120,30.43,38.29
120,26.07,17.01
120,41.71,27.61
120,26.81,37.05
120,35.88,38.2
120,19.3,44.53
120,42.37,52.37
120,15.42,32.36
120,41.32,21.48
120,30.99,43.04
120,0.0,48.17
120,30.82,47.94
120,37.89,39.18
120,14.02,56.0
120,18.99,30.99
120,31.15,51.59
120,23.35,21.24
120,34.28,9.07
120,27.28,21.05
120,12.84,27.68
120,60.27,34.01
120,25.58,23.74
120,31.62,35.41
120,53.04,41.11
120,41.22,37.88
120,37.12,32.48
120,43.75,47.23
120,37.17,25.2
120,37.17,31.35
120,37.37,27.95
120,27.81,41.18
120,43.97,29.32
120,38.77,38.4
120,0.1,42.98
120,41.06,28.42
120,19.69,16.42
120,33.16,31.52
120,8.26,25.25
120,22.42,26.93
120,25.26,6.82
120,36.98,16.18
120,22.36,42.8
120,1.84,23.69
120,23.63,46.72
120,25.05,26.13
120,38.23,39.35
120,31.92,31.21
120,20.03,41.15
120,33.6,31.21
120,53.84,36.35
120,45.21,47.54
120,5.18,39.18
120,62.18,26.43
120,45.39,13.4
120,50.61,32.8
120,10.24,38.73
120,24.61,35.69
120,37.65,24.34
120,15.42,35.67
120,36.86,41.26
120,51.23,49.33
120,25.67,31.51
120,52.14,61.03
120,39.13,49.99
120,5.84,35.85
120,18.7,36.88
120,44.41,49.28
120,16.58,23.4
120,44.03,25.17
120,37.95,19.83
120,34.06,31.19
120,22.5,24.54
120,33.91,30.1
120,51.87,33.62
120,24.93,18.84
120,37.93,49.03
120,56.08,47.11
120,33.41,28.94
120,23.62,50.3
120,23.48,38.27
120,2.91,46.09
120,14.25,19.08
120,34.4,30.3
120,42.61,40.91
120,24.46,32.2
120,42.44,32.07
120,41.62,32.78
120,19.98,38.11
120,22.25,35.23
120,12.5,51.14
120,39.67,23.12
120,30.05,35.04
120,41.54,41.74
120,29.22,20.32
120,17.77,30.22
120,40.14,35.91
120,4.24,50.53
120,25.62,35.5
120,19.93,42.34
120,49.83,43.06
120,52.75,3.69
120,35.5,34.88
120,22.48,29.21
120,52.38,50.53
120,20.92,41.69
120,12.01,43.62
120,4.17,39.72
120,31.33,35.15
120,7.71,43.19
120,48.45,33.77
120,22.45,48.13
120,13.28,22.24
120,44.5,45.42
120,41.39,30.01
120,51.62,41.47
120,7.91,16.71
120,5.17,36.97
120,50.29,32.34
120,0.0,33.5
120,14.2,14.56
120,30.72,34.36
120,12.72,35.43
120,32.75,14.4
120,15.07,21.34
120,46.77,35.73
120,39.33,38.48
120,33.58,33.44
120,25.39,34.49
120,16.56,34.3
120,28.25,28.01
120,13.99,32.04
120,54.92,18.58
120,34.15,27.57
120,18.69,33.53
120,50.36,47.6
120,29.4,32.66
120,48.18,56.68
120,47.79,55.23
120,35.67,34.77
120,13.5,29.45
120,22.45,58.93
120,76.66,42.21
120,22.83,38.82
120,26.65,26.06
120,23.87,29.3
120,17.79,22.99
120,39.15,50.37
120,12.59,39.52
120,19.2,30.59
120,34.01,28.8
120,26.74,23.1
120,32.12,33.23
120,29.6,35.88
120,14.76,8.97
120,49.04,23.39
120,44.86,26.56
120,17.58,45.94
120,36.2,27.91
120,23.62,14.26
120,44.08,21.89
120,41.17,52.97
120,46.33,29.9
120,17.69,22.58
120,12.39,15.59
120,5.84,34.27
120,64.78,35.43
120,41.78,38.85
120,46.18,63.99
120,11.36,20.4
120,38.26,29.94
120,7.62,37.22
120,35.92,29.19
120,30.27,11.28
120,26.12,39.62
120,22.95,27.06
120,45.29,22.3
120,23.2,24.17
120,47.59,51.06
120,29.38,48.29
120,34.86,22.0
120,37.15,14.95
120,35.98,43.88
120,32.97,56.64
120,57.98,59.66
121,34.91,50.19
121,48.83,17.14
121,49.78,36.75
121,66.18,42.68
121,42.23,27.41
121,72.27,49.1
121,66.18,13.93
121,73.26,33.66
121,51.42,15.45
121,65.15,25.49
121,46.53,28.57
121,68.8,27.9
121,56.91,47.98
121,58.19,21.1
121,59.57,16.9
121,37.36,29.26
121,75.47,35.25
121,61.08,39.54
121,75.52,46.69
121,74.56,10.35
121,49.43,52.58
121,56.49,25.0
121,39.84,30.94
121,75.94,34.25
121,64.22,10.13
121,62.62,29.24
121,56.41,44.91
121,47.39,40.95
121,76.68,28.5
121,86.07,36.34
121,77.18,39.08
121,57.82,31.15
121,65.07,39.42
121,73.91,25.2
121,61.22,23.6
121,85.28,30.73
121,76.23,7.44
121,96.21,41.63
121,62.53,34.91
121,28.61,31.56
121,60.93,42.76
121,55.06,38.26
121,62.25,45.7
121,83.18,51.38
121,52.96,37.64
121,49.19,26.08
121,51.59,41.97
121,88.0,26.12
121,54.01,25.62
121,63.37,30.78
121,84.0,46.74
121,68.63,42.25
121,30.69,43.74
121,53.72,35.35
121,51.51,40.26
121,37.34,40.61
121,53.81,26.43
121,24.61,40.47
121,64.23,33.96
121,60.1,29.55
121,50.79,30.07
121,36.48,27.92
121,78.13,30.91
121,52.61,33.91
121,74.27,41.32
121,58.36,50.6
121,78.97,40.25
121,67.6,35.29
121,61.45,12.0
121,49.08,60.61
121,76.89,26.21
121,57.33,26.57
121,49.41,47.91
121,57.96,21.89
121,59.4,38.09
121,71.36,28.91
121,35.53,31.22
121,90.98,34.55
121,66.02,20.87
121,59.79,32.64
121,65.77,45.29
121,40.09,33.18
121,61.61,68.0
121,68.45,35.01
121,56.17,20.84
121,66.81,28.26
121,70.31,12.72
121,50.53,45.85
121,76.23,51.66
121,59.22,43.27
121,84.78,24.76
121,77.02,24.4
121,65.28,42.1
121,49.45,28.27
121,58.55,24.53
121,73.1,23.3
121,52.72,54.56
121,65.64,28.89
121,67.1,43.15
121,58.54,40.05
121,49.32,24.66
121,80.77,34.45
121,66.18,22.99
121,56.08,49.93
121,49.73,23.98
121,71.68,38.02
121,59.1,28.56
121,72.71,23.83
121,48.01,45.85
121,63.93,28.27
121,53.76,13.87
121,82.64,38.67
121,64.79,26.22
121,47.05,35.73
121,72.15,43.42
121,76.05,37.92
121,55.62,43.78
121,49.47,19.72
121,31.36,47.18
121,74.31,30.73
121,37.21,18.31
121,59.37,7.0
121,37.57,30.61
121,83.41,25.35
121,77.35,25.52
121,63.9,37.68
121,73.62,52.92
121,58.28,24.08
121,49.28,35.01
121,38.21,27.75
121,70.3,23.14
121,46.88,22.82
121,92.85,52.07
121,45.54,34.15
121,73.16,31.91
121,76.59,26.46
121,42.58,34.74
121,54.15,26.98
121,57.01,55.23
121,105.0,36.77
121,56.81,35.53
121,45.2,35.28
121,66.39,48.39
121,46.38,33.76
121,59.2,28.76
121,54.09,35.77
121,66.73,42.7
121,52.7,47.01
121,50.95,36.37
121,74.03,36.52
121,63.76,44.92
121,60.37,3.92
121,34.98,34.97
121,68.08,27.57
121,53.88,34.64
121,63.62,37.91
121,36.02,47.7
121,63.6,18.77
121,62.51,26.09
121,57.02,24.22
121,48.48,27.32
121,75.16,18.93
121,50.29,57.51
121,71.83,43.58
121,73.61,25.47
121,49.18,34.17
121,69.72,29.22
121,54.41,35.72
121,68.3,25.55
121,47.83,17.25
121,58.5,27.71
121,61.0,49.19
121,59.62,17.67
121,64.96,46.07
121,49.49,40.16
121,52.82,29.6
121,69.28,42.25
121,54.64,36.29
121,53.54,10.49
121,49.06,29.55
121,54.02,29.87
121,46.65,49.89
121,69.48,29.59
121,54.16,31.68
121,45.91,21.23
121,57.36,33.3
121,41.85,20.92
121,48.87,45.95
121,77.61,29.37
121,45.85,20.9
121,58.14,47.48
121,88.68,19.63
121,63.24,36.81
121,53.36,17.64
121,34.16,37.22
121,62.17,45.74
121,50.02,26.87
121,67.25,21.02
121,51.21,21.36
121,63.6,33.39
121,78.8,55.21
121,68.73,45.75
121,42.86,46.88
121,61.16,22.23
121,72.53,46.07
121,40.24,44.86
121,81.93,37.36
121,61.83,27.05
121,67.49,44.69
121,55.53,26.54
121,60.6,41.23
121,48.37,29.81
121,80.11,23.16
121,83.31,29.54
121,87.91,55.65
121,37.05,21.18
121,64.28,44.91
121,65.62,43.24
121,50.83,31.97
121,64.85,27.93
121,41.32,20.27
122,0.0,41.05
122,34.0,44.47
122,12.44,32.62
122,28.57,20.74
122,12.53,20.36
122,22.44,45.43
122,30.9,31.02
122,33.53,22.73
122,47.4,25.84
122,30.02,32.97
122,31.39,19.88
122,26.88,33.66
122,42.01,47.78
122,15.3,32.69
122,24.31,14.56
122,29.98,43.55
122,18.22,46.21
122,48.15,46.79
122,34.14,34.65
122,14.07,59.65
122,35.31,42.1
122,47.03,66.89
122,20.64,48.87
122,47.7,47.18
122,33.34,27.15
122,32.62,23.57
122,45.58,35.27
122,32.65,31.88
122,35.07,28.09
122,31.2,32.57
122,7.2,31.82
122,35.35,26.96
122,33.28,41.23
122,25.06,25.73
122,0.0,33.53
122,38.09,20.64
122,18.82,35.1
122,15.35,36.21
122,14.12,23.43
122,4.53,34.78
122,36.0,32.92
122,60.63,28.93
122,22.46,29.04
122,40.67,38.93
122,28.78,34.31
122,33.58,44.53
122,29.13,22.6
122,40.17,31.94
122,14.29,27.24
122,31.29,34.67
122,44.75,36.96
122,39.12,21.0
122,34.24,40.52
122,31.27,57.79
122,25.31,35.88
122,25.41,24.45
122,9.81,30.79
122,36.54,30.43
122,47.74,26.66
122,33.82,41.95
122,30.22,13.95
122,37.79,37.0
122,2.46,48.2
122,23.41,47.49
122,29.04,45.27
122,7.81,26.74
122,32.09,50.03
122,5.94,38.03
122,38.98,49.66
122,32.94,45.9
122,27.52,37.46
122,39.9,31.31
122,31.91,60.01
122,36.18,14.42
122,33.69,32.09
122,18.82,18.54
122,50.39,35.29
122,46.19,37.92
122,35.57,26.93
122,31.95,27.76
122,39.75,19.47
122,46.38,38.97
122,54.75,28.87
122,22.96,38.65
122,43.6,28.24
122,28.87,36.72
122,9.08,42.14
122,40.89,39.26
122,49.08,36.32
122,42.65,32.86
122,27.8,39.25
122,35.04,27.37
122,39.09,31.85
122,37.45,37.81
122,45.99,50.91
122,42.26,27.27
122,22.48,24.26
122,30.34,37.14
122,23.44,47.28
122,32.1,42.93
122,5.7,34.24
122,55.07,47.48
122,19.86,14.09
122,23.33,45.13
122,31.08,30.54
122,12.09,40.93
122,25.64,45.09
122,32.19,36.13
122,51.43,34.77
122,31.85,29.69
122,24.73,52.61
122,15.37,37.79
122,57.8,36.45
122,31.0,50.6
122,31.07,28.47
122,12.17,31.25
122,36.82,44.31
122,22.36,53.52
122,49.13,34.49
122,36.04,38.25
122,31.63,16.53
122,12.8,48.1
122,28.72,22.09
122,27.22,28.07
122,31.6,36.07
122,4.39,26.86
122,18.18,12.67
122,23.55,20.41
122,36.5,35.08
122,4.9,50.46
122,47.96,49.57
122,46.15,38.2
122,17.07,35.72
122,62.1,42.77
122,33.1,48.58
122,28.58,35.29
122,37.72,35.67
122,35.44,36.24
122,31.52,45.11
122,15.9,18.95
122,24.32,34.18
122,34.64,38.41
122,40.84,13.17
122,48.71,44.09
122,24.06,45.84
122,31.03,12.59
122,21.42,29.45
122,44.22,29.82
122,25.95,24.22
122,22.36,25.74
122,30.81,28.25
122,8.25,40.71
122,37.03,47.72
122,25.97,40.07
122,65.98,23.95
122,21.96,42.7
122,26.52,40.64
122,43.22,1.74
122,40.17,47.64
122,43.47,35.47
122,26.36,35.88
122,15.09,14.83
122,64.69,51.75
122,36.71,37.71
122,32.93,42.53
122,40.48,19.44
122,13.06,39.63
122,24.07,39.85
122,16.44,32.29
122,32.17,19.78
122,12.08,33.32
122,38.76,23.49
122,45.39,26.32
122,44.91,46.76
122,35.73,34.95
122,32.5,33.11
122,24.57,21.07
122,35.83,33.5
122,28.57,32.35
122,5.69,23.2
122,21.98,45.94
122,40.3,45.41
122,15.37,25.48
122,15.11,38.35
122,27.4,13.62
122,1.8,37.5
122,39.48,42.59
122,38.34,21.65
122,42.31,34.17
122,32.88,35.4
122,18.91,65.78
122,14.01,62.39
122,37.16,37.54
122,39.3,26.7
122,15.48,36.69
122,13.74,46.39
122,29.75,15.59
122,31.78,10.99
122,42.15,21.39
122,38.61,42.39
122,28.96,43.03
122,43.46,38.87
122,25.46,46.22
122,25.99,32.0
122,41.03,31.02
122,42.45,38.24
122,42.79,52.82
122,27.67,38.52
122,30.93,32.95
122,18.74,38.43
122,41.7,49.65
122,22.31,30.04
122,4.04,29.07
122,24.27,28.79
122,18.87,42.97
122,0.0,25.43
122,22.54,41.05
122,40.17,17.82
122,35.38,31.14
122,35.35,33.36
122,48.53,53.67
122,22.47,44.67
122,15.11,30.08
122,36.42,28.3
122,34.64,26.58
122,13.54,21.66
122,27.71,51.77
122,37.0,25.68
122,33.57,52.93
122,39.51,35.09
122,21.26,33.09
122,11.56,35.07
122,18.13,47.31
122,41.24,24.6
122,43.46,39.59
122,27.82,33.57
122,49.66,38.44
122,27.89,31.75
122,23.34,30.03
122,11.66,39.78
122,29.02,18.81
122,43.79,49.33
122,46.49,35.19
122,43.9,27.96
122,36.49,38.05
122,50.76,26.36
122,17.41,34.87
122,45.41,34.94
122,33.66,47.84
122,32.74,37.07
122,11.5,21.68
122,34.44,40.39
122,45.0,41.93
122,2.33,16.27
122,40.34,20.93
122,0.29,56.11
122,11.57,30.35
122,28.77,30.61
122,50.58,33.62
122,28.33,26.95
122,36.11,14.5
122,18.17,21.66
122,27.47,26.97
122,29.29,28.47
122,51.18,25.54
122,20.29,17.59
122,21.43,27.91
122,44.0,46.27
122,26.79,26.61
122,31.47,31.99
122,35.66,49.88
122,21.73,26.44
122,3.32,67.63
122,43.98,43.81
122,31.51,34.85
122,13.4,31.27
122,40.12,48.76
122,56.12,26.37
122,45.5,29.24
122,57.05,51.68
122,14.04,29.87
122,33.24,28.87
122,34.61,26.71
122,28.48,12.74
122,25.74,45.16
122,0.0,33.53
122,52.0,45.77
122,8.98,32.14
122,41.75,29.36
122,30.14,26.7
122,29.6,41.52
122,27.33,25.15
122,32.59,38.23
123,30.13,52.76
123,25.96,37.37
123,54.64,26.05
123,33.06,39.7
123,27.45,34.1
123,25.28,23.15
123,27.02,38.17
123,22.1,27.22
123,19.3,31.41
123,37.78,34.45
123,50.02,11.7
123,24.14,29.26
123,35.58,44.16
123,21.36,31.88
123,31.35,13.08
123,12.99,33.1
123,18.9,39.31
123,18.44,30.72
123,28.11,31.08
123,14.79,29.09
123,0.87,40.83
123,12.19,24.96
123,27.73,40.01
123,19.7,31.05
123,22.47,47.78
123,33.44,28.66
123,19.33,21.78
123,28.96,40.81
123,57.78,39.42
123,25.05,38.53
123,27.33,43.31
123,34.95,22.98
123,19.37,25.33
123,22.31,48.52
123,28.76,38.79
123,32.52,28.99
123,17.9,14.6
123,37.26,20.31
123,50.11,23.47
123,5.13,27.83
123,35.09,37.36
123,28.81,18.98
123,26.14,28.19
123,34.24,20.1
123,47.93,29.36
123,33.34,60.23
123,42.47,47.08
123,29.49,40.31
123,34.75,28.26
123,22.93,22.15
123,30.49,33.05
123,26.46,16.91
123,31.39,41.13
123,8.48,31.82
123,15.5,33.7
123,45.45,15.69
123,48.12,34.55
123,7.49,31.37
123,22.63,23.48
123,20.28,36.47
123,33.29,29.62
123,28.91,37.24
123,38.84,40.8
123,12.43,22.07
123,34.55,35.18
123,25.66,34.97
123,20.42,47.68
123,35.74,43.25
123,26.79,30.17
123,28.69,29.32
123,47.37,35.65
123,30.92,21.64
123,55.28,23.29
123,0.0,28.85
123,29.88,7.8
123,15.55,23.11
123,17.93,30.35
123,21.48,64.32
123,41.99,26.91
123,24.71,41.26
123,15.16,31.82
123,38.58,38.84
123,14.63,22.09
123,51.74,17.0
123,13.22,49.15
123,26.26,19.37
123,55.02,50.32
123,25.78,29.92
123,35.51,24.9
123,28.58,28.32
123,29.98,51.62
123,19.36,26.32
123,35.89,29.8
123,47.26,44.73
123,4.75,39.21
123,17.98,56.85
123,22.82,46.82
123,18.47,26.34
123,38.35,48.33
123,22.12,12.86
123,31.05,42.47
123,49.38,26.8
123,6.67,40.55
123,34.12,55.6
123,28.4,15.63
123,28.44,44.15
123,18.23,43.24
123,25.05,41.26
123,29.9,23.22
123,27.61,33.02
123,39.06,23.41
123,15.78,38.73
123,11.84,19.65
123,3.92,29.19
123,31.84,40.93
123,39.83,25.94
123,14.75,29.64
123,13.59,24.03
123,54.55,36.82
123,46.61,32.49
123,47.34,25.94
123,34.54,27.06
123,39.17,35.74
123,26.27,22.36
123,11.49,33.51
123,12.15,34.37
123,30.04,35.72
123,42.03,28.17
123,27.82,40.66
123,37.92,44.58
123,28.83,41.12
123,33.96,36.31
123,40.02,18.31
123,47.3,52.43
123,33.71,34.64
123,55.21,37.43
123,26.97,26.24
123,47.21,31.64
123,37.57,46.97
123,6.2,42.61
123,48.38,30.58
123,18.06,50.8
123,26.76,22.9
123,41.35,15.51
123,20.32,12.78
123,29.08,42.74
123,38.54,26.34
123,19.31,32.46
123,26.93,46.04
123,25.41,37.62
123,42.53,20.95
123,50.39,51.87
123,15.7,30.8
123,31.01,33.31
123,23.19,26.16
123,30.4,21.73
123,52.97,36.53
123,34.94,18.14
123,22.68,33.09
123,12.21,51.44
123,42.99,42.26
123,24.03,36.23
123,19.91,21.92
123,33.95,33.33
123,37.53,25.24
123,25.21,49.86
123,17.7,28.79
123,47.79,25.35
123,38.89,31.61
123,42.83,25.4
123,25.36,36.59
123,19.21,54.03
123,23.07,34.08
123,10.19,23.85
123,25.65,32.26
123,21.22,20.02
123,28.99,65.61
123,30.64,53.81
123,31.18,47.72
123,22.39,42.27
123,14.55,32.18
123,11.25,32.42
123,32.54,31.58
123,31.76,60.15
123,11.9,31.89
123,48.54,27.8
123,40.85,32.85
123,16.72,39.69
123,33.45,0.0
123,28.22,38.33
123,33.43,6.03
123,32.24,50.19
123,38.73,15.03
123,49.23,25.17
123,33.89,12.91
123,36.93,53.81
123,49.04,33.86
123,23.01,58.49
123,17.87,55.87
123,38.74,47.74
123,14.1,18.58
123,19.5,35.82
123,49.56,49.03
123,7.67,38.28
123,33.94,29.93
123,11.25,37.87
123,35.34,38.92
123,53.82,17.75
123,16.83,27.76
123,2.66,41.18
123,34.64,43.62
123,21.84,36.68
123,27.61,29.51
123,34.74,31.89
123,37.32,25.7
123,37.45,32.86
123,29.64,43.35
123,35.66,60.71
123,27.56,20.75
123,25.72,47.93
123,29.79,38.21
123,37.5,16.39
123,21.59,32.93
123,32.79,32.0
123,24.03,33.98
123,20.43,45.53
123,43.67,55.72
123,34.82,48.25
123,34.94,36.34
123,17.71,37.56
123,26.79,56.87
123,37.81,22.35
123,34.84,47.66
123,63.34,21.38
123,32.86,17.22
123,21.36,40.94
123,24.34,15.77
123,18.87,29.68
123,21.6,49.12
123,31.3,23.95
123,23.97,53.76
123,47.37,9.17
123,41.45,45.49
123,41.23,18.77
123,26.73,31.86
123,41.88,36.37
123,43.3,30.89
123,50.75,31.17
123,22.97,18.04
123,30.15,49.56
123,20.24,20.47
123,64.31,20.46
123,27.38,32.93
123,46.59,26.33
123,32.04,43.22
123,41.43,28.13
123,29.81,33.99
123,42.0,35.26
123,33.59,44.71
124,35.47,22.81
124,60.78,13.99
124,50.52,39.42
124,41.18,8.1
124,46.79,19.21
124,42.55,12.34
124,56.24,0.0
124,50.39,31.49
124,42.37,15.32
124,57.93,5.41
124,61.3,18.4
124,34.05,25.37
124,34.29,4.66
124,77.21,14.55
124,54.14,25.44
124,67.7,15.82
124,57.6,20.1
124,51.97,11.1
124,18.22,0.0
124,30.12,11.23
124,54.45,7.83
124,34.24,12.8
124,44.07,7.95
124,57.83,15.87
124,47.76,10.19
124,51.18,22.9
124,64.04,20.77
124,65.33,3.83
124,45.27,27.82
124,62.56,6.04
124,33.51,1.63
124,48.95,25.61
124,53.36,7.48
124,44.63,15.08
124,43.11,0.0
124,31.45,9.97
124,45.54,12.73
124,25.09,9.68
124,44.27,8.35
124,46.78,14.45
124,55.69,24.89
124,30.71,3.64
124,50.42,0.0
124,53.41,27.63
124,45.71,6.76
124,51.82,7.7
124,49.51,8.0
124,12.19,0.0
124,34.01,9.66
124,73.86,10.92
124,54.53,18.79
124,38.18,7.98
124,50.77,0.0
124,55.24,0.0
124,66.03,26.27
124,40.94,4.76
124,38.25,20.0
124,39.53,6.15
124,38.57,22.94
124,38.13,15.09
124,48.44,0.0
124,40.53,1.12
124,45.19,0.0
124,70.34,24.04
124,33.55,0.15
124,50.38,9.94
124,31.24,13.12
124,58.05,16.44
124,60.55,8.93
124,34.72,0.0
124,36.95,0.73
124,54.67,2.43
124,42.43,0.0
124,64.42,18.75
124,30.38,19.56
124,60.0,2.21
124,75.09,28.35
124,51.1,12.83
124,37.72,23.32
124,35.9,22.53
124,43.89,12.52
124,54.79,0.0
124,26.58,16.19
124,41.97,19.79
124,47.71,6.82
124,66.2,15.77
124,70.2,13.68
124,44.29,3.51
124,31.59,12.9
124,47.82,8.4
124,48.29,18.13
124,61.42,7.51
124,40.23,6.17
124,33.14,0.0
124,45.85,38.27
124,41.58,9.02
124,41.23,1.56
124,34.71,20.64
124,29.68,16.06
124,53.93,20.03
124,49.43,21.2
124,35.55,26.07
124,56.66,2.29
124,22.05,15.61
124,40.7,0.0
124,48.8,10.63
124,60.4,21.38
124,38.78,4.15
124,60.61,38.54
124,37.53,14.2
124,56.68,0.0
124,67.87,21.76
124,33.0,38.42
124,47.97,0.0
124,53.03,21.86
124,29.82,3.12
124,51.62,13.41
124,38.64,0.0
124,35.04,23.39
124,40.5,10.5
124,39.55,26.76
125,79.77,59.07
125,70.96,59.65
125,74.33,41.36
125,65.93,44.2
125,38.32,46.17
125,45.43,68.0
125,49.79,53.03
125,50.87,29.7
125,31.76,40.76
125,31.1,61.87
125,28.62,49.51
125,40.46,40.5
125,41.84,49.84
125,40.12,64.79
125,49.27,68.0
125,28.02,53.36
125,34.89,59.39
125,36.12,52.9
125,56.65,56.41
125,48.57,43.82
125,50.4,68.0
125,33.86,48.96
125,46.53,41.91
125,35.93,45.54
125,36.38,61.31
125,50.8,46.31
125,37.59,68.0
125,44.63,61.04
125,42.49,63.48
125,30.74,49.39
125,38.49,47.16
125,38.7,54.36
125,41.04,40.94
125,22.56,59.2
125,36.52,64.09
125,57.85,46.39
125,51.69,61.59
125,40.81,56.8
125,30.66,66.28
125,47.31,68.0
125,58.58,62.6
125,65.72,53.38
125,39.19,67.26
125,32.22,54.52
125,52.26,51.08
125,50.67,47.29
125,46.14,55.08
125,37.74,65.06
125,28.99,42.65
125,54.77,40.36
125,57.65,40.58
125,41.32,65.24
125,68.24,58.38
125,49.07,68.0
125,43.73,48.29
125,30.62,40.55
125,23.89,68.0
125,39.34,45.91
125,50.79,61.43
125,76.34,39.32
125,46.88,55.99
125,53.7,52.21
125,35.25,38.34
125,48.71,68.0
125,47.01,44.23
125,33.71,43.71
125,63.4,46.8
125,44.26,30.03
125,60.37,50.4
125,46.13,46.81
125,41.69,64.92
125,35.84,57.48
125,41.45,40.05
125,65.04,46.81
125,34.32,68.0
125,54.66,43.97
125,41.95,63.06
125,53.66,46.52
125,48.69,42.97
125,28.67,48.04
125,48.15,68.0
125,74.15,37.86
125,50.0,61.22
125,58.05,67.41
125,49.86,47.93
125,56.25,64.97
125,36.67,63.26
125,44.42,45.13
125,57.44,43.55
125,41.45,52.31
125,59.94,55.19
125,32.95,49.93
125,46.76,60.22
125,42.63,45.49
125,80.3,43.97
125,40.93,54.04
125,51.46,56.51
125,20.11,68.0
125,30.82,59.0
125,49.97,61.8
125,42.57,50.2
125,42.82,50.28
125,41.78,47.01
125,43.59,56.01
125,23.75,55.6
125,44.87,55.07
125,43.15,51.77
125,59.86,53.53
125,56.86,68.0
125,9.23,57.02
125,36.45,60.42
125,69.43,59.16
125,57.78,52.08
125,52.38,59.91
125,39.46,54.23
125,55.62,40.25
125,26.3,47.61
125,38.64,68.0
125,50.48,66.84
125,53.9,50.71
125,48.81,61.42
125,51.12,56.41
125,48.13,68.0
125,41.9,52.57
125,63.43,56.47
125,70.07,45.23
125,45.34,52.52
125,30.72,23.85
125,42.95,56.86
125,47.13,65.04
125,17.27,68.0
125,63.4,59.29
125,37.7,49.98
125,35.25,44.96
125,41.59,48.77
125,39.85,36.42
125,46.74,51.23
125,56.27,40.52
125,62.58,47.43
125,56.28,51.75
125,33.74,57.62
125,44.58,35.84
125,47.36,50.23
125,49.99,61.55
125,52.36,68.0
125,47.01,53.18
125,44.88,68.0
125,57.84,61.7
125,44.27,54.68
125,58.44,67.68
125,56.57,48.42
125,64.89,42.47
125,48.83,64.22
125,64.77,59.84
125,42.05,65.49
125,50.49,65.23
125,55.95,68.0
125,32.86,38.03
125,40.89,50.1
125,37.32,50.83
125,45.25,66.83
125,39.07,58.1
125,47.39,66.88
125,44.99,57.11
125,42.37,53.8
125,47.96,61.49
125,37.13,56.87
125,34.79,58.29
125,30.49,61.17
125,22.76,58.77
125,37.16,64.81
125,53.0,54.57
125,43.43,55.87
125,46.16,42.99
125,40.74,64.81
125,71.12,68.0
125,48.15,34.18
125,38.61,61.05
125,32.26,52.39
125,68.27,51.97
125,27.78,60.9
125,35.67,53.67
125,35.68,58.32
125,45.55,50.04
125,50.62,68.0
125,46.89,51.44
125,41.26,45.63
125,27.84,57.82
125,70.14,44.82
125,49.44,56.58
125,53.38,68.0
125,37.21,53.51
125,42.14,39.1
125,61.25,49.43
125,17.33,62.94
125,55.93,55.18
125,42.79,61.71
125,51.41,47.04
125,67.64,49.47
125,39.79,60.97
125,10.87,68.0
125,31.81,49.74
125,46.17,54.41
125,67.44,66.1
125,40.95,55.44
125,66.12,61.02
125,15.78,45.86
125,39.45,54.04
125,59.49,47.16
125,58.27,35.46
125,20.6,44.27
125,35.08,58.93
125,44.2,60.07
125,37.37,62.45
125,61.2,59.6
125,46.17,51.56
125,27.22,33.84
126,63.05,62.14
126,73.03,45.88
126,74.82,68.0
126,55.99,43.72
126,78.32,56.1
126,93.86,57.27
126,73.76,51.49
126,70.5,54.66
126,58.94,56.7
126,70.44,44.19
126,81.04,59.01
126,73.92,56.03
126,68.28,68.0
126,87.08,68.0
126,70.6,47.94
126,68.44,54.45
126,75.84,48.37
126,90.99,53.19
126,71.99,65.45
126,62.49,54.87
126,81.1,50.51
126,69.69,62.66
126,81.21,34.7
126,47.37,51.75
126,74.48,68.0
126,70.77,68.0
126,61.53,68.0
126,58.23,42.46
126,70.36,42.37
126,60.1,50.57
126,35.44,56.14
126,58.72,47.94
126,58.16,37.51
126,74.38,66.21
126,58.55,64.37
126,73.99,49.5
126,61.61,63.83
126,84.17,66.38
126,78.87,29.82
126,70.1,63.08
126,75.87,55.33
126,81.47,28.35
126,74.79,67.2
126,75.84,56.87
126,46.6,38.44
126,67.26,60.37
126,63.88,57.99
126,87.66,61.95
126,68.92,34.72
126,65.23,52.69
126,81.55,45.21
126,54.25,54.21
126,72.88,37.32
126,48.31,43.71
126,64.64,68.0
126,67.98,68.0
126,92.94,66.69
126,72.06,68.0
126,62.42,35.43
126,72.26,55.38
126,92.73,58.68
126,47.29,51.74
126,84.04,35.53
126,78.93,65.72
126,72.48,62.8
126,69.96,49.17
126,92.68,65.3
126,83.34,57.37
126,60.51,62.97
126,74.29,45.94
126,90.19,58.63
126,80.99,58.74
126,77.41,53.45
126,57.06,26.59
126,104.07,57.89
126,83.38,58.64
126,97.19,45.6
126,77.92,62.29
126,73.76,58.69
126,65.62,60.5
126,86.68,51.85
126,93.47,37.2
126,87.54,37.45
126,103.32,63.56
126,75.7,43.97
126,65.93,47.22
126,77.34,65.24
126,84.45,32.5
126,70.58,38.33
126,73.44,64.68
126,76.78,56.93
126,80.42,34.07
126,75.75,51.16
126,76.74,57.94
126,82.27,43.88
126,83.99,40.09
126,67.56,37.43
126,50.13,65.31
126,60.5,67.48
126,79.99,64.3
126,64.5,68.0
126,77.45,68.0
126,73.26,39.32
126,74.87,67.01
126,80.39,57.23
126,89.47,68.0
126,73.78,68.0
126,60.45,53.85
126,78.04,52.65
126,83.27,51.78
126,44.7,56.79
126,64.61,58.55
126,74.38,68.0
126,67.76,57.57
126,75.75,51.27
126,65.89,56.14
126,86.18,46.93
126,74.67,37.54
126,50.6,54.37
126,83.51,68.0
126,84.33,65.77
126,73.51,50.72
126,50.09,59.86
126,85.73,68.0
126,60.71,58.19
126,69.3,46.21
126,66.54,56.75
126,55.29,63.06
126,74.08,60.58
126,76.64,68.0
126,75.47,57.1
126,71.28,30.23
126,64.32,61.19
126,93.1,60.44
126,76.41,59.73
126,61.84,46.67
126,79.73,68.0
126,78.74,44.04
126,82.0,45.21
126,73.58,53.48
126,65.91,68.0
126,56.2,68.0
126,67.11,63.04
126,52.47,65.83
126,77.91,41.67
126,53.12,37.3
126,69.38,51.91
126,83.48,65.74
126,70.85,66.03
126,73.23,46.44
126,79.77,45.25
126,80.67,68.0
126,87.49,58.09
126,81.32,33.21
126,78.65,43.63
126,48.5,61.34
126,77.14,42.95
126,95.56,45.17
126,82.42,45.57
126,86.61,65.62
126,65.23,55.9
126,73.1,68.0
126,81.34,51.28
126,79.76,53.68
126,84.27,59.68
126,59.25,49.13
126,63.69,38.42
126,57.18,52.12
126,77.36,47.76
126,71.57,54.61
126,71.47,49.42
126,65.15,60.96
126,63.04,52.13
126,74.02,38.22
126,88.4,49.15
126,94.38,42.78
126,94.42,68.0
126,67.91,56.51
126,58.62,63.34
126,85.49,54.95
126,90.57,68.0
126,79.43,42.13
126,73.7,47.29
126,65.85,68.0
126,81.87,50.31
126,81.48,47.77
126,77.68,49.82
126,59.62,68.0
126,61.08,68.0
126,72.78,60.51
126,87.54,58.16
126,85.83,64.62
126,68.81,60.32
126,50.25,57.93
126,91.36,51.04
126,90.13,49.23
126,75.61,61.46
126,68.41,57.53
126,70.01,68.0
126,86.1,53.15
126,80.98,45.82
126,68.44,39.93
126,102.62,47.55
126,54.11,40.18
126,66.18,68.0
126,66.47,51.32
126,75.38,47.55
126,88.72,61.28
126,84.77,68.0
126,75.65,51.31
126,56.75,43.53
126,86.42,51.65
126,59.24,35.55
126,68.78,61.66
126,73.02,62.35
126,63.5,51.17
126,63.25,43.68
126,85.53,68.0
126,92.9,42.48
126,73.04,47.75
126,50.87,56.38
126,77.65,65.47
126,64.95,54.34
126,78.69,56.39
126,77.84,62.73
126,49.54,68.0
126,68.93,49.63
126,82.01,50.39
126,72.79,54.82
126,59.75,63.47
126,82.53,68.0
126,52.35,54.78
126,77.04,62.1
126,66.99,32.25
126,79.64,56.71
126,71.03,55.84
126,80.32,67.21
126,91.69,50.31
126,83.02,42.55
126,82.79,58.53
126,81.58,38.85
126,51.68,47.16
126,75.05,56.6
126,77.51,29.64
126,81.19,53.19
126,72.9,68.0
126,83.3,38.28
126,61.54,48.48
126,99.91,62.47
127,51.49,9.82
127,32.77,35.65
127,16.25,29.86
127,31.56,35.93
127,28.25,31.76
127,24.3,31.86
127,8.14,37.25
127,29.91,27.95
127,37.57,55.64
127,39.76,23.42
127,30.14,49.83
127,30.46,20.35
127,22.72,31.1
127,42.58,37.42
127,14.54,23.74
127,23.23,22.98
127,19.52,30.91
127,28.55,43.85
127,47.07,34.9
127,14.56,54.84
127,33.63,40.21
127,33.92,28.97
127,17.47,4.36
127,27.5,16.94
127,18.34,31.08
127,31.31,16.79
127,28.46,31.88
127,49.56,36.46
127,20.05,30.78
127,27.76,31.02
127,25.14,55.53
127,47.64,34.72
127,23.6,32.48
127,18.41,23.06
127,19.91,33.96
127,19.7,28.74
127,22.44,53.82
127,18.88,40.26
127,30.2,49.62
127,13.12,36.29
127,37.5,47.7
127,30.54,22.99
127,51.08,36.75
127,36.07,24.44
127,34.76,29.16
127,56.12,34.46
127,35.65,23.47
127,27.21,17.92
127,18.7,44.82
127,48.89,15.51
127,16.89,52.59
127,15.19,25.03
127,15.24,40.23
127,20.22,40.88
127,30.56,21.84
127,26.59,39.06
127,36.83,35.89
127,15.83,40.94
127,18.67,47.31
127,32.0,42.95
127,17.47,24.45
127,12.29,32.5
127,10.11,24.94
127,29.37,27.67
127,29.11,39.37
127,28.49,40.66
127,45.82,40.4
127,33.93,37.17
127,30.0,38.85
127,47.52,29.0
127,42.68,48.86
127,20.51,41.35
127,40.85,33.77
127,53.05,46.39
127,53.1,28.33
127,42.7,35.32
127,35.04,43.84
127,33.77,20.6
127,48.94,58.45
127,12.61,27.52
127,46.48,29.02
127,31.7,34.22
127,18.0,42.14
127,14.63,43.19
127,7.83,50.49
127,37.34,33.3
127,54.99,37.63
127,23.51,17.08
127,18.9,22.22
127,45.71,33.0
127,31.48,37.94
127,46.31,33.49
127,17.31,39.77
127,38.48,33.38
127,53.6,31.43
127,16.35,60.4
127,25.83,31.1
127,25.3,45.14
127,39.74,19.64
127,46.39,35.36
127,21.14,26.58
127,62.47,55.78
127,30.73,27.87
127,22.62,33.66
127,48.56,24.94
127,31.82,24.28
127,25.11,33.16
127,22.95,37.99
127,57.33,45.63
127,17.08,27.63
127,44.64,27.45
127,19.45,48.14
127,21.9,51.53
127,28.93,33.07
127,36.05,39.12
127,8.62,52.37
127,22.92,63.14
127,43.38,38.61
127,43.32,42.29
127,26.23,35.46
127,14.72,17.72
127,32.8,37.81
127,40.84,49.08
127,32.36,25.72
127,48.27,13.6
127,26.49,40.5
127,12.87,14.68
127,22.27,16.71
127,30.02,16.02
127,20.86,11.97
127,23.25,45.63
127,42.5,35.52
127,19.44,56.62
127,12.67,42.08
127,40.53,56.68
127,38.39,26.92
127,16.52,37.99
127,39.2,19.98
127,15.3,30.95
127,20.59,49.78
127,15.64,33.55
127,24.04,31.42
127,37.33,33.76
127,33.51,35.58
127,19.42,35.59
127,32.46,48.66
127,34.97,26.07
127,42.42,31.73
127,34.67,35.08
127,39.59,24.06
127,30.84,29.09
127,19.41,42.43
127,32.1,24.93
127,45.8,64.51
127,46.48,52.0
127,0.0,35.95
127,38.18,40.33
127,23.58,42.48
127,35.21,40.16
127,12.24,35.05
127,24.41,64.27
127,9.15,26.1
127,24.38,29.74
127,37.9,34.8
127,35.79,41.1
127,57.9,56.13
127,23.3,33.98
127,18.58,40.36
127,48.02,38.24
127,7.69,33.09
127,32.51,47.66
127,36.54,38.71
127,0.0,44.88
127,15.83,30.78
127,12.25,28.05
127,40.83,30.23
127,21.65,37.29
127,26.62,46.29
127,9.02,57.06
127,19.47,35.92
127,19.73,54.5
127,27.16,40.89
127,26.02,26.65
127,49.11,35.31
127,38.99,42.46
127,6.91,43.31
127,43.23,28.72
127,41.44,30.08
127,30.89,30.31
127,42.81,31.83
127,45.63,37.36
127,23.68,54.77
127,14.14,29.37
127,37.34,15.96
127,19.4,15.26
127,33.44,42.98
127,16.51,28.0
127,42.66,36.97
127,20.13,26.22
127,27.26,32.37
127,26.42,30.42
127,11.59,26.44
127,44.03,47.6
127,46.71,48.41
127,28.14,41.04
127,20.13,56.48
127,26.96,19.53
127,23.42,31.68
127,29.7,30.16
127,25.95,41.8
127,18.21,20.13
127,44.71,41.34
127,27.22,18.13
127,55.11,42.23
127,31.36,46.7
127,24.74,21.55
127,26.33,29.96
127,25.23,47.09
127,28.62,49.31
127,32.91,18.3
127,15.41,38.14
127,16.72,41.19
127,40.14,33.9
127,36.66,49.8
127,9.52,27.98
127,36.79,29.44
127,40.93,26.75
127,33.28,36.7
127,8.5,31.05
127,12.62,43.6
127,29.39,30.18
127,54.47,32.18
127,23.0,36.78
127,37.87,25.45
127,21.63,45.76
127,52.1,42.13
127,30.54,41.77
127,14.24,23.36
127,19.4,51.59
127,18.35,14.22
127,31.51,42.74
127,20.95,36.14
127,23.56,41.94
127,55.3,32.24
127,22.38,35.54
127,32.29,42.31
127,26.45,34.6
127,29.36,36.98
127,38.67,37.34
128,63.58,12.35
128,52.62,10.17
128,51.0,35.64
128,30.2,14.83
128,61.72,22.24
128,32.0,6.17
128,65.87,1.47
128,39.66,21.3
128,65.87,16.78
128,37.5,25.33
128,34.59,4.25
128,45.45,12.98
128,37.05,0.0
128,43.63,8.56
128,68.62,0.0
128,39.5,10.87
128,48.96,28.39
128,67.39,4.56
128,49.79,4.42
128,61.33,12.16
128,53.92,11.97
128,59.68,22.47
128,45.82,0.0
128,54.25,0.0
128,70.19,14.7
128,42.39,32.6
128,52.12,11.87
128,37.86,18.36
128,60.16,13.13
128,24.97,22.2
128,42.83,10.76
128,59.76,13.19
128,44.69,32.02
128,23.39,26.58
128,36.65,6.39
128,37.77,6.68
128,67.12,7.44
128,56.94,1.64
128,58.26,7.92
128,30.64,12.66
128,46.7,5.49
128,66.87,19.63
128,58.29,0.0
128,40.04,1.02
128,56.86,21.25
128,29.94,34.91
128,35.49,16.78
128,22.16,4.82
128,45.18,1.76
128,54.87,9.87
128,34.11,27.93
128,45.44,19.66
128,35.72,0.39
128,38.95,17.99
128,33.03,29.78
128,62.77,26.99
128,37.65,28.64
128,43.39,22.8
128,39.81,0.0
128,50.73,5.12
128,79.01,33.14
128,82.85,10.26
128,43.79,0.0
128,52.07,20.67
128,59.15,25.68
128,62.98,13.12
128,54.93,20.05
128,61.04,4.89
128,52.03,8.89
128,38.48,0.0
128,60.96,2.19
128,48.47,29.8
128,51.02,0.0
128,29.06,9.74
128,36.68,8.13
128,41.68,20.54
128,53.54,0.0
128,70.03,5.6
128,56.81,7.53
128,44.31,18.46
128,33.84,13.89
128,62.9,0.0
128,50.83,10.27
128,5.07,5.45
128,60.23,19.1
128,51.54,11.29
128,18.73,33.23
128,54.76,6.7
128,47.77,7.75
128,29.57,8.15
128,73.18,11.88
128,52.37,23.26
128,40.37,9.14
128,36.48,9.65
128,44.17,17.93
128,44.59,3.59
128,54.14,20.94
128,43.54,9.84
128,41.27,4.07
128,48.7,0.0
128,40.97,1.88
128,45.13,11.73
128,64.6,12.98
128,40.35,10.87
128,44.36,0.0
128,36.07,11.67
128,60.37,0.0
128,24.04,0.03
128,35.2,25.94
128,55.28,12.51
128,44.04,18.64
128,57.48,29.4
128,43.49,13.02
128,37.26,24.22
128,44.41,17.91
128,29.21,5.73
128,35.27,12.05
128,57.86,5.38
128,42.64,20.37
128,45.61,24.61
128,47.62,0.0
128,25.61,3.97
128,25.74,9.7
128,50.96,4.67
128,40.66,11.06
128,43.14,17.63
128,54.0,27.78
128,33.85,8.07
128,38.63,7.56
128,41.42,17.72
128,50.38,13.06
128,41.33,0.0
128,37.77,4.14
128,68.02,9.76
128,46.52,22.16
128,54.51,25.81
128,22.48,1.92
128,29.25,5.11
128,53.61,23.07
128,42.87,8.5
128,40.98,17.5
128,33.64,11.47
128,58.67,13.92
128,54.51,9.0
128,45.15,25.84
128,49.2,0.0
128,42.04,9.19
128,37.11,24.82
128,39.26,11.21
128,55.94,12.27
128,40.87,24.03
128,46.75,18.56
128,40.42,22.75
128,58.22,26.61
128,37.55,0.0
128,65.85,8.4
128,38.55,4.36
128,38.56,16.97
128,72.04,24.83
128,32.13,0.0
128,45.51,0.0
128,59.15,0.0
128,25.94,3.84
128,49.36,13.64
128,25.99,30.93
128,46.48,0.0
128,72.47,39.4
128,15.44,18.81
128,45.02,19.21
128,40.09,20.88
128,32.91,0.0
128,26.11,6.5
128,60.29,1.74
128,48.57,20.06
128,21.83,2.98
128,33.76,10.56
128,38.87,5.58
128,25.57,28.62
128,47.14,6.2
128,49.32,0.79
128,49.13,18.18
128,72.27,12.2
128,33.77,28.33
128,39.85,16.27
128,39.15,15.9
128,57.11,22.56
128,55.69,17.96
128,31.3,21.61
128,64.79,20.69
128,34.2,9.29
128,57.1,0.0
128,56.32,10.95
128,51.17,0.0
128,41.72,4.79
128,41.96,8.56
128,52.26,27.18
128,52.84,11.24
128,55.22,32.2
128,55.23,18.09
128,50.45,0.0
128,64.37,25.53
128,38.2,24.39
128,46.55,0.0
128,38.74,20.91
128,77.77,28.81
128,55.94,0.0
128,59.17,1.08
128,51.8,23.38
128,45.27,10.99
128,80.72,29.26
128,61.8,23.43
128,41.83,22.2
128,42.46,25.93
128,48.89,4.07
128,38.97,9.68
128,41.48,34.49
128,26.24,9.23
128,14.86,25.12
128,71.7,10.91
128,39.42,4.66
128,42.05,2.23
128,46.9,19.17
128,55.05,27.44
128,56.09,18.47
128,59.38,15.89
128,53.47,0.46
128,42.52,13.11
128,62.44,15.08
128,43.68,3.42
128,59.41,17.88
128,25.98,5.52
128,62.92,8.78
128,34.41,21.61
128,27.15,30.7
128,29.11,29.74
128,48.64,11.56
128,75.72,19.16
128,43.45,20.11
128,44.54,20.05
128,55.99,14.54
128,38.51,27.4
129,68.96,0.44
129,97.93,0.96
129,66.96,23.65
129,86.46,12.74
129,79.17,29.24
129,54.83,4.45
129,80.74,15.2
129,64.55,16.26
129,104.26,16.46
129,62.77,18.83
129,61.04,17.06
129,44.66,12.21
129,63.08,0.0
129,82.48,21.51
129,59.63,0.0
129,79.73,0.0
129,76.39,4.25
129,60.35,21.94
129,71.49,9.56
129,60.8,32.62
129,84.2,0.0
129,49.35,0.0
129,82.62,0.0
129,63.65,0.0
129,74.55,5.04
129,79.09,28.11
129,74.87,23.5
129,99.84,14.62
129,67.61,8.58
129,55.25,20.41
129,101.28,26.0
129,77.87,4.89
129,75.04,5.98
129,102.2,7.25
129,56.08,0.0
129,72.02,25.32
129,59.01,5.58
129,71.71,8.82
129,54.53,28.02
129,74.33,6.06
129,73.39,25.93
129,72.73,0.0
129,43.69,18.18
129,83.18,7.1
129,70.21,0.0
129,105.0,0.0
129,67.12,13.54
129,64.98,1.44
129,75.36,16.21
129,57.23,3.8
129,89.21,0.0
129,61.14,22.67
129,62.55,15.24
129,84.26,0.0
129,76.75,19.18
129,76.51,13.34
129,56.32,7.25
129,86.63,7.69
129,60.59,26.74
129,51.57,15.51
129,78.81,27.28
129,71.21,17.23
129,70.89,14.58
129,82.7,3.67
129,69.84,13.74
129,51.26,23.23
129,69.58,12.89
129,77.74,33.3
129,76.32,23.21
129,71.67,0.0
129,105.0,6.67
129,95.58,19.41
129,58.39,0.0
129,56.2,10.72
129,91.24,1.74
129,87.85,12.45
129,93.23,1.83
129,68.23,23.59
129,71.92,6.4
129,50.88,19.31
129,75.87,0.0
129,65.7,8.65
129,63.85,0.0
129,86.01,25.13
129,71.97,3.48
129,84.72,11.04
129,72.6,15.87
129,81.13,3.79
129,56.94,0.0
129,61.17,14.04
129,79.89,0.0
129,96.0,26.76
129,80.06,10.5
129,74.2,0.0
129,93.53,9.09
129,71.16,18.36
129,63.64,3.01
129,74.09,0.0
129,78.85,10.64
129,57.54,20.37
129,75.68,14.56
129,51.58,16.43
129,70.09,22.52
129,71.96,29.41
129,73.58,0.0
129,48.55,0.0
129,75.31,13.85
129,85.36,15.05
129,92.3,0.0
129,92.89,3.4
129,74.33,30.94
129,105.0,8.11
129,64.12,14.31
129,64.53,31.7
129,74.24,13.04
129,84.75,20.66
129,82.36,18.28
129,43.21,8.3
129,61.46,7.68
129,83.97,25.0
129,62.45,11.91
129,72.33,0.9
129,78.67,23.91
129,80.29,0.0
129,85.19,29.36
129,90.52,9.95
129,82.22,12.09
129,58.04,12.91
129,81.62,26.64
129,88.06,13.92
129,79.9,11.75
129,90.77,1.52
129,77.09,4.15
129,72.35,19.06
129,62.99,14.45
129,100.45,30.56
129,60.41,3.04
129,73.94,0.0
129,69.37,15.3
129,56.66,11.06
129,85.55,0.0
129,80.49,6.29
129,77.17,19.75
129,65.84,0.0
129,81.32,0.0
129,70.61,3.99
129,80.25,4.22
129,92.67,20.72
129,42.23,5.89
129,87.03,29.95
129,104.86,0.53
129,96.37,16.01
129,84.05,11.56
129,89.9,12.04
129,62.96,0.0
129,77.12,0.0
129,72.05,10.16
129,67.93,0.0
129,86.85,0.0
129,71.43,0.0
129,49.89,15.71
129,79.7,17.25
129,73.64,0.0
129,83.01,9.79
129,68.67,16.66
129,51.6,26.58
129,61.33,26.15
129,62.1,22.02
129,60.64,6.07
129,66.69,11.46
129,83.45,12.78
129,56.04,9.62
129,85.48,0.0
129,57.49,27.85
129,69.05,16.76
129,73.54,21.57
129,70.1,19.27
129,82.08,7.23
129,72.59,0.0
129,71.96,20.26
129,43.11,19.55
129,79.21,15.19
129,98.42,35.68
129,67.6,5.77
129,82.59,8.54
129,63.29,14.27
129,86.81,6.53
129,80.75,9.42
129,69.23,23.36
129,68.38,4.88
129,82.39,5.63
129,74.53,18.35
129,57.99,0.0
129,54.14,11.1
129,81.65,10.52
129,64.08,18.89
129,74.46,20.84
129,81.65,10.24
129,58.37,11.05
129,60.82,11.61
129,95.09,8.61
129,68.64,26.21
129,87.25,17.52
129,105.0,25.93
129,77.11,2.36
129,62.79,25.76
129,75.65,13.31
129,71.55,19.53
129,74.87,0.0
129,83.32,29.89
129,84.81,16.85
129,47.94,32.5
129,89.47,24.23
129,77.56,0.0
129,66.54,28.74
129,83.54,14.06
130,44.72,58.43
130,40.74,54.43
130,55.17,56.79
130,35.18,68.0
130,46.37,56.51
130,64.22,65.14
130,30.15,42.63
130,43.41,60.36
130,61.19,36.64
130,35.36,67.34
130,21.19,52.98
130,20.24,39.83
130,39.89,51.94
130,67.89,60.22
130,36.08,41.36
130,42.26,45.32
130,46.69,50.63
130,60.38,64.16
130,57.14,32.85
130,44.01,60.03
130,53.79,52.19
130,59.79,66.78
130,24.61,59.4
130,41.1,68.0
130,30.39,59.51
130,36.55,41.66
130,54.45,59.7
130,30.4,60.4
130,76.02,47.3
130,54.57,48.95
130,38.4,28.42
130,44.29,62.95
130,29.25,53.28
130,26.83,48.51
130,40.99,43.7
130,63.01,49.29
130,27.71,59.56
130,62.03,56.71
130,43.59,51.04
130,49.1,41.23
130,46.95,50.91
130,56.07,45.47
130,60.27,52.21
130,43.21,61.42
130,52.63,48.64
130,62.91,68.0
130,56.58,48.25
130,40.63,35.65
130,43.46,52.05
130,33.18,47.84
130,69.63,68.0
130,49.98,49.38
130,27.76,37.65
130,35.08,54.45
130,44.0,52.2
130,63.45,41.18
130,43.52,57.96
130,53.85,60.23
130,36.71,54.89
130,54.38,51.07
130,62.92,49.95
130,56.27,47.14
130,14.06,39.9
130,44.02,68.0
130,32.25,68.0
130,54.73,42.7
130,46.91,47.37
130,68.25,42.1
130,41.68,63.8
130,46.95,42.83
130,44.4,61.68
130,55.34,58.71
130,33.37,52.31
130,33.0,68.0
130,38.68,50.15
130,53.6,54.03
130,59.51,40.62
130,44.79,27.15
130,53.69,65.66
130,52.6,47.2
130,45.25,66.72
130,44.94,50.12
130,55.91,52.8
130,70.9,56.27
130,58.84,48.07
130,61.64,36.23
130,72.51,44.42
130,36.93,43.55
130,55.12,53.63
130,64.93,66.29
130,58.21,46.02
130,38.21,52.9
130,35.64,56.63
130,67.23,45.26
130,51.4,58.24
130,49.97,66.11
130,46.25,58.33
130,65.63,53.45
130,58.66,44.75
130,43.58,52.69
130,57.85,45.72
130,48.32,47.55
130,57.33,52.66
130,63.63,51.71
130,62.07,65.36
130,23.57,47.53
130,52.68,58.28
130,65.22,48.89
130,36.66,43.98
130,71.86,60.67
130,54.07,58.61
130,58.46,47.4
130,58.45,19.62
130,28.52,66.33
130,58.94,62.55
130,52.41,66.7
130,40.18,67.29
130,67.11,54.16
130,21.37,49.42
130,38.04,34.29
130,64.89,55.49
130,59.12,49.06
130,39.01,45.39
130,36.74,39.05
130,43.9,42.67
130,51.09,39.19
130,41.53,64.92
130,46.18,66.27
130,48.5,45.83
130,43.11,67.47
130,41.74,55.13
130,32.36,68.0
130,47.31,60.56
130,47.05,60.95
130,35.47,56.7
130,51.32,46.06
130,62.96,39.48
130,48.48,56.25
130,53.23,52.95
130,60.48,68.0
130,47.2,62.22
130,59.25,44.71
130,17.7,53.07
130,38.44,49.95
130,33.32,53.57
130,65.97,39.57
130,55.85,63.98
130,31.92,49.65
130,34.94,61.2
130,29.8,47.36
130,51.88,49.63
130,50.15,60.53
130,42.13,31.22
130,36.23,64.86
130,47.22,68.0
130,81.12,68.0
130,42.63,46.29
130,62.49,57.32
130,43.72,49.09
130,60.21,37.65
130,55.44,54.98
130,47.17,37.98
130,55.9,60.59
130,63.18,63.01
130,48.47,68.0
130,45.24,59.64
130,56.24,49.45
130,68.79,51.92
130,29.51,55.35
130,31.11,68.0
130,65.98,68.0
130,40.55,53.07
130,63.77,64.81
130,38.83,48.32
130,41.5,58.8
130,61.11,50.16
130,57.13,56.68
130,32.84,44.96
130,55.35,38.38
130,38.9,40.29
130,53.25,60.41
130,48.38,41.74
130,45.37,50.25
130,39.57,63.79
130,25.88,66.32
130,39.4,43.23
130,56.63,27.6
130,53.53,45.16
130,36.78,56.21
130,61.99,61.38
130,52.4,41.02
130,55.73,34.57
130,34.24,44.01
130,71.23,48.29
130,54.04,68.0
130,67.81,55.21
130,39.66,61.13
130,24.09,66.1
130,35.6,49.06
130,61.42,55.11
130,33.2,56.78
130,67.3,60.67
130,38.49,52.59
130,52.95,65.48
130,50.96,66.14
130,43.88,50.88
130,43.95,62.35
130,35.1,58.28
130,73.37,68.0
130,54.63,63.86
130,26.78,58.25
130,30.25,47.74
130,54.79,42.62
130,47.74,59.81
130,24.28,35.21
130,80.89,68.0
130,11.62,31.35
130,41.85,42.68
130,48.11,65.0
130,39.0,53.61
130,58.96,56.01
130,54.53,46.44
130,49.71,52.6
130,46.93,61.53
130,54.85,44.85
130,45.14,51.12
130,28.22,54.06
130,60.44,51.02
130,70.62,62.26
130,48.96,59.05
130,49.23,52.85
130,47.4,35.23
130,30.74,67.0
130,40.81,43.84
130,58.23,68.0
130,51.19,44.71
130,70.2,56.8
130,57.61,61.0
130,42.61,51.84
130,56.68,57.43
130,45.36,50.89
130,26.53,68.0
130,61.54,56.22
130,54.55,52.72
130,86.19,56.69
130,40.99,66.45
130,57.51,58.29
130,38.34,56.02
130,36.7,38.22
130,78.28,66.71
130,21.16,57.85
130,47.45,49.1
130,70.55,57.59
130,27.82,68.0
130,41.26,61.87
130,59.67,68.0
130,32.23,63.62
130,52.14,32.78
130,37.58,67.87
130,65.25,34.82
130,64.79,68.0
130,41.62,63.74
130,10.52,68.0
130,54.56,58.87
130,61.15,57.15
130,54.67,67.63
130,53.02,41.06
130,51.29,54.44
130,43.4,51.47
130,37.89,49.28
130,48.28,47.72
130,44.64,55.74
130,56.58,61.9
130,36.52,68.0
130,41.96,50.87
130,48.57,49.96
130,37.57,22.97
130,29.31,68.0
130,55.75,39.06
130,30.38,59.28
130,49.78,57.22
130,54.27,64.89
130,65.81,44.32
130,77.31,60.32
130,64.46,68.0
130,38.13,56.56
130,43.45,44.36
131,70.87,55.8
131,105.0,68.0
131,86.0,62.78
131,88.89,68.0
131,95.34,48.2
131,53.72,53.62
131,93.95,50.09
131,95.72,66.77
131,68.2,68.0
131,83.78,60.3
131,86.58,57.04
131,64.8,60.6
131,85.89,40.79
131,65.74,51.48
131,105.0,52.36
131,76.1,55.85
131,81.37,48.83
131,52.84,46.66
131,79.15,38.42
131,89.86,60.75
131,62.37,40.91
131,67.21,66.99
131,64.76,59.56
131,59.0,65.75
131,57.16,46.19
131,87.38,68.0
131,57.55,68.0
131,50.81,56.33
131,67.08,60.33
131,74.65,55.86
131,81.54,67.08
131,62.46,64.72
131,66.35,36.47
131,81.03,46.91
131,85.76,60.32
131,90.17,64.51
131,80.23,57.64
131,52.45,37.34
131,62.62,62.12
131,90.3,68.0
131,97.02,30.74
131,72.86,66.33
131,71.72,68.0
131,60.99,66.38
131,92.46,55.11
131,60.24,65.87
131,99.5,55.05
131,72.94,61.96
131,62.82,56.92
131,50.82,57.22
131,70.48,47.62
131,72.36,50.9
131,69.86,68.0
131,74.07,49.18
131,92.01,34.49
131,82.04,68.0
131,76.53,51.2
131,88.84,53.05
131,62.09,51.58
131,83.27,56.18
131,83.03,47.65
131,93.5,68.0
131,56.18,53.8
131,62.74,44.5
131,63.47,24.44
131,80.22,68.0
131,76.91,51.15
131,81.38,60.13
131,46.61,45.78
131,93.14,57.03
131,77.06,55.7
131,81.18,66.13
131,78.81,57.82
131,65.84,43.65
131,80.73,68.0
131,74.99,60.78
131,74.82,45.61
131,80.41,58.08
131,72.67,60.3
131,56.31,61.33
131,71.64,60.0
131,95.13,58.7
131,66.81,66.09
131,75.22,64.01
131,84.85,64.21
131,101.55,36.46
131,70.68,36.92
131,58.05,47.27
131,82.74,53.27
131,63.44,47.64
131,77.84,44.83
131,81.88,58.63
131,67.77,46.4
131,70.46,29.56
131,84.65,41.06
131,88.2,49.29
131,74.57,53.16
131,76.19,65.89
131,59.39,60.78
131,75.53,33.94
131,68.91,68.0
131,75.02,53.81
131,92.44,56.76
131,59.36,57.33
131,89.28,46.62
131,76.53,62.2
131,73.65,34.57
131,62.71,68.0
131,77.63,58.06
131,102.23,60.0
131,40.88,61.79
131,48.58,51.14
131,71.7,68.0
131,78.25,48.02
131,86.21,44.99
131,79.88,57.64
131,52.73,40.84
131,82.01,49.77
131,71.76,58.87
131,85.51,64.09
131,64.68,55.59
131,54.09,46.05
131,68.14,52.29
131,80.38,48.65
131,78.98,54.93
131,74.22,49.18
131,66.05,45.25
131,72.28,43.88
131,93.26,35.78
131,105.0,67.89
131,79.53,63.87
131,87.33,42.49
131,64.54,63.16
131,91.59,56.47
131,69.46,41.79
131,57.53,44.44
131,88.98,54.36
131,75.17,64.15
131,92.12,62.54
131,84.74,50.07
131,57.18,61.05
131,76.4,54.21
131,62.34,47.92
131,90.43,66.57
131,75.12,57.71
131,65.44,61.62
131,47.61,43.92
131,89.16,50.28
131,69.55,65.02
131,70.6,52.91
131,80.29,53.55
131,62.5,44.33
131,54.26,58.17
131,76.51,44.13
131,61.9,60.02
131,73.0,45.08
131,62.75,53.7
131,56.33,68.0
131,52.66,60.02
131,75.31,52.19
131,88.25,65.43
131,86.71,48.04
131,74.32,45.15
131,92.52,51.99
131,67.04,68.0
131,84.64,67.47
131,67.6,50.54
131,64.56,52.88
131,84.53,60.62
131,79.62,68.0
131,82.18,53.39
131,54.65,68.0
131,87.38,58.74
131,82.8,65.39
131,68.76,67.15
131,81.58,57.94
131,88.25,55.69
131,64.43,53.72
131,64.52,59.86
131,70.25,68.0
131,45.12,68.0
131,78.29,68.0
131,85.84,50.87
131,81.41,49.75
131,80.23,46.89
131,87.31,57.69
131,72.7,66.26
131,53.57,49.78
131,75.68,53.99
131,90.92,63.11
131,78.7,52.47
131,69.17,53.91
131,84.19,68.0
131,79.02,56.26
131,71.19,48.08
131,75.55,57.06
131,69.87,60.77
131,81.99,68.0
131,62.3,68.0
131,78.29,68.0
131,85.3,44.28
131,77.09,68.0
131,77.24,68.0
131,74.91,56.34
131,80.95,51.68
131,69.33,64.11
131,72.3,52.42
131,62.29,43.42
131,70.49,40.41
131,47.94,39.54
131,74.37,58.56
131,82.01,63.38
131,73.13,45.28
131,85.98,61.32
131,91.36,61.24
131,73.79,59.81
131,61.05,63.48
131,88.19,58.37
131,85.56,68.0
131,79.84,62.86
131,67.18,42.2
131,78.91,68.0
131,69.95,45.43
131,64.46,55.82
131,78.67,68.0
131,61.35,61.39
131,83.83,46.95
131,77.66,59.7
131,72.55,61.75
131,73.46,58.21
131,60.05,50.43
131,60.83,41.92
131,96.53,43.19
131,72.04,47.43
131,55.49,68.0
131,85.94,42.59
131,60.68,57.71
131,81.5,68.0
131,93.16,63.16
131,71.18,68.0
131,89.05,49.55
131,83.54,62.91
131,94.45,68.0
131,81.56,66.35
131,67.13,65.79
131,46.92,42.86
131,63.7,63.34
131,67.47,61.37
131,86.9,54.35
131,89.78,49.35
131,59.75,60.95
131,89.9,45.14
131,63.95,51.26
131,63.17,66.36
131,56.01,67.46
131,78.39,61.3
131,66.39,50.94
131,91.07,43.77
131,62.19,47.43
131,83.52,68.0
131,58.24,58.14
131,87.41,54.88
131,75.52,57.8
131,77.81,63.53
131,69.34,44.71
131,68.6,50.65
131,80.46,63.11
131,97.51,58.64
131,60.35,68.0
131,69.57,64.29
131,66.04,47.51
131,54.35,19.29
131,54.18,58.25
131,64.48,44.5
131,68.85,61.58
131,92.41,68.0
131,86.86,44.67
131,63.33,63.11
131,84.05,65.57
131,63.61,59.8
131,72.86,59.61
131,78.21,33.16
131,101.43,56.72
131,77.49,55.9
131,54.79,67.55
131,83.67,66.56
131,88.78,50.39
131,85.55,35.1
131,61.08,38.44
131,75.62,68.0
132,12.81,47.45
132,33.0,33.14
132,31.57,32.64
132,51.53,40.36
132,28.96,38.75
132,35.02,38.75
132,29.46,59.5
132,40.65,40.44
132,52.88,25.34
132,42.28,26.26
132,55.62,43.26
132,37.03,42.4
132,9.38,44.77
132,19.29,39.73
132,40.67,22.56
132,26.86,50.9
132,30.02,48.77
132,19.47,29.76
132,48.78,38.03
132,49.91,36.04
132,27.02,29.91
132,27.15,21.25
132,46.58,40.32
132,43.6,17.59
132,8.8,27.45
132,38.83,52.83
132,36.45,38.58
132,32.43,38.21
132,18.59,30.76
132,18.87,16.82
132,0.0,38.56
132,21.47,39.49
132,4.38,42.74
132,22.97,29.68
132,35.23,29.5
132,14.82,40.25
132,47.31,20.16
132,55.43,42.94
132,33.08,32.24
132,37.91,37.22
132,8.96,59.38
132,32.38,31.01
132,11.73,35.53
132,7.59,34.33
132,13.54,12.23
132,27.99,40.73
132,29.47,8.28
132,29.05,42.33
132,14.87,26.39
132,31.38,25.88
132,20.96,33.58
132,31.67,19.42
132,26.93,32.77
132,6.57,21.95
132,21.17,19.82
132,37.08,31.6
132,40.9,47.46
132,13.99,41.94
132,20.07,28.02
132,24.19,32.2
132,45.23,28.03
132,36.1,20.86
132,13.36,22.48
132,36.4,36.91
132,46.49,25.97
132,32.81,33.33
132,19.92,22.77
132,41.03,42.71
132,32.4,41.03
132,26.75,51.12
132,41.61,48.98
132,29.95,23.86
132,31.05,24.54
132,41.18,37.87
132,23.49,24.25
132,14.97,36.59
132,34.23,30.19
132,50.24,44.08
132,0.43,44.4
132,39.53,30.63
132,30.45,13.88
132,23.06,45.11
132,21.6,27.28
132,41.74,33.74
132,38.84,32.5
132,16.52,38.23
132,33.96,27.15
132,47.84,21.69
132,39.07,35.67
132,8.32,43.09
132,38.4,32.64
132,13.78,32.61
132,32.84,20.95
132,20.28,39.65
132,35.23,40.45
132,21.29,32.82
132,16.4,23.28
132,34.09,34.9
132,31.5,35.82
132,40.68,33.55
132,23.11,22.09
132,10.32,36.79
132,38.79,35.79
132,48.81,38.61
132,22.49,32.5
132,36.32,48.12
132,25.95,33.98
132,55.12,49.35
132,23.16,36.45
132,29.4,21.26
132,3.71,43.19
132,50.45,29.99
132,23.05,29.11
132,46.88,45.42
132,21.29,20.26
132,28.98,14.73
132,19.84,31.59
132,17.85,37.32
132,26.19,43.54
132,28.2,35.59
132,25.26,9.24
132,10.22,23.32
132,33.69,20.14
132,4.56,13.26
132,25.61,32.13
132,9.45,39.62
132,41.7,44.68
132,46.02,39.46
132,37.69,27.86
132,23.81,45.91
132,20.36,31.69
132,26.7,34.67
132,29.29,26.72
132,36.27,31.3
132,35.17,29.37
132,3.5,18.8
132,38.61,41.01
132,35.01,35.84
132,19.84,42.74
132,17.42,26.26
132,30.8,41.76
132,32.34,16.74
132,15.67,39.96
132,30.76,41.43
132,32.4,22.58
132,41.15,46.28
132,28.56,51.14
132,3.64,27.68
132,33.28,49.94
132,8.02,15.28
132,18.95,32.5
132,12.44,5.24
132,36.42,44.23
132,15.88,17.17
132,42.99,12.54
132,14.95,36.89
132,3.82,45.4
132,25.48,29.55
132,12.74,35.5
132,47.12,53.38
132,21.17,23.54
132,45.0,23.2
132,26.02,45.94
132,34.63,36.47
132,23.12,49.67
132,60.9,19.75
132,15.07,14.32
132,0.0,18.22
132,33.38,41.77
132,16.68,47.21
132,32.66,45.78
132,29.1,40.11
132,23.12,47.78
132,24.71,27.32
132,35.32,12.16
132,25.3,16.21
132,28.01,18.01
132,23.53,12.71
132,51.17,19.03
132,47.02,23.82
132,10.86,40.67
132,30.03,37.24
132,19.41,50.59
132,13.81,20.36
132,0.0,38.1
132,25.77,48.48
132,26.77,28.38
132,47.63,29.1
132,43.62,49.2
132,36.39,30.09
132,39.59,49.77
132,41.07,17.7
132,36.34,51.81
132,48.0,47.83
132,13.5,23.48
132,23.66,30.61
132,21.83,20.35
132,22.83,28.57
132,28.03,16.8
132,51.22,14.42
132,41.64,20.21
133,85.89,58.75
133,91.13,58.18
133,78.48,66.48
133,95.44,30.29
133,55.35,55.46
133,91.79,43.13
133,105.0,42.23
133,70.57,52.8
133,73.28,56.24
133,62.02,61.53
133,74.86,60.8
133,76.42,46.91
133,43.28,53.83
133,81.96,68.0
133,88.42,68.0
133,62.54,52.62
133,68.48,57.02
133,85.03,46.14
133,61.92,67.3
133,83.66,68.0
133,77.72,50.11
133,104.35,68.0
133,72.33,64.1
133,67.06,54.15
133,77.21,48.34
133,75.5,68.0
133,95.22,64.43
133,94.53,66.54
133,64.52,53.67
133,71.5,56.67
133,64.97,42.62
133,62.67,64.37
133,31.61,51.88
133,95.95,44.71
133,65.29,46.6
133,68.2,68.0
133,105.0,52.73
133,65.68,60.05
133,71.62,42.86
133,77.47,53.92
133,78.4,40.92
133,65.96,60.09
133,88.6,45.98
133,76.09,64.78
133,75.46,36.31
133,65.24,49.05
133,72.3,68.0
133,86.67,68.0
133,86.71,56.07
133,68.42,51.73
133,63.94,57.28
133,85.42,68.0
133,77.92,53.05
133,85.4,56.04
133,61.4,44.42
133,73.72,48.55
133,85.43,60.85
133,64.74,65.82
133,98.53,59.33
133,95.19,65.14
133,71.35,44.99
133,71.44,43.9
133,78.18,64.74
133,76.21,50.76
133,89.79,43.08
133,62.55,58.23
133,62.69,56.94
133,77.52,53.91
133,80.43,68.0
133,73.53,68.0
133,85.64,66.56
133,91.78,60.72
133,83.71,68.0
133,78.83,57.74
133,71.18,53.87
133,74.98,49.58
133,56.24,47.4
133,58.54,66.21
133,90.36,39.48
133,96.8,49.46
133,56.24,52.11
133,81.1,40.52
133,54.18,51.69
133,95.42,57.03
133,73.78,67.3
133,105.0,50.43
133,65.72,57.11
133,67.37,39.56
133,79.19,42.62
133,85.75,35.06
133,84.55,66.77
133,86.66,52.39
133,71.06,58.43
133,86.81,61.76
133,102.91,64.89
133,84.42,68.0
133,63.37,55.55
133,79.55,48.17
133,48.55,63.68
133,83.13,68.0
133,52.32,50.07
133,83.34,47.26
133,73.48,27.9
133,87.06,33.26
133,74.63,68.0
133,92.37,54.09
133,81.44,43.48
133,88.32,56.03
133,69.01,68.0
133,68.32,56.05
133,55.88,68.0
133,59.21,45.69
133,75.26,68.0
133,74.85,49.83
133,79.23,47.53
133,65.04,45.66
133,76.21,52.44
133,91.51,66.73
133,79.64,50.7
133,74.52,67.77
133,77.72,48.11
133,90.17,55.1
133,76.26,50.16
133,67.25,68.0
133,67.38,61.69
133,66.93,59.13
133,66.6,52.93
133,84.27,49.59
133,96.11,44.93
133,68.69,68.0
133,62.27,38.24
133,57.49,52.01
133,96.44,65.71
133,86.56,37.57
133,65.15,57.96
133,75.82,46.42
133,92.24,56.29
133,73.17,54.15
133,85.21,31.2
133,71.97,63.02
133,70.16,45.13
133,39.57,49.96
133,68.74,56.56
133,67.03,60.13
133,80.77,60.92
134,80.28,12.81
134,74.14,3.02
134,66.81,0.0
134,77.41,0.0
134,85.97,20.33
134,62.6,0.0
134,92.23,10.51
134,88.9,14.4
134,78.81,0.24
134,58.1,10.64
134,102.01,15.51
134,77.7,8.99
134,75.93,17.06
134,75.48,7.11
134,81.18,8.94
134,86.05,2.22
134,73.67,10.51
134,57.84,12.07
134,87.45,1.84
134,63.4,16.72
134,60.94,0.0
134,73.17,23.9
134,68.07,0.0
134,78.94,23.44
134,81.41,18.83
134,67.89,23.14
134,75.58,0.0
134,67.69,9.76
134,83.97,15.23
134,80.37,16.71
134,83.33,21.24
134,70.31,19.16
134,77.36,17.23
134,80.63,17.4
134,83.74,19.52
134,82.62,12.22
134,72.4,24.6
134,59.05,11.15
134,80.52,0.0
134,79.88,25.7
134,59.7,17.15
134,85.01,10.36
134,76.03,13.25
134,72.32,28.58
134,76.78,13.1
134,86.1,28.71
134,94.26,17.19
134,73.3,8.01
134,71.01,0.0
134,81.9,13.01
134,56.58,26.46
134,85.21,5.75
134,56.39,16.03
134,56.13,28.89
134,94.19,0.0
134,46.92,16.37
134,90.99,18.09
134,94.28,15.92
134,78.41,0.0
134,81.87,3.65
134,53.54,0.0
134,67.6,0.0
134,78.66,21.28
134,78.28,8.37
134,79.78,21.01
134,78.27,20.41
134,74.27,0.0
134,58.12,13.86
134,78.58,0.0
134,59.22,15.02
134,69.26,16.66
134,92.1,9.5
134,53.66,0.0
134,72.38,0.0
134,85.29,39.97
134,82.3,18.84
134,77.97,8.93
134,65.2,22.56
134,91.04,28.19
134,58.09,25.32
134,83.01,9.87
134,75.99,8.33
134,63.77,20.75
134,68.94,9.41
134,97.54,25.19
134,58.89,13.23
134,51.12,20.73
134,65.71,23.44
134,79.37,0.0
134,92.51,13.6
134,74.33,24.63
134,52.83,3.13
134,75.24,5.97
134,85.13,25.22
134,78.17,28.81
134,80.42,0.0
134,49.66,25.19
134,56.55,0.0
134,72.26,11.31
134,88.74,0.0
134,63.74,5.98
134,76.66,13.15
134,76.16,17.84
134,60.44,27.72
134,64.43,0.0
134,73.67,24.72
134,69.25,8.94
134,84.67,9.18
134,68.53,30.7
134,85.53,21.27
134,69.3,0.0
134,74.31,11.14
134,84.4,3.78
134,72.61,7.22
134,68.46,10.55
134,73.1,17.1
134,85.61,0.0
134,78.31,9.56
134,46.12,7.66
134,64.61,16.23
134,64.72,11.42
134,81.59,22.32
134,49.09,14.84
134,77.64,18.64
134,82.27,14.56
134,82.27,0.0
134,72.9,7.88
134,52.99,4.64
134,70.66,20.35
134,93.16,21.37
134,66.25,11.1
134,102.35,13.6
134,84.54,0.0
134,72.14,7.71
134,76.93,0.0
134,78.87,20.9
134,66.5,36.52
134,68.62,6.13
134,99.93,14.52
134,93.39,16.59
134,69.09,0.0
134,63.88,10.55
134,53.29,17.15
134,102.04,13.86
134,87.32,12.66
134,90.2,8.74
134,66.94,3.02
134,66.08,19.44
134,62.02,31.36
134,32.92,0.0
134,62.63,0.0
134,78.15,0.0
134,77.23,7.15
134,65.99,9.11
134,82.51,13.4
134,65.24,12.8
134,83.98,10.47
134,83.81,25.99
134,84.65,1.82
135,34.65,37.11
135,62.41,31.85
135,68.41,42.9
135,60.47,36.89
135,32.36,36.09
135,38.07,24.45
135,53.4,20.51
135,65.4,21.61
135,55.39,45.97
135,62.77,15.0
135,62.41,36.09
135,72.1,36.09
135,44.91,26.47
135,61.15,33.61
135,78.7,35.88
135,49.73,21.29
135,51.85,25.32
135,61.12,32.52
135,46.26,32.86
135,44.86,18.36
135,55.49,34.04
135,56.83,34.45
135,69.77,44.07
135,48.34,32.84
135,60.4,28.64
135,76.05,41.52
135,75.27,45.33
135,58.57,17.84
135,62.46,27.3
135,48.23,9.79
135,63.76,22.47
135,79.89,49.37
135,76.89,21.21
135,59.71,38.13
135,64.5,37.52
135,50.44,26.58
135,47.91,28.0
135,55.26,48.31
135,63.52,43.38
135,69.39,57.61
135,58.97,4.89
135,65.72,38.87
135,26.83,6.76
135,62.22,32.54
135,51.94,30.52
135,43.74,20.33
135,65.9,26.28
135,78.81,29.64
135,59.82,37.74
135,71.44,20.32
135,54.57,24.81
135,86.69,38.64
135,39.51,40.83
135,58.69,61.85
135,69.77,34.76
135,59.6,39.88
135,77.89,30.44
135,33.05,48.34
135,58.55,22.65
135,56.76,32.17
135,58.57,35.67
135,39.42,38.28
135,56.21,43.2
135,55.61,30.67
135,63.16,42.72
135,74.28,17.34
135,61.45,35.68
135,65.43,12.14
135,76.35,30.42
135,75.46,60.41
135,29.0,35.83
135,70.37,27.65
135,70.28,38.56
135,56.59,32.38
135,54.04,20.53
135,45.32,12.61
135,34.76,32.76
135,71.05,30.76
135,69.95,30.11
135,58.7,42.18
135,69.23,48.21
135,73.31,41.09
135,36.65,29.43
135,63.24,34.6
135,56.84,45.36
135,65.62,42.93
135,62.42,39.6
135,70.01,27.94
135,39.42,45.41
135,77.08,48.8
135,53.19,43.02
135,58.25,66.38
135,37.13,42.24
135,58.65,46.62
135,59.76,41.05
135,58.96,32.57
135,50.43,21.06
135,44.14,25.54
135,68.34,25.65
135,37.42,20.7
135,70.46,30.85
135,82.03,34.04
135,88.82,47.11
135,45.91,20.74
135,67.68,43.81
135,52.69,36.95
135,75.92,38.14
135,65.11,32.94
135,56.2,57.01
135,48.16,25.35
135,55.2,27.86
135,51.23,35.3
135,59.68,38.35
135,60.35,36.47
135,52.79,33.45
135,51.63,39.79
135,68.16,40.62
135,69.11,33.58
135,49.43,54.2
135,59.29,38.86
135,48.77,30.97
135,93.9,47.68
135,47.77,11.68
135,63.29,21.62
135,65.79,31.76
135,51.35,21.04
135,48.82,42.84
135,56.37,42.46
135,48.75,51.94
135,62.45,27.65
135,48.95,40.24
135,61.91,48.08
135,33.16,35.79
135,49.51,44.84
135,54.54,32.9
135,73.01,48.46
135,35.98,25.63
135,73.2,16.93
135,68.58,29.83
135,36.79,33.03
135,66.99,38.81
135,47.91,38.96
135,67.43,26.2
135,68.2,23.02
135,70.31,51.89
135,52.57,32.49
135,68.87,28.77
135,80.02,37.51
135,56.21,23.33
135,57.86,26.14
135,69.24,42.71
135,22.99,22.84
135,47.24,19.38
135,73.09,30.09
135,62.0,36.85
135,57.2,49.12
135,47.76,37.75
135,60.35,39.68
135,53.1,22.75
135,37.29,36.06
135,76.93,21.69
135,50.97,44.07
135,56.47,35.25
135,36.82,33.43
135,53.04,39.56
135,73.08,28.6
135,72.1,28.66
135,60.33,23.54
135,51.88,53.59
135,60.34,31.49
135,66.57,30.52
135,40.54,41.63
135,63.26,34.13
135,69.96,8.46
135,59.22,56.25
135,59.75,28.72
135,50.56,24.76
135,63.86,32.21
135,80.91,28.32
135,78.28,28.53
135,52.52,35.28
135,55.13,13.54
135,77.75,42.08
135,67.73,44.5
135,67.47,15.42
135,36.49,39.01
135,71.89,24.58
135,56.35,29.18
135,63.04,37.87
135,50.83,43.53
135,81.44,37.64
135,47.33,18.72
135,85.38,34.71
135,60.37,39.38
135,57.82,25.5
135,48.52,24.7
135,53.2,33.21
135,57.36,40.31
135,61.75,27.77
135,67.01,36.64
135,57.29,20.13
135,67.0,36.98
135,75.38,13.96
135,73.76,37.41
135,68.15,43.7
135,66.5,32.16
135,46.22,40.13
135,62.72,36.7
135,45.9,18.85
135,73.22,21.01
135,63.75,30.02
135,74.69,32.37
135,75.28,25.39
135,65.74,20.58
135,51.21,2.58
135,30.85,52.41
135,67.06,52.75
135,57.81,24.71
135,70.4,18.16
135,69.08,50.0
135,67.78,10.68
135,63.21,45.31
135,38.44,41.0
135,76.43,30.15
135,43.66,49.32
135,51.59,26.74
135,55.7,43.25
135,60.24,31.25
135,55.85,20.62
135,52.77,56.47
135,70.43,26.21
135,42.69,29.28
135,54.61,42.95
135,32.74,47.64
135,46.6,19.49
135,39.68,49.85
135,69.54,33.93
135,62.43,33.03
135,49.48,32.16
135,18.42,33.82
135,40.16,16.85
135,45.71,38.47
135,55.31,36.25
135,69.85,29.96
135,41.3,36.26
135,42.44,31.74
135,38.21,33.19
135,60.04,38.59
135,31.8,31.51
135,37.05,25.45
135,66.13,42.35
135,79.81,22.17
135,60.83,45.57
135,55.92,30.22
135,88.31,43.63
135,53.22,49.82
135,53.26,33.35
135,53.03,43.59
135,79.51,40.93
135,67.01,36.01
135,66.87,40.63
135,64.25,30.92
135,54.06,52.06
135,55.8,34.93
135,47.46,25.97
135,54.85,29.23
136,105.0,20.5
136,104.97,63.8
136,71.99,35.94
136,98.05,28.33
136,75.42,19.37
136,77.16,11.88
136,81.9,41.75
136,78.35,24.79
136,97.43,31.05
136,91.3,27.37
136,93.49,39.92
136,88.04,38.28
136,81.14,42.27
136,81.23,42.69
136,102.37,26.12
136,83.47,19.19
136,105.0,32.37
136,79.74,39.69
136,88.6,35.19
136,92.02,13.44
136,103.37,34.63
136,100.6,22.99
136,92.0,34.24
136,88.97,44.61
136,76.19,6.57
136,85.5,50.58
136,105.0,22.49
136,75.54,44.95
136,80.69,43.25
136,70.03,30.69
136,78.29,39.0
136,72.62,26.28
136,72.06,15.02
136,92.2,46.52
136,97.5,26.49
136,92.58,53.81
136,74.72,43.71
136,66.11,24.71
136,61.42,40.47
136,72.15,39.81
136,74.66,52.95
136,82.03,28.62
136,91.41,31.45
136,82.97,38.77
136,105.0,34.2
136,105.0,18.71
136,86.62,45.16
136,63.12,51.58
136,81.02,35.69
136,84.53,20.0
136,96.92,32.76
136,70.63,24.0
136,66.9,31.15
136,91.41,36.04
136,80.89,41.22
136,80.69,49.46
136,76.56,40.9
136,82.75,22.36
136,90.59,41.5
136,56.76,30.86
136,88.21,32.1
136,96.94,33.85
136,93.81,35.49
136,105.0,45.14
136,82.31,39.47
136,86.79,20.96
136,104.56,17.48
136,88.7,41.15
136,105.0,39.93
136,98.62,47.87
136,89.87,32.92
136,87.85,37.08
136,84.95,39.25
136,87.55,16.9
136,77.01,16.27
136,96.81,42.09
136,105.0,38.06
136,64.45,48.81
136,103.33,54.28
136,91.15,30.7
136,101.58,30.12
136,80.37,19.08
136,85.64,39.7
136,104.45,11.36
136,87.36,23.33
136,98.72,37.4
136,80.35,26.75
136,85.42,33.48
136,94.62,31.72
136,93.26,21.77
136,98.75,11.28
136,83.57,41.7
136,88.0,32.04
136,100.6,37.74
136,105.0,33.36
136,77.09,33.16
136,103.44,35.8
136,78.01,31.88
136,90.7,30.28
136,91.67,22.94
136,81.67,61.31
136,85.69,45.08
136,65.0,50.4
136,97.42,47.96
136,84.39,30.93
136,87.46,32.0
136,80.56,34.03
136,97.46,29.99
136,90.41,43.66
136,73.06,25.05
136,86.54,22.26
136,74.54,19.74
136,88.26,30.44
136,96.88,28.81
136,90.5,27.19
136,93.65,34.92
136,101.74,21.18
136,77.36,42.17
136,82.3,21.93
136,64.6,21.1
136,83.07,26.92
136,80.03,32.48
136,96.5,43.47
136,94.0,33.18
136,105.0,16.35
136,81.48,39.36
136,93.16,39.15
136,97.62,27.62
136,105.0,35.88
136,93.66,49.78
136,87.38,24.49
136,89.63,44.57
136,94.05,47.92
136,105.0,35.93
136,82.47,20.48
136,78.76,48.38
136,105.0,44.08
136,73.35,40.03
136,99.12,33.42
136,93.41,46.73
136,92.19,24.65
137,58.94,3.0
137,77.25,35.86
137,74.89,29.23
137,77.76,22.53
137,67.23,55.54
137,74.74,43.21
137,80.13,32.26
137,102.68,34.6
137,66.9,36.94
137,85.32,16.09
137,80.41,62.92
137,73.59,34.49
137,55.08,53.89
137,90.07,24.67
137,75.23,40.45
137,64.32,20.98
137,60.5,2.3
137,75.39,43.95
137,59.81,36.14
137,64.61,28.17
137,64.31,0.0
137,72.6,28.82
137,79.81,37.01
137,67.87,22.15
137,69.24,35.45
137,73.41,27.02
137,62.27,20.78
137,64.37,32.43
137,65.92,10.13
137,75.74,39.52
137,92.91,35.08
137,55.81,40.65
137,75.11,46.41
137,69.02,31.22
137,69.79,4.43
137,65.66,31.18
137,86.84,21.4
137,40.46,49.76
137,57.24,29.92
137,86.17,43.25
137,87.14,50.07
137,94.88,25.78
137,75.99,34.83
137,78.27,34.43
137,47.78,58.27
137,72.04,47.93
137,79.27,22.29
137,65.66,27.28
137,70.8,28.9
137,88.02,25.07
137,90.94,30.52
137,75.25,28.17
137,71.34,34.4
137,81.48,32.73
137,67.2,46.69
137,85.57,25.62
137,65.18,15.64
137,81.75,28.57
137,71.74,27.25
137,63.95,50.21
137,76.67,43.3
137,66.9,48.28
137,84.93,44.59
137,59.07,12.3
137,74.92,24.62
137,62.48,17.52
137,87.61,51.24
137,81.29,43.24
137,71.42,38.38
137,71.8,27.74
137,93.9,28.99
137,81.87,24.54
137,62.17,41.15
137,84.15,35.14
137,64.68,41.63
137,73.99,38.6
137,44.72,43.08
137,82.59,39.68
137,63.29,46.12
137,69.3,42.14
137,53.89,28.34
137,74.34,39.38
137,72.92,37.4
137,55.43,31.9
137,72.42,33.81
137,68.55,45.08
137,87.91,39.95
137,62.79,44.24
137,78.23,34.44
137,52.88,46.65
137,73.04,42.51
137,76.65,25.13
137,77.3,30.06
137,70.46,24.65
137,94.51,22.13
137,67.31,63.48
137,78.26,52.35
137,67.91,46.71
137,61.11,38.94
137,56.56,28.04
137,60.11,21.81
137,79.86,31.69
137,89.25,26.08
137,79.82,41.85
137,67.64,35.67
137,63.83,43.42
137,74.14,36.67
137,58.46,15.4
137,83.49,32.1
137,76.8,38.26
137,59.42,37.02
137,91.39,27.9
137,56.32,28.61
137,72.67,26.68
137,82.84,15.63
137,81.55,33.68
137,63.88,42.57
137,66.64,28.77
137,59.58,20.34
137,74.84,44.94
137,82.66,48.99
137,47.18,29.15
137,79.23,23.68
137,65.6,32.41
137,70.79,37.09
137,58.16,29.06
137,63.96,16.73
137,97.9,44.57
137,67.6,36.66
137,71.86,51.04
137,60.11,34.47
137,105.0,50.2
137,78.06,31.51
137,71.72,27.35
137,83.96,28.5
137,76.61,54.07
137,69.76,31.94
137,70.33,51.4
137,51.99,28.92
137,67.25,18.77
137,65.43,41.69
137,76.17,26.94
137,69.25,37.34
137,80.92,36.21
137,73.3,36.05
137,61.06,52.13
137,91.35,36.78
137,66.97,35.32
137,79.21,30.1
137,54.96,39.92
137,82.01,38.91
137,50.73,29.58
137,97.18,44.36
137,80.9,31.75
137,69.17,40.38
137,79.43,19.41
137,55.52,44.05
137,69.37,26.1
137,81.68,41.43
137,79.45,48.09
137,71.9,38.51
137,76.1,46.68
137,86.05,22.14
137,81.4,33.09
137,47.58,26.87
137,71.9,26.73
137,72.24,16.64
137,55.74,34.89
137,58.27,44.35
137,91.46,47.93
137,62.56,22.38
137,66.5,28.72
137,61.6,25.85
137,77.37,25.1
137,75.63,30.74
137,97.2,34.22
137,65.03,30.81
137,78.81,18.68
137,47.47,44.66
137,53.56,35.96
137,89.31,38.33
137,86.37,38.96
137,77.77,40.78
137,86.65,35.69
137,58.02,24.83
137,93.48,50.67
137,58.55,41.02
137,76.21,24.13
137,105.0,24.28
137,60.53,55.89
137,89.53,32.21
137,84.56,26.55
137,65.06,28.17
137,99.17,38.96
137,60.15,28.77
137,71.52,35.47
137,80.34,59.4
137,70.76,16.72
137,105.0,29.53
137,55.64,34.67
137,93.03,14.6
137,42.59,39.69
137,34.42,43.85
137,72.69,18.73
137,81.58,33.1
137,91.37,36.01
137,92.91,40.32
137,74.6,63.36
137,78.48,25.85
137,75.16,39.91
137,91.84,32.6
137,55.94,30.72
137,63.36,34.18
137,83.13,38.52
137,85.69,34.11
137,89.5,37.03
137,71.08,33.12
137,65.52,23.69
137,81.15,43.08
137,57.74,45.29
137,93.66,44.79
137,65.46,41.42
137,68.4,25.47
137,81.77,23.51
137,62.56,44.08
137,57.06,20.75
137,86.99,26.46
137,58.44,57.61
137,75.38,39.59
137,72.28,35.75
137,47.31,13.63
137,58.39,26.62
137,76.61,43.2
137,88.03,17.68
137,62.09,38.43
137,60.48,18.8
137,80.21,27.14
137,82.42,16.69
137,84.14,35.05
137,74.87,15.29
137,65.1,33.08
137,82.19,41.03
137,70.91,36.2
137,80.72,39.11
137,65.26,36.48
137,69.27,33.0
137,78.96,33.25
137,45.26,37.22
137,89.4,21.99
137,71.35,29.64
138,62.24,60.83
138,50.42,53.85
138,36.49,56.86
138,42.04,62.38
138,23.35,47.2
138,63.87,66.13
138,57.64,68.0
138,35.13,50.81
138,55.94,48.3
138,54.77,67.92
138,47.0,64.81
138,52.19,36.78
138,53.41,60.08
138,51.0,62.53
138,47.96,53.4
138,47.11,68.0
138,38.63,36.35
138,57.81,30.35
138,71.76,65.71
138,31.44,45.06
138,46.45,53.62
138,37.5,41.54
138,53.16,63.38
138,51.54,57.75
138,47.75,52.54
138,38.31,40.42
138,39.85,52.24
138,36.11,57.67
138,23.62,48.15
138,61.98,48.53
138,54.69,54.11
138,62.77,61.41
138,41.47,58.66
138,52.37,66.94
138,34.98,53.01
138,38.59,65.14
138,72.64,41.18
138,41.15,58.38
138,58.32,57.8
138,49.27,68.0
138,27.87,46.63
138,44.25,40.79
138,50.91,45.53
138,55.23,47.05
138,22.77,58.51
138,33.45,40.13
138,50.04,57.8
138,33.77,54.38
138,61.85,64.06
138,45.19,60.81
138,52.33,63.11
138,62.85,59.4
138,30.21,66.85
138,52.01,37.6
138,47.75,37.99
138,48.15,53.77
138,43.09,54.93
138,48.07,42.74
138,7.97,60.16
138,62.17,39.65
138,28.63,51.05
138,69.07,53.8
138,33.66,60.29
138,33.09,48.46
138,51.27,67.37
138,49.53,68.0
138,51.86,68.0
138,50.7,68.0
138,44.17,65.73
138,41.22,60.77
138,53.57,45.76
138,37.01,47.79
138,47.55,64.44
138,23.97,34.41
138,49.3,68.0
138,47.28,47.33
138,45.47,48.12
138,68.18,62.53
138,65.43,57.08
138,57.89,49.39
138,57.6,43.98
138,47.37,37.49
138,50.0,30.21
138,51.62,68.0
138,53.83,51.62
138,46.93,44.22
138,53.05,62.27
138,46.84,45.43
138,51.48,45.64
138,57.93,67.09
138,37.47,62.16
138,47.72,56.01
138,46.99,47.9
138,32.76,56.57
138,64.08,60.39
138,35.27,56.84
138,64.62,67.36
138,28.55,42.99
138,26.54,51.16
138,41.63,60.13
138,51.17,47.7
138,51.1,64.48
138,62.81,68.0
138,35.99,54.65
138,58.04,58.21
138,24.44,51.7
138,33.43,50.78
138,42.58,68.0
138,31.7,44.8
138,53.11,63.09
138,37.54,48.58
138,59.04,44.7
138,57.29,65.09
138,37.22,61.66
138,41.42,46.81
138,44.84,52.15
138,63.61,52.63
138,33.75,56.59
138,15.14,48.62
138,40.49,68.0
138,34.05,41.8
138,26.09,37.32
138,45.52,52.71
138,30.75,32.14
138,50.39,45.46
138,30.36,47.04
138,84.39,54.17
138,59.77,51.83
138,36.47,56.6
138,35.97,45.42
138,43.53,49.84
138,55.57,60.37
138,40.18,29.04
138,30.9,58.63
138,27.14,30.41
138,45.76,54.12
138,36.58,59.72
138,49.68,57.38
138,18.36,47.18
138,52.14,56.83
138,41.83,43.63
138,23.19,68.0
138,50.71,63.14
138,52.48,43.56
138,35.51,68.0
138,54.4,56.14
138,28.24,41.57
138,16.17,66.84
138,43.79,68.0
138,34.47,51.19
138,29.8,58.03
138,53.42,53.86
138,48.79,60.37
138,67.32,62.74
138,51.42,64.85
138,53.19,33.67
138,34.65,48.3
138,18.18,64.62
138,71.71,46.32
138,52.41,57.82
138,66.85,43.92
138,30.64,61.46
138,59.08,54.41
138,49.76,60.64
138,59.81,58.34
138,53.55,38.54
138,43.02,68.0
138,49.65,39.61
138,41.41,68.0
138,56.88,30.24
138,35.65,54.75
138,36.87,38.52
138,43.91,68.0
138,54.0,42.84
138,46.69,41.96
138,41.75,54.38
138,59.73,68.0
138,53.65,67.56
138,40.03,51.55
138,32.45,50.47
138,43.72,59.74
138,37.89,53.36
138,35.96,54.89
138,55.74,52.44
138,60.65,60.72
138,45.23,58.96
138,45.93,68.0
138,36.38,46.99
138,32.18,46.89
138,56.34,52.98
138,29.48,51.78
138,37.95,63.49
138,37.53,42.4
138,51.51,67.97
138,43.43,50.87
138,38.6,66.99
138,63.67,68.0
138,67.19,65.29
138,51.06,60.87
138,47.87,66.27
138,39.46,50.76
138,45.76,56.89
138,30.34,46.61
138,58.85,47.3
138,44.29,57.39
138,37.06,55.05
138,41.69,58.75
138,55.18,55.48
138,42.67,50.89
138,35.76,64.16
138,18.84,47.21
138,44.99,56.76
138,50.88,66.62
138,39.62,61.8
138,35.68,53.68
138,31.37,34.24
138,41.11,50.26
138,31.52,68.0
138,31.43,51.27
138,39.77,53.94
138,70.49,55.87
138,76.36,58.7
138,61.31,46.79
138,54.38,62.34
138,20.81,58.5
138,80.79,35.05
138,51.1,26.01
138,31.71,48.09
138,80.92,40.68
138,44.72,57.4
138,56.85,49.88
138,41.91,59.17
138,53.38,59.32
138,54.92,42.94
138,57.18,49.99
138,62.68,47.91
138,48.02,64.26
138,48.73,52.07
138,45.38,67.76
138,32.43,68.0
138,34.24,52.51
138,41.99,47.48
138,62.41,44.37
138,52.12,61.81
138,44.79,52.9
138,42.57,45.98
138,30.83,63.87
138,34.32,64.07
138,48.01,43.57
138,46.11,57.98
138,56.12,60.48
138,43.19,68.0
138,53.38,52.18
138,26.09,54.0
138,33.66,61.27
138,49.43,67.96
138,46.21,58.41
138,55.59,56.48
138,61.28,47.83
138,61.88,50.44
138,66.62,52.36
138,69.67,61.71
138,41.37,58.94
138,75.89,46.42
138,83.56,63.35
138,29.07,52.14
138,38.35,52.3
138,50.68,62.45
138,49.02,63.82
138,24.08,57.8
138,33.65,68.0
138,48.82,33.38
138,43.17,64.62
138,54.07,43.01
138,71.42,53.81
138,29.82,54.27
138,76.08,53.45
138,70.46,44.07
138,23.56,39.16
138,30.48,32.94
138,40.75,51.81
138,33.61,55.58
138,53.57,60.63
138,54.25,66.87
138,47.84,63.34
138,50.86,64.96
138,44.26,43.09
138,51.16,66.24
138,70.87,58.21
138,14.97,39.8
138,46.23,65.87
138,52.04,44.39
138,44.72,42.7
138,50.07,68.0
138,61.58,56.73
138,39.29,42.62
138,74.72,48.18
138,26.7,65.73
139,81.5,0.0
139,27.16,0.0
139,27.69,27.94
139,38.73,4.3
139,37.78,8.22
139,46.56,5.0
139,39.97,0.0
139,57.11,2.63
139,47.24,13.94
139,33.55,9.76
139,43.01,25.81
139,42.6,7.2
139,60.98,13.87
139,57.36,8.02
139,55.4,24.27
139,36.67,0.0
139,50.19,19.25
139,31.16,18.45
139,54.61,4.97
139,61.94,12.91
139,19.0,18.26
139,45.04,6.39
139,45.02,6.16
139,57.99,0.47
139,38.53,36.25
139,38.35,8.86
139,48.32,0.51
139,54.15,0.0
139,48.93,5.17
139,57.71,16.94
139,55.21,11.19
139,39.54,17.86
139,46.57,21.87
139,53.41,12.34
139,35.98,12.6
139,37.44,31.22
139,27.32,22.1
139,61.63,18.23
139,74.48,10.23
139,37.5,21.43
139,53.79,17.88
139,62.54,17.46
139,31.14,21.89
139,50.85,17.59
139,63.59,0.0
139,42.92,14.6
139,45.34,1.73
139,64.35,20.97
139,40.9,0.0
139,38.96,13.66
139,44.03,14.64
139,70.13,1.38
139,56.85,13.11
139,53.5,22.44
139,53.37,7.88
139,32.03,17.18
139,53.89,19.58
139,41.11,2.26
139,44.18,14.45
139,43.51,11.68
139,59.01,13.84
139,70.58,0.0
139,34.95,0.0
139,60.77,27.42
139,44.95,22.32
139,57.2,16.42
139,51.25,23.92
139,39.37,0.0
139,39.18,11.5
139,44.61,10.47
139,52.07,5.53
139,53.87,1.53
139,86.04,28.48
139,54.54,7.08
139,30.6,18.96
139,63.83,17.65
139,55.24,25.5
139,45.39,22.08
139,33.1,10.62
139,43.89,0.08
139,62.74,23.82
139,54.0,27.44
139,65.16,41.09
139,64.47,24.76
139,50.2,6.97
139,6.58,8.4
139,35.78,0.0
139,27.47,5.07
139,65.94,0.04
139,54.19,20.47
139,44.69,24.53
139,40.72,38.84
139,61.58,47.96
139,35.8,16.74
139,30.7,7.59
139,29.58,9.7
139,48.87,6.38
139,36.87,39.78
139,60.42,0.0
139,47.23,31.82
139,29.14,3.73
139,44.09,9.7
139,34.47,0.0
139,45.46,25.6
139,61.22,22.72
139,45.0,1.97
139,38.29,26.18
139,52.71,24.06
139,41.37,8.17
139,53.85,0.0
139,51.15,11.59
139,33.18,25.46
139,29.8,3.94
139,42.04,25.89
139,52.17,4.53
139,69.32,13.0
139,32.08,5.9
139,33.66,15.72
139,59.39,23.03
139,49.16,31.94
139,44.29,16.29
139,55.35,0.0
139,62.74,20.95
139,60.09,10.72
139,37.46,10.49
139,52.3,15.16
139,61.29,20.15
139,42.83,9.45
139,51.45,20.39
139,38.98,18.45
139,34.21,20.4
139,52.0,23.68
139,58.62,0.0
139,56.56,9.68
139,29.26,12.32
139,63.73,11.26
139,54.24,4.47
139,61.35,6.82
139,34.64,19.73
139,57.69,19.07
139,55.08,14.36
139,30.34,2.96
139,52.54,23.46
139,33.42,22.66
139,47.03,26.24
139,76.97,5.4
139,50.61,53.9
139,45.36,16.42
139,27.55,5.67
139,50.62,40.17
139,44.88,22.22
139,20.72,16.23
139,32.67,17.56
139,58.43,28.11
139,63.65,16.77
139,47.82,0.0
139,60.01,13.8
139,47.31,23.9
139,37.04,13.47
139,75.49,3.16
139,28.52,13.6
139,52.38,23.51
139,38.42,28.04
139,44.17,1.8
139,67.53,1.05
139,47.46,13.35
139,42.67,6.38
139,39.78,7.64
139,54.18,11.04
139,34.57,22.43
139,48.11,4.72
139,45.13,1.17
139,36.7,5.87
139,28.26,0.0
139,47.32,14.58
139,42.03,15.2
139,49.78,25.11
139,18.69,2.36
139,40.91,15.35
139,57.96,17.68
139,25.43,0.0
139,71.24,16.41
139,51.59,16.82
139,45.02,12.59
139,48.26,0.0
139,35.77,13.16
139,65.3,0.0
139,49.17,17.58
139,47.71,22.16
139,59.88,11.59
139,51.88,28.07
139,38.01,6.33
139,46.41,5.99
139,54.23,10.94
139,47.61,38.9
139,29.33,10.87
139,65.04,37.58
139,48.92,13.58
139,41.69,5.12
139,55.29,35.48
139,40.4,16.03
139,26.91,10.77
139,46.76,23.47
139,55.51,27.72
139,43.28,7.61
139,43.79,23.92
139,44.37,11.51
139,45.44,3.21
139,48.69,6.22
139,57.15,1.11
139,56.34,14.96
139,73.19,15.0
139,69.44,26.56
139,35.57,23.55
139,43.79,9.56
139,56.14,11.88
139,23.46,6.86
139,50.84,15.21
139,35.62,11.57
139,46.05,14.55
139,46.9,30.08
139,23.73,30.65
139,78.18,7.13
139,39.71,22.54
139,65.43,21.19
139,25.48,7.96
139,38.21,29.53
139,56.9,0.0
139,43.38,25.83
139,56.91,12.71
139,54.75,2.22
139,35.72,11.98
139,62.41,34.66
139,53.96,41.62
139,27.67,5.43
139,47.81,13.57
139,54.93,11.95
139,45.14,13.79
139,47.07,31.87
139,52.76,9.7
139,25.19,5.4
139,43.83,9.11
139,41.57,11.94
139,56.26,22.47
139,39.1,15.38
139,71.75,21.32
139,38.8,25.64
139,31.77,10.91
139,62.37,13.23
139,54.13,19.4
139,51.36,7.22
139,43.18,14.49
139,41.73,25.64
139,52.28,15.34
139,38.93,28.03
139,69.44,3.98
139,49.4,17.72
139,42.78,20.36
139,40.92,17.48
139,30.47,10.83
139,55.49,0.0
139,36.02,26.3
139,44.33,0.0
139,79.12,0.0
139,22.55,20.39
139,44.71,9.94
139,28.21,15.58
139,39.02,0.0
139,44.15,17.21
139,29.05,23.2
139,51.32,0.0
139,65.09,16.77
139,50.33,23.93
139,56.92,0.0
139,67.12,15.59
139,53.89,14.57
139,15.38,17.92
139,48.33,11.0
139,13.47,0.0
139,36.61,9.63
139,26.51,7.89
139,49.55,13.25
139,34.34,27.26
139,49.91,0.0
139,56.16,24.57
139,33.54,33.45
139,49.27,32.78
140,60.94,42.36
140,36.49,35.89
140,57.17,42.4
140,74.72,27.19
140,41.53,31.64
140,48.82,37.75
140,61.42,38.27
140,38.5,27.04
140,83.7,7.05
140,67.59,2.31
140,64.46,33.49
140,70.52,36.01
140,55.6,31.72
140,63.64,34.39
140,47.3,51.61
140,29.88,28.54
140,59.58,38.02
140,80.57,52.52
140,81.77,22.6
140,57.55,53.47
140,56.4,44.68
140,39.78,30.59
140,73.81,6.12
140,65.5,49.3
140,57.54,53.47
140,34.36,26.36
140,36.56,54.16
140,61.68,15.4
140,39.95,37.21
140,67.0,32.05
140,67.63,19.29
140,42.91,31.25
140,60.63,33.66
140,47.79,20.91
140,72.24,41.43
140,102.78,26.5
140,58.45,30.05
140,79.21,49.92
140,73.36,26.8
140,58.99,9.12
140,66.92,31.23
140,43.55,35.2
140,61.79,31.34
140,56.1,43.46
140,77.67,38.4
140,51.86,27.41
140,46.29,41.66
140,46.8,39.1
140,71.12,38.77
140,57.61,32.24
140,38.11,37.14
140,73.19,35.2
140,40.36,30.7
140,52.87,39.27
140,57.26,40.12
140,45.75,40.13
140,37.94,40.79
140,70.57,9.25
140,68.47,43.95
140,60.7,23.4
140,64.75,46.32
140,37.89,19.03
140,66.79,51.4
140,65.38,9.98
140,65.75,37.56
140,65.7,29.98
140,72.93,39.1
140,58.49,52.98
140,60.82,36.6
140,42.65,44.34
140,68.91,50.88
140,51.31,27.19
140,52.24,37.98
140,54.68,49.05
140,46.06,37.88
140,58.62,27.55
140,70.71,39.67
140,45.55,35.26
140,59.78,39.6
140,68.66,28.19
140,27.76,36.66
140,84.11,32.47
140,53.99,28.56
140,47.85,48.41
140,61.06,28.35
140,51.23,25.69
140,59.08,20.95
140,50.26,33.29
140,74.65,32.32
140,94.89,41.94
140,69.4,20.46
140,62.59,15.47
140,52.82,13.6
140,73.8,39.02
140,50.01,45.38
140,64.14,44.48
140,53.24,28.48
140,43.67,35.43
140,57.23,9.28
140,47.19,51.8
140,79.18,46.73
140,50.2,43.94
140,58.31,24.13
140,51.56,30.0
140,43.94,31.91
140,68.9,52.7
140,58.77,45.0
140,90.46,31.94
140,73.62,40.43
140,60.91,23.97
140,64.77,18.77
140,58.83,33.24
140,46.65,21.49
140,41.32,15.39
140,46.28,34.37
140,77.39,31.09
140,63.34,22.9
140,66.98,29.6
140,70.23,38.17
140,57.4,31.52
140,52.13,35.54
140,86.26,32.13
140,66.9,53.03
140,38.36,48.62
140,37.18,35.28
140,69.75,24.99
140,48.52,27.84
140,58.31,19.79
140,31.56,25.23
140,53.98,41.35
140,71.86,27.47
140,53.04,32.08
140,44.79,47.0
140,56.82,40.08
140,60.45,34.76
140,55.42,32.74
140,39.48,31.82
140,65.11,44.24
140,52.54,37.28
140,62.27,31.18
140,47.31,19.99
140,76.2,39.31
140,69.26,37.77
140,55.32,16.6
140,63.95,32.3
140,81.26,37.68
140,75.28,31.13
140,79.62,53.96
140,67.87,50.8
140,52.95,20.12
140,67.65,31.27
140,82.09,44.66
140,67.87,33.08
140,49.25,42.11
140,60.86,26.87
141,63.52,19.19
141,42.22,31.2
141,16.22,27.0
141,38.76,19.5
141,29.08,21.49
141,36.83,34.92
141,20.6,46.47
141,34.06,34.2
141,43.77,23.16
141,40.69,27.95
141,44.23,38.96
141,70.5,47.81
141,23.93,45.74
141,53.47,37.84
141,33.84,51.87
141,24.97,29.38
141,29.9,22.27
141,41.74,32.06
141,25.21,49.08
141,4.52,42.9
141,40.92,47.2
141,32.96,34.24
141,23.25,36.82
141,13.61,32.91
141,35.29,25.79
141,46.78,35.66
141,18.34,32.83
141,33.67,29.98
141,58.77,41.96
141,42.33,36.71
141,30.06,50.17
141,28.75,25.77
141,23.92,30.83
141,31.07,15.83
141,24.74,24.4
141,26.65,42.22
141,28.63,44.25
141,9.28,42.93
141,28.34,49.58
141,65.53,41.3
141,12.45,36.03
141,50.49,42.7
141,44.27,27.02
141,39.07,17.31
141,23.82,31.07
141,42.77,32.38
141,54.77,36.63
141,45.11,26.63
141,34.36,28.8
141,31.41,44.1
141,22.87,22.03
141,32.59,34.38
141,38.33,28.64
141,31.83,16.89
141,30.3,30.99
141,30.48,25.61
141,55.17,30.87
141,33.63,36.37
141,34.11,11.57
141,0.17,46.84
141,43.91,68.0
141,38.98,25.11
141,38.36,29.01
141,39.24,26.46
141,19.01,23.58
141,27.57,57.41
141,54.25,32.06
141,13.13,43.13
141,13.92,48.43
141,12.24,46.99
141,28.94,47.82
141,52.07,21.01
141,34.95,45.53
141,45.47,31.24
141,5.35,53.56
141,20.4,25.77
141,22.47,22.34
141,52.16,34.9
141,33.2,41.96
141,30.7,15.16
141,33.88,30.37
141,28.26,22.77
141,57.2,44.99
141,56.69,28.61
141,45.91,47.22
141,44.44,26.95
141,24.71,38.17
141,37.44,19.63
141,5.31,33.62
141,25.76,22.77
141,11.16,51.63
141,37.86,46.63
141,30.03,37.2
141,41.33,46.08
141,39.87,29.32
141,45.98,41.55
141,21.4,33.95
141,7.99,40.49
141,56.6,36.18
141,24.29,34.21
141,30.77,14.91
141,45.29,27.72
141,27.55,54.79
141,16.49,33.56
141,58.88,26.98
141,24.23,35.38
141,55.39,18.09
141,36.19,29.65
141,44.51,36.92
141,44.26,40.3
141,26.09,38.68
141,39.26,51.52
141,57.13,27.46
141,48.64,18.34
141,46.52,30.91
141,40.44,28.65
141,30.21,36.91
141,20.39,31.68
141,52.25,36.43
141,24.13,35.98
141,25.19,44.58
141,31.76,34.69
142,67.7,29.66
142,91.36,49.12
142,87.48,43.72
142,89.6,33.81
142,96.52,43.75
142,78.14,33.85
142,81.56,23.8
142,98.52,35.22
142,86.95,55.19
142,76.5,45.46
142,99.2,38.58
142,97.2,24.14
142,91.0,20.99
142,94.26,31.31
142,96.25,27.32
142,87.71,34.2
142,92.9,35.66
142,73.38,18.35
142,86.18,24.78
142,101.41,30.1
142,105.0,38.8
142,90.47,39.21
142,77.12,22.63
142,84.26,20.53
142,70.0,23.59
142,97.59,42.76
142,89.46,28.79
142,76.44,35.17
142,86.38,38.59
142,98.04,47.5
142,89.53,20.57
142,79.92,47.34
142,102.17,40.36
142,93.33,52.34
142,78.92,49.46
142,89.2,35.21
142,61.38,25.77
142,92.25,41.27
142,105.0,21.69
142,103.05,36.38
142,86.64,25.82
142,92.06,31.35
142,95.89,10.0
142,96.74,33.08
142,87.29,35.32
142,60.47,28.14
142,84.25,33.07
142,81.02,22.08
142,87.49,42.58
142,79.03,34.27
142,96.66,58.62
142,105.0,37.21
142,101.45,38.21
142,87.87,28.84
142,105.0,47.11
142,101.03,29.29
142,98.24,53.02
142,81.31,52.7
142,86.86,28.37
142,96.35,30.95
142,105.0,26.02
142,105.0,19.3
142,96.45,37.23
142,90.84,34.05
142,98.66,41.27
142,95.7,33.45
142,105.0,43.59
142,74.52,33.47
142,89.2,31.86
142,98.62,34.96
142,105.0,42.36
142,105.0,29.93
142,69.82,43.99
142,79.45,25.89
142,87.88,30.54
142,72.68,13.48
142,105.0,30.25
142,90.41,21.66
142,104.06,40.1
142,86.5,39.6
142,94.11,47.38
142,71.07,52.28
142,75.04,32.21
142,75.28,25.88
142,66.54,39.16
142,102.14,29.73
142,88.61,27.35
142,102.55,33.81
142,87.29,27.53
142,103.44,56.65
142,101.19,31.1
142,87.21,33.66
142,91.38,42.9
142,93.38,58.09
142,103.3,31.52
142,88.37,13.41
142,93.44,33.16
142,69.61,15.23
142,77.33,28.32
142,79.25,50.47
142,95.5,25.18
142,79.63,22.49
142,90.26,43.44
142,86.65,31.6
142,88.82,47.31
142,100.06,30.93
142,90.91,41.1
142,85.52,17.03
142,94.01,23.72
142,105.0,31.97
142,89.45,29.56
142,72.09,61.48
142,70.9,45.18
142,84.36,44.88
142,73.17,32.12
142,56.9,18.68
142,84.2,52.41
142,92.95,16.17
142,105.0,27.95
142,87.77,40.31
142,92.03,62.69
142,94.7,53.15
142,89.08,40.85
142,79.32,57.64
142,105.0,28.57
142,75.15,38.96
142,93.41,50.05
142,77.86,18.57
142,89.47,38.14
142,93.32,38.87
142,85.37,38.52
142,72.22,22.52
142,83.48,38.8
142,102.61,37.24
142,68.47,27.95
142,105.0,42.58
142,89.23,48.86
142,97.29,26.26
142,74.3,39.45
142,86.06,49.19
142,79.34,49.39
142,91.84,32.3
142,73.81,45.79
142,79.93,31.33
142,105.0,42.99
142,96.41,25.87
142,92.94,17.26
142,92.73,39.86
142,105.0,43.68
142,86.35,41.77
142,100.17,25.01
142,57.32,6.8
142,86.44,43.61
142,83.98,50.05
142,81.18,13.16
142,97.61,30.64
142,86.25,23.7
142,85.91,36.71
142,77.81,48.7
142,82.88,31.44
142,61.91,28.43
142,83.9,38.3
142,69.6,10.64
142,105.0,43.22
142,97.54,45.64
142,99.87,34.05
142,70.83,29.16
142,98.9,30.9
142,79.33,30.95
142,91.6,33.37
142,85.57,16.83
142,70.08,38.55
142,74.51,29.96
142,96.57,34.23
142,96.16,27.64
142,70.16,38.19
142,102.78,48.62
142,83.04,36.3
142,71.33,16.0
142,80.86,34.05
142,70.38,36.31
142,78.57,33.4
142,81.78,25.57
142,94.71,33.5
142,98.56,43.26
142,101.82,30.75
142,98.22,49.18
142,63.26,26.85
142,69.22,22.66
142,102.27,31.45
142,81.94,11.64
142,86.2,33.91
142,96.22,30.35
142,104.78,41.56
142,94.11,15.2
142,76.82,42.42
142,72.14,35.7
142,74.08,51.44
142,103.92,32.13
142,99.19,37.75
142,88.6,40.98
142,69.47,11.63
142,99.6,46.22
142,90.46,32.58
142,78.03,20.02
142,87.3,33.17
142,94.59,46.88
142,82.21,30.23
142,74.53,35.15
142,90.46,11.99
142,91.28,24.59
142,63.38,41.79
142,87.06,45.64
142,77.05,36.32
142,94.2,40.42
142,65.85,29.6
142,71.44,34.22
142,57.54,22.33
142,93.39,28.6
142,68.52,33.69
142,70.76,16.8
142,86.81,60.34
142,85.93,26.25
142,96.28,36.31
142,97.59,20.25
142,102.69,0.74
142,105.0,52.84
142,101.55,34.62
142,92.32,10.09
142,90.83,22.71
142,96.02,56.75
142,61.73,39.31
142,85.99,5.62
142,64.24,28.37
142,78.45,31.99
142,68.81,39.78
142,93.06,33.9
142,95.81,14.92
142,103.81,27.03
142,75.42,24.02
142,79.45,42.23
142,102.08,28.03
142,81.34,27.9
142,78.66,31.13
142,97.26,24.52
142,94.74,50.59
142,100.44,46.35
142,94.27,46.86
143,0.0,42.46
143,0.0,0.0
143,0.0,34.72
143,0.0,44.42
143,21.62,24.75
143,20.41,34.39
143,3.79,44.19
143,7.17,42.08
143,0.0,16.84
143,38.09,44.99
143,2.34,52.8
143,1.12,47.37
143,6.34,20.47
143,0.0,22.06
143,11.48,34.84
143,26.54,40.44
143,5.74,43.58
143,18.42,25.29
143,0.0,33.18
143,0.0,25.0
143,9.26,22.93
143,0.0,38.47
143,12.27,33.19
143,4.0,39.01
143,11.85,27.71
143,4.98,41.37
143,5.87,21.6
143,0.0,28.99
143,0.0,21.83
143,14.6,37.13
143,0.0,53.94
143,0.0,38.06
143,2.32,32.88
143,3.52,31.83
143,17.31,27.62
143,10.98,46.16
143,0.0,38.53
143,0.0,15.59
143,47.74,45.97
143,8.49,24.42
143,19.88,26.78
143,0.0,38.43
143,3.17,27.42
143,2.68,58.67
143,1.96,31.38
143,18.12,40.96
143,4.56,17.01
143,2.42,27.22
143,7.83,32.56
143,8.33,44.97
143,0.0,22.16
143,20.87,47.19
143,0.48,35.4
143,6.66,37.6
143,27.46,25.8
143,45.78,23.38
143,14.09,10.05
143,0.0,37.3
143,4.27,40.9
143,30.3,30.02
143,5.0,16.58
143,18.83,27.88
143,18.64,38.1
143,0.0,36.02
143,32.61,41.39
143,13.58,16.21
143,7.66,29.54
143,5.87,32.9
143,0.0,40.96
143,0.0,27.36
143,0.0,39.88
143,37.56,23.56
143,21.48,36.39
143,0.0,30.77
143,31.96,30.13
143,25.74,60.54
143,0.0,30.34
143,14.9,29.35
143,0.0,18.33
143,21.33,44.89
143,14.4,28.02
143,2.49,33.65
143,0.0,24.71
143,7.16,38.57
143,14.39,44.26
143,24.9,48.4
143,16.18,32.72
143,20.04,27.47
143,0.0,26.76
143,0.0,34.19
143,0.0,36.79
143,4.21,39.99
143,0.0,24.68
143,6.4,35.48
143,17.54,22.79
143,16.16,32.58
143,0.0,49.35
143,41.54,31.49
143,13.09,24.27
143,11.76,37.86
143,6.07,43.84
143,4.36,25.54
143,22.3,19.09
143,0.0,25.07
143,11.99,29.16
143,27.71,50.7
143,10.47,18.56
143,14.67,15.36
143,0.0,36.99
143,18.75,26.17
143,12.8,23.09
143,6.7,41.15
143,17.38,35.0
143,0.0,45.06
143,31.42,42.08
143,45.6,20.71
143,0.19,15.53
143,23.29,46.31
143,6.13,32.63
143,0.0,67.16
143,24.86,44.64
143,4.31,49.08
143,15.95,23.61
143,32.84,33.08
143,14.86,42.9
143,10.71,33.07
143,0.0,34.62
143,0.0,36.68
143,6.23,26.04
143,3.07,24.28
143,16.84,31.98
143,0.0,29.44
143,0.0,24.35
143,6.03,32.61
143,9.25,19.63
143,8.76,42.39
143,5.46,40.49
143,0.0,41.52
143,15.53,24.77
143,23.37,23.38
143,12.03,48.53
143,0.46,31.85
143,0.0,40.27
143,29.58,21.32
143,5.73,30.86
143,25.19,47.11
143,29.34,35.47
143,18.45,31.25
143,20.41,40.23
143,19.38,37.48
143,5.13,56.93
143,0.0,34.45
143,18.37,41.12
143,0.0,32.52
143,2.89,23.12
143,0.0,38.64
143,15.45,17.87
143,11.03,44.85
143,0.0,19.52
143,2.52,24.26
143,33.46,23.34
143,0.0,40.83
143,5.62,21.68
143,15.53,39.6
143,8.92,26.59
143,15.92,32.71
143,22.28,28.1
143,26.71,59.6
143,8.59,15.7
143,13.27,39.39
143,10.73,33.89
143,0.0,25.42
143,10.54,38.34
143,0.0,23.44
143,12.87,22.19
143,0.0,21.39
143,0.0,34.91
143,19.12,27.4
143,14.05,24.46
143,7.78,37.77
143,2.14,45.86
143,0.0,18.39
143,0.57,37.64
143,16.91,39.76
143,4.7,48.01
143,0.0,30.82
143,0.0,50.99
143,0.0,40.42
143,4.56,13.33
143,4.18,37.3
143,0.0,33.81
143,15.99,44.82
143,0.0,46.98
143,0.0,23.31
143,18.2,43.97
143,15.02,32.58
143,4.49,26.2
143,20.2,49.94
143,11.39,28.76
143,8.92,34.35
143,15.81,33.18
143,13.28,39.66
143,25.31,48.52
143,4.42,51.7
143,4.84,43.95
143,10.56,15.41
143,8.28,50.03
143,32.14,40.61
143,14.82,46.07
143,0.0,30.69
143,0.0,33.86
143,28.42,44.45
143,3.12,56.13
143,12.3,36.13
143,7.76,20.27
143,18.48,40.56
143,0.81,31.95
143,9.55,22.39
143,0.91,32.55
143,44.16,39.25
143,0.0,45.58
143,15.28,28.69
143,44.99,29.16
143,22.28,32.88
143,7.72,53.32
143,10.17,48.76
143,0.0,40.21
143,29.84,39.8
143,5.06,30.54
143,7.04,42.49
143,0.0,23.07
143,3.94,39.27
143,8.85,11.65
143,22.16,15.96
143,11.46,12.72
143,22.23,54.7
143,0.0,32.26
143,26.21,19.12
143,0.0,60.81
144,49.82,34.26
144,70.32,28.75
144,59.81,50.43
144,50.29,38.8
144,42.64,20.63
144,50.78,31.87
144,46.93,30.02
144,37.1,24.7
144,69.55,25.21
144,74.51,26.64
144,51.15,42.92
144,32.93,30.76
144,64.72,34.95
144,62.02,44.64
144,46.99,30.71
144,59.23,20.77
144,24.15,44.39
144,60.11,29.82
144,58.01,53.6
144,77.28,45.1
144,63.3,39.82
144,61.18,36.49
144,85.53,46.35
144,49.68,36.74
144,40.55,10.11
144,71.87,32.88
144,73.59,40.29
144,73.9,22.95
144,56.97,62.52
144,50.76,32.39
144,43.84,40.18
144,48.46,46.89
144,40.44,40.65
144,54.28,32.83
144,81.57,38.41
144,52.92,31.87
144,61.67,32.96
144,67.11,21.38
144,55.31,31.14
144,55.21,20.77
144,76.72,33.95
144,62.42,29.52
144,74.68,39.52
144,91.04,17.55
144,48.69,23.79
144,57.98,23.88
144,57.83,33.84
144,53.56,31.3
144,54.39,46.06
144,78.24,34.46
144,61.29,34.0
144,92.36,22.39
144,54.72,30.82
144,79.58,19.32
144,82.87,39.43
144,58.92,43.14
144,65.81,17.42
144,71.48,34.49
144,52.76,32.85
144,81.63,47.25
144,49.45,23.0
144,53.23,25.64
144,53.37,36.9
144,62.93,28.63
144,64.26,29.21
144,51.73,29.01
144,58.53,39.75
144,45.51,46.5
144,75.14,33.09
144,69.03,31.02
144,55.49,41.31
144,57.5,36.27
144,51.38,35.75
144,47.92,46.47
144,45.95,22.27
144,47.96,31.1
144,72.46,23.21
144,73.46,28.1
144,42.2,19.98
144,69.08,29.84
144,44.13,38.07
144,69.94,5.06
144,61.09,30.41
144,53.23,33.01
144,65.8,30.97
144,77.53,15.57
144,35.63,44.51
144,74.79,44.37
144,49.66,46.58
144,78.51,27.86
144,71.27,35.9
144,45.42,25.97
144,52.43,22.2
144,66.24,21.63
144,72.31,36.21
144,66.19,43.2
144,65.07,48.15
144,51.7,33.46
144,60.44,26.5
144,59.05,32.94
144,40.48,44.68
144,64.36,51.85
144,55.23,46.95
144,77.89,45.87
144,75.21,48.98
144,62.4,34.81
144,74.35,37.1
144,68.0,45.66
144,59.71,39.66
144,41.6,43.54
144,57.93,27.31
144,55.66,49.38
144,58.56,28.51
144,57.03,46.23
144,74.34,33.02
144,75.78,28.13
144,53.65,12.07
144,42.78,31.6
144,47.38,20.28
144,76.14,23.85
144,72.44,39.6
144,45.19,17.3
144,40.93,47.53
144,52.31,61.72
144,83.35,28.69
144,65.45,47.25
144,56.93,18.63
144,58.37,38.4
144,35.54,37.91
144,56.21,67.83
144,76.12,29.91
144,54.87,39.08
144,56.83,31.97
144,64.28,29.91
144,45.39,32.48
144,64.33,31.92
144,49.24,27.03
144,53.51,36.95
144,55.08,24.15
144,55.09,29.61
144,61.33,55.14
144,59.04,32.73
144,57.63,43.75
144,61.58,33.16
144,48.2,42.45
144,31.95,32.08
144,59.89,5.56
144,51.06,33.66
144,65.91,22.98
144,52.82,30.7
144,35.33,41.57
144,58.44,53.98
144,73.67,18.51
144,64.07,31.37
144,41.53,34.19
144,51.87,34.54
144,53.54,34.61
144,57.61,40.2
144,52.37,29.18
144,37.17,31.82
144,58.21,38.34
144,78.62,26.31
144,51.5,27.5
144,43.83,33.27
144,78.52,27.5
144,84.97,23.24
144,54.7,21.96
144,63.09,33.52
144,62.87,49.07
144,71.55,38.32
144,45.48,23.53
144,59.61,51.03
144,45.83,28.49
144,64.49,51.46
144,79.67,33.18
144,64.33,36.93
144,48.95,29.98
144,72.94,30.71
144,52.06,49.2
144,66.15,32.03
144,49.91,44.37
144,42.73,34.52
144,50.12,32.73
144,24.87,40.86
144,45.91,32.7
144,87.84,25.33
144,23.35,25.66
144,39.58,40.37
144,82.64,9.7
144,47.53,38.14
144,54.76,18.19
144,59.8,35.92
144,38.57,48.72
144,73.57,24.28
144,58.43,39.76
144,51.75,46.37
144,72.27,27.67
144,42.7,26.88
144,60.5,38.13
144,46.81,47.75
144,43.68,59.11
144,86.03,25.86
144,61.64,41.12
144,72.32,28.72
144,53.24,21.58
144,46.62,31.43
144,19.48,31.46
144,55.88,34.95
144,38.44,38.61
144,61.23,36.56
144,43.2,47.37
144,66.08,54.66
144,86.76,34.17
144,96.74,28.59
144,64.17,31.81
144,59.85,31.47
144,50.89,27.49
144,49.84,17.51
144,48.06,19.18
144,79.27,41.52
144,54.9,42.25
144,88.08,37.58
144,47.93,31.34
144,58.17,28.44
144,43.51,18.9
144,66.92,26.83
144,57.36,25.95
144,59.57,18.44
144,55.97,36.39
144,67.24,25.87
144,68.72,34.45
144,70.8,17.73
144,47.77,40.46
144,64.17,38.72
144,53.53,28.35
144,77.27,49.11
144,63.22,33.11
144,63.9,35.49
144,56.4,16.82
144,49.42,25.39
144,60.95,26.84
144,75.92,42.6
144,50.0,44.6
144,77.16,27.73
144,67.4,35.87
144,33.61,43.42
144,48.1,30.26
144,89.75,17.92
144,58.42,41.82
144,48.25,38.67
144,48.66,37.2
144,58.23,44.56
144,71.94,45.46
144,55.61,40.83
144,49.92,21.12
144,30.55,17.36
144,48.17,37.86
144,50.92,34.72
144,64.18,35.54
144,65.27,52.6
144,78.7,44.09
144,44.53,31.97
144,61.74,25.9
144,62.09,41.09
144,47.0,39.09
144,71.87,31.63
144,82.16,3.91
145,53.53,68.0
145,51.77,28.04
145,33.12,41.3
145,57.7,27.24
145,44.97,36.59
145,44.07,33.78
145,31.06,40.97
145,62.87,68.0
145,30.5,63.97
145,30.35,51.15
145,47.84,68.0
145,33.26,48.76
145,72.88,43.49
145,33.16,49.24
145,56.31,36.58
145,67.36,33.25
145,55.3,61.26
145,36.18,57.65
145,50.46,39.84
145,63.62,59.14
145,26.51,59.58
145,60.27,47.35
145,52.38,43.52
145,70.57,62.71
145,51.57,58.93
145,47.98,68.0
145,54.89,58.8
145,29.88,34.5
145,35.4,37.15
145,46.9,51.61
145,39.19,62.9
145,38.05,57.53
145,72.49,47.22
145,69.32,35.49
145,12.96,68.0
145,46.52,68.0
145,30.51,38.52
145,60.96,61.31
145,48.89,56.81
145,65.05,61.53
145,34.8,68.0
145,33.65,68.0
145,43.15,59.57
145,38.24,51.32
145,44.8,50.71
145,61.43,51.59
145,52.08,68.0
145,42.15,54.5
145,46.7,62.58
145,25.43,58.58
145,20.61,43.12
145,61.74,59.26
145,36.1,46.71
145,64.64,43.59
145,42.02,60.54
145,47.75,40.09
145,56.8,63.65
145,58.32,60.27
145,39.31,67.91
145,46.92,59.28
145,45.76,43.49
145,50.92,66.26
145,48.51,66.82
145,36.51,63.83
145,47.94,62.06
145,26.98,37.74
145,46.04,63.42
145,47.54,40.26
145,33.25,47.16
145,42.33,44.85
145,39.33,36.75
145,39.57,55.95
145,55.85,53.66
145,52.01,68.0
145,58.5,67.26
145,73.02,55.95
145,60.27,62.67
145,26.03,52.85
145,37.48,52.78
145,63.45,55.38
145,40.87,52.34
145,40.0,56.33
145,50.34,61.3
145,42.3,40.58
145,68.22,49.51
145,43.9,62.53
145,77.35,47.9
145,38.72,48.13
145,37.46,65.17
145,35.14,45.86
145,35.77,58.77
145,55.4,55.65
145,28.53,63.76
145,32.94,53.27
145,52.76,45.3
145,17.79,46.83
145,26.86,68.0
145,45.32,48.13
145,51.3,47.41
145,41.63,48.92
145,51.66,51.02
145,34.81,49.51
145,65.68,60.21
145,57.84,55.12
145,35.41,47.51
145,43.55,61.95
145,20.46,57.1
145,58.09,68.0
145,29.37,57.48
145,39.0,52.59
145,42.19,51.76
145,28.11,55.6
145,35.17,58.04
145,50.84,53.98
145,39.53,49.15
145,57.33,60.89
145,55.64,58.76
145,34.96,54.21
145,40.1,61.35
145,40.11,53.16
145,40.75,54.13
145,65.17,60.95
145,48.49,62.81
145,24.43,61.19
145,37.49,45.59
145,39.99,58.13
145,51.51,54.48
145,69.43,58.31
145,56.23,68.0
145,44.67,51.68
145,34.94,54.24
145,64.47,47.81
145,42.14,51.89
145,27.53,46.55
145,50.65,42.2
145,29.94,32.49
145,54.58,46.35
145,40.88,47.11
145,42.03,53.35
145,10.31,48.07
145,60.01,65.36
145,30.67,56.49
145,36.61,62.16
145,48.48,64.81
145,44.1,68.0
145,75.85,64.7
145,23.58,44.28
145,41.02,63.45
145,56.22,57.52
145,40.24,68.0
145,45.96,54.28
145,79.6,66.59
145,46.86,55.1
145,64.21,55.54
145,54.45,61.33
145,55.59,50.54
145,43.42,60.08
145,24.82,37.3
145,60.14,59.32
145,53.24,40.01
145,52.96,60.1
145,44.05,19.67
145,37.57,34.04
145,63.19,54.58
145,50.25,54.77
145,22.23,51.22
145,45.3,61.95
145,42.05,64.26
145,11.86,68.0
145,36.28,54.48
146,64.89,39.25
146,61.33,37.36
146,70.57,25.27
146,74.9,44.41
146,85.54,34.16
146,76.49,32.5
146,89.38,44.39
146,89.59,30.82
146,72.52,26.24
146,70.64,45.97
146,52.18,17.4
146,64.94,42.01
146,61.48,20.46
146,62.05,14.09
146,66.49,41.23
146,78.84,37.57
146,75.77,27.05
146,84.85,21.29
146,77.0,37.72
146,64.31,28.85
146,81.84,42.7
146,54.18,27.66
146,84.7,29.32
146,62.05,46.2
146,42.16,22.7
146,79.08,17.99
146,67.98,23.72
146,87.27,36.66
146,84.52,55.02
146,59.18,35.67
146,91.8,24.41
146,47.5,24.88
146,78.04,38.51
146,90.52,14.93
146,58.8,13.3
146,99.46,36.16
146,74.11,43.73
146,76.85,44.01
146,87.27,37.81
146,77.44,47.17
146,54.78,31.92
146,30.19,29.83
146,59.31,33.43
146,60.46,37.25
146,59.67,68.0
146,63.78,31.83
146,34.98,35.97
146,56.51,53.11
146,79.1,40.1
146,85.55,15.52
146,62.53,52.91
146,80.98,37.57
146,38.34,2.78
146,75.51,29.52
146,87.4,26.08
146,78.7,28.78
146,71.66,33.61
146,38.84,41.95
146,96.58,47.94
146,97.23,48.34
146,81.11,51.63
146,89.31,31.8
146,72.03,11.02
146,81.9,6.47
146,82.91,42.51
146,71.18,33.34
146,61.25,50.47
146,83.38,39.1
146,96.42,14.7
146,88.15,27.35
146,76.43,38.71
146,75.43,21.75
146,76.18,50.56
146,42.3,29.15
146,70.62,30.46
146,69.19,16.35
146,56.3,56.42
146,85.71,31.85
146,75.66,37.2
146,37.98,25.5
146,75.05,29.66
146,88.59,37.38
146,64.25,38.77
146,58.68,40.34
146,55.24,45.12
146,73.3,41.63
146,62.56,40.0
146,52.88,26.76
146,93.06,31.52
146,74.65,20.5
146,65.19,28.5
146,93.76,38.7
146,75.57,38.41
146,70.25,41.29
146,74.83,50.18
146,65.13,19.55
146,70.19,13.46
146,79.59,31.11
146,93.86,50.22
146,64.86,49.86
146,80.16,36.18
146,52.83,30.86
146,78.58,36.88
146,95.45,46.32
146,72.31,25.43
146,64.49,27.72
146,65.09,35.05
146,78.29,46.31
146,72.78,43.19
146,66.74,12.33
146,80.49,43.21
146,60.59,33.84
146,83.25,41.0
146,67.9,31.63
146,80.57,39.49
146,82.92,34.51
146,46.75,28.01
146,71.08,25.66
146,52.12,31.89
146,49.5,19.76
146,68.95,29.13
146,75.99,30.46
146,51.92,45.4
146,75.53,41.3
146,60.63,56.14
146,72.88,15.55
146,104.88,31.18
146,67.87,47.56
146,57.2,37.02
146,71.77,31.6
146,69.53,23.74
146,67.51,41.64
146,72.45,36.05
146,69.6,30.28
146,55.91,45.09
146,82.72,58.62
146,89.08,24.23
146,67.16,40.42
146,76.56,35.52
146,45.41,41.14
146,71.76,48.53
146,97.0,49.64
146,82.4,28.52
146,74.0,15.76
146,71.42,32.97
146,68.11,33.04
146,77.46,3.72
146,85.37,45.14
146,65.48,28.22
146,81.76,33.43
146,61.49,27.72
146,66.32,31.72
146,57.55,48.04
146,74.08,34.93
146,73.09,57.34
146,77.15,40.92
146,76.01,41.72
146,81.4,31.75
146,99.1,33.34
146,81.53,45.36
146,46.35,47.06
146,68.78,36.93
146,71.54,40.12
146,51.4,32.46
146,82.79,36.42
146,95.25,34.96
146,60.73,34.43
146,88.42,45.02
146,85.95,33.45
146,75.57,27.08
146,82.8,31.04
146,62.06,30.85
146,86.96,38.85
146,88.46,27.86
147,8.34,16.48
147,14.87,27.46
147,20.92,35.94
147,23.91,29.63
147,16.15,21.92
147,42.08,44.29
147,8.04,44.66
147,0.0,42.29
147,7.55,29.97
147,18.33,31.74
147,13.91,47.73
147,0.0,42.82
147,3.61,47.9
147,0.0,34.92
147,0.0,40.7
147,6.78,41.31
147,14.07,49.87
147,0.0,8.93
147,0.0,35.35
147,17.24,44.49
147,0.0,46.94
147,0.0,29.02
147,36.58,38.29
147,1.15,42.09
147,0.0,47.8
147,0.0,37.91
147,0.0,36.83
147,29.44,31.02
147,7.06,46.33
147,0.0,47.68
147,15.29,45.48
147,30.26,42.16
147,5.78,36.7
147,29.23,27.54
147,3.63,25.86
147,0.0,45.33
147,31.53,46.46
147,0.0,36.7
147,0.65,36.69
147,21.51,36.35
147,8.46,47.18
147,6.57,42.32
147,4.69,29.26
147,0.0,39.6
147,10.35,16.59
147,14.34,27.21
147,5.1,14.76
147,15.37,24.58
147,13.36,25.6
147,13.04,11.09
147,4.31,46.9
147,3.17,28.4
147,12.82,30.45
147,0.0,24.53
147,45.7,40.22
147,0.0,49.19
147,0.71,39.75
147,14.68,37.83
147,17.49,12.28
147,0.0,32.88
147,0.0,41.12
147,8.65,47.19
147,0.0,40.67
147,0.0,56.97
147,19.4,25.99
147,18.62,25.99
147,8.15,38.22
147,18.01,48.05
147,9.21,49.83
147,0.0,11.61
147,0.0,35.21
147,16.12,44.48
147,0.0,44.17
147,18.52,40.21
147,4.03,33.06
147,24.89,0.61
147,0.0,56.62
147,0.0,40.73
147,10.68,24.3
147,3.47,30.44
147,9.92,36.87
147,7.05,39.23
147,1.3,18.71
147,4.51,23.1
147,0.0,39.5
147,27.37,27.65
147,0.0,14.44
147,13.66,25.29
147,0.0,33.86
147,0.0,15.97
147,11.25,51.98
147,31.48,47.07
147,13.74,44.08
147,15.14,35.0
147,1.52,20.41
147,7.72,24.77
147,5.31,48.55
147,11.87,25.27
147,23.99,33.64
147,3.31,30.81
147,8.2,32.28
147,2.74,32.62
147,4.49,31.37
147,22.6,29.03
147,13.69,30.49
147,12.0,31.7
147,6.23,23.61
147,0.0,18.59
147,16.92,29.93
147,18.78,24.37
147,19.34,33.27
147,7.69,22.26
147,0.0,13.18
147,16.22,50.0
147,21.93,27.04
147,18.8,9.54
147,0.0,42.18
147,12.79,28.59
147,0.0,33.25
147,25.32,35.29
147,10.13,44.12
147,10.5,36.36
147,28.04,17.59
147,0.29,19.84
147,9.5,17.19
147,0.0,27.52
147,0.0,37.28
147,11.62,24.06
147,11.03,25.54
147,0.0,25.08
147,17.48,26.57
147,7.45,40.49
147,17.78,29.88
147,11.06,45.26
147,21.59,27.25
147,23.08,33.45
147,10.59,31.01
147,20.0,36.33
147,19.47,39.06
147,0.0,33.51
147,0.0,62.87
147,0.0,50.06
147,16.63,27.35
147,0.0,48.17
147,0.0,46.98
147,0.0,19.21
147,3.03,10.41
147,13.98,36.06
147,24.81,32.24
147,20.38,6.43
147,10.32,35.11
147,0.0,34.22
147,0.0,27.02
147,1.67,51.07
147,4.28,31.25
147,9.3,29.37
147,19.63,33.72
147,16.73,18.72
147,9.21,23.64
147,2.82,2.72
147,0.0,37.96
147,0.0,43.79
147,0.0,36.82
147,41.7,35.96
147,33.93,32.71
147,0.0,50.21
147,13.11,31.96
147,0.0,43.42
147,10.91,42.3
147,1.62,18.4
147,6.16,40.75
147,21.67,21.26
147,12.84,27.35
147,19.31,31.54
147,14.53,47.31
147,0.0,25.65
147,0.0,37.17
147,4.11,16.37
147,4.08,31.48
147,1.2,28.28
147,0.0,47.41
147,8.87,25.29
147,25.18,16.35
147,0.0,28.8
147,0.0,26.78
147,11.4,36.25
147,0.0,48.1
147,0.0,29.89
147,35.5,37.62
147,15.31,32.51
147,42.7,39.11
147,0.0,22.86
147,35.1,33.37
147,0.0,44.01
147,19.64,25.24
147,0.0,31.71
147,11.78,32.86
147,12.69,17.3
147,2.17,41.55
147,0.0,27.34
147,4.35,33.1
147,11.12,40.37
147,0.0,41.48
147,5.31,20.54
147,7.17,38.17
147,13.87,44.44
148,64.93,28.74
148,65.98,25.16
148,70.81,31.92
148,48.1,52.31
148,47.33,48.16
148,74.73,34.27
148,55.64,18.97
148,40.83,37.54
148,57.66,28.18
148,58.39,23.38
148,62.99,41.03
148,54.81,19.91
148,82.4,35.14
148,48.17,38.91
148,34.58,41.25
148,40.74,19.89
148,50.24,52.39
148,65.99,36.93
148,57.13,33.7
148,64.3,19.12
148,51.07,24.63
148,65.13,29.76
148,39.18,33.37
148,61.83,37.46
148,67.52,29.79
148,47.75,49.6
148,81.59,29.5
148,35.35,35.8
148,68.84,46.17
148,70.58,27.63
148,48.47,18.63
148,63.84,29.11
148,48.55,43.71
148,63.52,34.42
148,56.82,41.11
148,59.72,19.23
148,52.1,15.92
148,52.17,40.06
148,49.65,37.53
148,68.05,23.61
148,81.39,21.08
148,89.3,31.87
148,71.86,33.19
148,59.64,20.27
148,72.68,32.92
148,64.29,17.73
148,55.27,26.69
148,85.38,19.23
148,72.47,32.5
148,50.11,26.66
148,72.3,48.55
148,67.29,37.05
148,47.62,19.26
148,60.79,43.72
148,59.08,31.53
148,26.08,42.02
148,41.52,19.47
148,74.04,40.31
148,50.54,56.25
148,67.56,40.12
148,76.42,27.18
148,33.04,46.35
148,80.92,26.18
148,57.75,39.02
148,65.02,58.42
148,85.18,27.34
148,72.52,39.34
148,57.68,55.77
148,53.05,44.54
148,54.15,41.57
148,52.64,12.11
148,76.41,23.13
148,67.02,43.26
148,62.72,30.31
148,57.15,28.28
148,69.47,46.66
148,35.5,41.0
148,84.21,24.68
148,56.52,42.1
148,47.62,23.14
148,74.9,16.22
148,74.6,37.17
148,59.04,20.04
148,77.26,19.85
148,73.04,22.42
148,64.94,35.43
148,38.68,42.24
148,61.64,30.36
148,60.11,20.33
148,56.77,21.17
148,55.18,16.47
148,69.77,41.43
148,43.82,23.61
148,75.52,36.02
148,59.35,13.65
148,49.05,47.49
148,56.23,33.37
148,62.59,16.25
148,78.75,26.85
148,69.23,35.5
148,75.36,23.76
148,59.18,37.49
148,57.24,47.55
148,84.14,43.54
148,58.21,33.21
148,52.88,49.19
148,51.55,35.62
148,63.83,32.08
148,45.91,32.37
148,62.38,34.43
148,62.13,38.24
148,67.69,23.62
148,37.25,45.92
148,34.02,47.72
148,54.31,60.64
148,58.19,14.58
148,45.48,33.84
148,42.21,24.65
148,65.62,40.6
148,55.95,46.93
148,70.51,33.93
148,42.11,30.14
148,58.59,28.23
148,81.74,31.44
148,56.13,37.71
148,52.42,37.64
148,71.86,50.05
148,75.84,31.85
148,51.74,43.68
148,52.7,23.91
148,71.25,19.78
148,63.9,44.81
148,64.19,38.32
148,63.08,28.06
148,59.34,23.75
148,73.03,28.66
148,78.05,36.29
148,46.61,35.63
148,71.53,18.0
148,59.43,19.94
148,43.28,35.43
148,47.98,40.37
148,54.68,25.27
148,73.76,18.32
148,46.56,34.32
148,36.59,9.71
148,56.56,29.71
148,53.79,40.53
148,73.92,31.29
148,63.34,16.75
148,69.26,50.57
148,54.89,34.06
148,44.17,36.29
148,77.06,43.66
148,52.33,32.0
148,68.42,30.97
148,55.22,47.5
148,68.55,25.0
148,63.93,44.06
148,61.67,21.56
148,65.37,25.99
148,56.87,37.2
148,37.84,49.71
148,63.76,35.62
148,74.89,18.6
148,59.42,41.82
148,55.92,25.26
148,63.39,40.96
148,72.73,37.16
148,56.35,17.49
148,40.57,37.96
148,62.05,20.42
148,64.74,48.87
148,62.26,16.7
148,53.57,32.25
148,64.35,23.59
148,57.0,49.52
148,54.32,16.96
148,56.29,59.64
148,62.25,30.03
148,63.65,27.79
148,53.32,42.5
148,62.59,33.62
148,64.96,24.65
148,67.25,25.6
148,66.26,28.53
148,76.93,26.38
148,68.92,42.91
148,86.05,34.95
148,73.41,39.09
148,73.0,29.39
148,44.06,41.09
148,69.83,26.37
148,71.06,23.87
148,59.43,28.4
148,33.38,49.67
148,29.72,27.66
148,56.37,28.16
148,53.01,36.4
148,40.61,32.56
148,65.03,22.04
148,45.26,21.01
148,38.34,42.24
148,86.82,20.93
148,66.56,43.73
148,54.46,28.86
148,41.64,8.45
148,48.49,41.12
148,51.91,42.82
148,52.93,40.4
148,55.81,28.87
148,44.65,30.09
148,48.64,29.0
148,37.76,26.07
148,34.26,37.09
148,40.04,31.74
148,52.07,28.89
148,56.0,26.17
148,66.05,35.62
148,65.4,47.94
148,68.11,35.31
148,56.04,19.09
148,68.52,33.73
148,32.14,39.29
148,67.85,41.81
148,59.48,39.68
148,72.5,35.47
148,25.16,63.82
148,71.86,20.9
148,38.86,50.39
148,74.55,40.09
148,49.04,59.23
148,65.4,18.06
148,58.88,50.9
148,73.19,52.02
148,61.97,32.27
148,80.41,24.65
148,50.64,57.35
148,46.55,24.93
148,51.5,45.51
148,68.23,50.45
148,68.77,32.23
148,43.27,32.16
148,48.98,53.42
148,63.75,30.62
148,76.19,27.87
148,50.87,4.31
148,41.46,46.34
148,73.04,29.89
148,37.27,42.61
148,67.02,32.38
148,31.81,48.69
148,58.44,49.13
148,55.41,23.05
148,49.83,28.9
148,78.71,40.39
148,58.92,49.48
148,57.81,35.24
148,56.66,36.36
148,50.02,37.83
148,83.76,24.37
148,55.1,29.01
148,84.11,31.96
148,49.27,45.01
148,60.24,53.74
149,41.48,34.46
149,35.52,18.37
149,50.97,42.38
149,40.4,49.83
149,52.85,49.0
149,34.97,26.37
149,33.65,43.35
149,61.98,29.57
149,50.54,34.78
149,50.24,46.12
149,41.42,48.75
149,57.86,29.14
149,45.63,28.29
149,58.12,50.48
149,42.11,32.89
149,34.19,0.99
149,38.55,38.84
149,53.5,25.19
149,35.15,30.87
149,71.55,40.52
149,30.31,13.66
149,46.05,42.41
149,63.48,17.33
149,51.71,25.83
149,43.41,37.5
149,62.96,20.47
149,35.93,20.5
149,44.25,37.68
149,26.98,39.82
149,59.49,32.05
149,55.28,40.82
149,55.31,68.0
149,49.69,17.61
149,49.06,9.37
149,49.4,46.36
149,51.96,20.99
149,49.69,38.07
149,35.89,40.68
149,18.64,33.62
149,75.14,37.06
149,39.57,52.8
149,45.72,27.27
149,62.48,48.04
149,52.38,19.59
149,29.4,37.86
149,32.86,39.35
149,59.44,33.16
149,55.76,44.67
149,41.29,34.48
149,47.46,37.66
149,48.5,26.23
149,51.22,23.02
149,53.47,22.74
149,42.95,27.26
149,57.11,19.91
149,55.72,54.54
149,59.33,30.61
149,58.02,33.9
149,57.69,21.37
149,42.09,56.49
149,46.39,31.2
149,36.93,27.52
149,50.61,28.53
149,37.58,31.68
149,54.11,30.66
149,63.59,19.19
149,47.99,43.46
149,40.96,21.75
149,54.42,42.9
149,61.42,19.37
149,38.28,35.91
149,49.5,22.73
149,52.08,25.99
149,44.39,39.29
149,54.67,46.99
149,26.71,54.05
149,52.47,38.1
149,71.32,33.94
149,55.29,23.4
149,48.5,14.32
149,32.19,40.82
149,43.54,31.21
149,52.02,34.1
149,49.21,29.62
149,31.96,26.1
149,51.24,41.44
149,36.85,52.75
149,40.53,20.8
149,59.66,13.39
149,44.9,31.42
149,39.6,26.1
149,35.2,47.02
149,38.7,39.57
149,40.99,54.85
149,59.15,45.86
149,47.58,35.15
149,63.65,35.62
149,32.81,38.3
149,64.78,23.99
149,46.05,38.79
149,45.06,49.08
149,44.91,27.05
149,77.37,31.34
149,41.8,41.22
149,74.92,50.49
149,59.23,25.84
149,33.63,36.69
149,35.5,33.66
149,50.5,30.99
149,49.35,13.55
149,42.82,25.81
149,41.04,20.5
149,68.13,32.52
149,50.0,29.02
149,54.11,20.92
149,49.53,31.07
149,48.56,54.52
149,76.01,26.71
149,55.45,29.74
149,82.19,31.51
149,58.12,25.99
149,39.52,16.65
149,64.17,53.9
149,47.0,13.86
149,67.82,15.14
149,39.21,42.24
149,27.4,11.46
149,49.33,42.48
149,67.08,43.47
149,39.8,25.18
149,55.54,34.46
149,39.24,33.44
149,60.27,25.14
149,43.25,27.23
149,51.49,32.27
149,43.67,28.86
149,38.25,40.33
149,23.01,32.35
149,31.1,38.96
149,44.38,29.73
149,53.83,41.04
149,72.1,43.72
149,41.24,12.22
149,39.72,38.16
149,30.78,26.36
149,59.12,29.17
149,55.43,37.44
149,53.82,35.35
149,52.48,31.43
149,43.15,41.27
149,65.66,35.97
149,37.9,25.66
149,41.84,46.09
149,34.79,45.71
149,46.32,34.15
149,37.92,27.86
149,39.82,25.51
149,32.4,52.4
149,35.54,31.97
149,27.09,35.6
149,52.66,38.64
149,36.79,3.61
149,68.95,23.93
149,60.31,58.22
149,48.91,3.23
149,55.41,17.54
149,59.16,29.06
149,41.57,23.09
149,45.36,25.74
149,62.02,21.29
149,62.86,32.11
149,37.97,37.93
149,77.85,38.41
149,30.42,24.96
149,18.29,44.7
149,70.39,35.57
149,57.47,45.78
149,50.41,37.17
149,58.53,31.12
149,39.17,31.39
149,25.41,37.88
149,42.15,47.89
149,38.94,35.38
149,35.15,36.3
149,40.16,40.22
149,40.35,14.47
149,41.86,18.27
149,52.95,36.4
149,55.25,23.48
149,51.89,31.09
149,14.97,33.85
149,34.77,60.54
149,34.95,32.06
149,63.56,10.74
149,36.97,36.24
149,23.34,45.19
149,56.96,39.86
149,49.19,39.11
149,80.69,25.9
149,30.05,29.38
149,45.17,24.66
149,34.52,25.92
149,34.54,31.71
149,37.3,44.12
149,33.72,65.69
149,50.42,35.61
149,48.82,39.95
149,47.59,7.47
149,64.49,29.16
149,55.26,50.85
149,58.86,35.03
149,50.1,32.85
149,52.02,65.91
149,60.06,47.09
149,33.14,42.49
149,39.5,33.3
149,48.95,36.99
150,65.01,29.12
150,50.89,45.53
150,72.64,37.42
150,81.93,48.05
150,95.48,25.45
150,70.63,26.49
150,67.47,40.05
150,86.46,34.74
150,60.0,18.16
150,68.91,54.57
150,72.07,53.27
150,71.07,36.11
150,88.63,26.44
150,78.96,26.69
150,64.98,38.25
150,68.94,49.8
150,105.0,63.1
150,53.23,30.68
150,47.58,30.08
150,55.86,32.18
150,75.95,38.49
150,86.78,24.6
150,70.5,19.01
150,64.67,31.44
150,62.45,37.41
150,49.47,52.86
150,92.79,22.13
150,69.37,46.42
150,74.89,32.88
150,83.09,31.32
150,90.03,16.93
150,69.06,38.31
150,60.14,37.02
150,71.72,58.95
150,70.29,31.16
150,64.75,51.09
150,55.59,30.65
150,77.06,30.24
150,89.23,15.52
150,94.77,46.65
150,62.17,35.52
150,94.86,33.95
150,57.69,30.81
150,73.94,36.59
150,85.59,26.18
150,79.18,38.95
150,90.36,23.5
150,58.68,32.53
150,69.63,39.47
150,69.36,49.48
150,86.81,36.31
150,68.99,48.26
150,75.04,33.86
150,68.64,23.71
150,76.71,56.9
150,62.23,32.73
150,57.45,44.41
150,65.52,27.17
150,60.06,39.73
150,69.36,37.79
150,82.16,34.0
150,54.61,56.32
150,66.62,38.72
150,100.21,29.92
150,48.67,51.31
150,57.48,14.08
150,75.93,17.96
150,51.15,43.68
150,70.3,36.49
150,93.75,27.99
150,63.86,38.31
150,60.36,45.73
150,50.83,22.38
150,60.55,33.04
150,68.88,34.42
150,99.75,37.37
150,69.57,41.09
150,70.19,12.35
150,71.37,39.9
150,60.65,13.01
150,41.31,33.59
150,90.76,22.39
150,79.85,36.16
150,86.44,41.32
150,75.05,34.63
150,87.06,26.82
150,51.93,19.53
150,72.66,33.59
150,78.71,29.52
150,89.14,37.7
150,77.41,29.26
150,77.42,49.42
150,74.94,34.51
150,52.78,44.11
150,64.28,28.51
150,65.44,42.09
150,82.83,40.86
150,78.68,26.51
150,91.58,17.53
150,78.34,47.95
150,69.23,29.38
150,88.67,26.89
150,55.82,30.7
150,68.22,23.59
150,59.69,40.93
150,57.43,33.9
150,57.87,34.58
150,63.4,46.52
150,74.47,35.1
150,67.44,51.33
150,75.38,33.78
150,74.88,17.44
150,41.62,24.25
150,74.01,26.0
150,62.25,35.24
150,50.65,50.74
150,74.94,36.08
150,72.83,31.49
150,73.91,30.66
150,81.01,40.0
150,63.14,38.57
150,59.1,42.77
150,71.47,26.26
150,65.99,58.76
150,105.0,30.21
150,69.93,27.01
150,71.59,47.14
150,60.1,43.93
150,57.92,26.92
150,49.67,41.46
150,66.93,29.31
150,68.44,38.61
150,85.35,36.58
150,67.78,62.0
150,65.72,49.29
150,74.01,45.73
150,69.48,42.42
150,83.26,20.21
150,89.45,36.04
150,70.25,29.17
150,58.08,33.44
150,68.81,34.95
150,73.44,15.14
150,53.14,30.88
150,66.89,35.4
150,51.2,44.18
150,76.11,25.38
150,56.28,25.31
150,66.46,24.58
150,68.68,30.5
150,53.95,21.6
150,71.27,48.6
150,56.68,42.53
150,90.05,63.87
150,88.08,28.15
150,86.08,43.47
150,72.73,20.65
150,75.23,50.16
150,68.53,31.64
150,77.8,33.07
150,92.12,48.03
150,58.1,47.36
150,76.56,23.22
150,48.57,32.83
150,65.47,49.67
150,70.02,29.95
150,74.97,37.37
150,79.63,39.92
150,87.86,49.5
150,52.63,41.35
150,82.14,31.32
150,94.29,12.4
150,65.98,41.74
150,64.36,35.9
150,73.56,53.53
150,70.04,40.33
150,69.17,27.77
150,90.65,20.29
150,102.9,32.1
150,67.77,37.99
150,102.06,35.15
150,67.38,20.12
150,81.84,3.34
150,58.4,23.47
150,60.52,7.17
150,67.77,23.2
150,82.81,36.66
150,74.7,49.91
150,50.62,7.08
150,54.67,22.72
150,49.53,38.35
150,76.12,29.04
150,73.91,35.79
150,73.66,38.15
150,73.52,29.47
150,62.13,47.25
150,74.19,60.72
150,90.62,22.26
150,79.39,44.2
150,56.78,57.19
150,67.64,49.92
150,63.82,26.42
150,83.45,30.39
150,58.25,14.94
150,74.35,27.73
150,67.53,28.06
150,61.88,39.03
150,74.69,21.5
150,69.11,34.79
150,81.67,36.29
150,65.65,28.88
150,56.62,43.22
150,69.3,29.03
150,75.25,37.58
150,79.94,19.71
150,69.58,25.44
150,82.96,44.56
150,54.56,15.62
150,84.74,42.28
150,79.4,30.4
151,59.99,23.8
151,54.25,25.05
151,17.9,34.67
151,40.39,28.9
151,24.18,11.22
151,22.05,29.2
151,43.08,27.11
151,32.95,14.76
151,33.0,38.98
151,8.19,41.32
151,17.44,40.78
151,18.29,52.74
151,36.66,21.66
151,39.51,21.93
151,52.56,33.62
151,17.77,32.69
151,52.87,35.47
151,26.62,43.2
151,31.03,31.19
151,28.48,45.36
151,33.29,25.52
151,39.06,28.42
151,43.49,21.78
151,26.82,0.0
151,31.15,14.75
151,18.16,43.84
151,38.81,46.13
151,33.46,19.93
151,19.9,44.25
151,13.84,7.29
151,32.09,22.65
151,46.98,28.86
151,50.62,45.59
151,13.18,53.87
151,42.15,28.91
151,40.37,33.25
151,48.0,45.45
151,36.18,58.73
151,25.65,47.07
151,40.22,20.69
151,0.0,43.63
151,17.11,26.89
151,18.7,49.41
151,21.26,40.96
151,10.24,22.75
151,22.66,46.16
151,22.8,39.82
151,26.57,38.38
151,33.69,34.33
151,13.73,28.24
151,24.11,40.79
151,28.81,58.22
151,5.9,54.99
151,29.04,31.97
151,33.1,10.86
151,39.85,27.98
151,12.84,35.61
151,28.03,37.14
151,46.12,43.88
151,7.43,41.99
151,29.91,42.15
151,10.21,27.03
151,24.42,28.25
151,19.54,22.1
151,34.87,36.86
151,26.16,43.52
151,13.4,45.76
151,49.8,6.41
151,32.31,39.18
151,42.83,22.54
151,15.76,40.49
151,24.89,22.46
151,42.99,42.08
151,20.25,26.88
151,29.93,27.11
151,29.15,42.84
151,0.0,27.93
151,29.11,44.55
151,24.55,42.16
151,27.84,32.78
151,20.65,29.01
151,13.24,48.04
151,19.42,43.13
151,23.15,52.07
151,37.89,14.83
151,22.72,30.82
151,31.43,28.99
151,32.61,39.63
151,22.97,23.56
151,42.63,25.11
151,25.12,34.45
151,22.71,13.37
151,44.36,11.87
151,31.78,32.73
151,0.0,63.2
151,0.0,35.25
151,50.71,29.86
151,31.08,38.75
151,27.74,40.36
151,1.16,32.59
151,28.1,26.56
151,16.29,16.75
151,25.9,43.91
151,20.53,28.82
151,26.24,39.22
151,32.52,45.62
151,34.85,30.62
151,29.15,17.88
151,31.39,31.51
151,6.8,32.29
151,28.91,39.45
151,32.69,27.71
151,28.97,27.15
151,49.32,29.76
151,26.56,38.09
151,12.78,43.9
151,29.99,59.67
151,22.53,55.22
151,7.58,32.53
151,26.04,26.09
151,49.19,27.14
151,25.2,19.56
151,44.08,35.37
151,39.33,23.11
151,60.77,21.82
151,35.9,22.55
151,30.99,43.77
151,31.16,33.09
151,33.62,19.01
151,26.62,43.69
151,23.39,47.1
151,35.99,28.94
151,21.78,25.38
151,5.73,24.4
151,12.97,36.92
151,51.41,44.03
151,25.85,35.85
151,39.99,19.2
151,20.93,45.71
151,41.56,33.4
151,35.23,31.79
151,55.88,38.74
151,47.12,45.48
151,39.56,21.47
151,22.35,19.24
151,14.72,33.47
151,28.18,33.6
151,30.25,43.93
151,24.68,47.95
151,39.17,28.47
151,31.01,37.61
151,29.97,39.05
151,49.81,40.12
151,31.36,16.17
151,12.38,39.74
151,43.31,24.85
151,32.72,40.29
151,26.46,21.28
151,17.57,34.64
151,46.4,30.59
151,51.97,57.43
151,21.26,24.13
151,33.87,23.31
151,35.71,50.1
151,7.33,43.32
151,29.43,36.61
151,7.36,28.28
151,29.76,20.88
151,59.42,28.79
151,11.16,27.62
151,54.39,25.8
151,53.09,27.88
151,29.93,27.36
151,36.7,44.12
151,26.32,18.2
151,24.19,37.86
151,32.64,36.49
151,19.93,32.82
151,36.15,40.89
151,30.54,38.27
151,16.12,34.66
151,39.22,45.69
151,39.56,6.54
151,44.6,57.66
151,23.76,46.47
151,43.38,52.56
151,58.17,23.98
151,30.39,34.42
151,31.54,37.08
151,38.82,29.59
151,1.85,35.66
151,12.24,36.58
151,22.84,20.51
151,25.57,41.87
151,31.46,40.96
151,33.47,26.27
151,12.15,19.43
151,44.98,35.15
151,34.33,24.71
151,30.78,36.96
151,36.38,25.27
151,22.0,50.47
151,26.9,26.44
151,15.93,24.17
151,1.35,34.26
151,26.93,16.42
151,52.42,24.48
151,22.61,15.78
151,9.76,36.34
151,37.34,44.2
151,23.78,29.27
151,35.69,47.8
151,38.59,24.65
151,23.42,28.87
151,35.39,43.84
151,29.54,41.88
151,4.42,39.02
151,23.18,46.21
151,19.21,33.43
151,10.39,37.33
151,18.99,26.51
151,38.73,55.19
151,30.18,29.05
151,5.88,31.66
151,15.56,36.31
151,30.2,41.34
151,29.96,41.23
151,25.83,4.2
151,39.79,53.44
151,34.8,51.71
151,22.57,47.78
151,21.22,35.61
151,27.38,47.72
151,2.91,36.88
151,33.8,36.75
151,13.67,41.68
151,45.72,39.98
151,7.74,45.26
151,34.8,10.33
151,4.11,33.02
151,21.61,20.57
151,35.14,44.24
151,41.93,23.97
151,41.27,30.89
151,38.93,44.3
151,40.38,48.39
151,41.48,43.71
151,22.64,42.28
151,24.95,20.94
151,38.7,22.81
151,44.13,19.26
151,27.8,22.38
151,22.76,35.74
151,22.33,45.06
151,18.91,45.02
151,35.77,13.63
151,44.4,33.6
151,35.97,30.99
151,29.43,8.51
151,54.6,43.13
151,29.76,42.82
151,47.8,27.32
151,15.72,30.6
151,32.71,35.6
151,17.14,38.55
152,45.88,54.52
152,79.36,40.74
152,75.85,30.94
152,45.8,54.54
152,48.35,14.0
152,46.21,42.8
152,40.7,6.06
152,85.36,50.57
152,50.45,22.7
152,69.87,30.63
152,55.6,23.36
152,57.15,40.51
152,56.24,31.97
152,64.78,49.2
152,57.6,26.75
152,69.69,21.01
152,75.02,28.82
152,51.94,52.02
152,62.65,45.47
152,38.76,46.72
152,53.21,27.94
152,60.24,19.48
152,57.41,49.64
152,58.58,18.85
152,66.72,34.07
152,69.43,26.68
152,32.36,34.83
152,62.38,15.2
152,55.91,43.36
152,53.74,49.08
152,78.15,45.49
152,37.16,21.76
152,59.31,38.78
152,78.71,32.12
152,60.94,33.99
152,47.65,52.25
152,57.19,29.21
152,83.02,41.47
152,75.24,14.8
152,53.27,34.79
152,79.95,44.24
152,68.28,32.35
152,26.95,40.76
152,58.62,25.08
152,83.73,28.87
152,57.96,32.52
152,79.77,28.03
152,41.35,43.88
152,42.98,46.02
152,74.72,41.12
152,71.08,6.15
152,59.66,30.5
152,71.3,43.26
152,52.3,32.2
152,45.36,31.55
152,65.03,44.29
152,56.27,44.85
152,65.42,40.58
152,62.68,17.63
152,55.64,21.69
152,84.49,38.33
152,46.51,11.12
152,61.99,52.04
152,58.79,35.5
152,64.0,26.26
152,60.61,28.15
152,74.04,47.28
152,64.06,20.14
152,51.54,12.85
152,46.65,23.07
152,50.0,37.25
152,49.43,51.62
152,68.82,47.39
152,58.93,29.2
152,65.14,37.11
152,42.09,37.83
152,55.89,36.44
152,66.28,12.34
152,73.52,30.55
152,40.69,42.69
152,80.38,54.52
152,78.73,38.38
152,73.23,46.02
152,76.45,43.71
152,55.08,29.82
152,49.63,19.31
152,61.1,46.45
152,63.91,54.38
152,51.87,29.36
152,67.66,47.11
152,78.32,35.65
152,71.64,18.82
152,60.61,34.52
152,28.27,27.75
152,40.03,38.87
152,58.78,38.39
152,68.35,26.9
152,41.51,19.61
152,61.25,28.96
152,69.25,51.05
152,59.16,21.09
152,51.92,41.97
152,40.73,40.58
152,70.04,27.93
152,51.49,24.73
152,81.4,40.53
152,62.3,33.69
152,64.8,28.46
152,70.82,39.19
152,55.26,51.89
152,66.11,47.64
152,51.61,35.41
152,49.59,0.0
152,48.15,31.37
152,53.64,22.96
152,86.76,31.76
152,48.25,30.16
152,67.98,30.53
152,57.05,45.84
152,45.23,31.5
152,70.29,31.02
152,53.46,39.24
152,54.2,22.37
152,74.08,30.28
152,56.59,18.93
152,62.91,40.85
152,59.64,36.55
152,58.78,56.76
152,42.84,16.03
152,71.15,44.67
152,62.89,14.71
152,70.58,23.05
152,61.5,10.4
152,73.73,34.76
152,61.97,37.0
152,77.84,30.46
152,48.23,9.96
152,49.72,28.14
152,83.23,35.42
152,70.75,23.94
153,59.87,62.83
153,72.95,56.91
153,97.6,63.23
153,80.57,51.42
153,54.38,68.0
153,91.63,68.0
153,68.62,36.11
153,70.96,61.88
153,57.24,68.0
153,75.93,60.67
153,48.6,54.95
153,59.35,40.83
153,81.9,51.99
153,75.65,49.8
153,64.2,65.09
153,71.48,66.36
153,83.06,53.58
153,78.98,44.96
153,82.61,32.0
153,58.56,61.88
153,64.8,60.95
153,99.16,32.43
153,68.84,61.13
153,68.03,65.0
153,75.6,25.13
153,76.87,44.32
153,61.03,68.0
153,41.64,56.25
153,69.82,68.0
153,73.75,58.12
153,51.0,67.82
153,77.47,52.36
153,78.36,48.39
153,86.64,38.18
153,59.73,61.72
153,78.78,46.44
153,81.17,45.25
153,93.21,38.66
153,85.07,56.22
153,87.73,64.25
153,75.98,53.26
153,68.13,52.31
153,90.51,68.0
153,57.5,38.16
153,93.83,68.0
153,84.29,41.09
153,69.63,54.64
153,53.34,60.02
153,73.09,66.74
153,65.74,38.38
153,53.43,57.8
153,66.57,49.21
153,85.74,66.92
153,73.87,49.08
153,70.86,34.66
153,53.61,60.01
153,71.63,55.64
153,94.46,68.0
153,74.49,66.57
153,69.3,46.32
153,83.72,66.69
153,90.45,57.06
153,91.95,63.84
153,78.48,47.66
153,52.65,51.82
153,86.9,63.15
153,68.9,64.03
153,67.16,32.82
153,61.34,62.37
153,81.05,46.71
153,86.44,58.58
153,65.32,37.8
153,82.36,65.71
153,88.29,63.43
153,78.76,46.92
153,74.01,60.42
153,72.02,55.59
153,65.47,62.65
153,83.89,40.78
153,88.81,42.66
153,75.71,47.95
153,68.22,55.44
153,80.39,68.0
153,62.26,57.9
153,90.35,66.4
153,88.84,46.36
153,80.46,49.7
153,68.43,48.57
153,71.51,53.82
153,51.38,63.33
153,64.04,52.31
153,83.55,52.67
153,63.95,62.39
153,105.0,50.43
153,67.55,47.48
153,61.94,52.31
153,78.38,68.0
153,78.97,65.69
153,91.75,68.0
153,70.67,41.67
153,62.45,60.29
153,66.42,51.9
153,89.64,52.56
153,95.33,39.05
153,66.25,68.0
153,72.05,38.16
153,91.98,65.79
153,83.56,51.67
153,66.35,45.98
153,58.57,45.49
153,65.2,56.55
153,84.7,51.97
153,54.25,56.05
153,76.29,34.16
153,68.9,33.29
153,64.13,35.97
153,67.32,64.83
153,85.03,68.0
153,80.57,53.1
153,87.1,64.18
153,63.07,59.81
153,51.83,68.0
153,76.04,68.0
153,73.47,42.4
153,67.27,58.12
153,47.91,65.42
153,84.85,65.47
153,35.28,64.44
153,82.89,55.64
153,82.3,63.44
153,81.49,40.37
153,72.78,40.91
153,44.07,68.0
153,52.75,67.97
153,62.76,68.0
153,97.66,54.31
153,86.04,45.25
153,71.25,53.94
153,65.64,68.0
153,75.34,46.78
153,84.62,54.09
153,77.52,68.0
153,55.53,56.89
153,92.27,51.73
153,79.87,64.31
153,67.04,50.75
153,78.2,61.25
153,89.4,29.44
153,78.63,36.73
153,79.36,53.43
153,93.55,68.0
153,65.52,54.2
153,61.19,55.43
153,67.9,58.75
153,84.95,51.47
153,86.46,38.3
153,76.1,63.58
153,62.99,58.92
153,97.14,59.77
153,58.9,43.74
153,68.04,68.0
153,64.84,51.28
153,87.8,68.0
153,71.7,32.79
153,95.39,51.31
153,84.41,68.0
153,61.9,54.43
153,69.88,28.99
153,67.06,45.44
153,91.99,59.08
153,85.0,68.0
153,53.38,52.84
153,80.83,68.0
153,73.18,60.34
153,57.42,51.47
153,63.25,64.66
153,71.19,66.57
153,45.23,52.84
153,76.88,48.09
153,75.1,38.21
153,70.7,60.6
153,74.47,49.66
153,71.06,61.75
153,59.39,59.22
153,65.67,59.87
153,63.9,54.19
153,82.19,41.97
153,60.15,61.2
153,66.82,65.22
153,74.35,68.0
153,54.19,49.47
153,68.08,44.48
153,74.3,43.16
153,76.01,55.45
153,78.39,64.83
153,63.95,65.8
153,59.64,68.0
153,67.77,60.24
153,76.38,42.81
153,70.08,58.64
153,59.34,32.91
153,102.65,52.19
153,63.58,51.33
153,56.62,61.06
153,64.84,60.84
153,85.22,47.87
153,81.4,48.19
153,97.19,56.71
153,60.85,61.24
153,70.07,64.09
153,87.17,50.66
153,60.36,55.46
153,89.07,44.54
153,74.45,44.68
153,63.62,34.74
153,51.69,49.04
153,80.79,68.0
153,93.19,68.0
153,78.42,62.24
153,79.16,67.06
153,77.43,64.91
153,85.99,57.91
153,89.94,29.2
153,36.5,68.0
153,69.84,53.72
153,65.96,53.66
153,76.45,68.0
153,68.85,57.76
153,79.79,68.0
153,78.34,46.86
153,49.09,67.4
153,45.7,53.3
153,83.83,57.1
153,63.2,46.31
153,96.34,49.07
153,85.08,68.0
153,50.76,61.7
153,63.63,60.66
153,77.12,38.04
153,68.2,38.35
153,71.75,45.85
153,59.6,51.64
153,78.49,54.87
153,74.25,59.48
153,83.82,67.25
153,73.37,68.0
153,65.83,58.14
153,75.78,46.69
153,78.72,64.02
153,74.03,58.03
153,89.97,61.13
153,59.89,68.0
153,85.81,51.74
153,58.15,68.0
153,82.49,40.33
153,47.29,64.01
153,70.11,48.84
153,86.4,58.47
153,68.61,59.62
153,72.65,52.14
153,77.42,48.95
153,43.61,46.66
153,77.67,59.16
153,61.38,62.98
153,85.99,68.0
153,72.38,53.19
153,77.16,39.11
153,58.12,61.2
153,83.91,36.87
153,73.09,68.0
153,53.82,64.34
153,66.75,44.91
154,94.9,20.65
154,78.0,37.5
154,97.66,43.52
154,100.19,38.67
154,80.57,30.29
154,99.49,41.44
154,103.7,31.19
154,95.35,43.96
154,95.09,37.88
154,80.69,31.93
154,105.0,20.16
154,75.24,34.19
154,82.25,22.21
154,100.2,22.04
154,83.11,30.17
154,84.1,33.16
154,70.3,20.86
154,81.9,32.18
154,105.0,31.38
154,83.32,27.4
154,104.63,31.18
154,81.51,41.09
154,74.15,29.74
154,77.87,40.4
154,97.43,33.12
154,59.63,45.2
154,105.0,42.93
154,94.2,31.66
154,83.14,26.51
154,77.68,39.34
154,81.22,28.23
154,102.96,16.76
154,67.49,42.09
154,87.28,27.27
154,102.68,11.23
154,61.66,33.16
154,79.83,44.3
154,68.32,27.51
154,71.25,30.17
154,90.81,39.49
154,96.44,28.99
154,82.67,32.86
154,68.51,43.85
154,76.75,41.45
154,93.16,36.49
154,87.54,15.66
154,72.66,40.42
154,81.66,29.65
154,98.14,39.39
154,90.61,17.31
154,74.41,44.31
154,91.32,24.75
154,80.69,38.74
154,79.6,44.27
154,89.72,38.3
154,73.72,38.25
154,82.28,34.97
154,101.61,20.58
154,105.0,48.58
154,65.73,46.05
154,76.59,29.79
154,102.69,0.0
154,71.68,45.07
154,86.34,13.97
154,105.0,39.85
154,78.54,25.99
154,84.73,39.28
154,71.26,22.92
154,96.92,34.06
154,64.74,15.23
154,79.01,34.17
154,71.13,33.95
154,83.82,41.9
154,105.0,28.74
154,93.02,37.11
154,91.1,29.64
154,91.84,38.99
154,87.7,38.3
154,104.69,43.68
154,98.06,21.1
154,71.08,32.99
154,100.67,37.12
154,91.06,54.01
154,93.91,55.81
154,61.88,19.05
154,88.01,27.24
154,86.19,6.51
154,78.99,58.16
154,101.95,37.49
154,66.74,40.39
154,105.0,30.52
154,73.47,33.96
154,94.11,46.42
154,90.79,22.49
154,103.19,21.58
154,105.0,31.35
154,82.34,34.11
154,90.29,40.11
154,82.45,34.22
154,75.43,24.71
154,88.44,29.81
154,87.65,35.95
154,88.14,41.27
154,83.08,44.99
154,92.42,30.98
154,98.16,26.22
154,72.32,24.12
154,96.02,46.83
154,105.0,29.2
154,71.42,25.6
154,90.01,35.84
154,93.91,51.76
154,98.18,23.83
154,99.65,40.5
154,103.66,29.0
154,89.77,35.22
154,75.03,42.92
154,83.35,47.38
154,105.0,28.17
154,76.56,42.25
154,94.75,36.61
154,98.99,38.43
154,95.96,47.59
154,100.08,26.18
154,87.59,42.52
154,86.68,35.73
154,105.0,47.02
154,105.0,38.51
154,105.0,32.34
154,95.14,43.58
154,80.51,27.75
154,89.78,29.6
154,86.32,25.74
154,102.31,27.11
154,93.08,3.91
154,95.59,28.38
154,87.57,33.19
154,55.57,42.36
154,105.0,23.87
154,87.16,28.49
154,100.59,32.06
154,83.6,42.42
154,105.0,35.98
154,81.05,38.12
154,87.08,43.7
154,88.21,39.53
154,68.39,27.37
154,93.34,52.81
154,98.76,13.08
154,93.46,43.88
154,105.0,38.84
154,76.42,47.69
154,65.58,31.44
154,72.51,28.54
154,89.09,21.88
154,103.59,22.3
154,90.27,32.16
154,81.59,24.74
154,105.0,26.17
154,86.5,22.34
154,70.14,45.37
154,100.98,26.05
154,96.39,38.42
154,91.09,32.61
154,105.0,37.82
154,86.64,31.11
154,91.64,42.52
154,75.32,40.75
154,78.85,47.3
154,81.84,26.73
154,97.01,24.69
154,79.21,29.72
154,86.74,35.25
154,85.1,39.8
154,87.32,27.11
154,78.06,36.2
154,85.31,31.99
154,73.02,31.07
154,87.48,33.9
154,87.63,50.51
154,88.94,42.7
154,95.27,45.54
154,105.0,37.99
154,66.44,53.37
154,83.18,43.79
154,76.13,18.32
154,92.05,42.0
154,97.2,37.72
155,72.76,53.16
155,51.17,68.0
155,83.14,53.6
155,75.92,49.94
155,99.32,49.8
155,78.87,39.84
155,83.02,60.82
155,81.53,63.12
155,75.02,62.74
155,75.53,64.51
155,73.27,49.43
155,42.97,54.18
155,88.59,68.0
155,88.72,50.81
155,85.23,49.8
155,75.15,66.93
155,72.24,47.23
155,59.25,43.4
155,57.72,44.44
155,66.28,68.0
155,76.64,67.06
155,78.86,62.82
155,67.3,45.66
155,57.05,61.47
155,65.33,68.0
155,72.45,59.96
155,53.7,43.83
155,76.38,61.87
155,94.96,54.23
155,63.56,57.5
155,101.55,45.37
155,64.84,47.62
155,71.1,50.8
155,80.28,47.44
155,73.4,55.35
155,51.96,48.48
155,77.25,68.0
155,75.01,61.41
155,70.58,64.34
155,74.93,54.47
155,79.75,33.94
155,62.47,65.23
155,80.97,54.79
155,66.08,60.58
155,93.96,55.22
155,87.52,31.51
155,61.04,51.27
155,89.99,46.91
155,79.3,58.28
155,80.89,61.04
155,71.64,68.0
155,69.54,61.13
155,70.48,49.84
155,61.61,51.35
155,49.68,61.67
155,65.71,65.29
155,65.65,42.3
155,59.83,53.28
155,81.57,54.3
155,77.17,38.23
155,66.3,63.92
155,69.95,58.48
155,76.9,53.84
155,64.55,58.68
155,40.79,63.19
155,89.55,68.0
155,72.51,63.2
155,77.51,43.4
155,76.24,68.0
155,55.24,43.65
155,65.07,60.29
155,73.83,53.72
155,71.41,54.7
155,59.25,60.17
155,78.45,61.01
155,81.4,68.0
155,69.05,48.76
155,87.03,60.4
155,80.93,62.69
155,79.03,68.0
155,67.51,61.5
155,71.79,43.35
155,84.83,68.0
155,55.16,51.12
155,56.0,46.53
155,68.7,68.0
155,73.74,57.46
155,72.73,53.81
155,80.79,68.0
155,77.14,50.36
155,74.27,50.28
155,70.08,61.46
155,84.62,31.17
155,89.6,57.77
155,70.15,56.87
155,79.06,46.61
155,70.65,55.81
155,58.27,58.85
155,52.33,55.52
155,89.29,64.98
155,84.4,58.97
155,79.23,54.14
155,86.98,63.72
155,63.59,58.95
155,85.58,68.0
155,78.53,67.26
155,68.4,50.18
155,44.04,37.09
155,55.41,48.54
155,96.36,33.54
155,95.91,63.32
155,55.57,52.8
155,48.04,47.54
155,90.94,62.58
155,72.95,51.94
155,64.63,60.34
155,57.96,53.07
155,57.85,56.85
155,90.96,68.0
155,77.24,66.06
155,50.7,68.0
155,64.87,59.79
155,94.57,36.09
155,77.92,48.47
155,55.84,38.23
155,65.55,66.1
155,72.58,56.17
155,86.34,68.0
155,72.72,67.42
155,91.9,54.62
155,77.41,68.0
155,44.21,66.55
155,80.95,56.9
155,71.63,60.78
155,67.43,68.0
155,79.13,60.92
155,70.77,48.67
155,76.62,43.06
155,67.2,53.09
155,66.68,48.51
155,88.39,58.25
155,75.48,50.33
155,79.32,51.78
155,66.49,68.0
155,87.83,68.0
155,76.68,47.45
155,69.61,52.05
155,90.47,53.47
155,69.6,59.45
155,76.35,59.78
155,58.37,50.42
155,65.87,61.61
155,84.1,50.92
155,73.34,51.89
155,75.2,46.0
155,72.83,67.39
155,73.36,66.0
155,66.98,59.81
155,67.88,63.29
155,70.18,68.0
155,70.23,64.27
155,80.01,64.01
155,79.58,51.28
155,91.13,39.46
155,83.0,47.3
155,62.48,68.0
155,65.29,53.39
155,86.1,68.0
155,82.58,61.96
155,87.51,55.67
155,73.95,46.07
155,70.62,48.26
155,78.45,54.55
155,56.14,54.52
155,71.43,62.01
155,99.47,48.54
155,69.71,48.94
155,73.8,65.6
155,71.36,68.0
155,93.54,56.94
155,58.6,60.88
155,82.77,54.39
155,68.8,55.29
155,65.55,53.67
155,52.21,52.15
155,96.29,62.11
155,83.41,62.79
155,56.75,53.32
155,57.63,49.68
155,65.61,50.75
155,80.49,63.17
155,72.33,47.17
155,62.13,44.82
155,72.95,59.11
155,90.48,55.26
155,81.74,54.47
155,50.52,65.17
155,60.32,55.43
155,72.3,48.8
155,75.74,57.88
155,91.02,48.83
155,73.87,65.74
155,81.01,56.25
155,45.57,44.68
155,68.83,57.71
155,83.09,47.25
155,98.55,67.3
155,56.58,54.91
155,71.77,62.93
155,51.1,49.2
155,71.35,53.87
155,87.54,60.56
155,86.0,54.27
155,73.37,46.19
156,60.02,62.23
156,69.28,58.39
156,63.34,52.16
156,67.68,55.66
156,68.13,49.98
156,70.91,67.37
156,55.55,54.55
156,68.59,45.72
156,86.52,68.0
156,96.41,47.99
156,59.17,46.17
156,88.02,42.76
156,103.07,48.44
156,71.45,64.21
156,80.64,38.61
156,87.19,57.77
156,68.33,49.59
156,86.36,47.07
156,71.52,36.87
156,86.45,55.51
156,93.72,37.15
156,90.36,52.91
156,69.92,59.76
156,81.78,31.15
156,67.91,63.63
156,59.18,34.25
156,71.13,68.0
156,84.63,53.86
156,70.46,46.51
156,92.93,58.25
156,75.01,46.09
156,60.09,29.28
156,70.44,68.0
156,65.68,52.18
156,91.13,56.83
156,80.57,54.18
156,73.2,46.86
156,83.68,43.71
156,63.95,64.02
156,59.24,61.64
156,57.67,55.52
156,50.23,67.24
156,60.21,55.18
156,81.34,68.0
156,83.5,68.0
156,62.71,67.91
156,47.89,60.52
156,68.74,44.89
156,80.5,60.88
156,84.84,50.79
156,77.16,63.92
156,60.92,68.0
156,83.47,55.01
156,79.13,43.68
156,83.61,63.72
156,62.42,55.91
156,80.67,68.0
156,85.29,56.6
156,56.44,55.23
156,66.0,57.05
156,54.23,59.39
156,63.44,34.2
156,72.65,47.07
156,55.18,68.0
156,88.46,48.83
156,88.65,55.68
156,72.3,53.48
156,65.46,48.44
156,73.43,54.23
156,92.97,44.76
156,82.12,39.71
156,50.61,58.27
156,44.7,68.0
156,62.22,64.22
156,73.44,64.45
156,51.87,67.6
156,71.32,58.26
156,52.21,56.26
156,74.1,46.55
156,76.83,64.67
156,96.15,59.05
156,72.28,48.43
156,69.38,52.54
156,91.34,43.61
156,82.49,61.78
156,74.55,68.0
156,70.05,43.57
156,96.11,67.5
156,64.48,68.0
156,54.8,43.21
156,71.51,33.26
156,69.89,56.69
156,89.67,54.09
156,76.02,53.58
156,85.9,68.0
156,40.71,52.13
156,69.66,68.0
156,93.18,39.11
156,59.97,46.46
156,70.37,46.4
156,84.91,53.94
156,67.44,68.0
156,84.17,43.71
156,66.15,46.06
156,73.51,49.02
156,82.72,55.01
156,59.81,57.78
156,63.42,51.71
156,85.89,41.82
156,63.76,54.93
156,75.64,68.0
156,86.66,66.07
156,75.2,50.97
156,77.55,56.79
156,94.14,61.49
156,103.91,65.73
156,75.77,68.0
156,68.49,58.95
156,84.83,43.1
156,63.9,39.16
156,91.07,62.63
156,66.89,40.08
156,68.5,64.97
156,60.66,49.44
156,62.96,42.63
156,89.35,61.65
156,78.45,44.75
156,73.32,61.19
156,100.65,58.01
156,75.54,35.08
156,73.77,68.0
156,59.53,68.0
156,63.48,66.47
156,61.84,66.7
156,65.09,47.98
156,67.92,68.0
156,70.29,64.34
156,83.09,32.99
156,73.67,45.38
156,97.25,47.66
156,82.19,68.0
156,64.82,45.38
156,79.88,49.55
156,75.97,41.88
156,92.15,50.75
156,84.68,67.38
156,74.88,40.34
156,96.73,61.19
156,81.24,46.35
156,81.82,68.0
156,93.54,57.26
156,85.14,55.08
156,76.81,49.61
156,72.99,58.36
156,47.75,39.82
156,50.01,57.07
156,72.47,49.55
156,66.78,49.07
156,74.24,68.0
156,87.22,68.0
156,63.96,68.0
156,53.51,65.35
156,57.11,60.49
156,61.21,68.0
156,59.18,59.61
156,74.56,62.8
156,94.01,68.0
156,81.99,64.98
156,82.95,60.88
156,76.85,64.75
156,57.9,57.22
156,103.13,61.59
156,69.87,62.65
156,84.09,42.42
156,44.91,47.9
156,72.84,64.01
156,71.77,57.45
156,70.53,55.81
156,55.78,59.23
156,76.58,34.19
156,89.86,54.14
156,101.3,54.23
156,95.43,57.98
156,90.44,65.4
156,96.22,51.98
156,97.74,68.0
156,61.99,45.29
156,77.27,63.63
156,57.41,50.29
156,81.0,68.0
156,70.8,58.43
156,71.99,42.73
156,70.44,57.14
156,41.56,60.41
156,49.18,58.48
156,85.13,59.62
156,65.24,53.53
156,87.3,49.85
156,71.9,37.92
156,53.38,62.41
156,55.79,61.58
156,65.27,68.0
156,61.94,55.54
156,72.85,59.05
156,77.28,57.66
156,78.42,65.53
156,76.97,50.34
156,85.49,57.66
156,87.04,56.3
156,61.92,64.18
156,49.76,68.0
156,65.18,59.64
156,75.08,40.11
156,67.17,43.11
156,82.23,67.61
156,56.68,37.7
156,94.54,59.48
156,84.2,47.96
156,68.99,68.0
156,64.07,42.67
156,72.02,48.72
156,88.92,64.59
156,68.81,53.45
156,66.44,48.09
156,73.94,45.38
156,57.68,48.77
156,87.98,46.03
156,82.08,55.86
156,85.77,68.0
156,92.01,68.0
156,63.72,68.0
156,74.2,54.57
156,72.77,63.87
156,94.6,57.4
156,68.61,46.97
156,50.73,36.15
156,68.02,36.62
156,85.52,57.71
156,80.93,41.0
156,72.78,47.25
156,69.06,60.06
156,78.43,30.35
157,39.7,23.19
157,54.15,53.9
157,35.46,46.39
157,65.17,22.89
157,59.28,37.67
157,38.58,23.48
157,45.45,21.97
157,63.77,6.52
157,53.27,40.98
157,45.06,28.98
157,38.32,42.64
157,46.54,36.48
157,42.62,20.61
157,52.02,43.25
157,43.92,39.71
157,35.42,28.72
157,62.27,44.73
157,55.06,31.02
157,35.03,25.35
157,40.33,31.9
157,57.23,29.93
157,37.1,17.68
157,45.79,5.0
157,44.22,52.12
157,38.6,46.46
157,34.2,50.26
157,47.29,43.92
157,35.9,29.45
157,40.25,32.06
157,59.04,27.22
157,38.68,39.95
157,53.95,39.2
157,60.44,30.23
157,46.61,38.82
157,54.63,46.76
157,36.86,33.97
157,57.64,21.2
157,56.39,39.02
157,66.91,20.55
157,63.24,25.1
157,51.44,37.04
157,83.88,40.81
157,59.49,35.05
157,64.55,22.86
157,42.01,64.64
157,43.21,28.26
157,48.94,39.0
157,34.97,27.57
157,48.49,23.66
157,47.49,34.57
157,62.22,29.14
157,63.17,35.05
157,49.57,26.78
157,43.15,35.48
157,71.28,25.75
157,28.23,45.84
157,27.83,37.28
157,54.25,32.62
157,47.1,33.82
157,44.01,29.85
157,24.22,35.31
157,36.58,50.47
157,67.21,27.72
157,65.0,35.76
157,58.28,25.56
157,37.39,6.7
157,43.67,40.74
157,42.77,45.86
157,39.2,38.79
157,40.93,59.68
157,46.69,30.04
157,28.82,24.15
157,63.35,47.02
157,46.24,47.71
157,41.47,46.08
157,27.51,22.11
157,58.18,26.31
157,34.45,15.93
157,54.27,55.7
157,36.55,23.88
157,49.48,20.73
157,31.33,32.85
157,45.79,35.29
157,46.99,41.33
157,50.1,32.57
157,59.48,26.53
157,54.71,29.65
157,68.32,27.36
157,29.4,49.33
157,75.19,33.93
157,60.22,40.98
157,42.25,31.7
157,60.86,13.9
157,70.96,52.07
157,62.46,40.39
157,35.16,38.27
157,48.53,10.68
157,57.81,32.47
157,47.59,50.97
157,53.72,48.25
157,54.63,31.61
157,35.17,47.41
157,64.36,51.27
157,49.19,32.3
157,47.42,48.5
157,36.31,48.0
157,44.86,43.23
157,60.18,44.29
157,51.12,24.39
157,57.2,42.63
157,47.56,32.62
157,49.14,24.05
157,26.66,50.73
157,53.09,32.7
157,45.47,36.58
157,52.13,35.55
157,20.04,16.88
157,80.93,30.75
157,48.96,42.51
157,54.0,34.16
157,53.03,30.12
157,43.89,37.67
157,53.48,45.81
157,63.43,16.02
157,50.32,32.85
157,59.16,34.21
157,58.0,53.46
157,57.18,47.27
157,72.06,18.81
157,52.58,48.74
157,47.0,32.34
157,47.45,16.3
157,53.31,19.22
157,30.42,49.02
157,66.19,39.0
157,44.83,23.19
157,46.8,51.41
157,31.06,41.81
157,49.42,31.18
157,30.38,37.29
157,26.13,24.35
157,38.51,55.99
157,44.79,20.95
157,36.85,19.83
157,51.72,36.14
157,63.94,65.69
157,50.84,18.54
157,19.19,42.97
157,47.76,34.77
157,55.55,38.39
157,43.19,46.56
157,52.1,26.46
157,51.44,31.17
157,33.7,26.42
157,63.66,49.42
157,44.24,47.99
157,43.72,21.64
157,53.88,38.19
157,27.13,45.54
157,64.46,16.51
158,40.11,58.35
158,64.16,68.0
158,60.7,45.78
158,28.21,56.61
158,55.37,58.76
158,54.85,51.54
158,17.65,43.58
158,53.3,57.09
158,40.64,49.27
158,60.68,54.31
158,34.88,54.46
158,47.59,42.37
158,39.04,49.22
158,37.74,49.5
158,17.56,54.74
158,59.85,59.22
158,61.09,57.53
158,46.94,63.58
158,50.82,55.72
158,36.46,68.0
158,59.97,58.29
158,49.2,39.33
158,46.81,49.74
158,65.13,68.0
158,29.09,39.26
158,20.75,59.26
158,51.78,68.0
158,43.29,40.52
158,31.24,68.0
158,48.24,68.0
158,50.72,51.09
158,57.43,33.47
158,31.66,60.91
158,40.68,53.25
158,49.89,52.18
158,60.41,61.62
158,57.83,54.37
158,39.59,36.8
158,52.75,52.97
158,39.23,58.23
158,40.64,59.67
158,41.95,68.0
158,37.65,32.89
158,55.55,65.34
158,58.1,50.02
158,40.8,56.28
158,48.26,63.78
158,41.0,45.87
158,33.82,50.0
158,31.82,60.42
158,68.73,47.7
158,36.33,57.86
158,54.26,42.36
158,51.07,67.52
158,30.51,62.49
158,51.51,45.79
158,49.84,66.19
158,45.69,58.83
158,40.33,43.69
158,45.96,61.73
158,52.15,62.02
158,34.81,36.74
158,64.68,27.43
158,54.93,49.71
158,14.73,46.04
158,43.09,61.14
158,73.68,46.83
158,50.65,47.53
158,36.58,68.0
158,54.32,68.0
158,18.46,37.41
158,49.5,68.0
158,39.48,68.0
158,46.56,52.67
158,28.71,49.91
158,40.4,33.42
158,12.05,39.44
158,37.96,53.01
158,47.57,49.05
158,60.48,50.46
158,78.04,58.17
158,35.35,68.0
158,52.57,47.75
158,41.63,47.77
158,42.11,52.77
158,47.16,51.36
158,43.94,68.0
158,70.28,52.08
158,42.12,64.26
158,31.13,68.0
158,48.39,68.0
158,32.04,52.24
158,41.2,49.11
158,59.78,43.73
158,42.77,55.39
158,52.77,36.89
158,43.28,68.0
158,49.39,48.25
158,36.95,54.67
158,56.55,57.24
158,28.87,41.06
158,35.59,65.27
158,47.06,59.47
158,56.72,51.25
158,48.75,58.45
158,52.66,53.36
158,30.16,54.12
158,41.89,46.92
158,49.1,55.61
158,46.73,58.91
158,31.94,45.21
158,35.04,57.44
158,44.29,33.08
158,55.71,67.95
158,73.3,40.82
158,31.82,35.32
158,46.66,48.78
158,32.75,56.82
158,45.69,51.06
158,40.99,63.28
158,51.31,51.73
158,20.16,52.18
158,41.68,52.95
158,47.41,68.0
158,48.66,49.97
158,50.27,68.0
158,48.06,68.0
158,62.34,41.59
158,63.29,64.86
158,43.28,47.89
158,39.23,56.3
158,48.61,37.09
158,56.5,53.77
158,46.54,68.0
158,31.85,46.19
158,58.47,63.18
159,55.31,48.54
159,60.8,44.93
159,64.39,38.01
159,77.16,50.01
159,56.24,26.74
159,90.7,42.67
159,37.99,32.41
159,53.49,50.85
159,77.37,37.01
159,53.89,24.75
159,63.52,49.44
159,48.76,30.06
159,42.81,21.45
159,54.55,51.15
159,71.09,41.42
159,53.42,24.87
159,60.09,33.23
159,54.74,32.92
159,70.11,24.54
159,40.43,24.93
159,59.8,33.27
159,56.72,45.18
159,49.42,43.54
159,77.07,28.31
159,38.7,43.52
159,65.97,50.75
159,67.16,24.92
159,56.14,42.44
159,86.55,34.52
159,66.86,31.36
159,51.92,34.53
159,69.24,43.29
159,55.12,20.47
159,55.98,34.37
159,75.9,30.33
159,68.3,34.59
159,75.21,32.32
159,28.96,26.09
159,65.91,55.09
159,81.06,5.56
159,46.76,40.63
159,63.58,40.72
159,58.45,35.22
159,70.74,37.41
159,54.31,41.35
159,71.74,28.57
159,57.67,30.33
159,96.77,30.89
159,66.18,39.62
159,91.22,40.03
159,69.9,22.83
159,56.54,33.73
159,62.02,27.68
159,66.52,24.14
159,31.64,29.25
159,73.99,22.16
159,63.68,14.63
159,68.58,35.4
159,69.52,44.83
159,44.65,31.08
159,62.61,44.62
159,61.56,42.95
159,45.28,24.9
159,80.33,25.38
159,85.8,18.68
159,56.41,37.05
159,68.07,40.05
159,60.64,34.37
159,56.69,25.9
159,55.55,33.51
159,44.94,42.0
159,66.04,40.87
159,53.01,40.01
159,69.07,37.81
159,55.41,46.93
159,45.88,23.57
159,52.2,27.65
159,65.7,24.01
159,56.53,29.82
159,48.97,50.39
159,81.88,25.92
159,43.29,26.11
159,77.89,15.52
159,75.59,41.24
159,72.44,33.82
159,70.87,49.46
159,50.9,49.53
159,53.76,21.86
159,85.95,33.34
159,74.69,48.07
159,67.49,26.01
159,53.6,44.9
159,49.49,6.73
159,45.93,33.43
159,52.02,27.19
159,57.58,45.78
159,63.25,29.91
159,76.73,43.09
159,88.89,39.84
159,80.68,25.78
159,44.7,43.86
159,51.27,40.07
159,48.72,17.48
159,75.45,39.84
159,71.5,28.9
159,54.98,39.22
159,60.01,36.88
159,64.39,45.22
159,68.72,44.53
159,77.74,25.48
159,64.31,28.42
159,58.92,31.32
159,66.98,45.83
159,58.91,29.66
159,66.85,37.62
159,59.23,44.04
159,77.14,34.6
159,78.26,53.12
159,59.08,28.1
159,88.65,39.99
159,64.27,38.4
159,67.1,35.44
159,80.31,10.57
159,87.92,31.01
159,76.92,14.87
159,65.89,28.57
159,56.69,33.19
159,65.72,59.35
159,69.39,42.32
159,67.02,22.68
159,58.63,36.21
159,51.73,38.64
159,64.17,35.11
159,52.88,34.2
159,39.51,27.9
159,49.73,37.97
159,55.35,36.88
159,50.88,41.47
159,63.87,43.23
159,44.55,42.87
159,45.92,35.18
160,63.31,46.09
160,41.85,68.0
160,51.41,53.54
160,49.63,59.37
160,81.31,45.85
160,75.72,42.88
160,84.24,67.0
160,80.73,56.77
160,87.49,57.72
160,88.69,59.43
160,86.29,66.72
160,86.57,68.0
160,95.3,43.56
160,101.07,52.99
160,74.97,44.51
160,93.98,57.81
160,66.42,51.58
160,67.14,52.43
160,95.56,53.39
160,75.32,52.82
160,52.35,68.0
160,58.42,34.6
160,63.95,54.19
160,58.73,39.4
160,80.96,57.69
160,62.78,40.3
160,70.37,55.17
160,66.11,47.83
160,56.25,67.72
160,56.88,39.52
160,85.85,40.97
160,78.25,43.28
160,32.43,59.99
160,65.75,58.15
160,85.61,52.58
160,81.34,62.86
160,101.63,30.9
160,70.65,53.13
160,78.88,55.61
160,62.52,57.77
160,53.89,56.53
160,78.74,58.58
160,68.89,60.75
160,105.0,68.0
160,66.35,63.7
160,68.53,39.27
160,75.05,65.07
160,86.23,54.2
160,85.13,49.56
160,52.41,39.91
160,90.99,52.61
160,71.88,58.02
160,39.18,64.09
160,74.03,43.73
160,60.76,51.27
160,89.38,50.4
160,78.48,49.58
160,87.99,39.1
160,89.52,44.16
160,68.06,52.53
160,77.25,62.76
160,88.78,53.3
160,76.89,42.69
160,63.29,52.98
160,92.78,42.2
160,74.33,64.03
160,63.77,68.0
160,98.9,56.89
160,49.23,63.27
160,65.33,48.0
160,66.54,58.38
160,85.41,55.16
160,69.44,66.45
160,65.1,48.94
160,87.57,54.56
160,84.16,43.31
160,70.26,62.47
160,77.03,48.4
160,59.35,51.86
160,71.02,45.53
160,73.09,53.24
160,57.17,63.19
160,52.5,59.23
160,68.82,68.0
160,87.72,48.11
160,81.54,55.4
160,66.21,67.96
160,105.0,45.0
160,60.06,68.0
160,81.15,68.0
160,67.13,43.27
160,89.78,68.0
160,72.52,52.4
160,70.89,36.85
160,86.53,43.34
160,71.85,53.7
160,83.6,50.9
160,72.57,46.75
160,39.85,41.79
160,102.03,39.97
160,80.74,68.0
160,69.99,59.34
160,91.74,66.46
160,61.43,45.14
160,62.15,51.11
160,55.61,44.29
160,71.4,49.99
160,65.4,67.19
160,70.22,50.72
160,54.9,54.37
160,65.08,48.14
160,79.92,64.01
160,91.75,49.29
160,74.58,68.0
160,67.53,51.71
160,82.19,68.0
160,89.31,68.0
160,88.6,55.42
160,80.65,56.75
160,64.2,68.0
160,73.28,59.58
160,77.15,62.6
160,42.1,68.0
160,74.36,58.27
160,96.42,32.89
160,65.68,57.9
160,50.4,68.0
160,65.34,59.46
160,64.88,43.26
160,88.32,55.06
160,105.0,68.0
160,76.02,40.4
160,62.92,37.07
160,58.27,46.79
160,87.41,68.0
160,83.41,33.48
160,89.23,57.33
160,67.13,61.46
160,95.21,56.02
160,76.27,39.71
160,64.73,57.44
160,47.31,44.01
160,67.32,57.6
160,67.17,46.2
160,60.08,59.65
160,79.81,55.45
160,65.0,42.1
160,61.63,62.08
160,62.08,54.39
160,55.55,59.5
160,66.58,58.16
160,66.91,67.02
160,70.82,62.33
160,78.97,60.45
160,93.9,35.07
160,87.13,51.18
160,53.67,26.97
160,85.62,39.48
160,88.08,67.49
160,83.85,49.57
160,68.13,67.23
160,93.04,45.98
160,62.33,53.11
160,87.87,56.26
160,87.48,68.0
160,80.49,65.66
160,50.63,49.18
160,76.63,49.25
160,84.82,56.77
160,74.63,68.0
160,72.93,55.65
160,69.14,45.79
160,67.15,46.33
160,72.76,52.85
160,89.58,58.39
160,64.86,44.93
160,79.1,65.34
160,39.04,47.7
160,67.17,68.0
160,83.28,57.77
160,87.07,51.26
160,59.54,23.98
160,77.68,51.05
160,84.12,55.15
160,63.47,55.64
160,52.2,61.61
160,56.39,50.87
160,53.18,61.75
160,83.13,45.16
160,75.21,66.23
160,68.28,66.38
161,26.95,36.26
161,26.17,30.42
161,46.17,28.82
161,31.89,47.43
161,19.34,0.0
161,28.53,59.01
161,23.12,34.89
161,31.62,6.02
161,27.16,61.07
161,11.71,7.56
161,15.37,9.17
161,24.48,24.14
161,47.25,32.27
161,5.53,47.22
161,34.52,30.21
161,50.26,25.14
161,42.55,30.61
161,29.67,30.55
161,27.05,49.83
161,38.33,45.61
161,49.61,27.36
161,39.34,30.21
161,32.41,13.55
161,45.73,40.95
161,32.32,33.43
161,31.2,38.27
161,38.25,40.95
161,21.7,51.12
161,68.88,29.71
161,32.05,34.59
161,27.6,51.23
161,40.97,32.09
161,44.25,33.01
161,21.1,63.03
161,7.78,33.5
161,25.7,53.09
161,33.7,27.85
161,20.36,29.0
161,29.67,11.93
161,28.33,40.73
161,8.73,41.89
161,38.6,34.98
161,41.68,39.04
161,32.56,43.63
161,35.04,17.7
161,21.51,34.77
161,28.45,52.25
161,38.75,30.89
161,12.23,18.87
161,16.71,45.9
161,11.46,35.63
161,51.89,33.7
161,26.4,29.52
161,48.68,44.12
161,29.04,27.95
161,53.32,49.91
161,46.02,34.93
161,21.1,45.15
161,31.47,43.86
161,16.95,21.01
161,38.61,39.26
161,44.01,31.05
161,54.43,41.22
161,47.91,33.34
161,35.63,13.29
161,34.6,42.7
161,26.8,9.45
161,53.71,35.56
161,18.77,54.84
161,16.51,49.41
161,15.74,38.43
161,43.97,28.38
161,42.52,33.31
161,35.78,45.57
161,34.07,25.32
161,14.62,38.6
161,33.53,24.64
161,46.03,30.9
161,15.93,28.81
161,14.13,38.56
161,34.05,40.03
161,39.96,57.69
161,40.6,32.32
161,45.74,37.55
161,32.09,46.93
161,8.46,33.72
161,36.71,35.07
161,45.45,40.7
161,21.92,26.56
161,28.22,36.21
161,1.7,25.08
161,26.36,30.49
161,50.77,57.61
161,24.22,32.41
161,16.27,36.44
161,55.48,4.89
161,37.99,38.85
161,36.19,55.74
161,32.03,24.67
161,21.23,45.92
161,26.58,27.18
161,51.6,15.79
161,21.07,29.19
161,47.75,26.48
161,34.54,35.27
161,34.61,30.67
161,8.29,23.02
161,35.53,39.86
161,29.16,46.91
161,9.03,41.14
161,30.54,35.96
161,24.47,33.15
161,33.44,40.44
161,18.9,27.95
161,16.8,43.26
161,31.23,19.9
161,24.86,14.81
161,25.61,40.75
161,14.13,22.19
161,29.25,25.69
161,38.33,22.58
161,33.57,40.56
161,25.21,25.23
161,8.66,49.29
161,18.92,42.45
161,20.32,36.91
161,40.91,51.59
161,40.43,23.72
161,34.05,35.43
161,25.49,8.82
161,46.94,28.19
161,38.18,19.51
161,3.02,44.01
161,50.57,47.87
161,27.89,31.01
161,42.23,59.14
161,36.12,24.71
161,13.23,20.94
161,23.92,28.05
161,4.96,38.2
161,19.94,44.41
161,31.84,42.72
161,30.89,30.27
161,21.29,46.35
161,26.71,28.29
161,31.43,66.0
161,38.73,45.82
161,21.86,11.84
161,28.04,28.64
161,13.7,25.68
161,14.16,57.31
161,44.69,23.74
161,49.88,9.23
162,68.3,47.04
162,43.46,23.41
162,58.58,23.03
162,43.09,26.87
162,66.65,43.19
162,53.27,43.67
162,36.3,25.14
162,51.0,29.04
162,70.86,32.06
162,51.37,49.3
162,55.03,11.43
162,54.23,18.38
162,38.8,60.74
162,26.59,46.96
162,53.21,17.61
162,67.09,68.0
162,55.95,41.02
162,30.72,35.24
162,53.72,50.25
162,60.48,24.38
162,63.73,28.66
162,56.28,34.84
162,51.58,39.55
162,39.96,37.71
162,45.86,36.26
162,61.23,29.64
162,37.27,37.88
162,36.78,36.96
162,57.56,33.89
162,53.17,31.08
162,67.28,28.29
162,60.07,17.9
162,41.06,49.66
162,68.37,42.25
162,52.22,45.08
162,57.44,21.25
162,43.7,28.5
162,54.95,33.23
162,41.54,37.93
162,20.7,25.54
162,71.96,53.07
162,37.09,43.68
162,41.09,35.99
162,40.26,37.33
162,72.03,31.57
162,54.71,26.5
162,56.67,7.48
162,61.01,43.64
162,58.27,34.64
162,51.32,47.02
162,50.9,40.4
162,67.93,33.69
162,32.7,34.99
162,36.96,25.91
162,56.88,20.86
162,52.74,23.11
162,43.93,23.44
162,79.34,31.86
162,33.0,42.61
162,49.04,41.53
162,52.05,17.3
162,43.09,43.46
162,39.69,35.56
162,44.36,41.71
162,69.01,39.66
162,43.36,15.58
162,53.4,36.18
162,40.42,50.19
162,57.55,20.94
162,62.29,23.83
162,45.8,12.12
162,57.2,29.05
162,46.57,17.81
162,48.62,24.53
162,53.91,36.71
162,52.13,42.97
162,51.11,12.66
162,28.86,28.94
162,31.94,31.44
162,25.52,32.57
162,29.79,42.79
162,53.98,42.82
162,43.41,43.74
162,39.79,36.67
162,71.43,31.24
162,63.63,28.4
162,27.33,40.64
162,36.72,24.74
162,35.67,24.81
162,48.81,39.49
162,31.21,42.22
162,39.15,34.02
162,53.43,40.98
162,46.26,31.06
162,30.97,32.36
162,49.32,38.03
162,49.68,25.37
162,50.79,41.9
162,29.7,31.34
162,60.75,32.05
162,41.53,34.97
162,33.03,43.14
162,48.91,9.74
162,56.61,20.06
162,55.75,45.29
162,64.73,39.37
162,39.74,29.15
162,26.95,34.75
162,43.74,40.57
162,11.25,51.08
162,37.16,29.39
162,43.65,48.49
162,41.59,40.25
162,54.62,23.84
162,47.72,27.32
162,53.82,47.3
162,51.65,49.56
162,28.7,33.46
162,55.82,46.1
162,40.98,37.9
162,50.8,33.26
162,54.0,36.09
162,37.66,18.66
162,39.02,31.02
162,48.44,28.22
162,41.74,45.02
162,70.36,36.74
162,48.13,31.39
162,32.89,46.25
162,75.1,17.37
162,52.57,23.51
162,47.52,47.9
162,67.73,41.06
162,52.01,16.58
162,46.94,36.4
162,27.21,20.06
162,18.22,29.31
162,63.87,39.04
162,51.89,33.63
162,45.39,33.24
162,46.17,24.94
162,51.99,46.69
162,56.25,39.46
162,37.89,25.14
162,50.51,35.35
162,54.84,30.59
162,41.48,27.97
162,19.07,35.59
162,37.99,52.39
162,31.06,24.46
163,83.87,34.04
163,71.11,31.27
163,78.39,42.87
163,73.6,26.67
163,55.32,37.45
163,58.47,30.86
163,85.71,39.85
163,66.03,40.81
163,67.78,35.15
163,81.95,45.48
163,70.4,41.55
163,81.24,30.75
163,70.61,36.3
163,58.61,36.77
163,85.22,44.38
163,61.3,17.9
163,88.4,45.73
163,79.45,16.85
163,65.21,38.82
163,79.73,38.74
163,65.96,31.75
163,62.06,40.37
163,74.75,20.92
163,82.11,25.22
163,75.6,22.34
163,62.42,26.71
163,54.48,45.34
163,69.71,47.47
163,57.77,32.95
163,70.72,35.98
163,71.55,54.96
163,81.26,29.4
163,80.4,26.56
163,84.77,44.0
163,71.77,28.2
163,66.78,23.34
163,77.71,43.52
163,77.5,48.9
163,76.93,28.56
163,96.83,33.62
163,80.64,43.74
163,87.38,25.64
163,57.91,44.29
163,59.34,49.92
163,61.94,20.42
163,72.2,19.24
163,70.14,16.25
163,75.43,28.29
163,93.48,20.15
163,70.83,45.93
163,78.29,23.4
163,73.0,29.53
163,86.07,37.96
163,80.28,24.92
163,71.35,34.08
163,84.5,41.1
163,79.94,68.0
163,83.23,38.16
163,72.58,16.6
163,80.64,41.59
163,69.05,37.37
163,58.78,39.49
163,66.04,32.91
163,79.96,43.66
163,78.94,31.23
163,63.08,37.36
163,89.89,36.23
163,59.09,35.15
163,74.14,30.4
163,66.62,46.28
163,74.54,49.15
163,55.73,55.26
163,50.33,35.43
163,64.08,36.51
163,80.83,37.19
163,74.44,25.33
163,54.39,43.75
163,84.58,31.1
163,74.87,40.54
163,81.8,21.35
163,67.6,40.27
163,48.7,48.18
163,91.34,26.93
163,69.77,29.34
163,84.85,29.03
163,67.0,29.04
163,73.21,49.02
163,50.85,35.64
163,61.24,23.81
163,91.27,25.44
163,83.35,11.92
163,87.4,26.01
163,78.32,20.66
163,75.27,21.15
163,84.41,29.82
163,83.89,22.54
163,75.93,32.67
163,73.25,38.37
163,84.45,37.66
163,58.53,36.72
163,68.09,6.44
163,53.87,28.8
163,59.63,48.07
163,74.73,57.49
163,82.07,42.9
163,95.73,34.65
163,70.54,24.84
163,66.76,47.75
163,71.04,32.3
163,75.15,31.27
163,95.43,46.64
163,72.11,0.09
163,57.78,33.22
163,77.02,17.78
163,73.1,40.08
163,71.51,51.8
163,68.52,39.43
163,98.92,55.67
163,65.44,36.3
163,52.04,49.88
163,64.2,16.51
163,65.63,36.31
163,55.54,19.43
163,69.55,38.22
163,92.97,30.48
163,55.48,31.83
163,53.99,31.65
163,81.69,45.54
163,69.39,36.12
163,67.04,36.07
163,86.04,34.18
163,64.79,41.9
163,51.65,31.59
163,82.41,21.84
163,71.21,44.57
163,70.52,29.16
163,46.66,37.07
163,58.99,42.39
163,69.41,22.23
163,58.16,25.01
163,84.42,18.26
163,71.16,30.17
163,68.88,45.64
163,84.67,33.73
163,64.42,49.55
163,77.01,37.59
163,72.01,27.73
163,82.91,26.5
163,77.69,51.4
163,80.15,42.59
163,65.38,32.02
163,64.72,35.49
163,70.83,29.11
163,80.07,6.22
163,76.96,34.96
163,82.13,20.31
163,61.08,30.02
163,54.72,20.14
163,65.79,31.95
163,63.56,23.04
163,59.76,34.75
163,69.29,41.64
163,55.41,37.44
163,64.78,17.8
163,59.44,15.69
163,56.83,19.89
163,56.01,45.28
163,59.26,58.08
163,78.7,26.6
163,68.33,22.74
163,73.44,49.25
163,69.34,29.4
163,80.27,33.13
163,78.52,35.79
163,78.9,26.47
163,69.58,25.47
163,71.53,33.15
163,56.66,29.48
163,62.87,14.41
163,81.56,24.12
163,64.81,32.48
163,68.68,27.9
163,79.76,39.46
163,75.05,25.43
164,46.97,16.5
164,39.31,0.0
164,42.55,9.5
164,21.43,20.15
164,46.01,21.09
164,71.59,8.79
164,57.65,13.61
164,24.79,26.8
164,49.77,29.46
164,51.79,17.64
164,65.74,23.78
164,35.75,17.91
164,75.71,21.76
164,47.46,13.89
164,35.22,7.38
164,24.79,34.35
164,44.45,33.8
164,48.69,14.31
164,31.15,18.36
164,54.11,15.89
164,52.84,14.59
164,46.11,15.06
164,34.84,26.91
164,46.25,2.25
164,69.94,7.29
164,33.98,24.28
164,23.15,16.06
164,41.17,28.26
164,35.47,15.22
164,21.9,18.35
164,51.3,12.18
164,28.85,29.32
164,27.5,24.03
164,56.66,2.04
164,64.21,21.3
164,79.63,25.85
164,25.75,14.08
164,51.11,22.13
164,27.78,28.78
164,46.93,13.39
164,43.96,18.26
164,18.15,9.23
164,52.86,20.39
164,45.98,4.14
164,53.86,21.86
164,29.62,31.44
164,73.49,4.85
164,49.43,29.28
164,50.34,14.4
164,63.95,7.73
164,45.82,12.5
164,34.37,15.17
164,60.17,10.5
164,44.04,27.38
164,58.56,11.84
164,44.48,18.35
164,74.23,38.17
164,45.27,12.97
164,37.69,9.5
164,50.22,10.68
164,39.68,27.11
164,34.52,13.79
164,63.31,17.69
164,29.22,7.08
164,59.19,11.5
164,66.62,25.35
164,41.35,0.0
164,49.29,0.0
164,34.93,9.18
164,60.64,10.27
164,28.98,11.69
164,58.71,11.98
164,45.82,14.75
164,34.7,10.07
164,36.64,29.57
164,52.07,23.66
164,30.21,13.29
164,52.83,24.61
164,47.91,0.0
164,40.54,18.3
164,52.02,24.04
164,35.28,8.38
164,42.07,20.44
164,40.63,7.63
164,29.16,18.28
164,41.31,0.21
164,25.28,24.52
164,38.41,14.62
164,23.18,17.14
164,32.37,13.8
164,33.66,26.52
164,51.06,17.36
164,33.18,24.96
164,29.4,8.61
164,40.67,20.8
164,70.34,31.89
164,24.07,32.36
164,54.75,0.0
164,50.27,16.36
164,72.85,0.0
164,49.52,10.3
164,46.29,8.54
164,46.22,21.2
164,45.26,13.03
164,54.86,6.41
164,38.78,20.39
164,85.22,3.13
164,56.91,6.04
164,43.26,10.34
164,42.5,12.33
164,45.53,16.48
164,45.17,16.62
164,54.12,7.69
164,49.64,17.14
164,64.81,15.39
164,33.33,14.56
164,45.37,0.0
164,33.18,19.38
164,39.68,20.78
164,39.17,22.56
164,56.05,15.88
164,37.59,25.95
164,64.09,19.51
164,64.82,9.63
164,55.24,13.49
164,31.11,7.87
164,64.63,3.28
164,40.37,21.84
164,41.63,11.33
164,52.68,21.73
164,34.81,34.64
164,62.19,25.61
164,56.34,3.53
164,84.6,7.91
164,49.89,20.4
164,44.26,18.72
164,72.06,28.7
164,21.75,10.1
164,48.96,0.22
164,44.23,3.91
164,62.0,27.2
164,86.39,15.88
164,37.23,23.29
164,61.03,10.41
164,64.1,6.08
164,63.09,21.36
164,49.18,0.0
164,55.3,19.51
164,33.63,31.98
164,69.07,0.0
164,31.97,3.8
164,33.38,13.87
164,42.32,8.98
164,38.59,12.72
164,51.65,38.44
164,41.9,6.93
164,34.7,11.77
164,31.43,3.23
164,61.45,0.0
164,52.86,18.9
164,29.09,0.0
164,54.3,0.0
164,41.84,14.5
164,25.49,20.46
164,29.87,4.46
164,59.21,5.87
164,63.56,0.0
164,55.15,19.61
164,36.47,14.39
164,52.69,14.11
164,52.4,0.0
164,13.49,22.93
164,53.58,8.5
164,48.51,23.78
164,76.48,6.79
164,71.86,17.59
164,44.98,5.7
164,51.79,24.58
164,47.61,0.7
164,39.93,17.31
164,28.28,0.57
164,37.31,9.3
164,40.09,21.03
164,61.53,1.45
164,48.77,19.16
164,38.65,22.31
164,36.43,0.0
164,51.73,19.23
164,41.93,26.38
164,32.31,5.77
164,33.91,4.55
164,68.92,0.0
164,44.35,3.42
164,60.32,25.21
164,23.05,9.41
164,61.37,19.5
164,56.12,7.13
164,57.59,12.77
164,25.22,27.71
164,46.42,28.81
164,35.36,15.68
164,30.78,11.71
164,21.55,5.31
164,32.0,22.82
164,31.05,12.68
164,56.21,28.25
164,38.11,0.0
164,43.98,9.25
164,61.62,12.38
164,46.93,19.63
164,36.69,0.0
164,48.65,12.5
164,35.81,24.72
164,23.17,17.46
164,50.86,17.68
164,54.42,5.06
164,43.48,11.61
164,44.3,2.73
164,40.49,25.14
164,66.11,18.65
164,49.9,15.41
164,44.34,15.96
164,58.59,27.36
164,59.76,36.2
164,51.77,14.9
164,58.57,14.91
164,53.23,18.37
164,46.64,29.98
164,58.91,22.53
164,33.85,18.39
164,33.59,22.5
164,52.45,18.59
164,37.18,0.0
164,56.68,25.77
164,49.26,5.25
164,72.91,13.06
164,33.16,5.49
164,58.11,11.12
164,39.56,16.64
164,49.81,28.95
164,55.47,9.37
164,51.15,30.1
164,52.59,0.0
164,51.48,0.46
164,42.89,4.68
164,57.15,22.42
164,57.84,3.76
164,41.68,0.28
164,35.84,33.76
164,49.59,12.54
164,48.76,30.36
164,25.17,25.35
164,49.0,22.87
164,35.59,27.84
164,21.1,11.04
164,51.12,1.3
164,30.3,19.7
164,62.77,10.13
164,56.21,20.61
164,49.21,23.93
164,64.1,5.14
164,58.54,7.5
164,34.39,13.02
164,59.17,27.97
164,37.11,5.36
164,57.95,34.18
164,40.54,0.0
164,29.61,31.81
164,51.55,16.64
164,39.74,19.88
164,60.04,20.33
164,62.98,0.0
164,23.54,10.88
164,45.99,12.38
164,54.46,27.33
164,47.63,13.09
164,47.9,29.68
164,49.51,34.04
164,25.18,20.46
164,66.77,16.13
164,54.59,2.77
164,37.55,21.11
164,36.26,10.67
164,57.26,29.52
164,49.41,0.0
164,50.73,6.81
164,53.21,24.46
165,74.75,40.66
165,94.59,40.67
165,75.68,46.88
165,79.26,48.99
165,75.35,18.29
165,69.26,48.49
165,78.27,33.35
165,76.01,25.7
165,78.65,22.19
165,43.6,36.85
165,61.45,27.87
165,65.99,34.85
165,53.34,33.98
165,60.59,37.23
165,81.91,42.78
165,76.82,46.97
165,85.4,46.73
165,84.51,50.71
165,85.54,31.14
165,73.22,25.96
165,90.2,33.07
165,65.27,28.62
165,89.54,19.56
165,84.17,31.18
165,81.12,41.56
165,72.39,47.32
165,63.79,32.97
165,72.61,45.89
165,52.83,34.07
165,86.08,7.8
165,66.34,19.04
165,67.14,38.48
165,48.81,14.08
165,58.88,19.31
165,105.0,17.23
165,64.14,31.69
165,85.75,36.61
165,55.64,15.19
165,54.78,42.3
165,71.87,34.1
165,72.96,19.45
165,64.29,34.41
165,72.04,25.67
165,62.03,25.51
165,87.88,20.04
165,98.25,33.79
165,85.7,31.22
165,54.35,31.11
165,77.9,32.59
165,64.53,36.57
165,64.53,31.78
165,81.31,12.12
165,73.48,33.45
165,73.56,23.33
165,72.68,46.33
165,60.37,38.68
165,58.84,44.85
165,68.37,27.96
165,69.51,43.78
165,77.41,21.66
165,83.55,33.75
165,69.72,23.96
165,74.3,40.53
165,83.96,52.92
165,68.75,37.83
165,77.62,17.54
165,74.83,26.54
165,67.85,67.64
165,55.49,43.01
165,59.71,25.49
165,85.52,44.11
165,51.0,35.35
165,95.09,62.88
165,63.2,34.77
165,49.0,31.19
165,64.96,33.2
165,42.7,29.72
165,49.82,26.13
165,73.29,21.63
165,51.65,28.72
165,52.31,42.46
165,72.7,31.18
165,72.95,27.66
165,78.47,19.42
165,74.99,41.75
165,71.25,51.7
165,79.41,24.68
165,83.79,26.99
165,72.81,23.87
165,78.58,43.0
165,37.99,45.46
165,66.28,35.69
165,90.67,20.93
165,64.67,38.29
165,78.51,36.58
165,75.0,37.67
165,63.79,22.51
165,77.85,21.77
165,66.03,16.14
165,65.59,46.68
165,65.44,47.03
165,60.68,16.2
165,58.93,25.22
165,65.62,25.28
165,72.83,44.0
165,67.04,34.95
165,66.18,50.97
165,105.0,30.8
165,81.38,19.26
165,50.51,25.9
165,75.25,23.99
165,75.77,45.57
165,105.0,55.15
165,76.39,39.39
165,99.38,26.33
165,66.77,36.82
165,61.9,16.05
165,56.96,31.79
165,83.48,15.59
165,60.09,39.29
165,63.58,32.17
165,78.68,43.02
165,67.76,42.16
165,73.97,27.89
165,55.66,45.16
165,41.01,20.98
165,88.7,62.99
165,87.06,19.26
165,68.79,42.2
165,73.37,47.68
165,59.78,35.98
165,68.6,22.64
165,103.5,25.48
165,95.3,22.76
165,75.66,33.94
165,47.27,42.71
165,78.8,39.32
165,68.57,34.61
165,66.63,18.64
165,71.93,52.71
165,97.07,32.07
165,73.93,29.82
165,84.97,36.54
165,77.57,15.76
165,77.16,33.36
165,80.7,31.7
165,66.61,32.12
165,54.41,47.42
165,92.8,20.25
165,52.24,33.57
165,75.81,27.22
165,95.64,31.63
165,76.54,43.15
166,0.0,36.78
166,40.2,47.88
166,8.9,28.11
166,23.88,34.81
166,18.87,59.46
166,0.34,36.44
166,31.81,12.35
166,24.52,39.97
166,36.67,36.15
166,37.08,28.99
166,38.0,21.31
166,36.59,42.8
166,36.41,3.9
166,42.41,29.08
166,34.66,29.85
166,32.79,26.0
166,27.83,32.6
166,33.35,20.07
166,36.76,39.89
166,36.38,65.92
166,27.66,23.86
166,57.59,38.38
166,49.91,35.59
166,19.34,36.15
166,29.89,28.78
166,50.94,34.03
166,18.47,36.27
166,13.93,42.76
166,64.79,41.99
166,23.67,48.08
166,3.74,25.87
166,19.3,35.98
166,24.42,32.26
166,40.52,43.38
166,30.43,16.76
166,11.65,46.01
166,0.0,37.48
166,36.34,47.19
166,30.77,34.51
166,45.66,32.0
166,21.7,26.72
166,26.44,29.52
166,22.93,11.67
166,21.97,32.19
166,34.92,28.16
166,23.98,34.98
166,8.03,26.24
166,46.99,37.82
166,32.79,32.49
166,38.48,13.85
166,46.96,34.48
166,27.21,43.0
166,27.28,43.81
166,15.9,24.15
166,41.08,17.37
166,9.74,45.95
166,32.54,38.5
166,36.71,23.29
166,12.79,24.77
166,45.97,34.28
166,4.17,43.4
166,12.73,30.26
166,29.55,17.54
166,39.27,12.98
166,12.22,24.96
166,39.41,24.76
166,40.63,21.65
166,24.86,49.49
166,31.7,16.71
166,45.18,25.8
166,49.84,57.55
166,23.29,25.13
166,19.17,33.79
166,27.92,49.52
166,15.94,32.67
166,46.26,38.22
166,36.35,26.61
166,29.95,24.41
166,44.54,16.27
166,40.05,31.61
166,42.67,38.13
166,37.21,55.29
166,48.4,28.04
166,12.18,47.13
166,36.79,44.27
166,50.43,25.86
166,25.87,34.32
166,22.57,34.45
166,25.2,18.75
166,30.03,31.23
166,44.05,24.73
166,30.08,31.45
166,44.72,32.2
166,36.28,33.42
166,42.18,27.35
166,30.63,22.32
166,26.84,14.52
166,12.72,44.22
166,0.0,34.21
166,24.9,45.22
166,0.0,32.25
166,28.78,33.75
166,38.6,30.95
166,30.31,29.9
166,0.0,36.56
166,24.48,30.61
166,36.78,44.53
166,46.24,49.21
166,36.53,48.28
166,29.66,50.95
166,35.82,21.37
166,53.69,47.2
166,30.06,34.96
166,10.38,35.1
166,23.61,26.08
166,20.01,29.85
166,14.58,9.74
166,20.45,40.12
166,65.57,31.75
166,16.41,28.29
166,23.13,48.69
166,65.95,34.11
166,37.05,23.83
166,34.05,33.8
166,36.54,52.84
166,32.0,32.56
166,23.47,42.88
166,33.7,26.06
166,36.65,39.44
166,7.52,36.27
166,23.55,34.02
166,7.41,28.63
166,17.78,30.89
166,36.26,13.25
166,23.88,16.24
166,26.36,16.87
166,0.0,17.22
166,11.91,30.87
166,14.36,28.44
166,7.16,22.38
166,31.95,47.19
166,30.56,30.98
166,40.41,43.75
166,46.51,17.72
166,47.84,38.57
166,34.6,44.78
166,32.47,38.33
166,33.66,29.04
166,16.82,30.81
166,33.52,37.67
166,23.31,34.57
166,14.02,45.96
166,6.63,23.59
166,0.0,44.53
166,26.66,37.19
166,21.13,36.13
166,20.23,31.95
166,14.96,45.62
166,22.67,24.2
166,15.72,21.3
166,31.19,34.22
166,39.58,26.36
166,23.64,37.17
166,44.15,54.82
166,19.9,34.8
166,4.9,36.13
166,47.71,51.34
166,3.41,38.16
166,22.71,45.59
166,40.18,30.96
166,46.11,33.31
166,27.89,26.57
166,22.54,38.93
166,57.3,39.22
166,41.95,41.77
166,43.99,38.65
166,36.17,32.38
166,37.85,39.98
166,33.34,50.15
166,28.28,35.36
166,5.9,19.33
166,12.58,23.1
166,38.8,36.62
166,45.61,24.49
166,32.33,28.46
166,15.66,28.16
166,32.61,38.35
166,34.9,51.44
166,5.22,17.6
166,49.51,45.25
166,41.19,44.77
166,16.18,36.93
166,28.89,31.71
166,25.66,42.37
166,46.74,34.62
166,22.6,32.22
166,14.41,14.09
166,28.44,39.05
166,16.39,49.34
166,42.51,18.64
166,28.74,24.26
166,14.5,28.82
166,20.4,30.92
166,23.85,26.1
166,25.78,47.93
166,8.48,55.93
166,14.66,36.41
167,85.21,31.51
167,95.06,43.92
167,96.46,8.77
167,95.2,11.44
167,81.85,20.95
167,89.66,24.58
167,83.38,33.23
167,99.37,18.52
167,93.37,38.31
167,105.0,57.33
167,92.22,26.5
167,76.84,17.28
167,72.23,28.06
167,90.03,38.76
167,57.67,34.46
167,82.68,40.9
167,80.36,29.73
167,77.52,36.4
167,89.77,61.02
167,74.48,28.4
167,67.4,32.68
167,94.3,37.76
167,83.16,60.28
167,92.27,42.23
167,90.18,33.96
167,94.81,27.74
167,90.69,47.62
167,95.49,31.86
167,105.0,49.58
167,92.24,29.92
167,95.2,26.25
167,89.37,16.79
167,63.33,38.45
167,86.18,12.88
167,105.0,46.59
167,94.26,16.99
167,81.67,12.76
167,92.79,32.3
167,73.51,43.31
167,96.94,31.5
167,81.65,41.21
167,90.19,36.32
167,74.74,40.33
167,90.78,50.15
167,56.75,25.05
167,82.36,34.51
167,78.03,11.34
167,78.49,47.86
167,43.24,29.07
167,79.0,33.43
167,91.35,29.26
167,76.33,25.35
167,93.95,41.12
167,99.62,39.07
167,91.75,26.73
167,92.92,51.89
167,91.39,42.23
167,95.0,50.55
167,79.15,12.29
167,76.73,25.92
167,77.07,43.53
167,96.62,19.38
167,76.89,28.3
167,84.02,21.55
167,82.28,37.27
167,90.13,29.14
167,95.95,21.78
167,95.95,51.99
167,64.59,40.1
167,92.33,39.87
167,87.23,35.14
167,90.08,42.38
167,83.45,39.08
167,77.42,12.99
167,100.4,54.52
167,85.18,52.71
167,103.69,28.44
167,87.4,15.17
167,87.74,21.53
167,78.82,21.89
167,87.63,36.81
167,99.85,29.04
167,86.18,26.85
167,90.58,40.47
167,105.0,32.38
167,72.31,44.16
167,75.78,33.08
167,91.89,52.33
167,65.7,58.38
167,94.63,36.36
167,77.57,30.26
167,82.1,33.04
167,98.99,45.42
167,71.65,43.36
167,62.07,12.8
167,60.44,39.88
167,91.66,29.49
167,98.9,36.81
167,74.01,33.74
167,101.79,29.37
167,87.08,15.42
167,88.42,16.3
167,99.91,30.69
167,64.71,32.26
167,96.26,33.05
167,63.87,36.65
167,66.65,24.74
167,68.71,18.39
167,95.3,44.63
167,96.05,39.93
167,98.82,26.05
167,86.79,43.36
167,82.36,22.73
167,93.73,36.27
167,85.27,36.41
167,89.84,26.82
167,86.17,39.26
167,86.38,19.54
167,105.0,33.53
167,98.86,33.56
167,93.34,21.68
167,82.13,40.83
167,87.91,46.22
167,99.87,33.19
167,89.49,34.77
167,81.9,30.78
167,65.46,32.83
167,82.34,28.22
167,96.02,33.92
167,70.74,30.98
167,105.0,51.79
167,90.33,31.29
167,105.0,23.25
167,86.09,14.68
167,58.5,44.75
167,81.93,49.54
167,78.4,20.77
167,75.86,40.38
167,93.21,39.47
167,75.15,33.8
167,68.2,21.36
167,78.67,39.21
167,97.68,48.14
167,83.38,49.11
167,75.03,39.37
167,81.47,43.24
167,100.92,13.71
167,93.01,40.35
167,93.62,40.51
167,92.82,30.13
167,65.19,34.71
168,37.7,35.48
168,54.29,27.27
168,18.4,28.21
168,30.73,6.7
168,12.5,18.7
168,32.74,21.9
168,21.49,26.05
168,27.96,0.56
168,42.7,31.91
168,33.64,33.01
168,28.29,38.52
168,17.75,29.27
168,38.89,43.07
168,15.4,53.63
168,47.16,18.52
168,31.36,20.27
168,16.52,37.69
168,10.28,40.45
168,25.68,20.59
168,25.31,52.56
168,35.91,23.63
168,16.64,31.3
168,40.22,41.34
168,0.0,49.79
168,31.06,23.05
168,20.59,42.15
168,31.2,32.79
168,45.66,17.86
168,41.75,27.26
168,34.34,20.75
168,47.27,41.5
168,47.8,18.34
168,49.96,38.79
168,22.09,33.82
168,39.69,37.64
168,39.96,33.93
168,30.11,24.29
168,43.43,38.14
168,30.47,35.35
168,10.64,28.26
168,46.5,62.12
168,22.04,20.93
168,7.18,39.5
168,71.47,40.46
168,15.93,30.77
168,38.31,36.68
168,16.23,38.86
168,24.49,33.14
168,20.91,27.81
168,17.05,33.07
168,41.27,27.29
168,59.53,49.04
168,30.08,43.58
168,6.91,34.79
168,16.41,25.77
168,19.14,30.47
168,31.31,27.47
168,24.59,32.87
168,57.5,16.29
168,28.74,27.82
168,40.49,21.88
168,27.78,26.22
168,29.47,54.06
168,25.33,30.39
168,29.93,36.08
168,23.55,31.48
168,30.48,40.86
168,22.77,29.66
168,59.49,27.91
168,35.11,26.42
168,37.53,25.8
168,27.8,50.52
168,10.82,38.18
168,12.46,27.21
168,27.74,43.22
168,27.31,46.63
168,35.08,26.14
168,32.41,30.77
168,23.88,34.09
168,64.46,25.53
168,34.52,28.55
168,24.26,28.56
168,25.11,32.38
168,39.38,67.66
168,27.08,24.07
168,42.39,17.81
168,28.88,44.76
168,24.99,36.02
168,11.31,30.62
168,43.51,43.52
168,15.88,20.54
168,39.75,37.46
168,22.23,31.93
168,41.19,34.38
168,46.68,34.55
168,20.21,60.22
168,19.07,28.46
168,58.84,24.73
168,35.96,39.9
168,39.39,45.24
168,12.42,19.13
168,16.77,38.29
168,32.75,21.16
168,25.07,19.1
168,16.94,31.56
168,33.63,26.7
168,7.79,19.82
168,33.95,24.64
168,18.29,28.28
168,39.21,40.83
168,31.32,23.2
168,36.86,34.8
168,47.42,13.72
168,21.32,31.58
168,17.28,42.07
168,45.62,28.74
168,52.01,39.88
168,46.66,12.91
168,0.0,21.72
168,37.83,40.18
168,17.86,40.95
168,41.65,54.55
168,26.71,41.76
168,25.63,46.75
168,24.9,23.45
168,22.2,33.94
168,13.37,18.82
168,25.03,45.95
168,31.71,30.81
168,49.44,39.34
168,36.66,8.72
168,26.23,6.3
168,25.27,53.39
168,0.0,68.0
168,24.91,37.88
169,67.47,11.61
169,44.25,1.49
169,43.24,17.81
169,67.64,13.81
169,41.51,28.99
169,30.68,7.86
169,27.97,28.18
169,45.95,13.59
169,57.34,18.76
169,42.26,10.13
169,44.53,3.43
169,35.89,24.39
169,39.28,13.49
169,66.43,10.38
169,44.21,24.95
169,35.92,30.48
169,67.36,8.15
169,42.33,32.07
169,43.69,5.4
169,42.62,16.34
169,24.8,23.48
169,40.45,0.0
169,48.58,3.25
169,40.33,9.28
169,58.64,16.93
169,32.84,14.0
169,49.53,0.0
169,39.09,9.66
169,57.99,0.0
169,65.71,7.14
169,61.7,10.12
169,46.76,16.25
169,45.36,8.95
169,44.48,14.23
169,31.82,7.91
169,57.51,17.53
169,18.18,0.0
169,40.63,13.11
169,66.79,1.29
169,24.56,9.44
169,52.02,16.13
169,55.65,3.96
169,38.35,12.42
169,32.17,9.91
169,23.89,36.43
169,39.63,17.68
169,35.52,19.29
169,26.94,4.16
169,58.62,0.0
169,34.45,7.08
169,51.62,0.0
169,34.44,16.16
169,52.66,16.73
169,48.4,15.98
169,59.18,12.89
169,24.95,3.92
169,35.77,5.65
169,57.7,18.24
169,37.27,35.58
169,40.63,16.37
169,52.82,17.72
169,41.83,34.61
169,47.15,13.52
169,44.14,3.39
169,41.33,17.87
169,27.81,31.95
169,39.64,23.63
169,52.75,16.14
169,41.57,0.0
169,52.12,0.0
169,41.46,17.66
169,52.02,10.12
169,37.7,12.94
169,30.56,24.71
169,56.99,0.16
169,31.43,7.12
169,36.71,27.2
169,45.84,0.21
169,22.28,26.77
169,38.26,17.88
169,37.15,12.61
169,42.18,15.61
169,42.6,18.06
169,39.55,21.23
169,43.44,0.0
169,64.69,27.93
169,76.21,16.7
169,52.24,26.67
169,41.48,18.92
169,33.96,38.02
169,36.1,6.16
169,42.61,31.79
169,60.41,4.52
169,32.32,20.0
169,50.33,25.68
169,38.88,14.2
169,58.16,0.0
169,40.76,15.47
169,35.78,8.82
169,36.64,23.93
169,68.21,4.22
169,45.0,8.0
169,59.79,6.59
169,50.12,10.56
169,53.47,14.94
169,40.71,20.29
169,44.11,19.43
169,31.8,0.0
169,32.48,4.47
169,42.48,7.55
169,41.13,10.15
169,43.65,4.47
169,55.56,5.75
169,69.64,28.27
169,32.64,17.39
169,50.44,1.84
169,37.84,18.4
169,23.96,9.47
169,76.18,34.32
169,44.55,7.06
169,40.55,8.56
169,57.07,10.74
169,76.75,1.85
169,49.47,19.1
169,78.49,14.51
169,45.31,17.74
169,58.78,14.31
169,35.04,16.02
169,35.2,31.84
169,49.61,20.05
169,62.83,0.0
169,39.16,17.43
169,57.8,26.83
169,50.63,0.0
169,42.17,1.21
169,55.2,20.61
169,35.52,24.68
169,59.22,15.9
169,42.9,18.81
169,55.36,29.07
169,48.69,8.35
169,47.15,3.64
169,1.96,11.23
169,38.61,15.93
169,33.06,17.46
169,53.17,22.49
169,42.99,32.32
169,24.26,16.03
169,53.35,0.23
169,43.84,5.51
169,45.23,15.51
169,51.98,29.99
169,49.29,21.2
169,72.17,4.21
169,57.84,6.84
169,46.91,10.78
169,50.29,14.82
169,43.19,11.0
169,39.68,4.38
169,57.48,5.72
169,67.0,13.19
169,43.85,16.3
169,53.09,3.3
169,34.2,17.54
169,54.42,33.97
169,33.97,16.27
169,48.67,17.0
169,51.8,0.0
169,63.17,22.11
169,19.27,7.63
169,66.88,25.78
169,61.81,33.82
169,52.91,6.55
169,42.02,6.89
169,59.91,19.86
169,70.57,0.03
169,42.57,15.09
169,64.97,10.82
169,58.91,13.12
169,62.3,0.0
169,56.25,19.57
169,46.33,41.03
169,30.73,9.44
169,39.81,0.0
169,55.0,22.8
169,43.52,4.45
169,21.31,14.34
169,38.4,6.19
169,31.66,0.0
169,49.44,17.42
169,57.32,6.41
169,48.96,0.0
169,26.81,17.22
169,41.15,45.59
169,32.53,25.19
169,44.32,13.58
169,56.07,47.36
169,47.45,0.0
169,46.62,20.33
169,66.73,34.16
169,34.59,2.8
169,60.77,17.32
169,42.36,7.07
169,78.85,10.27
169,49.87,18.51
169,22.81,0.0
169,41.31,2.93
169,29.67,14.42
169,73.93,0.0
169,36.91,9.95
169,62.43,0.0
169,58.55,0.0
169,31.01,24.14
169,26.36,15.09
169,58.97,11.6
169,41.67,9.15
169,46.25,17.46
169,48.21,8.74
169,8.09,5.71
169,45.1,25.51
169,60.93,7.22
169,23.14,28.75
169,56.63,7.9
170,81.3,67.24
170,77.77,54.38
170,83.28,49.4
170,92.91,68.0
170,62.55,60.25
170,93.35,59.16
170,70.13,45.18
170,50.45,58.72
170,82.89,59.55
170,84.78,45.7
170,80.53,64.13
170,69.59,53.19
170,61.8,31.69
170,67.12,50.24
170,76.16,66.65
170,70.43,46.12
170,60.42,68.0
170,70.63,61.26
170,63.19,68.0
170,65.27,43.88
170,83.46,42.69
170,58.55,53.37
170,78.28,42.05
170,66.97,50.98
170,77.51,68.0
170,61.96,52.61
170,71.12,38.49
170,62.81,59.32
170,77.77,68.0
170,50.22,35.42
170,72.72,41.14
170,56.77,56.61
170,65.41,42.83
170,69.53,54.16
170,83.17,68.0
170,51.91,51.85
170,49.52,61.04
170,88.42,61.82
170,69.35,47.27
170,51.17,44.39
170,68.36,66.94
170,67.62,56.54
170,66.31,58.3
170,76.75,55.61
170,51.74,54.59
170,74.32,58.13
170,67.66,43.71
170,72.9,60.28
170,85.29,44.98
170,86.79,68.0
170,94.28,62.74
170,48.84,59.1
170,78.3,44.28
170,83.67,68.0
170,65.98,50.78
170,73.23,62.65
170,90.87,48.65
170,70.88,34.94
170,90.43,68.0
170,72.87,62.37
170,79.48,51.69
170,85.57,68.0
170,59.35,55.8
170,79.12,68.0
170,67.29,38.03
170,89.36,52.39
170,69.6,52.79
170,69.43,45.14
170,62.77,46.27
170,73.1,57.63
170,80.9,54.08
170,74.75,53.84
170,102.64,50.38
170,68.1,67.22
170,62.62,42.31
170,72.27,56.59
170,78.43,51.04
170,57.41,50.16
170,91.02,32.04
170,70.66,55.56
170,96.05,49.25
170,91.34,59.04
170,82.59,68.0
170,73.72,57.9
170,60.85,61.12
170,65.8,47.38
170,60.01,57.91
170,59.45,54.76
170,77.73,46.91
170,78.24,45.98
170,53.77,61.22
170,67.65,48.6
170,63.47,45.63
170,92.94,68.0
170,46.75,68.0
170,98.94,45.78
170,81.54,67.63
170,40.71,37.97
170,65.66,45.53
170,79.8,42.63
170,65.15,50.48
170,70.45,55.98
170,103.58,42.17
170,68.5,51.19
170,59.94,45.57
170,85.91,58.55
170,55.77,57.28
170,83.13,68.0
170,81.59,36.74
170,97.74,68.0
170,79.39,68.0
170,70.96,50.04
170,73.62,51.91
170,101.8,59.58
170,74.82,67.04
170,71.22,33.38
170,73.15,50.88
170,80.18,60.75
170,69.1,56.72
170,60.57,56.24
170,65.27,38.05
170,62.5,50.49
170,72.0,51.68
170,66.02,46.18
170,71.67,68.0
170,72.03,51.87
170,77.42,46.56
170,61.48,68.0
170,96.14,60.91
170,90.19,57.76
170,81.01,54.55
170,83.57,48.58
170,59.24,46.77
170,66.41,43.09
170,67.85,52.31
170,55.53,39.32
170,69.09,65.9
170,103.54,48.59
170,75.39,65.42
170,93.9,46.81
170,93.03,60.25
170,61.73,40.54
170,74.47,48.97
170,68.84,50.26
170,86.11,58.74
170,80.11,42.16
170,95.65,68.0
170,76.68,55.74
170,84.74,55.27
170,65.63,39.99
170,54.95,59.35
170,82.72,68.0
170,75.93,45.73
170,81.2,49.34
170,92.4,53.1
170,78.37,52.44
170,84.78,45.48
171,76.23,34.12
171,73.44,38.5
171,105.0,25.37
171,82.26,29.44
171,94.52,38.01
171,66.34,32.75
171,78.15,32.43
171,101.99,41.6
171,76.52,24.22
171,77.24,43.2
171,92.64,59.2
171,79.4,37.16
171,95.05,29.14
171,79.37,18.13
171,86.65,28.58
171,96.42,38.03
171,82.0,32.75
171,71.65,33.43
171,82.3,32.81
171,75.05,28.56
171,81.55,33.38
171,88.07,25.12
171,88.06,35.09
171,99.74,35.72
171,77.8,49.38
171,87.72,25.55
171,105.0,42.07
171,92.21,43.32
171,100.27,31.25
171,87.26,26.66
171,98.44,48.7
171,85.6,19.69
171,69.67,25.06
171,96.39,22.21
171,92.78,26.57
171,88.5,31.41
171,75.68,50.32
171,105.0,29.37
171,98.32,57.14
171,79.75,43.9
171,105.0,28.46
171,105.0,28.58
171,85.36,36.16
171,76.87,34.84
171,94.12,21.19
171,85.46,25.97
171,105.0,16.98
171,74.58,53.34
171,105.0,35.54
171,82.7,30.57
171,84.96,26.64
171,77.06,27.87
171,89.54,17.87
171,76.65,35.79
171,84.98,42.54
171,71.58,51.24
171,62.03,42.72
171,85.03,42.23
171,104.93,46.83
171,91.18,32.29
171,85.72,19.25
171,105.0,42.56
171,57.74,26.14
171,91.58,33.01
171,76.48,22.87
171,88.47,46.69
171,77.7,43.35
171,79.15,18.57
171,91.44,35.12
171,85.47,45.45
171,78.39,32.61
171,70.42,33.84
171,97.8,44.63
171,84.79,31.09
171,71.85,33.06
171,65.78,42.64
171,91.43,22.92
171,83.81,26.48
171,90.05,15.18
171,105.0,56.09
171,98.36,35.29
171,87.4,45.55
171,66.01,20.88
171,105.0,47.63
171,88.86,30.76
171,105.0,49.15
171,77.33,31.78
171,71.13,22.08
171,105.0,45.95
171,91.15,34.66
171,104.12,21.1
171,72.04,15.91
171,71.87,38.57
171,74.61,33.7
171,51.86,36.27
171,81.2,36.57
171,63.65,32.43
171,88.98,38.18
171,86.75,41.93
171,76.35,32.37
171,94.63,39.71
171,90.07,40.3
171,105.0,45.77
171,105.0,9.44
171,89.73,29.27
171,93.62,40.06
171,95.59,57.05
171,105.0,46.99
171,69.68,47.23
171,80.6,63.23
171,70.06,33.06
171,79.82,56.78
171,82.97,41.51
171,76.6,23.22
171,93.42,15.19
171,94.53,31.51
171,87.9,41.27
171,92.2,31.08
171,105.0,35.29
171,92.67,55.09
171,70.67,34.5
171,77.68,55.61
171,76.69,42.51
171,105.0,45.72
171,81.44,31.52
171,74.61,33.19
171,73.14,34.19
171,80.52,33.04
171,80.0,41.16
171,78.07,48.2
171,99.37,61.09
171,84.19,26.31
171,86.95,33.98
171,97.72,44.94
171,98.69,34.68
171,80.05,19.75
171,103.67,42.74
171,87.69,25.17
171,80.32,36.16
171,99.85,52.93
171,93.1,41.76
171,91.82,40.93
171,83.29,50.42
171,87.98,32.63
171,78.5,37.77
171,85.24,32.04
171,82.53,42.64
171,91.17,19.35
171,105.0,24.24
171,85.71,34.36
171,98.21,40.64
171,89.73,54.94
171,102.92,24.17
171,105.0,33.29
171,81.34,36.81
171,65.8,21.35
171,71.8,25.76
171,100.81,14.25
171,92.14,40.09
171,75.29,25.15
171,105.0,47.5
171,83.86,38.61
171,83.33,31.88
171,84.19,25.75
171,104.45,38.22
171,78.05,31.2
171,104.65,39.93
171,95.32,46.7
171,105.0,25.65
171,97.95,29.23
171,92.57,48.07
171,97.05,49.3
171,89.22,23.38
171,78.83,24.77
171,96.6,24.65
171,87.07,36.62
171,104.42,18.7
171,103.96,34.37
171,95.59,33.56
171,100.89,27.24
171,94.41,34.99
171,94.53,34.97
171,79.77,30.07
171,91.3,52.49
171,93.79,29.52
171,92.78,34.46
171,91.55,27.38
171,90.74,44.67
171,105.0,21.53
171,89.77,35.63
171,97.66,24.02
171,88.41,15.14
171,92.44,26.64
171,77.04,27.01
171,80.6,39.91
171,81.86,24.69
171,70.05,11.18
171,89.84,12.13
171,76.64,35.79
171,74.28,39.15
171,105.0,35.93
171,103.3,29.32
171,105.0,37.48
171,87.57,13.67
171,84.6,11.85
171,93.74,17.96
171,93.61,32.02
171,84.27,42.6
171,78.87,22.92
171,96.51,24.17
171,68.2,40.95
171,96.36,29.4
171,84.89,35.99
171,98.9,35.09
171,102.74,20.29
171,96.24,53.73
171,73.6,24.28
171,69.23,54.88
171,68.21,40.01
171,82.18,37.0
171,69.38,17.61
171,87.79,37.76
171,76.71,33.11
171,80.88,31.5
172,71.97,51.6
172,37.75,32.02
172,52.2,31.72
172,56.27,32.67
172,64.42,28.97
172,61.86,44.21
172,59.07,24.92
172,66.32,63.58
172,84.27,18.44
172,56.16,52.61
172,73.42,43.08
172,82.79,26.49
172,79.86,36.83
172,68.56,43.29
172,68.51,40.89
172,65.59,13.08
172,81.99,38.25
172,54.97,18.73
172,55.13,45.53
172,51.43,45.77
172,91.71,18.94
172,79.95,12.26
172,52.16,30.65
172,44.34,31.35
172,57.42,34.09
172,60.92,38.63
172,63.31,32.3
172,40.0,35.14
172,50.39,24.83
172,75.8,22.7
172,67.96,40.64
172,50.92,39.72
172,72.58,30.06
172,72.71,22.42
172,88.91,51.08
172,57.19,52.82
172,51.24,46.53
172,58.06,40.96
172,72.04,22.01
172,43.7,48.09
172,60.05,40.37
172,60.5,22.73
172,77.27,41.76
172,53.01,28.38
172,58.09,43.12
172,66.79,46.59
172,52.0,39.72
172,49.64,24.82
172,84.34,40.8
172,67.25,40.18
172,75.8,26.28
172,69.44,30.25
172,58.48,54.95
172,52.13,52.22
172,52.66,27.98
172,50.45,11.76
172,50.51,50.31
172,49.86,57.32
172,70.15,51.31
172,47.51,30.1
172,78.11,41.38
172,69.8,23.83
172,68.75,45.89
172,63.1,27.6
172,65.42,27.01
172,54.5,33.06
172,49.04,27.84
172,54.22,42.08
172,42.95,24.61
172,65.96,62.46
172,47.02,40.06
172,68.47,30.15
172,68.84,23.26
172,63.38,30.58
172,53.42,31.71
172,49.0,31.02
172,50.56,28.55
172,47.99,24.95
172,59.85,43.98
172,58.57,49.54
172,84.78,24.52
172,84.15,33.46
172,79.85,14.21
172,57.41,28.0
172,41.61,55.66
172,62.4,47.2
172,56.78,40.81
172,60.5,21.28
172,65.61,26.33
172,69.15,28.32
172,36.88,45.24
172,76.84,48.31
172,72.45,34.1
172,52.54,44.0
172,71.56,26.01
172,56.73,37.64
172,60.45,45.65
172,58.09,51.67
172,50.59,21.37
172,43.68,50.1
172,95.54,60.67
172,68.17,18.55
172,61.8,16.76
172,83.56,52.12
172,38.14,30.11
172,56.81,32.33
172,51.99,47.83
172,53.59,25.05
172,60.4,37.79
172,54.31,19.86
172,36.86,44.47
172,46.8,44.42
172,48.03,36.87
172,54.22,35.13
172,47.6,34.83
172,57.69,33.11
172,58.09,34.18
172,31.99,44.58
172,46.05,15.35
172,62.81,55.17
172,58.56,37.06
172,37.15,59.76
172,70.46,37.75
172,67.89,35.1
172,90.29,41.88
172,82.92,21.24
172,48.91,23.24
172,58.34,32.78
172,60.41,35.81
172,76.58,46.33
172,56.28,35.84
172,77.49,50.95
172,63.69,5.54
172,49.62,54.86
172,44.67,30.46
172,73.23,42.49
172,72.58,48.17
172,74.22,20.5
172,26.44,50.87
172,58.31,43.27
172,76.29,54.5
172,41.4,35.82
172,67.39,34.94
172,52.8,26.82
172,47.76,27.22
172,50.55,34.27
172,80.54,41.39
172,71.64,43.23
172,58.47,23.86
172,88.61,33.85
172,36.71,37.45
172,51.68,11.27
173,80.02,27.18
173,48.14,31.41
173,49.75,32.92
173,31.3,24.51
173,60.04,39.69
173,75.16,24.75
173,33.5,16.37
173,47.46,34.72
173,63.02,27.61
173,54.87,12.45
173,55.0,20.49
173,62.87,35.84
173,84.74,35.54
173,61.41,49.3
173,63.99,46.92
173,67.14,38.83
173,35.55,26.24
173,65.09,27.99
173,40.83,38.82
173,61.23,44.93
173,75.1,39.99
173,55.45,28.84
173,74.83,36.29
173,38.42,31.17
173,64.47,10.75
173,64.67,31.66
173,25.81,29.48
173,67.53,42.75
173,22.04,21.86
173,63.06,23.13
173,66.63,45.63
173,55.27,23.87
173,62.98,26.42
173,90.25,39.46
173,53.67,41.85
173,45.58,49.36
173,87.33,30.1
173,63.29,30.73
173,75.79,32.2
173,39.38,27.37
173,28.47,38.77
173,49.16,30.38
173,58.12,20.56
173,53.61,14.57
173,53.59,32.61
173,36.05,40.83
173,63.24,26.45
173,56.95,19.63
173,31.73,50.88
173,56.31,30.1
173,58.59,43.9
173,74.09,45.58
173,53.32,50.61
173,72.94,33.37
173,71.49,18.27
173,49.59,12.97
173,69.05,31.08
173,75.13,52.66
173,74.48,34.81
173,64.81,48.93
173,58.82,23.31
173,42.43,49.98
173,75.61,41.42
173,41.14,35.43
173,58.0,44.33
173,74.25,27.74
173,47.13,39.09
173,60.01,24.7
173,39.58,27.28
173,55.36,23.91
173,47.09,24.17
173,49.84,14.89
173,67.5,59.03
173,68.66,20.78
173,52.61,45.37
173,63.65,15.43
173,54.11,27.65
173,55.48,30.06
173,45.07,49.64
173,53.32,37.64
173,34.47,22.2
173,87.48,31.31
173,75.72,47.05
173,91.94,45.55
173,74.82,26.65
173,64.12,17.83
173,31.69,26.94
173,73.64,41.47
173,77.68,14.69
173,45.37,32.09
173,67.44,20.59
173,62.16,28.65
173,59.27,39.62
173,67.33,33.29
173,66.25,41.65
173,47.25,47.47
173,72.79,68.0
173,41.21,43.98
173,66.51,40.62
173,64.01,26.79
173,50.4,43.84
173,76.39,51.21
173,35.56,26.57
173,63.66,27.84
173,62.7,26.87
173,80.72,19.45
173,68.7,33.83
173,31.23,19.17
173,54.08,32.91
173,81.13,37.52
173,58.0,37.11
173,45.58,28.55
173,59.35,16.96
173,81.81,47.41
173,48.98,14.56
173,46.38,35.29
173,57.04,50.34
173,51.56,35.01
173,69.58,48.06
173,55.42,39.61
173,64.57,18.67
173,81.18,48.43
173,47.67,27.52
173,73.48,29.28
173,71.77,41.52
173,43.86,23.57
173,77.9,44.34
173,44.01,38.64
173,41.07,52.2
173,49.07,46.62
173,49.54,31.75
173,55.5,29.42
173,45.59,25.95
173,67.39,31.25
173,58.31,24.08
173,62.39,30.6
173,68.82,20.08
173,79.81,23.28
173,54.36,49.04
173,52.01,19.26
173,70.4,18.29
173,76.31,26.02
173,61.04,49.02
173,60.92,23.65
173,57.27,30.61
173,51.98,37.09
173,54.88,39.78
173,58.95,32.79
173,68.6,38.26
173,70.89,44.58
173,48.09,19.81
173,60.83,26.49
173,50.67,24.74
173,56.66,29.92
173,61.69,47.64
173,72.47,44.7
173,58.18,33.05
173,65.78,42.84
173,46.11,57.28
173,45.24,20.28
173,56.63,26.69
173,103.38,31.02
173,49.78,38.14
173,61.99,39.67
173,65.31,22.32
173,60.42,35.97
173,52.23,43.3
173,67.23,20.58
173,48.16,35.65
173,64.94,27.25
173,52.42,18.12
173,72.95,44.8
173,36.75,39.12
173,58.57,24.12
173,45.46,44.08
173,70.75,57.32
173,70.92,35.16
173,25.86,18.79
173,43.84,30.69
173,72.11,12.66
173,58.26,32.68
173,67.93,29.77
173,59.77,42.6
173,62.08,27.42
173,72.85,43.85
173,44.51,25.2
173,54.25,32.69
173,46.54,18.53
173,63.53,22.25
173,43.01,42.62
173,72.0,45.77
173,53.05,26.81
173,66.65,39.71
173,50.37,42.58
173,70.5,22.25
173,75.44,38.97
173,69.9,34.13
173,48.53,37.86
173,78.98,32.67
173,68.99,10.56
173,51.74,35.84
173,63.63,32.17
173,79.98,30.34
173,48.36,15.94
173,47.99,45.01
173,58.32,34.45
173,41.79,11.75
173,61.41,48.97
173,69.49,38.69
173,62.22,44.14
173,50.57,30.74
173,71.8,33.86
173,57.78,45.71
173,49.73,38.79
173,63.36,32.48
173,75.66,26.98
173,52.47,5.83
173,80.8,44.05
173,61.01,44.39
173,61.66,42.21
173,61.49,46.56
173,52.8,23.81
173,43.53,30.2
173,85.43,28.77
173,44.66,12.47
173,76.16,27.43
173,82.48,35.87
173,50.72,45.53
173,68.04,39.71
173,68.98,27.08
173,69.0,44.53
173,51.8,37.38
173,54.96,16.05
173,70.46,36.31
173,38.69,42.97
173,33.98,40.21
173,61.35,21.42
173,58.32,23.99
173,62.05,57.14
173,50.61,24.42
173,70.2,35.02
173,71.03,6.64
173,62.13,48.83
173,42.81,43.11
173,73.54,53.42
173,37.16,22.83
173,43.59,47.83
173,69.87,22.97
173,45.36,51.46
173,50.43,7.9
173,61.73,45.89
173,71.97,34.83
173,67.55,41.92
173,77.18,40.62
173,54.15,39.45
173,48.74,61.18
173,43.33,54.67
173,61.45,40.85
173,63.57,36.82
173,91.83,50.87
173,67.97,51.67
173,37.72,35.84
173,74.95,35.3
173,49.02,24.08
173,42.94,38.09
173,73.45,37.07
173,70.93,45.47
173,74.17,54.57
173,51.89,48.24
173,88.9,46.25
173,71.91,32.16
173,47.65,30.18
173,88.84,42.88
173,67.51,41.05
173,59.78,42.36
173,52.74,23.83
173,18.21,23.77
173,69.94,28.93
174,66.54,12.45
174,33.37,14.62
174,33.54,16.1
174,43.62,25.18
174,39.26,19.2
174,35.76,14.04
174,47.32,9.55
174,47.76,21.29
174,29.81,17.49
174,38.47,12.94
174,55.49,10.65
174,42.62,14.72
174,35.45,6.66
174,41.43,0.0
174,30.17,31.31
174,69.23,31.62
174,57.58,15.66
174,77.97,19.94
174,47.32,11.65
174,41.47,19.76
174,34.82,15.37
174,51.96,16.32
174,40.18,3.4
174,33.52,33.84
174,63.21,2.03
174,46.51,23.49
174,49.41,5.45
174,48.86,0.0
174,51.37,24.66
174,23.27,16.12
174,31.03,0.0
174,69.95,21.62
174,45.39,10.38
174,51.36,34.39
174,56.36,0.0
174,41.13,7.42
174,32.1,23.4
174,28.24,9.68
174,32.89,5.39
174,37.05,16.88
174,36.1,26.47
174,29.25,13.81
174,57.97,12.02
174,65.16,6.03
174,33.85,9.41
174,23.75,2.1
174,46.77,27.81
174,65.69,22.15
174,28.71,0.19
174,29.06,8.07
174,15.22,22.58
174,49.36,21.52
174,33.0,13.25
174,57.44,11.58
174,55.42,14.28
174,65.43,9.41
174,60.25,26.16
174,25.4,22.03
174,42.37,17.49
174,60.81,2.32
174,28.21,7.57
174,41.09,7.43
174,46.9,10.3
174,45.35,16.27
174,49.84,31.66
174,37.17,16.23
174,33.83,0.0
174,51.86,21.78
174,43.68,0.0
174,73.48,19.28
174,31.57,9.48
174,45.24,20.59
174,28.78,20.07
174,50.76,16.15
174,43.3,2.79
174,52.82,7.41
174,36.72,19.88
174,22.09,16.23
174,62.59,34.28
174,57.69,15.77
174,58.26,22.79
174,57.56,9.82
174,47.29,4.8
174,53.95,26.81
174,34.21,6.28
174,40.58,0.0
174,60.76,0.0
174,72.39,18.07
174,50.27,6.66
174,3.01,0.0
174,50.62,35.17
174,64.44,0.0
174,42.05,9.49
174,32.95,31.84
174,58.49,14.65
174,41.39,41.09
174,41.3,22.61
174,24.29,1.03
174,24.55,22.25
174,56.87,7.77
174,29.93,11.21
174,68.99,2.95
174,71.92,6.81
174,32.43,21.97
174,37.02,4.02
174,55.17,0.0
174,65.85,18.51
174,48.2,11.3
174,37.53,24.12
174,40.98,5.56
174,47.46,25.24
174,39.01,21.86
174,61.86,19.68
174,36.98,0.0
174,51.97,13.34
174,55.9,23.93
174,46.13,7.91
174,43.06,0.0
174,45.69,6.55
174,34.67,3.57
174,56.07,7.32
174,44.3,0.0
174,42.73,22.52
174,31.76,20.69
174,71.32,4.01
174,57.14,9.24
174,27.02,4.4
174,53.35,19.35
174,38.08,2.98
174,34.19,4.59
174,36.49,15.1
174,52.74,4.68
174,44.13,32.44
174,45.34,6.08
174,49.69,22.06
174,58.21,23.71
174,76.05,0.0
174,42.58,11.11
174,40.48,4.42
174,47.38,23.96
174,55.16,13.15
174,60.26,23.79
174,33.06,31.95
174,77.52,32.99
174,30.68,2.2
174,57.59,1.03
174,55.77,1.01
174,27.78,26.48
174,49.5,22.27
174,23.3,21.47
174,35.22,20.04
174,45.13,9.49
174,47.84,14.99
174,62.19,17.69
174,37.0,15.24
174,50.73,6.88
174,58.04,31.71
174,45.24,0.8
174,45.93,9.4
174,27.06,30.08
174,24.97,24.22
174,35.06,0.03
174,64.1,0.0
174,64.15,2.67
174,62.23,15.31
174,50.83,14.67
174,52.79,13.63
174,40.66,20.33
174,41.16,14.3
174,19.59,24.49
174,48.72,22.33
174,52.13,0.0
174,37.98,14.97
174,57.86,11.64
174,61.97,17.01
174,31.4,11.35
174,76.03,0.0
174,53.08,19.04
174,66.17,21.64
174,37.05,0.0
174,64.86,33.0
174,54.61,24.33
174,42.19,4.11
174,31.7,1.91
174,46.13,16.22
174,56.13,15.42
174,47.0,20.82
174,47.15,19.41
174,39.66,20.45
174,28.8,1.78
174,48.31,12.46
174,33.91,17.78
174,58.36,11.4
174,56.92,21.12
174,67.7,25.85
174,41.09,4.88
174,45.45,13.61
174,26.87,8.18
174,38.79,9.33
174,45.93,0.0
174,47.02,18.54
174,41.06,45.53
174,37.86,18.6
174,49.17,39.18
174,42.12,28.2
174,63.04,5.72
174,49.28,18.67
174,39.06,22.64
174,60.09,22.06
174,32.92,6.07
174,40.91,16.32
174,32.37,32.39
174,42.7,0.0
174,63.85,25.37
174,48.44,26.99
174,23.54,0.0
174,41.02,7.09
174,49.47,10.96
174,49.78,23.64
174,43.73,14.08
174,56.0,7.94
174,53.62,14.87
174,44.03,18.77
174,49.09,12.23
175,58.25,36.58
175,76.72,35.3
175,65.41,23.62
175,65.43,32.55
175,92.04,35.41
175,63.44,25.04
175,65.33,39.5
175,49.52,33.58
175,60.49,26.11
175,49.94,52.18
175,87.32,27.68
175,76.78,20.27
175,82.48,42.92
175,78.04,38.95
175,59.53,9.73
175,82.62,10.31
175,69.49,37.32
175,79.54,24.31
175,36.49,35.41
175,56.48,27.69
175,62.84,37.89
175,75.98,40.39
175,51.52,11.4
175,101.56,20.99
175,88.42,49.63
175,88.92,36.92
175,90.68,39.73
175,79.08,57.63
175,57.33,45.15
175,77.96,33.39
175,65.6,19.72
175,68.99,47.19
175,83.12,47.48
175,64.68,35.46
175,64.0,54.42
175,84.49,37.11
175,61.35,34.72
175,67.98,47.21
175,70.91,39.44
175,79.55,42.39
175,81.51,10.34
175,63.36,37.95
175,50.25,28.5
175,88.63,27.78
175,42.74,31.39
175,77.28,26.34
175,71.39,41.88
175,75.4,20.67
175,76.01,14.04
175,68.91,32.31
175,70.91,48.62
175,76.33,28.15
175,75.47,31.01
175,35.86,30.75
175,71.1,61.63
175,82.4,44.32
175,62.61,27.36
175,78.01,31.68
175,85.27,25.3
175,73.21,54.45
175,73.61,17.04
175,54.36,23.19
175,70.79,43.73
175,78.47,52.69
175,66.32,33.78
175,66.98,30.93
175,78.75,34.38
175,76.63,34.81
175,78.06,57.09
175,51.59,38.8
175,77.5,29.92
175,51.18,38.37
175,68.5,44.3
175,97.21,23.58
175,79.37,36.8
175,76.25,34.26
175,61.12,21.34
175,92.05,29.33
175,76.04,28.69
175,41.84,28.52
175,63.16,54.58
175,75.56,34.21
175,69.07,37.82
175,86.08,41.22
175,57.33,33.27
175,74.26,29.11
175,63.84,50.39
175,74.05,50.48
175,64.85,43.98
175,72.77,32.78
175,91.63,37.86
175,51.46,25.05
175,98.76,35.09
175,105.0,21.05
175,65.47,42.77
175,90.18,52.1
175,83.66,21.59
175,82.0,53.3
175,62.1,40.89
175,59.71,25.44
175,65.79,36.81
175,66.47,50.92
175,56.01,47.63
175,61.76,47.29
175,85.09,29.91
175,92.08,23.68
175,60.2,33.98
175,103.73,35.32
175,53.34,31.64
175,56.59,27.28
175,47.46,22.9
175,48.51,41.83
175,86.84,26.22
175,65.75,42.86
175,71.39,30.71
175,67.27,32.94
175,54.53,21.03
175,48.8,38.41
175,42.3,30.96
175,67.13,22.15
175,76.11,31.48
175,58.09,24.51
175,40.78,16.66
175,82.19,42.3
175,83.94,21.37
175,51.7,38.99
175,54.34,59.14
175,80.04,23.66
175,44.7,39.13
175,52.01,29.53
175,88.9,36.74
175,63.03,14.51
175,70.46,38.5
175,54.57,35.15
175,84.86,60.52
175,68.85,11.52
175,83.12,28.68
175,63.0,39.02
175,54.93,43.68
175,68.24,32.64
175,58.77,47.91
175,62.99,34.71
175,58.67,35.49
175,53.21,14.95
175,79.82,40.43
175,75.89,50.68
175,56.64,23.1
175,92.89,29.14
175,60.07,18.42
175,80.65,39.11
175,35.61,32.21
175,65.89,42.92
175,45.54,33.15
175,58.41,32.94
176,46.3,19.34
176,51.53,15.46
176,64.56,18.14
176,58.67,14.29
176,68.83,16.36
176,30.8,29.46
176,36.17,9.17
176,60.42,0.0
176,32.85,15.81
176,67.06,16.43
176,39.37,25.23
176,44.12,12.64
176,41.17,9.35
176,46.16,7.57
176,67.55,7.4
176,63.14,5.06
176,71.45,1.07
176,75.66,0.0
176,40.04,23.26
176,32.85,16.38
176,48.13,37.3
176,50.24,0.0
176,26.85,35.67
176,56.32,12.45
176,32.47,0.0
176,40.68,0.0
176,55.67,8.21
176,52.17,24.03
176,46.98,17.02
176,49.15,10.02
176,54.53,26.53
176,38.17,15.37
176,50.27,0.0
176,45.95,28.23
176,47.8,2.59
176,61.05,2.32
176,49.74,11.63
176,64.51,17.71
176,39.57,6.94
176,44.8,0.0
176,26.22,7.35
176,33.49,24.91
176,41.14,13.97
176,52.16,26.3
176,39.5,19.72
176,31.83,7.96
176,50.48,6.1
176,24.34,16.11
176,24.82,16.17
176,35.35,15.28
176,51.14,16.26
176,34.67,12.49
176,47.26,12.7
176,55.75,5.03
176,52.13,2.36
176,68.47,22.2
176,48.13,3.1
176,64.52,0.0
176,54.12,10.18
176,40.9,17.03
176,33.51,12.14
176,48.11,0.85
176,29.12,26.14
176,43.19,16.55
176,44.1,26.72
176,61.34,13.51
176,36.77,19.4
176,51.75,1.49
176,33.37,0.0
176,57.27,14.39
176,65.69,0.0
176,35.21,23.55
176,47.87,24.19
176,79.67,17.42
176,36.4,4.76
176,27.1,13.89
176,48.94,20.09
176,32.15,18.46
176,50.85,3.91
176,57.32,0.0
176,32.69,18.15
176,26.87,13.78
176,59.33,20.29
176,68.54,13.78
176,42.04,12.24
176,63.99,12.03
176,68.96,10.52
176,55.27,40.4
176,47.82,11.42
176,54.83,10.42
176,57.31,21.96
176,16.82,18.95
176,44.47,14.96
176,28.98,4.56
176,34.26,0.0
176,50.17,13.4
176,44.75,11.87
176,46.43,8.49
176,44.31,22.78
176,43.57,24.17
176,45.84,26.67
176,66.32,2.72
176,54.42,25.42
176,33.83,0.0
176,40.26,13.39
176,54.91,23.49
176,42.5,2.68
176,52.67,0.0
176,45.71,13.41
176,48.74,32.17
176,62.58,32.74
176,51.22,26.92
176,71.16,3.03
176,37.4,14.05
176,34.1,38.62
176,51.17,23.93
176,43.2,0.0
176,47.73,22.86
176,50.67,5.92
176,29.22,10.84
176,17.68,22.22
176,55.37,10.02
176,27.36,8.3
176,39.37,25.89
176,43.74,22.31
176,44.92,17.69
176,56.17,37.2
176,54.66,16.38
176,49.1,17.58
176,53.4,10.58
176,32.63,3.4
176,36.25,0.0
176,92.76,23.52
176,47.98,9.13
176,57.44,42.48
176,31.07,4.3
176,55.55,5.7
176,42.7,17.7
176,39.08,2.75
176,68.86,0.0
176,66.04,21.5
176,45.64,0.0
176,49.21,16.24
176,41.09,16.47
176,31.17,24.28
176,47.23,19.33
176,49.23,44.7
176,59.69,9.9
176,53.78,0.0
176,33.21,44.33
176,19.49,15.15
176,41.96,4.41
176,29.41,0.0
176,44.76,10.56
176,51.94,5.43
176,50.4,5.53
176,40.33,0.0
176,51.5,9.94
176,64.39,18.73
176,51.46,2.96
176,51.01,9.22
176,39.25,8.67
176,48.42,15.0
176,66.14,32.42
176,45.55,16.32
176,42.17,1.28
176,62.2,12.64
176,44.33,17.93
176,54.23,0.54
176,49.28,3.93
176,53.31,3.73
176,57.46,11.94
176,63.18,9.87
176,60.39,0.0
176,65.57,7.6
176,43.37,13.61
176,30.97,25.8
176,44.59,0.0
176,84.03,3.89
176,45.44,1.49
176,22.43,0.0
176,81.3,0.0
176,49.32,18.87
176,35.91,15.28
176,31.6,18.51
176,48.71,16.88
176,56.66,9.1
176,55.69,6.87
176,58.61,25.61
176,27.49,21.02
176,31.6,12.54
176,46.75,2.96
176,61.63,14.98
176,41.26,16.09
176,17.11,7.07
176,57.92,16.6
176,10.84,20.33
176,40.36,18.76
176,57.06,24.49
176,56.65,23.36
176,25.29,25.35
176,58.58,8.08
176,64.7,22.58
176,55.42,19.28
176,43.72,22.92
176,52.96,15.31
176,37.31,19.33
176,60.88,2.78
176,66.63,19.15
176,41.34,27.38
176,57.03,32.15
176,60.12,12.63
176,43.89,33.65
176,17.09,12.2
176,48.79,21.65
176,6.51,14.69
176,67.86,27.97
176,54.7,16.24
176,43.51,7.4
176,59.19,25.43
176,31.47,8.55
176,61.65,17.45
176,49.7,0.0
176,49.93,23.1
176,41.2,0.0
176,42.67,8.5
176,53.77,0.0
176,34.55,1.68
176,30.05,13.61
176,60.23,6.61
176,53.03,22.11
176,33.63,11.29
176,47.47,15.85
176,46.66,5.01
176,36.69,22.23
176,48.88,16.01
176,45.65,19.79
176,57.76,22.36
176,51.47,23.51
176,39.03,18.57
176,38.68,15.91
176,51.68,26.15
176,22.65,15.79
176,31.36,9.45
176,43.61,24.09
176,44.29,25.51
176,58.87,13.44
176,27.61,20.82
176,40.2,19.01
176,45.9,14.99
176,41.81,0.0
176,36.3,1.88
176,37.74,9.93
176,49.29,14.45
176,42.46,1.06
176,41.09,0.0
176,30.68,12.87
176,75.73,14.09
176,47.9,23.52
176,66.5,35.26
176,42.35,0.0
176,47.58,17.76
176,52.61,40.16
176,44.42,0.0
176,47.57,3.26
176,49.08,24.69
176,43.19,16.08
176,44.7,17.03
176,59.45,20.82
176,33.39,22.14
176,68.68,18.66
176,53.6,20.0
176,42.28,0.82
176,57.84,24.8
176,56.99,31.2
176,50.35,26.2
176,44.73,19.49
176,24.96,34.76
176,37.1,16.05
176,47.1,24.92
176,52.52,32.63
176,47.15,10.0
176,51.62,28.42
176,43.04,1.55
176,54.58,4.49
176,74.42,3.18
176,48.43,0.0
176,44.64,6.12
176,46.18,14.9
176,56.85,10.63
176,45.79,0.0
176,56.64,0.0
176,58.24,5.75
176,69.54,4.66
177,64.68,53.29
177,87.67,59.92
177,77.17,55.0
177,63.46,65.28
177,77.34,66.53
177,71.32,48.38
177,70.04,38.3
177,52.41,54.53
177,99.61,49.63
177,81.06,48.18
177,59.53,36.95
177,79.07,51.53
177,69.48,56.47
177,92.22,49.5
177,70.21,55.46
177,73.4,63.16
177,65.87,68.0
177,80.26,68.0
177,73.79,48.86
177,90.25,47.76
177,78.01,40.8
177,105.0,64.98
177,72.18,58.02
177,63.7,68.0
177,64.58,57.99
177,64.64,49.87
177,63.43,55.46
177,93.76,53.61
177,70.67,48.09
177,77.94,56.94
177,57.45,46.38
177,74.06,68.0
177,43.62,37.06
177,78.68,68.0
177,67.18,50.47
177,94.91,24.05
177,84.84,36.21
177,84.55,55.28
177,62.71,51.36
177,78.81,60.49
177,99.56,51.32
177,64.22,62.36
177,63.19,56.12
177,74.8,63.16
177,77.35,65.53
177,82.9,61.58
177,81.16,52.73
177,77.14,68.0
177,64.94,55.26
177,100.0,48.0
177,93.87,51.32
177,80.37,60.24
177,90.58,66.97
177,73.84,63.33
177,58.65,63.36
177,86.13,51.94
177,58.05,67.95
177,101.44,56.07
177,59.91,50.02
177,92.96,34.99
177,99.02,62.66
177,57.09,49.56
177,55.83,44.04
177,81.35,41.92
177,94.84,65.84
177,84.0,57.88
177,64.08,61.64
177,95.0,53.6
177,104.05,56.43
177,62.58,55.53
177,79.93,43.21
177,83.15,64.97
177,71.34,46.55
177,63.32,50.04
177,61.15,60.06
177,51.88,67.39
177,86.21,49.19
177,68.3,64.38
177,96.57,59.61
177,82.04,53.57
177,73.86,55.07
177,93.82,54.95
177,73.94,58.51
177,67.58,68.0
177,84.43,59.21
177,67.65,53.0
177,76.95,51.04
177,79.36,57.55
177,75.41,50.78
177,79.56,36.44
177,79.58,68.0
177,76.92,54.6
177,67.64,54.02
177,61.01,68.0
177,64.83,50.36
177,65.64,60.69
177,82.97,55.95
177,96.82,59.79
177,74.31,49.43
177,90.38,65.94
177,65.24,68.0
177,72.48,45.69
177,72.15,64.35
177,82.06,57.33
177,66.34,60.05
177,84.0,61.1
177,78.9,42.22
177,76.47,47.3
177,66.92,53.32
177,52.74,68.0
177,68.47,52.66
177,84.04,61.15
177,51.31,56.62
177,53.78,56.75
177,70.47,57.67
177,63.24,47.04
177,105.0,54.31
177,77.28,51.5
177,68.89,55.37
177,88.91,48.54
177,73.27,68.0
177,72.99,37.23
177,97.83,37.58
177,47.03,60.7
177,61.55,65.06
177,81.0,68.0
177,61.67,53.12
177,61.51,56.05
177,84.83,61.51
177,65.29,68.0
177,78.88,41.59
178,43.66,23.57
178,53.64,34.43
178,40.04,50.83
178,63.87,36.87
178,25.07,43.35
178,44.62,30.28
178,55.39,14.69
178,44.25,39.29
178,59.11,32.26
178,48.91,36.65
178,51.92,34.52
178,55.34,25.36
178,47.32,34.7
178,26.48,27.02
178,70.78,22.67
178,65.77,42.61
178,57.41,24.7
178,43.29,32.37
178,53.81,24.23
178,25.56,49.91
178,27.68,39.39
178,79.33,23.06
178,31.88,34.06
178,44.06,34.27
178,49.88,35.18
178,52.48,27.19
178,47.99,26.59
178,43.2,50.27
178,46.68,24.14
178,62.78,22.52
178,56.3,13.92
178,56.87,31.21
178,22.8,19.81
178,54.84,58.18
178,49.65,19.02
178,39.74,25.54
178,71.94,57.9
178,28.91,45.87
178,47.56,13.89
178,63.37,34.12
178,50.03,36.6
178,22.5,23.14
178,66.73,40.74
178,25.87,18.32
178,32.44,15.16
178,60.57,44.4
178,35.47,40.22
178,44.67,54.18
178,35.33,32.74
178,48.93,51.06
178,63.56,27.74
178,27.48,46.53
178,51.16,54.42
178,25.62,23.83
178,75.3,14.21
178,36.02,36.33
178,55.31,36.06
178,51.81,32.15
178,49.76,44.54
178,42.29,21.54
178,30.2,32.56
178,67.16,25.39
178,35.74,51.83
178,46.46,42.42
178,43.49,26.1
178,60.78,34.4
178,77.57,32.0
178,39.14,19.41
178,49.81,51.39
178,61.98,29.19
178,65.3,67.88
178,45.98,34.32
178,46.48,47.67
178,64.68,34.27
178,24.0,37.34
178,59.85,29.38
178,37.61,14.2
178,49.94,52.34
178,48.81,27.25
178,40.11,50.09
178,52.04,56.99
178,43.35,26.75
178,61.15,24.69
178,38.04,27.57
178,34.4,12.97
178,49.44,37.78
178,47.06,48.23
178,67.64,23.57
178,47.67,39.15
178,47.98,31.49
178,32.28,31.56
178,50.5,33.77
178,33.15,37.64
178,45.56,26.97
178,36.08,34.11
178,54.68,27.37
178,46.58,35.39
178,62.95,23.88
178,34.95,43.99
178,48.49,30.15
178,49.61,20.24
178,46.0,31.62
178,61.99,33.17
178,46.95,28.6
178,34.28,16.26
178,53.06,32.56
178,71.11,35.77
178,38.97,38.64
178,46.92,45.14
178,50.48,39.5
178,60.05,37.62
178,57.58,40.25
178,49.45,27.76
178,42.4,44.27
178,41.74,33.15
178,54.1,31.9
178,38.6,20.28
178,29.93,38.86
178,44.94,37.7
178,41.17,42.18
178,42.95,18.76
178,54.86,41.9
178,49.14,32.04
178,44.9,24.14
178,32.51,28.91
178,42.71,25.02
178,26.9,37.62
178,37.87,29.21
178,37.48,33.09
178,48.1,28.86
178,48.7,32.61
178,44.69,21.5
178,33.14,11.9
178,25.57,63.26
178,65.5,34.4
178,36.98,66.46
178,44.22,33.17
178,41.71,33.66
178,59.19,30.76
178,51.79,40.15
178,38.68,35.05
178,54.7,19.16
178,30.41,22.32
178,46.69,20.57
178,8.95,35.11
178,52.07,35.61
178,42.48,35.09
178,45.05,25.99
178,63.71,20.53
178,38.25,46.38
178,38.81,36.08
178,28.65,40.2
178,48.62,44.35
178,47.11,11.3
178,57.47,34.5
178,47.53,46.11
178,52.35,20.22
178,54.77,21.36
178,52.7,21.13
178,46.29,16.96
178,54.98,40.11
178,56.39,35.83
178,61.03,19.98
178,77.64,13.53
178,35.01,24.26
178,54.73,45.48
178,47.79,20.68
178,50.61,14.29
178,57.84,31.74
178,50.89,19.82
178,34.15,51.66
178,41.22,34.6
178,55.45,28.72
178,37.92,28.89
178,33.67,26.32
178,44.05,27.41
178,29.21,59.41
178,38.09,43.4
178,73.21,30.42
178,40.89,35.18
178,52.98,24.56
178,37.27,43.82
178,56.18,0.0
178,44.59,26.07
178,58.27,20.53
178,43.8,42.04
178,41.92,31.97
178,46.02,12.69
178,48.06,30.57
178,50.97,31.55
178,38.97,47.89
178,36.32,34.66
178,29.62,31.05
178,40.36,32.1
178,26.0,6.28
178,31.36,22.42
178,44.84,9.73
178,55.59,53.63
178,43.6,26.11
178,73.89,38.55
178,51.95,20.16
178,50.65,27.07
178,33.29,27.69
178,55.56,37.12
178,55.49,29.65
179,35.93,68.0
179,37.62,42.03
179,35.15,54.11
179,60.92,52.9
179,34.06,57.02
179,36.36,62.38
179,45.39,55.49
179,58.52,68.0
179,42.51,28.09
179,43.35,24.46
179,41.2,51.26
179,36.61,68.0
179,66.76,52.28
179,32.17,49.37
179,47.92,33.1
179,35.42,50.64
179,50.5,48.18
179,41.99,52.13
179,45.93,52.44
179,43.89,61.6
179,28.4,49.21
179,41.92,44.63
179,19.09,54.2
179,45.61,53.79
179,36.13,40.51
179,39.79,58.12
179,43.07,40.09
179,44.63,61.18
179,12.67,48.21
179,37.82,41.49
179,46.12,68.0
179,63.2,55.16
179,76.39,65.63
179,68.62,53.19
179,33.23,68.0
179,49.96,62.11
179,57.48,50.97
179,51.68,64.69
179,42.61,67.07
179,47.01,49.42
179,48.57,53.84
179,35.63,68.0
179,47.15,56.16
179,27.69,66.24
179,74.8,63.1
179,39.35,66.02
179,51.51,64.98
179,47.47,24.02
179,46.19,48.19
179,52.55,50.68
179,59.24,57.22
179,46.01,44.33
179,55.32,52.81
179,51.02,40.18
179,28.12,31.79
179,45.28,68.0
179,42.08,49.28
179,52.94,68.0
179,54.07,63.88
179,46.61,49.43
179,50.09,68.0
179,47.12,44.18
179,37.67,53.17
179,61.3,60.72
179,52.9,54.35
179,70.12,52.27
179,42.97,32.51
179,37.88,62.47
179,17.98,64.06
179,75.51,48.72
179,52.43,64.28
179,55.83,56.76
179,67.94,66.16
179,47.63,62.62
179,36.56,50.73
179,57.56,68.0
179,42.82,44.21
179,22.15,20.73
179,65.52,25.17
179,31.55,58.9
179,36.2,29.09
179,55.93,47.03
179,19.65,66.32
179,47.0,26.36
179,49.05,51.35
179,59.67,53.17
179,53.63,37.05
179,55.22,56.78
179,57.45,51.87
179,64.84,60.76
179,39.78,53.44
179,32.83,48.62
179,33.52,57.98
179,53.87,67.97
179,42.01,68.0
179,37.91,60.58
179,59.7,63.04
179,53.19,46.77
179,66.19,51.11
179,49.36,59.15
179,52.94,56.71
179,40.55,60.72
179,18.29,68.0
179,38.87,52.72
179,36.3,37.72
179,28.3,44.2
179,48.14,56.29
179,57.86,49.9
179,39.84,40.49
179,51.03,53.53
179,38.46,45.87
179,43.93,60.44
179,38.11,68.0
179,49.86,66.84
179,53.54,43.8
179,68.23,47.16
179,38.53,37.07
179,43.19,66.32
179,60.62,55.52
179,41.56,68.0
179,52.53,60.7
179,39.43,49.1
179,51.12,34.47
179,53.75,57.37
179,62.94,68.0
179,36.06,63.39
179,52.35,52.59
179,44.15,63.28
179,24.67,62.05
179,37.88,67.96
179,36.27,44.61
179,51.56,58.79
179,34.62,37.64
179,47.18,33.41
179,46.17,61.72
179,54.43,67.73
179,39.79,54.05
179,26.76,53.03
179,58.04,57.85
179,38.7,66.71
179,60.29,63.86
179,45.75,57.61
179,46.9,61.57
179,53.91,63.03
179,54.37,42.2
179,45.02,59.91
179,40.35,39.84
179,45.42,65.85
179,22.53,63.32
179,58.76,54.67
179,34.83,51.97
179,39.33,66.65
179,40.83,57.01
179,50.87,56.84
179,44.3,57.68
179,54.66,58.5
179,52.7,66.87
179,35.4,36.3
179,35.47,52.74
179,42.48,31.75
179,55.3,58.41
179,52.97,46.95
179,54.25,55.57
179,42.64,45.51
179,59.04,45.0
179,50.52,49.22
179,38.32,54.9
179,42.58,61.55
179,56.56,45.89
179,65.55,55.52
179,23.52,58.46
179,49.46,48.61
179,25.14,58.17
179,36.26,39.74
179,52.09,44.06
179,47.5,65.65
179,35.43,29.42
179,40.29,50.26
179,58.09,54.76
179,47.03,56.68
179,45.98,57.1
179,59.25,51.56
179,56.09,49.82
179,41.0,44.67
179,53.96,68.0
179,42.7,62.46
179,47.24,57.22
179,23.67,53.23
179,38.61,47.43
179,48.01,53.45
179,31.42,43.37
179,41.72,68.0
179,25.09,44.32
179,55.13,40.24
179,64.12,68.0
179,32.9,52.43
179,25.44,44.47
179,53.03,62.43
179,49.21,39.31
179,51.82,46.37
179,55.11,62.82
179,47.8,68.0
179,63.76,65.27
179,65.23,61.99
179,70.87,68.0
179,72.8,50.87
179,36.71,37.89
179,59.91,46.3
179,48.47,68.0
179,21.16,40.95
179,52.74,52.46
179,36.71,54.51
179,45.99,58.67
179,31.17,60.67
179,62.96,61.2
179,34.35,68.0
179,36.41,62.47
179,60.82,68.0
179,49.57,54.69
179,69.33,68.0
179,57.55,45.49
179,60.3,65.27
179,32.44,52.92
179,50.53,64.94
180,80.67,23.44
180,73.47,14.78
180,87.2,12.88
180,63.41,4.15
180,51.08,23.45
180,45.57,15.49
180,97.74,2.44
180,77.47,8.19
180,80.35,20.38
180,69.53,0.0
180,78.27,11.62
180,64.94,21.2
180,73.85,14.73
180,50.71,20.12
180,49.65,0.0
180,57.11,0.0
180,63.05,21.86
180,91.9,16.44
180,105.0,9.08
180,88.99,15.05
180,32.73,18.64
180,97.09,6.66
180,69.09,4.38
180,53.74,0.0
180,98.83,28.01
180,68.82,12.81
180,61.57,28.75
180,67.07,0.0
180,69.83,13.43
180,81.99,0.0
180,76.78,31.35
180,65.66,41.98
180,48.76,25.79
180,63.87,0.0
180,77.27,0.0
180,64.55,10.93
180,75.91,13.53
180,74.11,17.72
180,88.93,17.22
180,77.74,12.19
180,85.41,9.5
180,71.14,2.97
180,95.38,19.46
180,68.13,0.0
180,63.08,13.1
180,91.44,14.5
180,65.86,9.56
180,59.87,20.96
180,59.48,22.83
180,67.54,14.25
180,70.55,37.45
180,79.42,4.35
180,84.04,6.91
180,74.4,7.43
180,86.34,24.42
180,84.62,16.0
180,61.99,0.0
180,61.32,8.38
180,68.22,5.41
180,46.08,30.62
180,75.06,3.11
180,71.08,11.82
180,95.21,0.0
180,88.31,13.73
180,70.13,32.7
180,86.73,2.84
180,71.91,22.25
180,80.14,9.73
180,48.92,11.78
180,66.76,18.82
180,76.16,0.0
180,70.56,3.57
180,90.85,2.04
180,78.69,30.6
180,81.99,23.6
180,76.82,22.87
180,74.26,23.11
180,86.0,20.9
180,97.25,0.0
180,46.85,5.44
180,60.89,9.61
180,74.78,13.45
180,91.53,0.81
180,84.25,0.0
180,63.41,0.41
180,68.93,3.66
180,83.8,7.95
180,66.22,16.69
180,77.69,10.31
180,65.16,25.4
180,80.36,18.83
180,82.28,8.58
180,39.01,16.94
180,97.39,10.86
180,98.8,5.52
180,47.56,12.64
180,71.03,16.57
180,52.79,23.04
180,46.3,36.26
180,84.54,26.0
180,97.56,1.03
180,73.7,0.0
180,94.31,26.23
180,65.39,10.63
180,55.15,4.25
180,68.94,29.95
180,63.82,9.93
180,79.58,10.78
180,88.14,4.97
180,59.0,0.0
180,56.4,1.85
180,85.43,5.0
180,69.45,0.0
180,84.13,12.88
180,63.3,14.94
180,65.45,22.01
180,87.33,3.68
180,84.68,0.0
180,92.1,8.4
180,71.28,0.0
180,90.83,11.71
180,79.79,21.54
180,79.27,6.17
180,62.9,11.21
180,82.59,0.0
180,70.69,7.72
180,98.19,29.65
180,73.98,18.14
180,71.64,3.41
180,90.61,0.0
180,75.09,11.72
180,62.93,17.6
180,54.09,3.56
180,62.37,9.87
180,50.26,0.0
180,72.78,20.94
180,85.17,2.58
180,66.61,18.97
180,105.0,15.83
180,55.57,17.08
180,80.89,9.15
180,79.66,30.1
180,68.5,4.84
180,71.98,30.26
180,95.62,14.79
180,87.95,13.36
180,86.16,9.46
180,61.84,13.23
180,80.44,12.11
180,84.62,31.17
180,85.25,0.0
180,55.84,9.86
180,78.43,1.59
180,78.31,5.67
180,88.56,12.19
180,70.57,28.55
180,59.0,17.31
180,61.67,1.48
180,78.72,8.77
180,89.11,24.68
180,69.24,5.57
180,77.81,13.49
180,47.37,16.5
180,46.3,9.59
180,80.19,1.96
180,79.96,14.77
180,83.3,37.36
180,46.82,6.87
180,92.91,6.11
180,66.72,20.16
180,66.12,38.22
180,82.67,2.65
180,75.07,0.0
180,96.01,20.76
180,83.35,21.01
180,94.05,1.26
180,68.58,8.73
180,89.94,0.0
180,45.13,7.96
180,72.91,8.83
180,56.53,22.47
180,75.71,25.47
180,76.4,10.94
180,86.44,28.53
180,77.33,22.55
180,64.52,0.0
180,68.07,24.46
180,76.68,20.9
180,65.65,33.14
180,89.53,14.93
180,69.18,31.5
180,87.37,0.0
180,65.24,7.13
180,82.15,0.0
180,71.29,8.61
180,89.18,13.83
180,98.9,11.72
180,76.72,22.24
180,98.73,39.26
180,72.03,8.05
180,76.61,25.99
180,72.63,19.82
180,60.97,16.1
180,93.04,21.42
180,76.05,8.25
180,68.55,23.62
180,64.71,0.0
180,98.62,13.75
180,72.14,8.64
180,72.01,39.38
180,87.35,0.16
180,94.12,17.43
180,67.31,25.91
180,82.13,5.84
180,82.11,12.43
180,71.73,6.43
180,69.03,7.24
180,66.1,30.58
181,58.42,56.21
181,41.04,55.16
181,23.61,68.0
181,44.13,32.6
181,30.34,39.67
181,58.95,65.99
181,59.57,37.87
181,31.19,63.86
181,53.14,57.51
181,37.66,39.62
181,42.3,64.89
181,71.96,67.07
181,41.18,54.34
181,65.11,52.91
181,69.05,68.0
181,41.99,35.32
181,49.8,61.64
181,40.0,38.14
181,46.37,60.39
181,54.74,52.58
181,45.09,53.63
181,51.3,68.0
181,37.17,36.78
181,34.55,61.91
181,41.44,53.22
181,48.08,55.1
181,63.01,63.44
181,43.85,62.89
181,51.58,60.85
181,34.0,44.43
181,57.41,60.8
181,41.17,62.37
181,43.35,59.53
181,47.03,60.95
181,39.17,55.06
181,31.8,41.22
181,52.15,49.55
181,58.03,48.87
181,28.88,54.32
181,49.47,49.62
181,49.27,68.0
181,41.54,59.01
181,41.48,53.37
181,60.13,57.12
181,74.41,58.68
181,63.11,68.0
181,53.25,58.98
181,61.57,49.59
181,52.35,42.75
181,37.28,56.53
181,50.91,68.0
181,28.7,52.3
181,36.5,43.74
181,58.38,64.93
181,43.67,55.34
181,35.35,36.07
181,38.27,56.31
181,30.21,66.56
181,50.28,30.9
181,40.52,61.91
181,42.86,40.24
181,51.43,51.76
181,50.46,48.79
181,30.61,66.23
181,31.04,64.98
181,45.1,39.11
181,54.46,32.11
181,37.31,37.34
181,39.12,58.68
181,47.84,28.9
181,47.6,46.92
181,45.34,64.23
181,51.0,60.59
181,34.21,35.34
181,65.68,56.18
181,42.1,43.47
181,67.85,46.9
181,17.71,47.71
181,23.98,49.0
181,44.92,53.05
181,59.01,45.89
181,49.04,46.33
181,44.6,63.82
181,49.71,54.05
181,45.73,42.0
181,71.51,55.11
181,39.31,37.65
181,62.57,55.26
181,36.38,60.16
181,42.18,62.88
181,33.38,58.64
181,57.09,42.1
181,61.77,47.78
181,43.74,66.53
181,53.09,50.54
181,47.66,53.05
181,53.72,61.45
181,61.37,68.0
181,31.14,53.16
181,32.27,49.71
181,38.84,68.0
181,40.28,68.0
181,48.73,54.41
181,46.15,54.21
181,43.4,63.98
181,45.04,58.82
181,48.89,54.31
181,36.03,62.12
181,18.48,46.88
181,34.23,66.25
181,60.41,61.3
181,12.34,58.99
181,60.74,52.81
181,38.63,47.17
181,57.07,34.58
181,32.72,34.61
181,13.41,35.6
181,34.84,67.45
181,44.29,46.77
181,51.03,40.7
181,27.62,53.0
181,50.9,43.54
181,46.36,49.68
181,37.98,60.11
181,47.52,50.38
181,47.16,50.39
181,52.85,53.78
182,64.54,58.11
182,41.24,62.81
182,47.28,59.26
182,35.12,49.65
182,36.62,60.43
182,58.79,47.08
182,48.09,60.46
182,54.61,55.28
182,49.47,33.45
182,43.96,52.48
182,61.77,64.25
182,22.79,52.61
182,35.49,56.52
182,41.06,48.73
182,46.59,50.99
182,42.13,64.43
182,48.72,49.26
182,63.8,41.34
182,31.04,30.02
182,65.81,45.62
182,43.17,41.91
182,48.52,37.65
182,46.31,42.19
182,49.63,43.1
182,61.64,42.36
182,31.07,68.0
182,36.66,35.85
182,54.15,60.35
182,35.58,59.89
182,21.7,60.76
182,54.4,53.47
182,35.98,67.92
182,57.44,54.01
182,40.17,51.68
182,60.83,66.83
182,49.31,52.09
182,36.92,36.5
182,30.07,59.51
182,42.98,65.93
182,46.73,57.22
182,37.66,50.02
182,29.19,56.87
182,43.02,61.51
182,65.97,42.64
182,49.22,31.55
182,37.58,52.49
182,47.9,65.41
182,54.18,41.5
182,33.96,39.92
182,42.65,56.23
182,44.09,51.44
182,40.78,46.38
182,29.97,66.8
182,54.6,46.61
182,18.62,57.95
182,37.43,63.24
182,36.55,51.72
182,38.73,63.26
182,64.98,61.35
182,41.98,56.02
182,59.85,49.88
182,47.74,68.0
182,51.82,63.98
182,42.15,62.13
182,55.4,54.63
182,37.99,48.07
182,40.22,32.72
182,39.24,59.76
182,32.41,50.33
182,45.72,56.43
182,57.28,68.0
182,41.6,67.76
182,35.62,58.92
182,71.35,52.89
182,40.93,62.59
182,55.51,63.96
182,46.06,49.74
182,59.99,51.12
182,45.33,56.58
182,45.37,45.68
182,45.25,46.45
182,42.68,41.6
182,46.81,68.0
182,35.99,39.17
182,52.44,39.57
182,81.27,28.89
182,33.85,60.8
182,50.11,43.58
182,46.21,62.33
182,31.28,53.46
182,56.15,68.0
182,40.23,44.65
182,37.06,54.65
182,63.78,66.22
182,41.56,67.36
182,61.18,65.95
182,53.02,60.1
182,47.24,53.72
182,54.27,60.43
182,56.22,39.59
182,43.72,49.85
182,41.21,68.0
182,57.15,64.15
182,82.12,40.58
182,24.92,57.87
182,31.51,44.08
182,33.48,50.87
182,41.78,68.0
182,33.33,33.98
182,53.96,39.95
182,27.18,55.66
182,40.44,59.17
182,39.56,50.69
182,58.93,66.74
182,45.37,51.48
182,28.59,56.99
182,49.85,54.64
182,33.96,51.19
182,30.5,62.21
182,60.41,45.12
182,40.4,68.0
182,52.38,64.62
182,39.81,64.79
182,49.2,68.0
182,64.18,58.64
182,48.45,55.37
182,41.31,59.15
182,28.87,49.48
182,57.56,53.06
182,52.25,44.85
182,50.22,68.0
182,44.96,42.94
182,60.61,45.01
182,40.3,51.67
182,53.16,41.87
182,69.62,46.84
182,47.05,50.1
182,41.62,62.75
182,38.78,38.08
182,38.61,48.27
182,46.48,57.3
182,67.51,59.51
182,51.63,68.0
182,48.65,68.0
182,47.89,68.0
182,25.84,37.11
182,44.74,57.68
182,33.96,60.92
182,65.57,40.55
182,34.66,51.4
182,28.65,62.93
182,23.61,63.56
182,35.93,68.0
182,8.24,55.46
182,48.42,48.06
182,49.05,60.68
182,31.84,56.24
182,57.21,59.17
182,43.82,33.54
182,44.01,54.08
182,57.28,58.71
182,60.71,54.06
182,32.77,52.57
182,27.3,52.56
182,41.06,44.38
182,66.15,63.49
182,35.94,50.77
182,58.59,26.38
182,33.34,47.28
182,44.0,45.6
182,38.53,50.43
182,51.36,46.88
182,47.93,52.8
182,34.37,56.17
182,39.72,45.29
182,32.14,54.57
182,48.99,61.31
182,32.78,50.08
182,47.24,61.26
182,51.16,68.0
182,54.58,43.63
182,54.75,57.25
182,50.37,68.0
182,31.94,56.65
182,34.73,44.91
182,34.67,59.38
182,45.15,52.15
182,60.18,40.07
182,36.93,52.13
182,41.98,41.4
182,61.61,35.93
182,28.19,63.54
182,65.77,28.26
182,54.09,68.0
182,36.89,60.25
182,41.57,68.0
182,68.07,68.0
182,39.5,66.36
182,55.32,49.29
182,72.52,47.18
182,45.45,55.25
182,45.88,64.93
182,74.73,68.0
182,31.85,42.95
182,45.76,62.93
182,51.54,54.44
182,25.94,54.47
182,30.89,61.15
182,38.58,25.68
182,51.31,54.31
182,39.7,40.4
182,44.87,62.08
182,56.16,57.44
182,53.82,68.0
182,19.35,68.0
182,48.37,47.37
182,53.13,57.04
182,44.94,68.0
182,52.83,59.28
182,56.0,61.97
182,50.22,68.0
182,44.75,68.0
182,49.27,56.45
182,15.75,66.16
182,64.34,64.32
182,63.2,68.0
182,62.28,55.62
182,47.67,68.0
182,53.43,50.14
182,47.82,59.8
182,50.19,64.55
182,63.78,62.34
182,22.99,58.21
182,51.71,54.49
182,35.16,62.67
182,31.02,60.49
182,44.35,56.01
182,29.71,62.23
182,29.69,38.3
182,24.4,59.43
182,39.73,35.97
182,52.91,45.0
182,56.73,58.33
182,71.71,54.11
182,40.74,36.04
182,56.37,33.86
182,48.34,50.8
182,47.96,34.52
183,45.05,40.58
183,32.14,30.96
183,77.57,36.68
183,71.16,31.38
183,64.74,26.74
183,59.57,5.9
183,87.21,30.82
183,64.19,33.82
183,61.12,18.55
183,57.7,43.13
183,65.67,31.38
183,50.5,38.46
183,74.49,36.84
183,76.95,32.6
183,76.57,27.47
183,59.4,25.93
183,64.9,15.1
183,42.78,49.85
183,43.71,37.33
183,70.02,23.06
183,71.9,39.94
183,37.34,20.97
183,43.31,40.34
183,47.9,38.47
183,64.5,26.57
183,54.4,16.3
183,44.87,28.21
183,55.92,34.82
183,55.71,16.46
183,71.81,26.05
183,56.54,48.05
183,79.0,32.89
183,33.42,62.78
183,65.94,38.5
183,87.29,31.58
183,58.24,23.8
183,56.37,21.11
183,51.38,35.36
183,41.08,28.41
183,73.76,30.17
183,49.74,35.76
183,71.78,26.21
183,65.09,43.2
183,68.55,36.79
183,47.72,27.25
183,64.45,36.32
183,60.06,8.6
183,62.48,38.07
183,27.32,37.88
183,66.83,11.21
183,89.03,13.42
183,43.41,30.42
183,72.3,26.88
183,56.94,33.26
183,46.52,34.48
183,50.86,50.73
183,78.96,29.95
183,63.76,40.58
183,58.37,28.71
183,39.55,38.17
183,67.15,29.33
183,74.04,19.41
183,63.92,27.13
183,45.15,38.07
183,66.85,21.13
183,84.18,34.75
183,57.93,37.41
183,73.47,37.59
183,57.11,42.03
183,57.67,56.25
183,62.67,19.87
183,55.31,29.69
183,54.06,33.25
183,60.24,28.33
183,72.56,46.74
183,61.08,47.57
183,59.53,58.5
183,62.56,32.33
183,80.62,21.25
183,47.21,31.37
183,68.73,23.26
183,70.95,43.03
183,57.87,42.2
183,75.98,42.39
183,72.21,56.9
183,70.88,34.09
183,43.47,26.86
183,53.04,33.44
183,51.33,23.26
183,69.41,26.35
183,71.73,34.09
183,56.72,39.37
183,56.76,24.77
183,88.88,19.5
183,62.62,41.79
183,65.97,24.3
183,56.97,35.58
183,77.33,46.52
183,65.38,42.85
183,62.38,40.46
183,62.93,45.92
183,54.66,36.57
183,47.75,21.77
183,60.11,61.01
183,80.22,38.83
183,56.27,39.18
183,73.73,35.88
183,54.93,15.23
183,35.63,24.36
183,53.22,51.99
183,38.91,12.78
183,69.74,32.66
183,36.18,36.93
183,61.09,30.1
183,50.25,56.22
183,51.92,17.05
183,71.29,25.97
183,58.48,37.51
183,59.62,38.33
183,58.8,35.08
183,54.88,36.95
183,49.65,26.95
183,38.34,30.23
183,64.99,22.42
183,63.92,38.36
183,74.89,15.24
183,65.25,18.94
183,54.17,43.63
183,57.94,27.47
183,67.46,60.5
183,74.33,28.87
183,54.8,28.93
183,74.41,48.47
183,59.05,44.75
183,51.42,31.84
183,51.72,32.98
183,56.31,45.04
183,59.86,36.21
183,74.97,30.32
183,84.56,31.97
183,57.25,55.69
183,42.06,30.56
183,52.33,30.53
183,56.11,33.55
183,63.65,34.66
183,36.68,25.85
183,73.76,51.56
183,48.34,29.98
183,64.01,39.53
183,58.43,52.1
183,51.34,30.38
183,77.46,38.48
183,54.18,20.6
183,47.61,25.57
183,66.95,35.68
183,71.46,29.77
183,57.45,42.47
183,62.41,28.54
183,72.53,31.33
183,57.29,27.34
183,56.82,46.43
183,70.26,32.04
183,58.09,27.1
183,49.98,24.63
183,59.98,22.23
183,47.52,41.77
183,59.15,33.29
183,72.61,66.54
183,44.18,28.17
183,59.45,17.1
183,67.78,31.81
183,59.25,59.04
183,78.13,38.0
183,60.77,33.24
183,65.1,28.27
183,78.03,30.53
183,66.75,47.27
183,59.82,24.87
183,54.43,34.38
183,58.05,35.66
183,64.5,34.15
183,50.0,30.64
183,77.15,18.08
183,89.96,36.41
183,60.17,31.01
183,37.79,47.58
183,70.14,32.15
183,61.43,33.44
183,68.72,35.75
183,59.62,39.23
183,72.4,14.22
183,50.72,37.44
183,65.49,15.35
183,64.21,29.95
183,65.3,41.06
183,70.26,56.76
183,72.03,23.08
183,45.32,24.86
183,70.43,15.48
183,62.46,26.04
183,57.53,59.21
183,63.74,16.52
183,63.16,0.0
183,61.31,43.7
183,37.14,43.45
183,61.84,34.54
183,57.44,35.42
183,64.52,42.65
183,59.33,42.88
183,87.67,22.76
183,57.43,20.25
183,40.18,22.94
183,58.74,25.52
183,54.22,41.97
183,62.71,45.61
183,54.16,30.23
183,68.25,37.11
183,59.83,32.98
183,64.61,24.82
183,79.15,24.32
183,60.88,34.72
183,42.67,42.32
183,53.76,38.5
183,42.09,31.79
183,52.34,49.33
183,14.31,51.19
183,70.91,17.39
183,40.7,20.95
183,69.38,18.05
183,51.66,43.92
183,56.48,30.91
183,81.15,34.64
183,55.93,40.63
183,47.36,33.87
183,53.49,26.92
183,43.83,21.92
183,71.05,31.41
183,67.16,42.81
183,56.09,15.41
183,69.98,28.63
184,38.35,22.38
184,39.11,22.84
184,70.84,54.69
184,51.61,45.66
184,36.38,48.95
184,66.87,25.77
184,61.46,17.13
184,85.21,45.18
184,44.07,9.06
184,47.11,34.89
184,50.31,40.64
184,72.73,21.68
184,34.24,50.61
184,55.2,30.87
184,63.09,37.59
184,75.11,39.86
184,48.41,36.09
184,63.33,27.82
184,51.37,25.07
184,43.52,38.19
184,58.07,40.9
184,55.87,44.76
184,66.07,32.37
184,85.15,34.88
184,65.21,24.29
184,59.46,45.25
184,66.63,24.69
184,49.84,40.49
184,69.71,45.15
184,50.86,44.97
184,63.63,19.02
184,56.5,17.01
184,55.91,23.89
184,80.08,22.36
184,47.74,57.23
184,65.64,38.07
184,53.76,20.08
184,71.04,23.05
184,42.21,51.22
184,55.0,48.24
184,47.38,19.43
184,79.82,42.53
184,76.13,30.54
184,50.16,31.76
184,44.41,19.1
184,53.58,29.67
184,69.88,22.61
184,63.2,47.92
184,54.48,23.35
184,74.33,46.75
184,64.14,29.73
184,48.57,12.86
184,32.71,26.73
184,86.51,20.0
184,56.03,38.76
184,28.88,20.51
184,63.75,28.39
184,38.09,36.84
184,76.52,20.05
184,75.73,48.52
184,56.87,35.46
184,45.5,34.17
184,66.24,16.63
184,75.68,27.48
184,58.61,30.14
184,55.04,19.63
184,50.22,42.62
184,55.44,33.45
184,57.91,23.54
184,53.53,29.24
184,47.36,33.41
184,81.46,54.9
184,56.82,37.36
184,53.08,24.04
184,62.52,25.62
184,63.1,28.46
184,59.16,39.25
184,45.18,37.24
184,59.87,38.1
184,61.88,31.8
184,64.18,15.75
184,63.44,38.82
184,62.41,24.33
184,46.05,38.79
184,93.03,19.28
184,65.9,32.7
184,69.87,40.99
184,67.94,54.72
184,58.44,27.0
184,46.99,48.91
184,57.14,44.31
184,47.54,29.03
184,40.21,33.13
184,87.12,27.02
184,70.56,25.03
184,61.29,17.07
184,60.85,22.17
184,67.9,5.18
184,58.31,34.63
184,51.9,49.82
184,77.59,35.96
184,47.95,33.85
184,75.26,26.63
184,60.17,54.3
184,63.12,44.85
184,55.24,19.45
184,44.85,56.45
184,50.2,50.32
184,63.7,21.97
184,48.45,42.18
184,48.62,31.53
184,69.12,11.92
184,65.03,23.54
184,42.84,41.97
184,75.09,40.59
184,76.24,63.97
184,56.39,35.61
184,37.5,13.7
184,41.51,22.79
184,52.42,28.64
184,75.27,30.26
184,61.75,29.86
184,43.92,36.99
184,78.82,49.89
184,59.21,37.75
184,70.31,12.19
184,55.73,37.4
184,34.88,13.51
184,36.97,26.09
184,48.96,52.48
184,63.85,10.85
184,65.48,54.76
184,84.09,38.96
184,59.63,36.78
184,58.64,18.25
184,47.28,33.98
184,71.82,27.58
184,78.78,23.5
184,51.77,31.63
184,58.37,58.94
184,64.48,41.68
184,49.43,30.6
184,36.84,37.13
184,61.78,28.3
184,67.4,40.8
184,47.81,19.51
184,59.73,42.45
184,86.77,16.22
184,74.29,29.89
184,66.5,45.24
184,52.97,53.03
184,68.15,8.31
184,38.65,20.01
184,58.64,33.26
184,53.13,41.08
184,69.7,26.44
184,31.61,32.88
184,92.58,33.58
184,54.2,32.46
184,80.93,33.05
184,69.4,33.8
184,64.17,51.64
184,63.06,31.46
184,60.95,47.71
184,53.68,33.29
184,65.46,26.07
184,57.35,30.91
184,67.09,14.91
184,65.33,21.87
184,54.78,25.81
184,53.44,35.35
184,63.46,51.98
184,65.46,29.99
184,53.57,22.48
184,46.89,43.22
184,63.3,36.02
184,64.59,46.76
184,61.51,44.69
184,58.77,40.19
184,70.32,37.91
184,47.35,44.71
184,49.11,43.93
184,52.55,44.41
184,58.48,44.19
184,51.74,33.24
184,52.02,25.09
184,71.78,34.3
184,58.93,29.56
184,70.43,23.81
184,60.06,51.57
184,50.74,33.88
184,74.39,22.44
184,54.75,48.73
184,64.4,35.26
184,69.55,44.94
184,57.54,29.94
184,56.71,40.54
184,49.81,41.03
184,61.35,35.15
184,50.03,27.09
184,56.39,38.41
184,55.31,40.6
184,52.58,20.78
184,63.4,60.64
184,74.79,51.92
184,70.06,35.61
184,34.69,43.38
184,60.47,33.81
184,88.79,27.05
184,61.14,44.46
184,55.65,25.03
184,76.57,38.08
184,59.62,26.75
184,75.17,24.78
184,57.78,35.61
184,65.36,45.47
184,51.69,36.88
184,72.92,34.7
184,59.31,14.25
184,61.65,31.8
184,72.11,18.48
184,65.95,34.64
184,57.75,33.94
184,41.92,33.36
184,58.54,33.66
184,55.33,39.53
184,60.2,40.23
184,57.24,37.72
184,76.27,44.66
184,66.94,7.43
184,55.45,22.97
184,69.0,38.85
184,78.69,34.06
184,51.71,24.52
184,57.01,38.79
184,51.18,42.09
184,64.75,25.67
184,87.09,26.91
184,75.37,16.0
184,55.86,32.91
184,68.32,33.5
184,76.03,22.34
184,38.85,28.26
184,47.02,33.44
184,72.11,44.11
184,40.85,29.78
184,60.93,24.06
184,69.43,50.29
184,64.18,41.63
184,58.78,19.71
184,77.88,41.85
184,70.85,28.23
184,88.68,45.28
184,45.44,29.43
184,53.15,14.24
184,59.15,27.73
184,76.92,24.33
184,69.65,26.68
184,54.73,8.75
184,47.28,32.69
184,45.85,11.61
184,82.67,32.6
184,59.69,7.46
184,62.59,21.94
184,47.07,40.03
184,60.41,41.68
184,48.87,25.25
184,61.71,40.0
184,55.68,13.91
184,50.71,44.73
184,75.57,46.95
184,76.63,31.67
184,66.45,29.15
184,36.66,8.17
185,31.95,47.76
185,11.37,25.37
185,31.69,25.93
185,18.78,31.16
185,48.46,14.65
185,37.82,24.5
185,33.46,54.29
185,30.52,41.68
185,17.66,40.54
185,19.38,40.7
185,54.87,40.73
185,18.36,29.34
185,30.21,33.08
185,31.29,37.89
185,30.02,28.66
185,32.31,48.41
185,54.29,15.32
185,31.86,30.48
185,36.45,46.16
185,26.04,44.94
185,27.46,28.48
185,36.08,37.43
185,48.25,37.33
185,46.75,57.91
185,0.0,25.2
185,8.18,36.29
185,56.99,29.43
185,23.07,50.77
185,25.01,32.47
185,22.44,27.17
185,13.03,42.12
185,19.95,25.22
185,22.94,36.06
185,23.48,41.38
185,17.27,14.94
185,41.92,25.04
185,28.8,55.03
185,31.92,36.43
185,31.18,21.48
185,23.2,35.58
185,20.81,13.4
185,10.73,35.82
185,39.4,38.33
185,28.08,33.03
185,45.94,25.8
185,34.9,53.66
185,50.54,30.35
185,25.02,13.18
185,17.36,32.2
185,54.18,46.88
185,44.99,51.8
185,5.8,4.35
185,35.96,24.81
185,39.19,29.88
185,27.09,35.82
185,13.29,19.01
185,27.58,40.11
185,32.51,44.21
185,20.87,24.27
185,39.36,33.48
185,9.11,42.96
185,32.29,53.45
185,55.22,45.61
185,37.78,28.26
185,48.8,38.99
185,28.23,31.42
185,32.7,25.76
185,24.37,39.45
185,24.81,39.34
185,36.6,33.92
185,17.81,45.02
185,40.83,30.88
185,36.34,32.99
185,14.2,36.17
185,42.6,37.54
185,57.39,23.84
185,41.55,54.76
185,4.8,41.4
185,60.88,34.02
185,1.21,34.25
185,7.68,33.17
185,7.16,50.08
185,26.41,44.54
185,4.72,40.98
185,0.78,61.26
185,20.92,40.51
185,20.45,24.1
185,25.96,42.14
185,36.02,39.86
185,48.91,49.26
185,29.41,42.2
185,35.62,35.52
185,25.99,44.6
185,44.93,15.52
185,49.54,39.27
185,22.11,40.28
185,12.32,19.33
185,22.13,35.36
185,23.71,26.71
185,26.91,29.19
185,29.86,44.16
185,26.94,22.64
185,13.34,31.5
185,26.54,23.81
185,33.43,36.48
185,49.44,37.68
185,22.28,19.83
185,29.42,30.25
185,28.04,31.93
185,22.95,35.28
185,23.29,44.43
185,5.46,23.47
185,35.48,29.51
185,38.35,48.42
185,24.27,42.61
185,36.14,23.42
185,7.03,32.74
185,48.85,38.57
185,19.63,43.76
185,26.22,37.51
185,41.66,38.5
185,10.8,38.76
185,23.41,34.49
185,20.22,16.59
185,36.73,28.47
185,17.4,47.61
185,39.51,43.48
185,32.98,33.83
185,9.39,31.32
185,40.63,25.84
185,53.95,24.49
185,17.88,44.42
185,23.02,30.52
185,12.83,37.25
185,28.96,60.47
185,43.9,35.12
185,20.88,25.71
185,17.72,43.64
186,88.22,25.34
186,60.27,41.47
186,92.97,57.55
186,88.58,34.93
186,73.69,18.56
186,61.01,8.28
186,86.28,44.47
186,77.45,52.13
186,61.94,46.02
186,78.81,35.85
186,57.32,25.59
186,75.49,39.63
186,75.74,37.85
186,78.21,55.75
186,87.74,39.68
186,65.57,43.74
186,63.68,32.68
186,72.35,23.13
186,82.6,33.55
186,69.27,7.37
186,51.11,33.77
186,68.57,37.42
186,74.07,27.82
186,61.89,37.89
186,41.44,45.8
186,76.05,35.39
186,54.99,32.91
186,84.58,29.65
186,101.95,31.15
186,60.38,55.71
186,76.57,25.24
186,75.89,27.0
186,52.05,44.39
186,40.5,25.5
186,54.38,43.66
186,68.05,23.7
186,103.7,33.88
186,79.45,44.21
186,60.5,20.5
186,60.38,42.06
186,63.1,43.91
186,47.57,31.08
186,60.49,48.09
186,77.99,32.1
186,69.06,32.86
186,66.7,41.87
186,82.84,47.57
186,57.35,2.91
186,77.57,11.09
186,57.17,19.83
186,82.8,40.86
186,72.83,36.42
186,74.13,13.28
186,70.25,55.34
186,79.08,40.26
186,60.91,31.15
186,85.14,39.53
186,68.67,30.57
186,78.42,46.01
186,80.58,48.84
186,62.05,51.24
186,78.42,39.36
186,62.32,35.22
186,51.33,45.38
186,74.51,52.7
186,100.13,31.14
186,63.48,50.03
186,78.65,27.96
186,82.65,25.37
186,56.93,38.1
186,63.96,25.91
186,88.24,13.14
186,80.52,31.92
186,72.92,60.63
186,51.5,13.59
186,64.5,43.57
186,78.77,31.25
186,31.13,26.3
186,82.56,24.75
186,86.71,35.1
186,95.41,30.93
186,88.56,40.69
186,77.21,58.35
186,82.12,36.58
186,67.37,27.32
186,64.82,38.32
186,77.69,26.96
186,61.3,28.96
186,66.45,26.52
186,100.48,44.5
186,62.38,43.63
186,75.07,32.1
186,50.89,17.95
186,61.31,24.23
186,61.42,33.54
186,70.38,46.92
186,60.56,0.73
186,68.27,36.71
186,65.36,41.46
186,69.37,41.73
186,50.28,41.9
186,51.61,45.69
186,82.01,31.55
186,64.4,42.29
186,74.44,13.69
186,76.94,29.12
186,72.82,37.82
186,54.36,28.6
186,45.17,22.86
186,66.41,26.94
186,72.28,41.31
186,89.98,32.8
186,97.4,33.59
186,76.32,38.28
186,70.67,36.99
186,70.69,50.17
186,71.08,46.99
186,62.79,38.72
186,89.33,30.98
186,66.32,48.96
186,76.16,52.63
186,75.96,17.21
186,41.33,33.25
186,58.36,32.11
186,76.23,23.59
186,87.88,28.71
186,74.3,30.02
186,80.63,45.92
186,57.54,18.88
186,72.35,36.88
186,56.71,25.66
186,82.07,47.73
186,72.56,35.33
186,94.56,44.52
186,71.72,35.23
186,51.47,16.34
186,76.26,28.34
186,66.03,53.1
186,84.38,40.52
186,62.54,56.27
186,88.26,51.08
186,53.94,27.4
186,90.35,19.67
186,54.16,46.4
187,81.11,27.91
187,90.28,37.99
187,98.16,49.7
187,75.14,13.28
187,101.48,53.93
187,98.45,15.59
187,98.63,43.54
187,95.0,33.67
187,59.85,47.81
187,92.13,38.13
187,83.04,33.28
187,95.58,41.5
187,67.33,25.3
187,61.8,32.67
187,95.75,19.2
187,76.43,42.05
187,60.34,46.95
187,74.26,38.98
187,85.86,36.41
187,102.65,30.71
187,88.5,60.45
187,80.5,33.6
187,84.64,16.79
187,97.83,40.2
187,95.16,34.61
187,97.31,56.83
187,105.0,33.86
187,88.62,19.07
187,97.19,52.67
187,60.13,37.32
187,90.35,27.72
187,70.45,58.84
187,79.8,33.66
187,82.03,27.87
187,87.95,44.5
187,80.42,44.57
187,83.03,44.1
187,96.45,48.81
187,89.14,13.1
187,87.13,43.19
187,87.94,34.9
187,85.02,35.5
187,100.88,28.45
187,86.81,29.37
187,105.0,31.31
187,93.92,35.51
187,97.71,9.84
187,83.89,41.92
187,95.2,44.78
187,101.25,39.16
187,90.74,40.5
187,82.97,44.63
187,102.23,36.6
187,105.0,58.04
187,68.64,34.04
187,81.83,44.73
187,87.41,24.16
187,83.32,32.53
187,87.2,46.19
187,74.96,32.17
187,100.1,27.84
187,88.35,37.78
187,91.24,34.47
187,84.3,23.8
187,79.03,29.78
187,79.43,36.4
187,105.0,7.3
187,75.22,34.48
187,82.85,24.04
187,64.47,31.14
187,94.28,20.02
187,99.49,30.04
187,65.22,53.76
187,78.6,22.78
187,77.67,26.65
187,83.37,29.86
187,95.18,10.52
187,87.65,14.78
187,87.99,39.94
187,69.47,27.36
187,87.45,53.65
187,100.39,23.56
187,89.37,54.32
187,61.93,14.59
187,104.51,32.07
187,105.0,23.96
187,95.38,42.26
187,100.13,26.61
187,94.23,27.89
187,96.56,32.71
187,80.54,61.97
187,98.29,49.04
187,58.9,28.71
187,85.93,23.24
187,99.89,24.1
187,105.0,21.63
187,93.42,45.15
187,103.61,25.65
187,87.29,47.11
187,96.31,47.02
187,97.27,32.12
187,57.3,17.47
187,98.15,42.4
187,89.54,20.04
187,90.86,33.95
187,99.64,50.49
187,81.06,7.19
187,88.34,30.84
187,88.91,26.77
187,93.02,28.79
187,60.04,18.31
187,96.72,56.82
187,97.24,35.79
187,71.04,11.42
187,78.38,38.04
187,102.75,46.38
187,75.27,33.15
187,105.0,51.91
187,75.89,11.01
187,100.65,46.51
187,75.47,31.19
187,98.77,24.1
187,90.96,42.69
187,91.14,42.46
187,74.57,50.65
187,87.9,50.12
187,77.83,34.78
187,76.49,16.26
187,105.0,13.93
187,105.0,14.98
187,78.04,29.19
187,93.52,36.69
187,100.27,40.04
187,79.81,40.31
187,76.5,24.92
187,88.0,49.06
187,88.22,51.68
187,55.17,22.84
187,91.32,32.8
187,98.46,41.47
187,94.4,50.0
187,84.61,40.58
187,69.1,27.39
187,93.96,22.68
187,77.94,22.07
187,83.88,31.13
187,88.09,28.32
187,98.45,19.86
187,101.51,41.84
187,90.71,30.15
187,88.42,38.8
187,97.97,19.7
187,76.58,45.11
187,79.09,43.13
187,105.0,46.71
187,105.0,32.68
187,65.06,31.39
187,81.51,40.89
187,100.05,48.24
187,92.95,33.73
187,86.06,16.79
187,72.25,28.98
187,81.36,48.87
187,77.03,42.48
187,105.0,37.39
187,78.15,29.31
187,89.67,52.78
187,93.44,22.63
187,86.59,34.2
187,87.47,39.3
187,71.39,38.73
187,82.96,25.29
187,83.79,43.13
187,80.14,40.58
187,105.0,36.04
187,105.0,38.72
187,100.81,28.12
187,105.0,54.45
187,79.79,48.93
187,85.24,26.82
187,76.82,32.26
187,89.49,46.73
187,76.43,41.41
187,74.22,35.54
187,52.49,23.34
187,93.94,24.47
187,103.34,35.16
187,101.9,52.72
187,97.98,47.18
187,98.68,41.28
187,83.98,42.59
187,67.46,9.19
187,74.0,37.8
187,84.03,37.7
187,59.77,18.2
187,95.32,58.93
187,93.41,39.52
187,94.92,40.63
187,99.86,26.11
187,64.55,37.34
187,77.7,36.1
187,72.94,55.58
187,80.57,45.02
187,78.78,36.61
187,59.85,17.76
187,96.98,20.61
187,105.0,6.09
187,78.44,30.7
187,79.78,40.06
187,98.94,35.23
187,87.03,41.47
187,95.27,57.94
187,74.8,23.92
187,95.92,23.85
187,93.12,35.71
187,82.13,17.13
187,87.38,33.66
187,60.35,29.28
187,84.39,20.29
187,88.37,20.0
187,82.56,28.5
187,76.89,26.67
187,105.0,30.35
187,104.15,49.07
187,88.53,45.82
187,92.71,38.62
187,64.41,41.74
187,73.41,23.07
187,81.95,41.08
187,74.22,23.23
187,101.07,40.78
187,79.89,54.41
187,72.3,45.28
187,105.0,44.1
187,105.0,22.59
187,97.54,34.27
187,62.75,37.52
187,105.0,45.98
187,105.0,26.59
187,65.5,33.51
187,58.55,52.45
188,58.12,47.91
188,64.16,12.4
188,59.66,53.54
188,76.23,60.18
188,87.81,22.46
188,90.19,38.09
188,91.1,27.08
188,65.28,42.52
188,70.07,52.09
188,71.77,23.18
188,105.0,19.51
188,78.26,31.12
188,71.3,68.0
188,61.32,43.24
188,88.79,39.5
188,56.85,45.3
188,76.4,46.84
188,72.06,37.68
188,68.67,33.42
188,97.89,27.64
188,80.17,36.41
188,86.4,46.59
188,57.67,45.93
188,86.45,27.95
188,91.05,32.74
188,76.39,20.84
188,67.0,45.82
188,62.21,39.7
188,73.02,30.98
188,70.17,29.37
188,64.92,23.33
188,78.9,34.91
188,75.34,50.46
188,67.75,25.39
188,67.97,18.87
188,50.45,35.31
188,70.48,47.01
188,56.45,44.56
188,67.55,47.38
188,76.47,28.32
188,48.47,43.76
188,68.77,38.1
188,76.99,31.11
188,52.44,34.32
188,64.39,43.02
188,54.95,40.29
188,83.62,40.05
188,64.04,41.39
188,63.41,29.54
188,83.32,19.43
188,68.87,26.4
188,95.7,43.72
188,79.07,18.33
188,78.06,34.11
188,78.48,35.65
188,89.0,41.99
188,31.7,19.98
188,81.05,9.22
188,61.41,27.73
188,56.63,40.17
188,70.19,49.29
188,70.9,26.64
188,49.24,24.77
188,56.56,36.7
188,53.63,56.94
188,61.07,39.09
188,78.56,39.9
188,67.06,55.54
188,75.74,44.26
188,61.71,35.84
188,89.73,21.66
188,66.07,34.8
188,83.64,41.95
188,72.82,22.54
188,61.9,44.28
188,100.18,32.77
188,88.07,31.67
188,69.22,23.76
188,83.98,37.86
188,71.8,41.51
188,68.46,22.22
188,62.88,39.68
188,71.86,43.85
188,76.07,43.26
188,74.79,36.53
188,79.55,30.45
188,71.7,31.1
188,55.06,18.67
188,77.2,27.08
188,62.46,30.78
188,50.22,25.11
188,68.63,35.61
188,64.73,50.41
188,60.56,52.37
188,54.52,27.56
188,75.11,53.37
188,62.87,46.44
188,59.24,26.33
188,76.54,39.47
188,68.69,33.75
188,76.02,11.33
188,69.27,19.93
188,75.9,41.79
188,52.27,16.91
188,90.1,53.83
188,48.81,45.01
188,82.32,41.51
188,69.71,16.85
188,99.58,45.5
188,71.97,44.57
188,80.13,43.9
188,44.44,44.34
188,87.55,53.19
188,77.48,25.99
188,48.21,31.83
188,62.72,24.29
188,67.41,42.59
188,85.65,31.35
188,67.92,19.3
188,54.72,34.83
188,65.55,11.93
188,78.61,34.79
188,70.07,35.33
188,80.08,29.1
188,39.81,45.05
188,95.26,14.08
188,71.15,35.04
188,75.7,36.16
188,82.79,33.51
188,88.0,47.53
188,86.55,26.91
188,61.31,32.95
188,49.88,35.18
188,78.17,29.68
188,87.21,16.72
188,78.24,50.66
188,44.61,25.37
188,98.44,25.58
188,64.99,9.32
188,82.97,34.63
188,47.05,35.91
188,90.02,47.8
188,84.84,29.87
188,66.25,36.79
188,88.61,45.01
188,74.25,49.2
188,82.76,38.11
188,70.39,30.14
188,62.68,47.24
188,95.48,47.52
188,78.09,14.94
188,53.9,37.85
188,73.89,44.76
188,81.04,41.94
188,86.41,31.03
188,99.8,28.73
188,80.07,49.16
188,62.49,36.7
188,69.16,31.99
188,88.95,32.46
188,62.93,33.99
188,74.67,32.35
188,65.73,46.68
188,67.9,38.82
188,69.01,38.08
188,74.96,31.81
188,70.2,40.37
188,51.02,24.08
188,87.96,35.96
188,86.43,16.13
188,74.7,31.28
188,88.3,28.28
188,81.65,33.69
188,82.36,29.44
188,76.24,39.69
188,81.87,26.5
188,58.66,43.56
188,67.79,51.11
188,53.07,22.1
188,56.61,40.81
188,88.28,31.04
188,77.49,44.27
188,65.58,22.07
188,59.48,47.27
188,54.07,29.88
188,56.26,31.57
188,63.92,31.58
188,35.08,21.7
188,83.74,42.67
188,76.06,27.43
188,77.43,39.46
188,80.26,31.15
188,71.57,31.68
188,74.8,45.03
188,71.43,17.49
188,90.88,8.76
188,60.22,26.25
188,82.78,32.91
188,57.96,31.29
188,56.83,25.64
188,52.79,52.41
188,46.9,47.8
188,75.27,4.68
188,58.56,26.6
188,76.2,38.24
188,93.23,37.58
188,66.01,25.1
188,76.74,48.57
188,85.4,23.95
188,75.75,33.69
188,73.61,33.15
188,50.12,36.67
188,73.56,27.67
188,79.94,39.33
188,95.54,24.79
188,67.24,37.67
188,87.89,27.68
188,63.93,49.32
188,84.13,31.29
188,61.18,35.9
188,73.62,45.95
188,63.5,36.32
188,72.1,42.83
188,72.06,20.74
188,73.2,40.08
188,61.67,31.8
188,71.38,43.42
188,76.46,39.31
188,67.75,39.77
188,60.7,41.73
188,62.25,45.31
188,84.88,11.31
188,72.1,25.46
188,90.16,33.8
188,68.85,21.08
188,70.06,31.37
188,78.97,36.18
188,79.19,51.4
188,89.39,41.97
188,43.88,41.95
188,78.18,34.6
188,58.15,15.01
188,70.38,26.05
188,57.55,16.07
188,74.76,40.2
188,58.11,35.12
188,47.25,36.33
188,56.92,39.54
188,86.78,28.88
188,80.66,19.68
189,32.6,44.75
189,14.38,44.92
189,37.69,14.88
189,13.41,14.26
189,40.2,45.79
189,11.84,32.05
189,17.66,22.69
189,38.8,40.41
189,27.72,46.38
189,4.43,38.58
189,39.19,25.49
189,2.48,10.28
189,27.69,39.71
189,56.96,32.62
189,31.06,24.77
189,25.47,16.76
189,29.06,36.45
189,15.8,27.94
189,32.24,35.82
189,58.19,44.02
189,24.47,26.51
189,19.45,57.31
189,36.16,32.78
189,39.68,42.29
189,31.35,28.19
189,25.98,40.42
189,37.22,24.07
189,10.94,41.21
189,23.65,61.39
189,0.0,22.04
189,28.6,8.41
189,27.22,27.29
189,43.66,37.27
189,18.9,34.99
189,43.5,29.36
189,27.28,45.82
189,38.31,29.02
189,40.03,43.68
189,30.62,29.85
189,33.57,24.13
189,22.52,35.3
189,45.58,35.87
189,65.03,54.51
189,11.04,38.71
189,30.89,37.06
189,26.25,35.27
189,35.81,27.81
189,9.04,31.32
189,16.28,28.23
189,52.44,35.46
189,49.04,17.1
189,9.18,14.95
189,55.63,25.7
189,20.34,24.46
189,40.88,37.19
189,28.59,27.68
189,33.41,39.77
189,32.05,26.89
189,42.59,58.1
189,23.63,30.98
189,54.58,38.24
189,44.77,26.82
189,25.75,29.2
189,31.0,38.55
189,32.06,33.95
189,25.2,41.97
189,26.11,45.15
189,40.92,56.63
189,38.17,41.88
189,23.49,34.39
189,31.37,29.47
189,17.35,26.27
189,52.57,29.46
189,40.31,36.36
189,29.19,46.82
189,32.55,38.03
189,40.82,30.85
189,23.27,20.8
189,30.06,25.35
189,39.3,36.36
189,14.48,40.13
189,37.28,44.39
189,62.57,44.37
189,8.64,22.88
189,41.93,26.34
189,14.15,43.37
189,12.09,45.44
189,24.92,33.89
189,36.92,51.6
189,37.4,46.6
189,28.5,41.42
189,16.12,37.81
189,28.16,15.23
189,6.43,23.73
189,40.96,32.96
189,24.92,51.77
189,44.39,48.58
189,17.36,26.26
189,37.0,44.69
189,7.0,24.18
189,47.54,5.19
189,35.73,55.22
189,25.29,9.49
189,24.33,2.69
189,25.91,36.7
189,29.98,30.5
189,9.28,37.84
189,25.7,54.41
189,25.97,44.66
189,43.23,40.07
189,23.23,24.39
189,16.6,28.49
189,29.11,40.37
189,37.6,29.24
189,31.23,42.8
189,30.76,36.46
189,30.6,31.84
189,27.92,46.34
189,22.72,31.32
189,19.79,18.96
189,30.36,47.65
189,34.22,34.08
189,30.85,31.53
189,6.62,32.63
189,42.08,27.72
189,12.14,62.78
189,12.83,19.73
189,16.39,37.96
189,24.43,36.27
189,28.53,42.84
190,41.67,9.36
190,39.59,4.42
190,47.11,5.28
190,50.53,9.18
190,60.23,11.28
190,29.18,15.87
190,57.97,14.34
190,58.83,0.0
190,55.56,0.0
190,45.18,12.81
190,39.7,5.61
190,52.5,7.45
190,49.05,23.69
190,26.76,21.22
190,57.87,9.98
190,37.23,25.18
190,37.68,25.92
190,59.97,29.04
190,48.26,31.13
190,43.95,11.74
190,41.26,26.2
190,42.95,10.64
190,45.69,27.35
190,67.49,11.39
190,20.99,14.21
190,78.74,2.96
190,76.49,2.85
190,41.33,18.48
190,48.47,24.66
190,48.44,2.62
190,59.93,28.58
190,47.83,27.35
190,51.02,18.37
190,61.43,24.45
190,20.87,8.22
190,44.0,0.0
190,49.05,8.25
190,41.84,27.08
190,23.95,27.9
190,46.61,0.99
190,38.96,0.82
190,40.49,4.2
190,45.93,0.0
190,24.08,7.28
190,42.28,19.3
190,37.21,0.0
190,29.36,13.17
190,52.58,29.58
190,29.36,24.02
190,53.19,18.38
190,57.47,15.19
190,44.59,26.47
190,60.29,19.55
190,76.17,10.99
190,53.48,24.29
190,42.05,0.0
190,61.39,22.73
190,20.83,20.03
190,76.47,16.2
190,47.32,15.03
190,49.71,32.51
190,25.73,25.91
190,57.91,29.1
190,47.61,19.37
190,44.27,26.63
190,37.92,18.95
190,34.5,12.43
190,36.42,22.69
190,24.9,11.09
190,48.64,26.98
190,66.63,0.7
190,51.14,11.3
190,35.34,6.56
190,50.26,39.74
190,11.52,6.87
190,68.16,13.44
190,38.73,0.0
190,52.67,32.9
190,45.27,5.14
190,53.56,30.59
190,76.3,2.58
190,18.19,3.35
190,49.36,23.2
190,49.71,0.0
190,41.08,18.79
190,36.36,5.68
190,58.42,37.8
190,45.54,33.92
190,45.99,28.01
190,42.08,39.71
190,43.93,7.26
190,53.94,22.67
190,53.39,3.69
190,35.9,23.71
190,42.06,17.84
190,59.24,0.52
190,67.87,13.45
190,67.88,15.15
190,66.87,14.81
190,48.58,33.79
190,59.46,2.33
190,50.77,6.61
190,36.4,0.0
190,44.41,21.44
190,43.33,23.03
190,58.03,23.71
190,56.35,13.59
190,44.66,5.89
190,43.05,0.87
190,37.14,20.21
190,41.74,4.93
190,44.63,0.0
190,50.27,25.42
190,47.47,9.98
190,35.55,15.87
190,39.68,0.0
190,44.58,13.53
190,52.59,11.41
190,39.53,34.45
190,26.96,11.28
190,31.52,0.0
190,50.15,11.36
190,52.04,14.08
190,38.37,28.47
190,33.13,13.46
190,27.75,9.12
190,28.37,12.34
190,40.98,46.41
190,25.55,19.77
190,48.1,10.67
190,52.65,25.59
190,28.26,0.87
190,32.55,5.31
190,44.79,7.66
190,35.46,0.0
190,48.48,25.41
190,58.79,4.8
190,43.33,15.44
190,23.86,7.34
190,48.18,17.79
190,41.59,36.23
190,52.91,9.82
190,76.22,8.35
190,33.53,0.0
190,36.47,10.58
190,49.73,0.0
190,57.24,31.02
190,72.52,6.28
191,42.42,5.79
191,61.42,10.29
191,39.61,28.75
191,34.95,17.65
191,45.08,18.18
191,43.67,11.49
191,58.77,10.5
191,57.28,15.25
191,39.34,22.53
191,24.03,17.77
191,54.16,20.68
191,28.84,0.0
191,44.47,2.95
191,52.92,7.25
191,71.41,18.78
191,76.52,18.01
191,51.74,21.14
191,18.25,10.2
191,30.31,15.18
191,43.7,33.49
191,41.0,14.36
191,47.56,0.0
191,47.79,19.33
191,29.35,27.02
191,54.35,26.56
191,33.2,10.4
191,48.21,11.14
191,71.25,22.32
191,32.15,15.56
191,48.06,20.02
191,40.43,7.69
191,31.99,18.01
191,47.67,8.08
191,35.3,11.65
191,56.92,2.09
191,54.85,5.06
191,69.29,0.0
191,56.72,0.0
191,55.05,3.65
191,18.75,18.65
191,58.47,16.6
191,56.59,23.17
191,35.94,8.94
191,70.39,0.0
191,58.69,17.85
191,48.99,13.77
191,56.24,12.47
191,52.44,2.0
191,48.66,9.92
191,43.44,21.41
191,62.75,0.72
191,26.81,0.0
191,48.76,15.56
191,65.94,5.07
191,47.66,22.12
191,56.65,10.27
191,46.07,2.45
191,32.59,15.54
191,58.25,13.56
191,65.7,13.58
191,38.59,2.07
191,53.41,27.24
191,49.9,7.4
191,41.06,29.75
191,61.44,0.0
191,42.79,23.48
191,32.25,19.47
191,41.11,10.67
191,43.84,0.0
191,37.05,14.58
191,38.67,0.0
191,30.6,8.91
191,41.83,22.59
191,48.24,11.75
191,33.89,11.72
191,31.52,29.08
191,32.44,15.37
191,43.91,32.77
191,38.99,10.28
191,24.11,25.12
191,29.07,12.25
191,44.44,17.71
191,40.62,4.83
191,44.42,16.66
191,66.08,17.38
191,48.98,15.29
191,21.33,0.0
191,37.31,25.22
191,50.11,17.31
191,36.77,18.77
191,32.65,30.56
191,57.36,13.1
191,40.11,21.4
191,34.23,22.41
191,34.38,10.9
191,67.43,14.0
191,30.71,5.25
191,42.91,0.0
191,43.69,5.69
191,54.5,0.0
191,35.0,0.0
191,34.61,6.18
191,56.06,39.96
191,77.8,1.14
191,38.19,19.57
191,37.32,0.0
191,77.87,17.2
191,40.89,21.38
191,41.4,1.68
191,48.34,6.79
191,51.29,3.67
191,49.21,19.41
191,58.5,17.1
191,27.85,22.71
191,43.03,12.2
191,60.13,0.0
191,16.13,1.69
191,28.88,0.0
191,55.2,4.44
191,47.08,7.46
191,37.59,8.74
191,50.09,12.24
191,51.71,0.0
191,34.44,22.83
191,45.0,16.97
191,30.71,9.7
191,60.99,7.81
191,25.71,8.12
191,44.32,9.82
191,56.31,18.76
191,72.02,12.13
191,43.5,16.97
191,81.76,14.76
191,31.23,7.27
191,53.64,0.0
191,36.92,29.0
191,67.31,20.67
191,44.85,28.03
191,32.59,8.4
191,62.12,17.62
191,40.3,7.19
191,29.11,21.17
191,41.82,31.23
191,59.12,30.66
191,44.06,14.37
191,40.89,22.08
191,45.96,19.67
191,14.73,15.51
191,83.18,18.71
191,45.27,5.5
191,58.53,0.0
191,65.43,18.74
191,31.99,1.93
191,29.32,4.67
191,66.68,9.14
191,35.31,30.54
191,40.86,13.25
191,36.05,4.29
191,6.95,0.43
191,42.98,12.04
191,44.96,11.62
191,59.84,1.15
191,40.02,15.47
191,37.93,0.0
191,52.9,2.14
191,57.54,28.98
191,30.7,1.13
191,20.06,12.5
191,74.88,18.21
191,66.18,33.99
191,37.11,30.72
191,41.52,21.13
191,45.26,2.13
191,34.58,3.44
191,38.09,8.71
191,44.15,40.77
191,27.24,19.43
191,76.16,13.35
191,23.76,16.02
191,18.37,28.94
191,57.48,7.26
191,40.55,14.76
191,51.25,11.43
191,45.72,5.98
191,40.76,11.19
191,44.45,17.8
191,50.98,17.16
191,60.52,29.3
191,35.9,7.07
191,51.85,16.52
191,39.69,0.8
191,40.98,13.11
191,34.31,0.0
191,41.93,19.16
191,29.77,33.89
191,30.94,25.29
191,33.88,9.65
191,16.34,24.65
191,33.39,0.0
191,39.19,18.75
191,50.37,41.89
191,27.57,18.65
191,45.16,10.99
191,50.51,10.24
191,42.09,16.95
191,48.01,13.39
191,48.33,8.62
191,40.79,12.17
191,36.82,0.0
191,47.67,21.92
191,31.34,25.66
191,16.2,21.46
191,35.95,9.96
191,38.01,17.78
191,47.31,18.32
191,46.72,10.52
191,36.97,26.48
191,46.44,23.04
191,57.07,24.85
191,42.95,17.43
191,33.25,0.0
191,40.06,0.0
191,54.59,8.42
191,26.58,4.52
191,53.88,13.1
191,38.09,1.11
191,59.4,1.19
191,48.78,0.0
191,52.99,0.0
191,57.02,8.87
191,59.32,7.27
191,56.12,25.22
191,32.93,10.21
191,54.84,0.0
191,27.64,10.64
191,29.73,19.0
191,44.02,0.0
191,61.34,27.16
191,43.73,18.44
191,34.8,29.19
191,53.22,19.03
191,39.13,9.08
191,51.12,13.12
191,46.9,8.48
191,32.74,22.92
191,60.0,5.22
191,23.82,17.53
191,33.59,26.43
191,53.6,16.33
191,82.57,14.69
191,22.3,18.45
191,43.64,6.31
191,14.65,0.0
191,43.38,2.97
191,36.8,5.27
191,45.79,17.6
191,63.67,3.96
191,56.55,5.39
191,40.74,22.2
191,54.53,18.23
191,46.37,27.16
191,31.92,12.78
191,44.72,0.0
191,51.6,37.41
191,93.76,20.64
191,62.65,7.47
191,54.91,23.47
191,22.36,16.12
191,48.12,27.38
191,64.29,16.52
191,52.86,9.34
191,60.73,17.0
191,52.45,24.65
191,59.19,5.27
191,23.53,14.56
191,67.29,0.73
191,56.45,19.28
191,61.26,14.57
191,47.69,20.95
191,52.93,25.05
191,55.5,6.67
191,43.7,16.05
191,35.64,16.51
191,31.51,6.88
191,44.3,3.03
191,34.7,30.8
191,36.56,9.38
191,65.1,9.33
191,67.08,11.2
191,41.4,19.56
191,62.91,8.76
191,43.54,5.39
191,41.09,15.68
191,50.79,21.76
192,59.8,17.18
192,61.42,9.09
192,78.28,12.05
192,80.88,34.0
192,67.71,14.88
192,66.89,4.3
192,58.3,1.77
192,73.11,25.9
192,82.91,16.92
192,65.21,6.42
192,87.62,24.11
192,60.36,2.95
192,63.68,2.34
192,71.95,10.39
192,76.01,8.68
192,70.75,0.0
192,77.42,6.32
192,76.9,18.15
192,89.41,7.76
192,74.92,11.57
192,69.67,0.72
192,79.21,15.09
192,50.87,17.38
192,56.11,27.44
192,85.66,8.44
192,66.98,9.13
192,63.6,18.97
192,79.68,10.3
192,72.3,18.92
192,86.38,20.03
192,68.56,0.23
192,90.51,0.0
192,69.44,5.6
192,86.05,0.0
192,75.12,32.42
192,63.35,0.0
192,73.03,24.69
192,75.4,0.66
192,72.74,23.85
192,63.82,25.02
192,92.62,0.0
192,77.16,10.77
192,45.36,30.8
192,76.65,13.12
192,80.59,21.93
192,47.96,14.87
192,64.75,21.78
192,86.02,25.92
192,76.09,9.97
192,76.11,12.05
192,58.42,8.56
192,62.88,0.0
192,56.33,19.73
192,49.45,12.89
192,40.74,25.86
192,101.08,33.41
192,64.53,6.09
192,77.68,7.47
192,88.64,5.19
192,75.95,27.95
192,72.74,0.0
192,78.66,15.78
192,100.62,0.0
192,74.72,28.2
192,55.03,20.02
192,59.71,5.06
192,61.66,31.81
192,71.39,3.22
192,58.29,13.35
192,66.21,0.0
192,71.78,18.9
192,86.75,8.1
192,62.25,9.54
192,81.58,1.39
192,77.02,0.0
192,82.86,5.98
192,42.86,26.17
192,50.59,16.5
192,53.98,2.44
192,91.41,0.0
192,63.73,33.57
192,58.62,0.0
192,72.32,24.45
192,100.67,17.44
192,65.01,9.82
192,65.22,5.68
192,86.33,20.42
192,77.01,24.03
192,73.82,24.13
192,67.74,24.26
192,77.63,0.0
192,38.79,4.51
192,77.38,5.04
192,57.51,12.64
192,92.79,15.13
192,87.41,23.79
192,83.75,11.71
192,99.59,20.61
192,105.0,8.12
192,73.74,34.65
192,74.32,5.02
192,83.17,4.83
192,81.84,14.95
192,42.81,24.77
192,70.15,3.52
192,62.0,8.8
192,79.06,8.05
192,79.55,0.71
192,73.89,5.98
192,64.59,4.51
192,66.62,26.68
192,97.63,13.86
192,42.31,6.51
192,105.0,32.62
192,98.05,32.01
192,71.61,31.0
192,82.16,7.13
192,72.31,23.42
192,71.58,35.63
192,67.87,7.72
192,65.06,9.67
192,83.01,7.25
192,62.51,14.44
192,74.58,32.11
192,68.54,12.76
192,99.22,5.85
192,87.92,10.95
192,64.17,25.04
192,90.74,0.0
192,78.93,16.28
192,88.3,9.53
192,86.19,4.86
192,55.14,0.0
192,81.25,18.79
192,73.07,8.77
192,99.12,17.03
192,61.76,0.0
192,83.2,0.0
192,58.07,0.0
192,102.11,9.53
192,81.4,0.0
192,67.09,13.59
192,92.71,30.34
192,96.92,0.0
192,79.23,4.18
192,71.34,10.09
192,58.77,9.87
192,60.78,26.41
192,57.13,7.3
192,88.67,8.77
192,89.31,7.96
192,59.5,17.29
192,89.82,30.1
192,69.75,12.03
192,66.09,28.85
192,79.81,13.04
192,72.69,0.0
192,50.07,24.25
192,68.96,11.75
192,55.6,27.73
192,50.87,21.07
192,65.35,22.26
192,72.42,3.61
192,55.92,1.42
192,74.49,11.56
192,74.79,0.0
192,82.84,0.1
192,71.12,3.74
192,83.11,0.0
192,84.25,10.81
192,53.5,12.24
192,96.61,6.21
192,89.86,0.0
192,69.95,2.85
192,61.2,14.5
192,84.94,9.27
192,64.79,13.1
192,59.92,2.15
192,69.3,16.58
192,89.54,20.57
192,93.0,0.0
192,98.19,6.95
192,70.73,0.0
192,71.83,21.03
192,71.91,36.45
192,65.59,21.92
192,65.17,10.37
192,68.31,13.72
192,98.38,18.26
192,62.82,0.0
192,76.84,12.59
192,81.84,11.72
192,101.54,9.51
192,77.89,7.3
192,70.38,12.95
192,61.23,0.9
192,62.38,3.69
192,73.85,15.01
192,70.0,11.49
192,73.24,12.13
192,81.55,22.64
192,65.5,10.84
192,78.88,9.64
192,87.51,19.15
192,50.26,31.41
192,76.29,6.81
192,92.67,16.98
192,79.48,9.13
192,65.86,1.55
192,82.0,11.71
192,67.19,18.68
192,85.5,2.8
192,80.13,24.27
192,98.81,7.68
192,72.66,7.1
192,79.79,20.23
192,69.59,14.94
192,75.41,3.93
192,62.94,0.0
192,91.22,30.85
192,77.09,13.92
192,74.44,32.59
192,85.84,6.6
192,93.94,15.66
192,103.55,0.0
192,63.03,0.93
192,83.08,7.26
192,86.45,30.3
192,72.89,14.55
192,65.71,23.96
192,89.29,34.31
192,62.17,22.47
192,79.37,21.99
192,64.97,13.46
192,74.65,27.94
192,53.89,16.01
192,60.58,24.53
192,50.49,8.47
192,105.0,19.65
192,55.32,16.72
192,85.49,8.47
192,64.16,0.0
192,43.09,15.56
192,77.44,17.0
192,105.0,1.01
192,63.86,13.64
192,97.98,15.29
192,99.61,24.23
192,60.03,15.43
192,51.55,19.75
192,63.8,10.4
192,88.17,8.6
192,47.78,10.52
192,80.43,7.06
192,75.26,9.39
192,65.45,17.72
192,67.59,18.0
192,71.64,16.91
192,75.16,15.42
192,95.34,26.55
192,68.6,26.47
192,72.75,13.7
192,82.05,29.13
192,61.13,27.65
192,94.88,13.7
192,63.17,5.28
193,59.29,24.7
193,58.58,34.09
193,66.5,30.32
193,64.43,38.44
193,47.38,32.45
193,82.94,14.96
193,85.49,23.29
193,79.74,40.89
193,44.65,38.94
193,69.53,60.34
193,77.9,34.35
193,88.21,15.24
193,100.26,50.06
193,72.16,45.55
193,74.03,25.64
193,78.35,43.36
193,64.38,37.55
193,62.04,24.69
193,83.5,37.54
193,80.84,27.86
193,69.39,18.31
193,51.62,32.38
193,44.21,41.53
193,71.06,33.76
193,71.5,27.22
193,68.81,40.26
193,83.69,31.93
193,74.82,24.42
193,46.31,36.81
193,97.99,31.83
193,39.35,54.52
193,64.87,44.1
193,59.01,43.18
193,78.32,14.85
193,55.29,42.4
193,80.6,44.13
193,67.94,16.27
193,81.38,24.85
193,40.88,25.8
193,69.41,45.91
193,81.09,47.46
193,57.25,25.9
193,76.04,21.32
193,75.61,10.52
193,75.25,16.04
193,67.3,26.17
193,81.47,27.01
193,76.53,33.94
193,75.77,40.57
193,64.48,36.56
193,59.2,26.7
193,78.22,32.87
193,62.82,24.92
193,90.76,29.12
193,98.49,31.21
193,62.82,42.35
193,61.31,44.03
193,77.76,24.87
193,75.96,34.2
193,71.59,41.83
193,79.49,32.49
193,81.19,30.07
193,61.97,45.05
193,60.89,41.09
193,47.74,33.57
193,50.04,23.85
193,59.61,16.59
193,67.64,36.06
193,82.42,40.72
193,79.99,22.42
193,78.1,44.88
193,69.45,30.29
193,101.04,14.85
193,56.55,39.39
193,68.75,32.95
193,76.44,32.38
193,57.92,43.25
193,68.09,50.6
193,53.25,40.43
193,67.61,29.49
193,91.19,14.97
193,74.19,40.86
193,97.11,34.59
193,90.48,25.42
193,52.82,28.3
193,57.05,50.47
193,90.65,44.48
193,70.76,46.46
193,52.83,45.63
193,84.42,36.88
193,92.03,22.63
193,91.39,35.18
193,78.51,41.22
193,87.48,32.75
193,78.79,36.94
193,59.47,40.16
193,86.5,44.66
193,69.22,44.41
193,96.09,29.99
193,67.55,19.49
193,68.98,50.91
193,57.94,37.56
193,81.45,30.8
193,96.73,13.56
193,82.44,41.86
193,73.11,39.46
193,66.18,30.96
193,63.51,38.24
193,87.95,49.51
193,63.84,20.08
193,44.94,46.38
193,105.0,23.76
193,75.86,21.02
193,67.15,31.05
193,63.37,49.05
193,79.21,25.46
193,57.08,32.49
193,63.96,17.75
193,77.65,39.71
193,60.64,24.6
193,56.79,28.99
193,65.19,43.91
193,68.38,26.51
193,68.88,38.67
193,68.52,37.45
193,75.68,36.63
193,62.99,22.74
193,75.89,35.97
193,64.47,32.01
193,70.47,31.0
193,63.76,41.91
193,48.48,20.11
193,75.97,26.8
193,85.9,33.86
193,75.35,50.75
193,55.97,14.08
193,54.77,36.15
193,83.05,32.02
193,77.43,42.33
193,74.06,26.11
193,83.1,31.72
193,80.75,24.12
193,73.66,29.41
193,90.16,40.94
193,94.35,38.47
193,88.69,31.03
193,81.97,43.83
193,73.51,60.75
193,72.63,25.28
193,81.74,39.79
193,64.72,34.57
193,71.23,45.94
193,64.19,27.95
193,71.07,45.06
193,61.33,32.85
193,69.19,31.47
193,66.9,35.77
193,85.94,35.75
193,87.11,24.09
193,79.47,34.36
193,52.8,48.74
193,79.79,21.19
193,83.4,39.19
193,67.76,45.22
193,81.98,33.68
193,84.19,31.44
193,50.99,34.12
193,84.51,23.77
193,69.23,31.74
193,54.2,52.77
193,74.08,32.61
193,66.99,34.15
193,83.09,23.73
193,79.98,38.45
193,79.08,22.4
193,61.86,31.83
193,66.93,4.13
193,68.03,34.27
193,80.44,35.76
193,89.9,25.74
193,79.12,28.1
193,61.22,26.48
193,66.45,41.39
193,77.34,28.03
193,87.1,49.16
193,70.61,49.72
193,80.78,34.61
193,51.77,50.97
193,64.9,49.94
193,81.43,38.4
193,40.86,24.24
193,86.16,38.03
193,77.02,36.48
193,73.12,28.05
193,45.5,56.13
193,84.3,41.08
193,97.49,20.89
193,68.77,38.51
193,65.65,34.62
193,68.21,38.88
193,81.75,32.2
193,85.18,20.18
193,79.48,45.71
193,68.63,53.82
193,86.25,29.47
193,57.17,32.51
193,87.35,46.43
193,89.15,28.8
193,66.9,43.43
193,94.86,33.27
193,85.02,25.13
193,72.04,27.64
193,67.57,33.54
193,82.16,34.38
193,63.7,21.4
193,90.85,36.16
193,64.71,9.73
193,104.04,41.4
193,75.89,42.51
193,54.78,25.59
193,89.02,34.63
193,67.0,29.17
193,47.75,29.62
193,96.62,31.17
193,105.0,32.46
193,78.89,28.29
193,80.44,36.82
193,78.08,50.61
193,80.11,39.11
193,68.07,31.91
193,71.97,47.45
193,69.54,46.64
193,72.1,43.7
193,56.39,38.58
193,84.63,38.71
193,73.43,41.33
193,81.35,46.91
193,78.55,26.49
193,42.58,32.44
193,77.97,43.99
193,82.82,35.2
194,35.81,13.02
194,60.34,40.77
194,36.17,35.18
194,43.27,32.12
194,27.63,45.61
194,42.04,43.16
194,55.43,24.5
194,50.5,36.98
194,44.84,50.72
194,53.69,34.85
194,53.85,19.84
194,34.07,38.36
194,62.23,30.58
194,55.53,34.36
194,29.18,23.46
194,69.08,37.7
194,44.39,27.62
194,34.22,42.88
194,31.4,48.86
194,27.64,36.05
194,41.74,23.54
194,38.31,25.7
194,33.45,35.95
194,43.88,37.51
194,67.81,28.21
194,38.9,31.79
194,43.73,40.39
194,55.4,45.78
194,71.45,33.91
194,50.43,40.73
194,53.94,33.96
194,58.96,37.45
194,54.32,26.84
194,26.41,38.3
194,38.02,49.03
194,57.17,38.03
194,41.02,38.61
194,31.08,24.2
194,44.47,37.75
194,55.16,11.4
194,54.62,41.19
194,48.62,49.82
194,24.0,28.16
194,50.67,31.38
194,31.17,44.51
194,55.23,24.95
194,52.83,39.15
194,40.89,25.74
194,30.49,40.3
194,62.74,31.33
194,51.82,3.71
194,35.87,22.44
194,67.18,32.97
194,48.57,54.54
194,39.59,31.32
194,61.78,26.12
194,58.38,37.42
194,55.65,0.09
194,51.22,48.02
194,33.46,40.78
194,34.13,28.44
194,42.78,41.95
194,22.23,37.32
194,51.69,32.54
194,46.95,40.01
194,48.65,33.04
194,68.34,35.86
194,33.11,40.11
194,49.76,29.85
194,33.21,32.61
194,64.56,21.14
194,34.62,19.86
194,72.61,15.3
194,35.45,38.01
194,52.03,30.54
194,54.63,21.05
194,59.23,29.77
194,34.06,22.33
194,32.56,36.02
194,41.95,44.85
194,57.01,48.6
194,48.08,32.3
194,62.05,32.05
194,37.16,14.15
194,44.71,17.92
194,47.0,48.69
194,46.33,35.91
194,55.65,46.36
194,64.1,13.27
194,40.37,33.16
194,41.97,14.92
194,51.88,10.14
194,52.35,24.15
194,62.03,54.05
194,49.22,25.13
194,45.35,47.76
194,70.75,31.16
194,52.3,47.54
194,57.32,41.5
194,27.5,48.5
194,46.21,28.76
194,62.69,36.93
194,49.5,35.32
194,47.12,61.94
194,23.47,43.89
194,46.31,32.42
194,64.28,56.37
194,48.16,57.28
194,54.23,26.93
194,43.87,37.07
194,43.75,29.81
194,48.82,16.69
194,54.57,36.02
194,58.18,0.41
194,57.3,34.89
194,43.74,33.43
194,50.8,33.3
194,31.58,31.66
194,51.4,29.25
194,22.04,15.2
194,28.39,18.59
194,50.67,33.37
194,55.03,33.45
194,32.31,43.46
194,55.25,28.77
194,45.89,22.18
194,62.77,30.58
194,66.95,9.8
194,18.96,35.94
194,73.01,40.3
194,59.93,48.53
194,55.91,37.04
194,43.73,21.59
194,54.79,26.38
194,52.83,31.97
194,59.23,26.25
194,52.81,21.08
194,55.39,27.31
194,57.83,44.64
194,22.96,38.09
194,44.45,43.37
194,48.23,25.32
194,43.23,49.08
194,62.84,37.8
194,69.23,38.42
194,50.04,33.37
194,50.0,6.76
194,49.68,49.15
194,27.83,37.34
194,36.76,22.77
194,36.91,56.77
194,58.66,34.19
194,43.04,29.89
194,47.17,23.24
194,45.94,27.05
194,44.73,16.29
194,75.31,29.07
194,49.5,32.58
194,66.36,40.08
194,38.96,13.96
194,33.65,25.13
194,59.69,20.4
194,50.13,43.93
194,56.26,41.4
194,71.54,12.97
194,50.52,30.95
194,53.17,49.38
194,43.7,42.1
194,49.81,30.17
194,51.51,38.69
194,54.43,42.76
194,51.84,53.39
194,27.9,29.22
194,67.86,48.97
194,49.16,27.95
194,68.64,27.41
194,37.29,31.98
194,41.52,35.76
194,45.37,42.3
194,42.67,32.94
194,52.7,28.4
194,62.19,24.57
194,65.87,40.52
194,41.93,34.43
194,40.22,37.25
194,58.0,38.34
194,34.28,49.34
194,56.72,46.31
194,44.92,42.23
194,42.27,32.33
194,11.42,19.93
194,51.45,28.71
194,63.18,32.99
194,32.6,26.48
194,51.67,40.21
194,54.49,34.74
194,41.14,24.12
194,53.61,48.96
194,59.65,38.86
194,50.38,35.11
194,55.19,45.97
194,44.61,25.34
194,58.56,27.15
194,25.72,30.05
194,58.01,39.77
194,64.01,37.63
194,38.24,68.0
194,37.91,23.34
194,69.04,34.96
194,53.02,31.08
194,28.2,38.87
194,45.15,43.54
194,25.62,36.56
194,45.08,38.06
194,47.63,30.05
194,55.97,51.98
194,48.38,28.81
194,68.75,0.0
194,49.48,27.42
195,49.62,40.23
195,66.05,27.18
195,74.38,35.02
195,54.05,37.41
195,76.64,12.99
195,74.08,15.26
195,64.15,28.73
195,59.06,24.2
195,57.1,38.53
195,49.42,30.18
195,45.39,41.89
195,67.6,39.5
195,64.48,43.47
195,65.4,28.19
195,73.12,31.58
195,59.7,56.09
195,77.38,22.47
195,38.81,41.35
195,83.36,45.12
195,59.59,39.22
195,50.84,43.84
195,58.54,34.0
195,80.56,39.31
195,51.41,36.45
195,61.28,18.51
195,46.55,31.6
195,65.22,17.29
195,76.29,40.96
195,63.73,36.45
195,55.29,44.48
195,54.68,21.48
195,61.46,35.09
195,67.12,35.46
195,71.3,56.13
195,46.47,31.87
195,53.7,27.94
195,78.83,34.35
195,66.47,52.17
195,61.92,43.44
195,70.19,41.18
195,29.59,31.44
195,68.75,31.58
195,92.83,50.41
195,60.98,29.39
195,63.63,28.52
195,55.76,15.53
195,47.58,16.87
195,53.54,46.51
195,71.66,11.72
195,67.36,51.71
195,48.67,31.19
195,51.78,38.05
195,52.04,45.68
195,62.16,27.37
195,57.42,40.59
195,59.1,22.74
195,46.04,26.95
195,81.11,38.81
195,63.9,38.58
195,53.21,37.97
195,49.66,50.25
195,55.0,33.15
195,75.22,51.69
195,79.62,34.66
195,51.76,40.64
195,54.31,42.06
195,38.27,28.44
195,39.06,36.31
195,61.74,18.02
195,55.91,35.19
195,55.33,34.77
195,53.56,39.92
195,64.17,32.64
195,61.69,53.64
195,73.53,15.32
195,93.82,21.07
195,46.08,23.47
195,43.94,33.56
195,81.0,25.43
195,59.25,21.11
195,70.49,28.45
195,45.42,17.8
195,46.22,38.0
195,71.28,37.37
195,43.74,20.04
195,78.67,43.58
195,70.98,19.32
195,51.08,28.07
195,80.25,36.48
195,67.08,34.72
195,57.4,16.81
195,61.24,38.9
195,34.88,33.48
195,42.66,54.84
195,70.08,40.54
195,62.88,50.18
195,79.05,23.63
195,65.17,16.65
195,44.46,48.58
195,46.59,37.83
195,49.38,54.11
195,52.43,46.37
195,62.03,45.75
195,75.47,39.01
195,68.17,24.58
195,76.42,22.88
195,65.27,11.71
195,54.55,28.24
195,41.98,33.89
195,68.21,32.89
195,58.77,34.18
195,70.31,10.59
195,52.15,36.18
195,81.24,50.82
195,81.3,25.25
195,48.66,18.22
195,64.28,16.69
195,39.59,27.04
195,49.34,29.86
195,48.64,36.06
195,52.15,42.45
195,56.46,23.34
195,49.89,28.26
195,62.0,15.91
195,40.1,40.21
195,72.91,29.64
195,46.18,31.29
195,57.96,48.26
195,54.48,35.03
195,73.37,52.5
195,55.73,42.08
195,78.96,29.15
195,64.65,21.59
195,47.84,32.11
195,57.23,45.09
195,59.43,18.58
195,69.55,27.21
195,62.19,24.73
195,57.12,29.24
195,50.06,38.27
195,66.21,36.08
195,55.41,35.86
195,50.62,18.58
195,46.63,41.73
195,73.33,44.9
195,40.69,31.3
195,66.24,24.1
195,60.28,42.92
195,52.89,48.67
195,50.68,38.13
195,60.24,25.98
195,53.01,22.3
195,52.5,40.21
195,72.92,16.77
195,58.0,18.63
195,60.1,36.31
195,49.57,51.26
195,72.93,46.64
195,75.88,38.18
195,62.84,11.02
195,78.55,6.97
195,52.93,32.09
195,71.95,53.41
195,55.07,24.19
195,53.73,43.49
195,78.18,37.4
195,55.28,27.69
195,47.57,29.48
195,36.41,15.48
195,60.11,38.84
195,46.66,26.8
195,85.67,43.34
195,82.62,31.52
195,21.01,30.74
195,81.26,10.74
195,49.84,37.17
195,76.28,39.62
195,73.77,47.85
195,77.44,24.71
195,83.39,36.91
195,44.95,38.4
195,46.4,19.96
195,70.52,27.11
195,61.46,20.95
195,68.79,21.87
195,55.45,29.65
195,71.51,26.38
195,43.16,33.81
195,85.49,40.89
195,92.1,40.51
195,36.54,42.65
195,80.33,31.08
195,37.42,28.33
195,67.57,20.46
195,47.59,41.7
195,65.98,44.74
195,43.75,47.78
195,65.29,37.46
195,57.56,28.87
195,56.54,22.05
195,64.66,19.25
195,37.8,12.42
195,68.05,45.31
195,55.93,38.21
195,39.86,59.7
195,68.83,32.67
195,51.91,34.63
195,59.31,37.98
195,64.25,40.58
195,59.11,26.57
195,59.58,33.54
195,67.66,42.48
195,56.42,51.49
195,73.3,23.93
195,74.91,36.14
195,52.39,35.01
195,52.72,30.96
195,68.13,45.12
195,81.77,59.08
195,74.26,38.03
195,48.32,25.41
195,56.21,18.31
195,49.38,33.19
195,79.1,44.38
195,65.51,31.72
195,46.98,36.85
195,54.31,55.5
195,47.73,41.13
195,54.8,34.62
196,79.26,29.75
196,82.73,39.43
196,55.71,50.93
196,71.59,48.77
196,79.54,26.24
196,52.92,25.15
196,73.72,29.17
196,86.12,49.51
196,63.66,38.21
196,85.77,65.08
196,72.36,40.7
196,73.26,52.28
196,84.79,32.73
196,63.12,24.71
196,55.19,60.18
196,68.55,19.22
196,76.27,36.79
196,76.55,35.07
196,76.1,27.26
196,62.32,37.72
196,78.18,32.1
196,70.63,24.2
196,91.85,19.59
196,83.56,38.6
196,78.75,25.13
196,69.64,28.01
196,67.37,24.67
196,69.06,24.97
196,75.58,32.1
196,84.72,20.05
196,52.94,30.27
196,65.49,40.04
196,88.2,40.42
196,64.59,28.21
196,61.0,25.66
196,85.88,46.79
196,78.52,38.18
196,74.87,39.38
196,79.93,47.53
196,68.3,45.24
196,72.45,43.44
196,73.21,14.28
196,67.77,27.45
196,67.69,18.83
196,60.58,48.58
196,65.49,29.86
196,66.29,25.35
196,47.72,37.17
196,79.82,40.66
196,75.47,38.99
196,91.28,33.95
196,54.86,46.93
196,58.82,30.09
196,84.16,17.22
196,56.27,29.43
196,71.38,29.0
196,68.8,40.83
196,91.9,44.04
196,71.3,25.46
196,71.25,10.21
196,74.84,55.5
196,60.78,36.04
196,65.36,11.22
196,57.68,15.89
196,80.41,36.39
196,80.96,28.24
196,60.99,47.55
196,68.63,28.28
196,74.05,33.1
196,53.97,27.32
196,78.93,32.41
196,58.07,34.61
196,49.99,48.68
196,72.75,37.27
196,79.85,34.89
196,83.67,42.16
196,77.99,48.39
196,63.13,19.33
196,96.02,26.69
196,72.82,36.23
196,59.95,33.97
196,84.57,27.23
196,75.77,12.46
196,98.41,30.87
196,92.11,38.12
196,66.84,49.84
196,56.13,34.3
196,65.51,34.07
196,41.91,25.37
196,72.46,34.02
196,84.77,28.52
196,72.32,40.21
196,78.23,39.02
196,82.04,49.55
196,91.42,37.11
196,74.15,39.94
196,69.17,18.92
196,64.58,37.72
196,92.83,42.13
196,64.31,35.26
196,96.08,33.51
196,67.71,32.04
196,61.13,52.11
196,77.56,16.09
196,75.19,47.82
196,50.44,38.44
196,81.07,28.62
196,48.06,39.93
196,95.58,38.54
196,53.54,23.12
196,75.83,45.66
196,79.05,36.29
196,84.52,25.42
196,53.34,50.97
196,78.79,40.71
196,58.09,38.33
196,75.26,45.48
196,46.82,34.36
196,78.81,43.56
196,89.0,42.88
196,68.31,28.06
196,73.2,32.29
196,80.03,28.98
196,76.42,49.4
196,51.21,17.78
196,56.13,37.92
196,66.74,49.09
196,73.49,20.67
196,65.84,34.74
196,73.26,47.35
196,85.12,30.09
196,67.3,35.64
196,57.66,31.62
196,78.48,23.6
196,87.94,29.88
196,75.73,26.95
196,65.93,17.09
196,69.73,49.92
196,65.75,38.92
196,75.76,29.8
196,44.59,28.78
196,73.25,29.36
196,69.72,25.73
196,83.7,29.74
196,53.54,24.0
196,57.06,41.72
196,76.59,13.52
196,88.93,36.22
196,70.12,24.28
196,68.99,44.02
196,61.82,32.11
196,72.5,37.9
196,59.46,27.15
196,54.74,48.3
196,79.03,20.32
196,60.67,26.68
196,80.67,23.19
196,71.18,33.26
196,84.71,34.99
196,57.91,20.11
196,82.35,22.39
196,72.11,21.79
196,52.78,17.88
196,62.64,26.45
196,63.03,53.11
196,77.11,35.54
196,59.59,26.7
196,55.97,31.05
196,66.74,16.86
196,84.0,17.52
196,73.62,24.59
196,68.25,20.03
196,79.61,43.42
196,59.34,54.8
196,95.25,43.49
196,93.6,25.29
196,65.85,34.1
196,73.1,39.64
196,70.43,38.38
196,65.03,50.41
196,83.74,20.82
196,52.8,35.65
197,69.03,33.39
197,104.77,24.77
197,99.09,21.76
197,73.15,28.41
197,64.5,41.45
197,88.36,19.12
197,86.96,41.47
197,66.99,20.77
197,105.0,30.17
197,104.12,32.85
197,73.96,40.15
197,105.0,30.27
197,90.98,39.27
197,97.41,30.03
197,77.04,37.75
197,96.05,33.23
197,105.0,35.63
197,103.34,35.47
197,97.61,32.36
197,63.91,46.29
197,99.1,40.0
197,93.97,35.36
197,77.41,27.5
197,83.79,60.08
197,86.85,50.42
197,94.97,22.52
197,69.24,40.16
197,88.68,47.24
197,105.0,38.98
197,94.94,33.47
197,74.01,26.8
197,91.52,38.76
197,94.28,23.6
197,61.14,29.4
197,91.97,27.83
197,88.2,39.21
197,67.6,48.57
197,105.0,28.29
197,92.04,29.36
197,85.32,47.8
197,76.81,27.7
197,89.44,2.55
197,93.44,53.99
197,105.0,44.65
197,86.49,42.43
197,70.45,37.7
197,86.97,32.7
197,86.86,13.04
197,105.0,31.19
197,91.77,30.94
197,92.98,32.12
197,80.86,39.9
197,92.59,50.15
197,77.08,32.72
197,90.13,31.29
197,98.31,50.1
197,87.83,24.82
197,102.34,33.2
197,105.0,33.86
197,102.77,24.82
197,88.8,29.8
197,75.87,29.94
197,75.06,42.08
197,95.07,30.36
197,91.48,30.66
197,87.24,38.76
197,81.1,28.2
197,88.17,23.56
197,70.08,62.74
197,79.63,32.97
197,85.37,36.06
197,97.11,30.62
197,100.66,17.03
197,62.74,27.88
197,67.34,21.3
197,97.3,39.56
197,89.34,38.15
197,96.17,39.96
197,79.91,22.75
197,80.63,11.59
197,78.42,8.59
197,53.19,37.97
197,73.44,29.21
197,74.12,19.51
197,75.95,39.6
197,75.35,43.13
197,76.05,32.9
197,84.93,27.14
197,95.16,31.09
197,50.63,46.42
197,75.78,45.18
197,76.26,31.05
197,68.07,35.04
197,102.39,68.0
197,73.55,56.8
197,93.36,34.06
197,77.7,49.29
197,104.45,37.79
197,76.95,49.88
197,76.02,25.72
197,85.58,41.73
197,105.0,44.84
197,94.35,33.38
197,79.31,28.93
197,90.25,36.12
197,80.47,18.72
197,105.0,29.31
197,98.07,27.59
197,87.46,43.04
197,90.42,39.31
197,79.68,40.75
197,87.98,46.6
197,95.47,21.36
197,99.5,51.45
197,82.4,43.72
197,60.02,18.54
197,97.0,42.21
197,79.81,39.91
197,98.92,38.19
197,68.16,23.44
197,92.18,33.55
197,85.3,40.99
197,82.16,34.15
197,105.0,19.19
197,78.51,29.76
197,105.0,37.64
197,105.0,31.74
197,71.59,54.44
197,76.14,42.03
197,85.88,41.61
197,85.05,35.77
197,102.36,28.98
197,102.33,52.49
197,81.61,29.77
197,77.79,34.66
197,83.69,32.96
197,90.83,18.69
197,73.08,38.77
197,71.63,44.63
197,78.21,27.61
197,82.06,30.66
197,83.14,24.89
197,61.91,53.66
197,82.43,38.68
197,71.0,48.41
197,88.86,29.4
197,71.56,40.06
197,92.21,16.74
197,85.73,27.35
197,105.0,56.31
197,91.69,38.47
197,85.43,30.36
197,87.27,13.74
197,88.65,35.99
197,80.24,29.36
197,84.65,43.32
197,81.35,18.01
197,83.3,43.79
197,82.0,29.01
197,83.14,22.59
197,87.36,36.03
197,95.16,53.99
197,99.87,41.94
197,79.78,37.4
197,69.56,28.08
197,98.1,49.59
197,105.0,37.82
197,94.78,12.28
197,83.57,42.37
197,90.81,36.63
197,89.93,32.65
197,87.42,47.63
197,76.24,25.84
197,100.76,28.16
197,77.61,31.99
197,100.42,38.48
197,94.94,27.22
197,105.0,22.98
197,97.28,31.68
197,57.72,28.37
197,69.61,52.04
197,88.76,11.26
197,105.0,43.57
197,82.76,11.34
197,70.04,32.94
197,98.25,21.89
197,105.0,16.72
197,77.58,48.32
197,81.02,41.78
197,105.0,34.45
197,71.32,35.2
197,74.05,25.35
197,73.85,28.69
197,90.11,26.17
197,84.23,27.98
197,80.09,31.43
197,99.31,48.4
197,98.6,40.28
197,105.0,37.18
197,88.69,22.84
197,97.98,38.68
197,73.06,6.37
197,97.3,26.14
197,97.94,20.19
197,77.65,29.66
197,95.79,30.59
197,91.11,28.98
197,93.95,33.55
197,100.28,35.4
197,90.24,48.48
197,103.03,24.84
197,73.47,24.58
197,76.74,32.56
197,85.87,37.08
197,77.95,34.16
197,91.34,53.84
197,83.59,43.06
197,84.09,48.85
197,83.72,38.72
197,91.08,34.66
197,87.9,5.89
197,92.75,34.25
197,82.92,30.1
197,63.98,30.39
197,97.6,44.53
197,77.83,19.05
197,91.63,45.6
197,87.95,40.55
197,105.0,36.03
197,53.13,42.5
197,79.43,13.79
197,92.85,37.69
197,67.12,17.12
197,87.4,37.33
197,66.17,20.19
197,87.84,24.6
197,88.45,28.37
197,97.2,30.22
197,91.49,35.43
197,75.36,41.1
197,88.69,59.71
197,92.08,25.84
197,76.12,34.66
197,100.59,32.26
197,95.25,21.5
197,66.76,11.57
197,88.2,22.7
197,74.52,27.01
197,62.12,28.96
197,80.46,17.42
197,83.01,29.8
197,105.0,31.2
197,80.82,23.23
197,88.4,41.45
197,91.84,14.32
197,83.13,36.2
197,91.38,30.63
197,78.52,34.09
197,73.52,37.72
197,80.2,36.39
197,71.12,11.63
197,95.55,30.34
197,86.76,38.29
197,81.28,38.66
197,95.18,24.39
197,79.85,21.27
197,48.65,39.44
197,80.59,38.54
197,97.41,21.3
197,100.56,19.03
197,71.57,28.65
197,79.86,24.42
197,96.97,34.32
197,68.11,47.74
197,83.45,19.12
197,91.53,31.29
197,105.0,24.25
197,81.46,41.02
197,69.15,41.73
197,77.26,22.71
197,105.0,44.69
197,91.5,41.77
197,103.29,30.75
198,105.0,17.43
198,87.02,26.49
198,102.65,24.13
198,78.49,51.17
198,65.7,48.72
198,92.35,43.94
198,76.62,38.33
198,78.03,43.61
198,89.36,40.45
198,97.1,51.51
198,90.88,34.46
198,99.97,6.81
198,83.62,28.58
198,103.92,40.0
198,96.93,30.41
198,72.11,47.1
198,94.49,24.8
198,86.56,43.9
198,75.85,17.9
198,93.66,37.69
198,91.68,25.09
198,94.82,19.29
198,71.86,33.36
198,57.63,20.63
198,81.65,42.48
198,82.47,30.04
198,92.28,35.03
198,50.96,33.41
198,94.31,40.2
198,96.73,26.35
198,97.56,46.32
198,96.99,56.49
198,71.86,21.81
198,74.75,51.54
198,83.5,27.94
198,84.11,28.44
198,73.8,43.31
198,88.45,21.84
198,92.21,40.59
198,90.7,40.06
198,88.26,33.2
198,91.57,32.78
198,83.3,28.11
198,93.53,41.95
198,91.98,29.73
198,76.46,46.24
198,105.0,46.59
198,105.0,17.99
198,95.83,19.45
198,101.61,31.95
198,90.94,23.65
198,82.45,26.42
198,101.58,25.01
198,90.78,55.19
198,96.38,46.6
198,105.0,24.73
198,67.07,12.78
198,93.23,27.73
198,75.55,19.89
198,85.14,41.79
198,77.32,34.65
198,102.51,27.66
198,93.43,33.06
198,88.14,21.29
198,67.24,31.43
198,80.45,51.94
198,81.22,26.44
198,91.32,35.09
198,81.78,25.38
198,83.22,25.2
198,55.68,43.11
198,99.42,20.37
198,71.97,31.98
198,78.26,24.33
198,94.11,49.11
198,98.67,26.38
198,87.5,20.01
198,92.02,32.22
198,99.66,32.26
198,53.27,46.04
198,98.69,27.96
198,59.16,38.65
198,83.04,22.98
198,92.66,45.95
198,74.55,43.7
198,84.59,40.1
198,45.87,43.16
198,70.25,36.84
198,76.69,35.25
198,74.22,21.36
198,85.12,26.61
198,105.0,43.28
198,98.16,42.86
198,98.67,43.77
198,93.07,29.27
198,68.56,52.45
198,102.51,32.11
198,92.0,39.05
198,93.9,64.55
198,97.61,28.35
198,93.74,41.9
198,91.89,17.37
198,76.48,29.92
198,73.83,40.55
198,73.92,27.2
198,49.28,34.42
198,80.5,36.49
198,94.15,35.77
198,101.7,9.74
198,77.67,58.67
198,85.79,21.8
198,80.53,25.15
198,90.08,16.14
198,69.38,22.68
198,80.3,33.22
198,76.78,44.82
198,95.47,26.91
198,65.01,35.1
198,92.1,37.13
198,99.27,21.18
199,48.9,42.53
199,49.71,45.45
199,63.64,23.44
199,67.42,28.87
199,44.23,45.72
199,68.66,40.66
199,65.43,33.69
199,51.5,39.96
199,34.66,30.96
199,69.32,29.25
199,63.53,45.46
199,61.32,26.43
199,40.9,28.58
199,88.43,52.43
199,45.72,24.3
199,51.76,52.08
199,71.53,35.7
199,60.16,33.81
199,61.49,39.49
199,43.31,42.99
199,42.32,48.75
199,64.0,31.29
199,53.73,38.66
199,83.78,28.85
199,43.87,27.74
199,53.91,35.1
199,61.68,41.85
199,53.45,23.62
199,48.93,16.18
199,60.25,22.51
199,85.61,28.48
199,50.91,47.9
199,38.34,24.47
199,66.53,39.21
199,54.65,46.22
199,46.01,25.27
199,67.51,48.7
199,65.57,40.09
199,50.59,23.09
199,37.83,29.41
199,71.44,25.02
199,50.63,30.89
199,62.97,38.09
199,57.81,26.54
199,66.16,37.77
199,62.66,35.66
199,76.71,22.02
199,68.23,37.82
199,34.11,45.53
199,55.1,31.08
199,61.63,41.82
199,54.57,22.46
199,75.22,50.66
199,65.8,40.4
199,35.19,41.49
199,55.1,26.47
199,60.24,41.52
199,49.55,38.3
199,68.79,41.93
199,67.15,48.07
199,64.98,28.41
199,69.44,48.07
199,77.36,42.17
199,70.73,20.9
199,70.46,51.99
199,59.75,28.04
199,52.45,36.13
199,86.59,36.61
199,65.38,23.41
199,47.46,43.45
199,58.99,29.12
199,55.46,19.92
199,70.76,24.94
199,55.93,14.01
199,39.97,19.29
199,67.61,44.84
199,53.06,17.11
199,30.01,37.73
199,71.78,27.55
199,42.94,45.85
199,47.14,33.73
199,61.04,20.71
199,61.82,40.39
199,52.94,29.74
199,64.75,41.32
199,70.89,37.52
199,48.03,22.33
199,60.94,32.52
199,61.69,27.66
199,75.55,31.1
199,62.74,32.42
199,36.01,16.4
199,89.96,37.21
199,61.37,30.29
199,63.23,19.89
199,58.51,21.13
199,63.43,14.8
199,65.41,55.37
199,69.92,33.55
199,57.86,37.99
199,28.81,49.75
199,54.13,63.95
199,57.05,26.1
199,50.88,28.18
199,45.69,22.84
199,53.56,32.25
199,70.92,14.02
199,63.88,48.3
199,42.19,39.43
199,36.99,31.65
199,36.81,17.85
199,62.92,49.76
199,40.14,29.08
199,58.59,53.05
199,68.18,30.65
199,64.84,34.77
199,55.18,20.23
199,79.89,47.24
199,51.72,15.56
199,61.39,42.51
199,54.65,49.16
199,57.06,15.68
199,70.31,44.23
199,68.04,49.82
199,36.03,38.75
199,46.25,40.46
199,70.37,38.22
199,42.59,34.74
199,46.41,22.73
199,64.08,33.4
199,72.24,30.67
199,70.61,54.65
199,38.66,33.26
199,56.07,33.65
199,54.65,36.08
199,51.79,38.96
199,39.12,25.48
199,77.38,44.46
199,58.11,33.11
199,46.91,42.08
199,64.26,24.07
199,57.39,32.5
199,70.5,50.36
199,53.21,55.89
199,53.95,41.37
199,59.96,21.71
199,68.59,13.75
199,46.91,41.37
199,41.46,55.81
199,66.31,29.75
199,63.35,31.94
199,60.36,37.06
199,60.78,61.71
199,60.11,36.12
199,77.26,36.31
199,62.44,29.94
199,57.19,35.25
199,46.25,46.53
199,54.74,26.98
199,66.95,44.62
199,69.38,45.09
199,40.74,25.39
199,71.27,42.88
199,58.18,56.72
199,90.34,20.67
199,75.57,32.47
199,57.34,36.94
199,44.51,38.35
199,46.26,23.65
199,52.69,20.32
199,82.96,25.96
199,55.56,35.18
199,62.38,28.92
199,57.68,43.64
199,56.99,47.37
199,54.08,24.62
199,78.52,37.73
199,70.75,35.16
199,40.95,62.06
199,38.0,29.41
200,34.19,25.11
200,79.29,32.3
200,52.06,22.11
200,41.19,40.56
200,64.16,44.7
200,62.73,41.12
200,68.12,35.59
200,69.9,42.86
200,58.72,27.08
200,82.97,25.13
200,78.23,33.07
200,65.99,27.88
200,64.8,48.96
200,75.54,56.14
200,60.73,62.88
200,44.19,44.11
200,58.81,37.94
200,55.79,12.37
200,61.99,29.38
200,44.83,25.84
200,46.54,26.65
200,75.18,48.87
200,61.2,49.95
200,56.59,29.34
200,54.71,27.24
200,58.28,31.57
200,62.51,13.87
200,38.83,48.17
200,55.15,43.1
200,62.91,20.39
200,58.43,20.61
200,37.71,52.29
200,60.68,43.32
200,59.9,54.42
200,51.35,25.76
200,48.35,54.1
200,62.97,23.94
200,61.8,36.13
200,66.42,15.33
200,87.45,28.88
200,67.87,36.56
200,50.98,29.99
200,76.75,41.5
200,57.13,25.61
200,57.18,34.57
200,48.68,30.9
200,67.87,30.77
200,56.52,43.41
200,71.93,26.86
200,68.15,32.51
200,49.58,29.19
200,48.17,52.09
200,63.76,33.99
200,76.73,34.08
200,74.36,31.26
200,80.39,39.01
200,62.77,29.62
200,72.47,29.13
200,75.48,29.14
200,86.84,34.83
200,66.1,46.01
200,55.89,30.57
200,75.92,19.66
200,43.72,17.7
200,75.01,65.99
200,78.42,25.0
200,74.2,54.94
200,48.78,31.4
200,63.91,23.47
200,75.19,33.15
200,67.88,40.91
200,61.53,31.54
200,63.84,27.39
200,101.09,16.85
200,48.15,27.11
200,44.54,38.44
200,48.78,17.01
200,88.72,29.2
200,70.4,36.93
200,53.77,47.15
200,90.01,21.79
200,46.24,56.42
200,53.31,39.05
200,45.66,21.16
200,61.92,35.63
200,67.08,26.05
200,62.88,16.77
200,76.52,32.23
200,55.76,32.52
200,57.24,37.07
200,64.88,23.56
200,84.82,24.34
200,66.96,44.35
200,57.18,42.38
200,71.36,20.3
200,58.15,15.62
200,64.24,21.67
200,58.61,46.3
200,44.99,2.22
200,52.44,27.56
200,80.76,44.16
200,64.79,36.12
200,62.81,32.33
200,61.26,44.14
200,57.05,31.55
200,61.39,28.0
200,55.91,42.26
200,64.09,55.06
200,47.07,8.95
200,69.75,25.37
200,59.78,30.62
200,44.07,27.8
200,56.93,34.67
200,55.6,33.76
200,73.75,20.56
200,58.48,40.29
200,50.42,32.66
200,34.73,47.75
200,53.06,45.74
200,75.94,31.66
200,66.64,39.84
200,49.33,8.75
200,58.33,10.59
200,61.68,46.01
200,81.04,32.49
200,60.72,47.96
200,53.74,46.07
200,65.16,17.12
200,68.87,41.18
200,70.51,25.37
200,70.26,30.66
200,88.43,19.97
200,44.87,44.93
200,58.88,39.37
200,60.41,27.37
200,43.87,25.43
200,46.06,42.51
200,57.21,25.34
200,55.82,27.31
200,53.87,25.93
200,37.23,25.82
200,45.98,41.47
200,53.12,36.5
200,57.31,27.81
200,64.22,22.41
200,57.01,33.8
200,51.71,31.04
200,65.01,42.56
200,63.71,26.01
200,48.29,38.73
200,85.88,31.18
200,30.71,37.17
200,68.98,51.87
200,72.17,31.11
200,73.85,57.91
200,64.6,31.63
200,42.56,22.54
200,85.75,51.23
200,42.64,53.96
200,46.4,23.7
200,53.32,25.32
200,43.85,43.0
200,43.96,40.3
200,48.75,25.09
200,34.96,24.15
200,61.72,37.14
200,54.49,32.51
200,56.97,40.35
200,63.85,40.31
200,58.52,44.06
200,51.7,11.52
200,66.09,54.51
200,56.6,39.7
200,49.61,29.24
200,58.26,32.83
200,76.64,41.14
200,52.71,36.59
200,68.6,36.74
200,47.27,32.98
200,60.42,52.35
200,63.67,37.74
200,48.82,46.52
200,55.5,58.01
200,47.8,44.59
200,49.0,37.31
200,59.88,13.76
200,80.96,29.5
200,65.48,57.33
200,60.5,37.64
200,78.54,19.33
200,43.09,31.65
200,77.64,21.02
200,55.33,28.97
200,63.87,29.57
200,69.05,27.55
200,66.54,34.85
200,55.58,11.53
200,71.11,41.28
200,55.01,49.77
200,54.94,13.76
200,59.67,45.69
200,66.88,41.21
200,47.38,38.01
200,48.83,34.53
200,37.88,36.48
200,56.7,43.53
200,74.07,36.41
200,102.15,63.61
200,63.55,27.03
200,81.74,52.1
200,60.83,32.59
200,61.77,29.65
200,58.76,45.09
200,59.82,30.62
200,59.89,53.15
200,56.15,25.78
200,83.43,47.97
200,67.56,40.62
200,51.13,32.2
200,68.72,23.2
200,73.37,23.15
200,44.38,24.65
200,73.89,46.18
200,72.14,34.5
200,65.28,42.69
200,80.99,35.68
200,73.51,21.92
200,55.15,37.91
200,62.33,40.75
200,78.92,14.77
200,54.5,27.45
200,55.5,25.05
200,64.38,20.2
200,57.84,35.59
200,92.9,37.03
200,78.49,48.45
200,89.2,42.88
200,76.69,30.64
200,63.52,30.67
200,34.88,53.5
200,65.29,39.57
200,46.09,46.64
200,40.29,18.47
200,75.93,16.57
200,46.25,29.44
200,51.23,44.75
200,54.29,51.51
200,62.37,25.61
200,59.67,39.81
200,70.19,38.55
200,67.98,21.2
200,40.01,24.63
200,80.4,32.79
200,45.53,19.95
200,47.26,61.87
200,83.24,22.33
200,59.3,28.97
200,74.98,38.03
200,69.56,36.66
200,66.08,40.79
200,50.99,22.86
200,57.52,19.08
200,81.92,35.1
200,51.12,24.02
200,60.97,25.98
200,66.78,25.18
200,54.91,25.16
200,51.04,18.03
200,57.7,22.24
200,57.43,29.97
200,40.51,46.46
200,63.61,56.34
200,77.29,44.17
200,16.49,36.65
200,62.39,45.24
200,20.98,32.28
200,79.2,36.82
200,52.32,41.9
200,60.14,39.96
200,46.85,44.53
200,85.69,41.46
200,87.09,25.93
200,45.55,41.07
200,44.04,25.76
200,70.9,42.05
200,71.2,29.49
200,54.95,19.79
200,46.26,18.6
200,79.52,57.74
200,56.49,22.45
200,55.73,44.42
200,61.54,41.43
200,40.73,44.14
200,51.76,22.92
200,46.82,29.39
200,34.12,23.29
200,48.72,44.83
200,59.17,50.29
201,45.28,32.63
201,49.24,48.3
201,54.26,23.66
201,28.75,67.82
201,51.37,32.08
201,45.88,22.97
201,44.53,27.95
201,46.24,33.21
201,60.66,49.03
201,48.0,35.28
201,33.18,20.33
201,48.88,53.35
201,44.74,27.24
201,47.98,25.07
201,46.89,39.16
201,52.49,44.95
201,29.82,44.63
201,30.28,14.78
201,46.71,51.9
201,44.48,22.46
201,35.43,40.98
201,21.32,39.07
201,51.12,40.62
201,42.01,31.62
201,52.19,46.71
201,51.39,34.36
201,57.16,49.42
201,34.05,21.65
201,48.2,53.66
201,75.04,14.94
201,51.1,52.93
201,67.32,28.52
201,57.04,38.76
201,36.38,29.18
201,79.23,24.06
201,66.0,29.4
201,31.21,43.05
201,45.92,38.55
201,71.15,48.03
201,56.29,40.3
201,24.03,38.36
201,38.9,52.78
201,37.71,39.57
201,67.25,23.52
201,54.7,20.77
201,44.0,54.71
201,37.88,33.32
201,56.7,34.95
201,46.39,27.83
201,50.34,17.07
201,55.89,55.96
201,50.26,20.65
201,30.37,23.43
201,59.11,30.79
201,61.46,29.12
201,75.39,27.88
201,39.88,41.88
201,64.67,46.6
201,64.62,33.78
201,61.87,37.58
201,50.07,24.17
201,36.08,40.79
201,44.21,31.42
201,33.45,30.26
201,28.39,45.02
201,57.79,18.61
201,37.09,45.8
201,22.26,33.8
201,49.62,29.17
201,58.57,53.78
201,56.22,43.28
201,35.19,15.75
201,40.2,45.1
201,53.38,40.98
201,59.8,20.41
201,53.69,33.63
201,59.37,43.32
201,45.85,14.31
201,53.21,43.07
201,50.84,30.2
201,33.72,32.5
201,25.07,46.97
201,36.85,26.04
201,38.44,22.32
201,65.32,42.24
201,46.47,35.56
201,37.07,29.53
201,45.47,19.48
201,50.65,29.94
201,42.27,27.79
201,40.42,31.57
201,42.77,16.71
201,50.71,26.56
201,45.68,38.62
201,41.85,33.21
201,38.0,31.95
201,52.26,23.58
201,42.9,23.94
201,55.33,30.96
201,68.39,33.71
201,33.43,24.8
201,44.78,36.04
201,27.18,36.0
201,44.84,22.69
201,72.53,47.47
201,55.7,24.95
201,39.3,24.15
201,53.97,27.07
201,33.31,19.16
201,33.3,14.84
201,56.51,45.73
201,43.94,44.06
201,45.1,24.43
201,47.36,41.11
201,44.67,26.99
201,64.96,22.86
201,29.03,31.28
201,37.57,31.18
201,50.94,44.9
201,32.82,7.94
201,38.09,30.87
201,59.18,58.86
201,37.04,9.4
201,58.64,27.78
201,30.52,30.56
201,74.71,35.64
201,56.84,42.09
201,57.14,35.57
201,42.96,51.4
201,48.14,29.88
201,83.07,45.6
201,33.79,32.35
201,40.66,42.6
201,43.69,26.95
201,50.23,24.17
201,56.94,19.55
201,54.46,31.19
201,34.0,26.22
201,58.01,37.7
201,57.93,41.46
201,48.94,45.34
201,39.85,43.05
201,51.73,46.04
201,44.37,41.53
201,47.39,21.61
201,48.27,37.07
201,36.65,26.03
201,48.5,32.44
201,61.92,33.48
201,56.83,6.62
201,45.51,22.55
201,44.84,28.5
201,70.86,3.26
201,36.71,48.4
201,56.42,35.34
201,63.87,35.28
201,33.73,45.24
201,45.85,41.85
201,62.45,41.87
201,38.57,45.28
201,49.97,37.32
201,29.87,37.58
201,42.79,38.93
201,66.18,19.48
201,31.88,10.78
201,26.79,11.31
201,47.54,41.71
201,54.94,28.17
201,41.67,31.0
201,44.03,35.75
201,57.66,49.62
201,63.95,41.27
201,54.76,36.22
201,60.33,38.56
201,47.63,58.63
201,39.89,23.09
201,28.66,49.3
201,30.1,34.25
202,82.14,31.56
202,50.07,11.64
202,60.12,14.83
202,79.1,6.87
202,79.96,4.87
202,81.43,11.22
202,83.27,25.1
202,100.1,6.82
202,65.63,6.63
202,79.07,0.0
202,83.73,39.23
202,78.86,5.42
202,72.59,0.0
202,63.89,13.92
202,71.3,14.69
202,90.87,20.66
202,102.52,14.07
202,51.36,0.0
202,74.25,3.61
202,50.84,23.7
202,64.54,22.19
202,77.08,16.68
202,58.56,28.18
202,68.17,9.39
202,66.18,24.72
202,76.52,7.17
202,68.51,31.06
202,89.22,6.36
202,73.15,0.0
202,62.59,0.0
202,53.54,27.26
202,62.77,28.49
202,71.28,1.66
202,80.42,4.5
202,83.17,0.0
202,85.75,0.0
202,81.15,8.93
202,86.46,8.84
202,69.43,0.0
202,71.49,0.0
202,66.0,32.35
202,63.47,24.58
202,91.69,13.46
202,71.48,13.79
202,59.1,12.04
202,62.72,10.62
202,101.17,12.14
202,77.16,0.0
202,79.94,9.16
202,66.95,0.0
202,44.95,9.71
202,57.4,16.59
202,65.38,5.77
202,65.75,14.76
202,73.73,10.82
202,84.7,16.87
202,74.14,15.89
202,79.31,2.6
202,85.66,0.0
202,92.59,0.0
202,61.7,1.9
202,79.12,20.86
202,79.72,19.94
202,77.13,6.78
202,68.46,8.75
202,60.99,0.0
202,71.51,0.0
202,76.81,16.54
202,87.51,7.23
202,71.72,8.29
202,58.35,19.32
202,60.57,16.84
202,58.09,9.44
202,72.39,25.07
202,55.68,6.12
202,63.35,1.41
202,94.48,0.0
202,71.31,25.2
202,74.6,5.04
202,56.61,12.15
202,72.93,32.61
202,52.0,3.27
202,75.36,13.26
202,57.32,13.19
202,90.74,12.52
202,98.69,22.09
202,65.14,16.2
202,53.22,14.07
202,67.7,30.46
202,52.1,0.0
202,69.04,0.0
202,62.05,11.28
202,88.44,17.75
202,46.6,11.55
202,56.54,4.75
202,84.96,25.91
202,65.79,20.92
202,93.43,5.39
202,74.19,30.04
202,76.67,7.42
202,77.86,9.02
202,78.98,0.0
202,71.12,14.9
202,71.71,33.17
202,89.68,32.75
202,64.22,8.07
202,76.08,6.06
202,68.59,12.24
202,82.24,27.69
202,90.54,14.25
202,67.07,20.78
202,61.11,19.65
202,64.15,24.46
202,85.89,21.47
202,77.19,4.98
202,72.96,13.73
202,71.46,7.07
202,64.75,22.29
202,85.12,17.71
202,76.24,18.16
203,71.55,36.44
203,74.9,20.76
203,102.64,39.07
203,82.98,44.27
203,70.17,52.72
203,79.93,31.9
203,97.69,27.8
203,81.86,21.98
203,102.46,34.68
203,99.83,42.83
203,101.05,55.17
203,96.48,39.19
203,71.48,48.34
203,84.61,35.32
203,93.69,41.57
203,77.59,27.8
203,94.64,36.73
203,101.87,22.69
203,73.36,45.77
203,64.5,57.17
203,89.26,35.66
203,105.0,29.12
203,87.32,68.0
203,71.46,46.63
203,95.25,50.56
203,92.28,38.37
203,95.48,22.72
203,105.0,31.69
203,72.24,34.94
203,97.82,33.63
203,87.75,21.97
203,93.47,33.71
203,79.26,21.27
203,69.87,19.24
203,105.0,25.35
203,105.0,30.75
203,105.0,31.48
203,78.47,32.45
203,86.09,53.77
203,103.92,32.48
203,86.04,13.55
203,79.16,29.99
203,93.48,30.84
203,72.0,8.63
203,64.4,33.34
203,105.0,27.31
203,84.14,32.3
203,98.69,35.65
203,84.45,31.56
203,91.13,31.75
203,88.74,27.29
203,68.56,39.15
203,80.2,28.52
203,97.4,39.94
203,92.3,20.85
203,87.8,28.3
203,61.5,38.22
203,94.69,20.57
203,82.07,26.79
203,80.01,38.99
203,77.2,24.6
203,89.08,46.22
203,86.59,33.18
203,82.8,29.67
203,105.0,39.47
203,88.48,33.8
203,69.04,33.43
203,79.74,30.97
203,90.79,31.42
203,96.72,21.54
203,75.1,40.17
203,75.11,26.44
203,94.34,43.88
203,89.01,22.79
203,92.81,45.93
203,79.15,24.62
203,98.81,41.17
203,98.05,28.56
203,96.17,35.04
203,82.0,26.56
203,81.77,24.43
203,85.6,29.11
203,65.03,40.12
203,82.65,40.11
203,99.22,38.95
203,76.97,35.64
203,105.0,55.73
203,71.35,24.11
203,75.35,31.72
203,78.7,6.12
203,95.11,37.63
203,83.11,23.4
203,71.69,32.64
203,94.54,25.1
203,91.02,31.31
203,77.64,34.67
203,105.0,25.34
203,97.14,36.51
203,95.09,28.42
203,79.88,25.97
203,74.3,40.15
203,105.0,35.48
203,76.12,14.06
203,94.51,29.52
203,99.77,22.34
203,69.45,47.58
203,84.98,25.05
203,75.07,26.22
203,92.51,33.59
203,77.02,38.53
203,76.19,25.71
203,70.54,34.81
203,86.73,36.04
203,65.73,15.26
203,105.0,38.16
203,84.94,27.63
203,98.31,20.62
203,86.58,52.63
203,91.62,23.73
203,70.73,41.32
203,94.57,38.23
203,72.05,15.19
203,105.0,25.01
203,80.84,21.23
203,96.49,42.9
203,71.51,41.64
203,97.18,50.35
203,65.58,22.52
203,66.65,58.68
203,100.99,43.23
203,99.71,51.1
203,81.58,34.8
203,82.71,30.17
203,85.71,24.01
203,91.18,46.96
203,100.35,31.87
203,83.1,32.0
203,67.2,45.57
203,86.4,42.23
203,77.92,31.12
203,104.42,34.91
203,82.6,36.52
203,103.03,34.17
203,87.0,46.3
203,79.07,39.2
203,102.78,30.07
203,77.39,47.59
203,87.48,26.81
203,82.96,32.44
203,76.95,31.02
203,91.52,29.25
203,79.71,30.15
203,76.64,44.07
203,85.15,34.33
203,79.55,52.39
203,82.12,28.07
203,85.57,27.15
203,95.11,19.43
203,81.38,19.39
203,70.51,25.3
203,93.97,24.85
203,79.49,27.4
203,91.83,35.39
203,101.67,24.81
203,86.64,51.89
203,75.89,32.59
203,84.37,42.59
203,77.2,24.1
203,76.63,29.43
203,82.26,37.06
203,71.26,38.32
203,73.2,43.45
203,95.95,19.43
203,88.97,62.64
203,91.11,51.34
203,96.43,36.22
203,63.3,37.55
203,83.0,36.13
203,105.0,23.24
203,105.0,18.8
203,78.14,21.17
203,75.49,19.78
203,60.28,52.32
203,81.52,28.43
203,94.37,45.94
203,98.54,31.14
203,69.85,32.45
203,84.33,31.2
203,79.92,27.45
203,72.8,53.06
203,78.8,35.27
203,97.71,49.23
203,93.0,36.38
203,91.4,49.43
203,104.12,34.88
203,85.28,30.9
203,84.85,17.68
203,92.34,42.03
203,73.72,50.75
203,97.53,44.82
203,94.68,29.2
203,91.61,42.67
203,77.58,22.23
203,95.59,22.77
203,105.0,26.3
203,93.65,26.45
203,79.47,40.4
203,105.0,43.03
203,92.52,29.42
203,105.0,51.46
203,74.3,28.34
203,78.07,46.82
203,97.26,29.94
203,52.66,34.12
203,105.0,34.74
203,103.63,43.2
203,78.09,31.77
203,103.01,15.52
203,87.88,42.44
203,84.1,33.92
203,74.53,53.15
203,100.53,19.75
203,96.17,31.71
204,49.33,30.53
204,66.23,58.12
204,54.29,34.5
204,41.38,27.8
204,49.15,39.84
204,60.76,29.71
204,25.13,45.36
204,55.03,50.96
204,38.69,35.77
204,43.25,14.41
204,48.22,32.9
204,28.27,32.22
204,28.4,52.0
204,56.47,38.91
204,42.48,29.7
204,47.5,49.38
204,50.93,32.7
204,31.84,32.6
204,38.32,28.5
204,36.35,46.76
204,17.75,28.09
204,45.42,41.15
204,45.86,38.41
204,54.17,34.75
204,52.57,44.04
204,25.45,50.96
204,25.73,20.45
204,39.92,32.21
204,50.71,31.32
204,41.26,35.17
204,37.84,27.62
204,65.11,22.69
204,55.46,32.81
204,57.18,45.19
204,52.51,31.78
204,33.6,38.57
204,57.51,50.84
204,80.78,35.83
204,55.9,44.89
204,46.67,45.92
204,28.03,47.66
204,38.16,56.9
204,57.03,32.6
204,56.4,44.05
204,34.56,36.39
204,54.26,39.48
204,35.44,38.53
204,59.24,47.13
204,55.9,28.42
204,60.73,38.32
204,41.61,20.02
204,57.43,25.23
204,49.49,27.65
204,53.16,40.51
204,48.84,38.61
204,36.76,49.4
204,52.24,44.86
204,53.89,33.83
204,33.64,67.13
204,55.42,36.08
204,54.74,18.61
204,39.21,20.08
204,51.44,41.67
204,40.01,16.81
204,55.63,36.0
204,36.47,30.31
204,65.2,54.99
204,64.52,21.16
204,58.63,44.95
204,73.34,30.17
204,66.57,29.16
204,60.18,50.76
204,68.32,28.33
204,46.39,24.11
204,40.81,28.83
204,60.74,22.9
204,46.58,17.16
204,59.98,25.41
204,37.98,16.28
204,39.44,24.5
204,29.03,24.22
204,33.54,36.74
204,52.47,19.77
204,29.67,40.54
204,35.13,10.26
204,37.59,23.78
204,42.7,31.63
204,49.14,29.55
204,73.48,34.61
204,58.33,19.2
204,40.34,54.9
204,48.29,51.82
204,41.01,5.43
204,59.5,40.63
204,55.31,30.11
204,40.95,32.63
204,53.01,32.86
204,53.9,25.2
204,48.71,32.69
204,53.09,50.75
204,55.51,54.0
204,75.69,32.65
204,63.58,16.07
204,35.5,31.13
204,51.27,30.53
204,75.67,49.74
204,52.74,20.65
204,71.98,13.21
204,82.09,26.13
204,35.92,41.12
204,47.09,23.53
204,48.95,31.08
204,31.05,42.03
204,66.08,16.85
204,52.48,32.62
204,26.52,36.43
204,52.2,40.86
204,37.76,29.21
204,47.7,50.71
204,15.6,28.37
204,45.59,42.66
204,58.95,46.13
204,42.52,5.72
204,24.9,50.73
204,47.25,21.81
204,45.38,28.97
204,68.39,45.79
204,53.74,28.99
204,45.0,32.84
204,32.37,43.95
204,47.42,35.64
204,73.18,22.71
204,52.94,46.9
204,56.54,37.58
204,15.84,16.59
204,59.92,32.48
204,49.22,37.49
204,48.3,29.38
204,50.25,15.85
204,50.61,18.55
204,44.64,26.41
204,41.57,37.74
204,29.76,46.57
204,43.2,18.32
204,62.46,27.35
204,40.74,10.66
204,58.35,33.36
204,34.07,50.34
204,30.39,44.99
204,42.42,30.74
204,60.02,30.04
204,28.89,29.73
204,71.07,30.41
204,75.79,33.97
204,57.2,29.69
204,41.03,33.6
204,41.83,21.28
204,39.05,38.61
204,39.03,40.5
204,45.16,61.02
204,24.24,39.15
204,52.54,32.02
204,33.29,51.38
204,36.81,49.19
204,38.1,25.89
204,52.7,52.9
204,62.37,37.53
204,34.79,18.41
204,63.65,25.87
204,33.38,27.04
204,38.53,50.23
204,59.66,35.86
204,26.4,35.03
204,40.83,33.29
204,35.93,55.73
204,42.04,31.66
204,39.08,29.36
204,25.36,47.01
204,55.9,35.77
204,52.5,49.47
204,59.63,29.38
204,42.69,35.9
204,46.78,53.71
204,59.6,28.48
204,50.91,44.66
204,59.78,16.92
204,58.83,42.06
204,48.58,26.77
204,49.24,43.69
204,47.12,21.58
204,49.25,45.17
204,40.89,33.17
204,52.43,38.37
204,50.39,35.18
204,40.16,32.69
204,53.03,26.56
204,64.03,23.23
204,48.11,41.48
204,48.9,21.3
204,50.39,32.07
204,23.23,22.65
204,43.27,29.99
204,78.1,13.06
204,48.55,46.75
204,36.33,41.68
204,47.5,33.23
204,40.67,35.79
204,50.2,46.74
204,50.38,27.88
204,47.18,48.21
204,59.59,26.02
204,32.26,33.37
204,52.3,18.5
204,61.58,48.93
204,44.4,30.66
204,58.56,37.54
204,45.02,25.35
204,33.81,31.54
204,23.27,22.73
204,40.78,24.47
205,105.0,30.94
205,72.96,40.45
205,78.48,47.6
205,97.36,19.39
205,74.51,29.46
205,85.52,37.06
205,96.6,33.51
205,95.62,43.35
205,87.73,50.57
205,85.88,26.65
205,99.62,24.79
205,102.89,40.07
205,87.92,20.92
205,93.72,39.23
205,80.25,33.42
205,101.88,32.18
205,97.04,41.79
205,82.79,28.64
205,80.15,68.0
205,105.0,30.74
205,80.4,25.81
205,84.24,58.99
205,70.73,33.71
205,100.31,22.28
205,80.29,32.18
205,87.29,54.08
205,86.15,36.79
205,105.0,23.88
205,105.0,44.49
205,91.35,40.95
205,78.76,40.65
205,88.89,15.98
205,86.37,22.39
205,105.0,16.98
205,105.0,30.23
205,91.6,50.07
205,97.73,13.51
205,105.0,20.86
205,94.23,15.1
205,76.95,42.6
205,86.02,54.56
205,87.42,36.79
205,78.09,39.19
205,88.13,33.56
205,67.77,31.97
205,61.82,41.65
205,86.8,23.92
205,84.72,41.01
205,105.0,30.5
205,81.49,33.51
205,91.69,27.79
205,82.3,10.7
205,63.93,42.13
205,87.15,32.64
205,90.74,33.2
205,80.74,54.8
205,85.28,35.47
205,100.17,25.71
205,84.37,16.9
205,104.5,30.36
205,90.76,38.42
205,101.71,17.96
205,105.0,45.78
205,76.25,29.47
205,101.96,31.99
205,105.0,33.62
205,101.95,18.14
205,84.53,28.03
205,52.21,38.3
205,105.0,32.89
205,67.58,28.31
205,105.0,30.11
205,72.85,39.85
205,71.68,49.24
205,89.04,31.82
205,87.14,24.04
205,105.0,60.82
205,79.51,45.0
205,99.94,32.48
205,94.65,27.19
205,76.5,52.72
205,95.3,24.47
205,87.04,33.98
205,103.41,41.46
205,85.26,36.05
205,105.0,23.41
205,92.94,29.48
205,72.38,33.75
205,64.96,21.03
205,105.0,31.94
205,87.36,50.04
205,87.27,53.77
205,91.36,31.45
205,87.58,33.2
205,89.6,31.64
205,66.86,10.73
205,100.26,38.85
205,90.33,36.71
205,97.19,45.19
205,80.9,45.49
205,87.98,40.61
205,69.45,40.74
205,102.57,22.42
205,86.53,35.77
205,56.85,18.34
205,83.42,29.61
205,93.07,51.75
205,105.0,39.6
205,69.08,37.03
205,105.0,33.44
205,97.33,33.59
205,82.22,35.63
205,99.72,34.76
205,92.16,41.1
205,80.85,56.2
205,102.46,49.75
205,105.0,29.06
205,69.76,27.12
205,92.78,28.12
205,85.99,26.94
205,94.16,14.77
205,83.76,35.18
205,105.0,29.44
205,63.62,33.66
205,90.36,28.44
205,81.13,34.61
205,84.96,26.7
205,62.89,26.94
205,104.57,55.92
205,69.77,20.49
205,93.91,68.0
205,80.77,19.04
206,66.9,31.71
206,27.92,36.04
206,84.75,43.78
206,61.25,33.02
206,76.09,22.33
206,94.42,45.8
206,65.2,32.09
206,77.04,41.06
206,60.07,44.51
206,82.77,27.88
206,76.49,31.27
206,55.65,41.18
206,89.63,44.63
206,70.57,27.32
206,69.78,33.68
206,80.93,18.78
206,85.37,29.58
206,58.54,50.35
206,84.07,13.91
206,72.5,54.01
206,68.8,54.29
206,63.57,20.88
206,74.91,22.47
206,53.62,34.22
206,61.15,29.56
206,50.12,45.69
206,82.86,42.59
206,74.16,33.19
206,75.06,19.56
206,65.97,31.11
206,69.45,62.07
206,69.5,36.63
206,76.4,49.97
206,52.06,38.3
206,73.22,53.3
206,77.9,33.47
206,78.41,47.55
206,98.04,44.91
206,75.46,35.17
206,83.32,35.21
206,84.38,18.06
206,62.36,30.06
206,82.29,61.65
206,47.04,54.01
206,61.43,33.32
206,81.01,24.9
206,57.44,47.89
206,86.15,37.49
206,85.59,39.55
206,77.71,30.99
206,75.9,50.76
206,69.07,37.16
206,74.53,41.2
206,85.43,22.71
206,87.15,25.71
206,73.46,21.66
206,54.76,39.18
206,68.39,35.14
206,75.49,19.54
206,82.53,37.65
206,77.71,35.58
206,88.93,13.58
206,63.28,26.14
206,63.34,36.79
206,85.09,22.7
206,60.24,31.17
206,58.66,25.81
206,72.87,16.63
206,81.92,10.7
206,74.99,21.02
206,38.0,55.85
206,70.24,20.35
206,62.41,32.07
206,87.58,33.25
206,52.04,55.32
206,79.48,11.19
206,72.25,26.04
206,75.47,37.13
206,82.4,32.54
206,69.35,29.19
206,73.28,39.93
206,94.63,10.55
206,85.05,30.54
206,84.12,27.45
206,83.7,43.45
206,96.73,10.36
206,79.58,31.24
206,73.65,31.71
206,80.29,28.83
206,64.8,27.01
206,83.04,31.97
206,85.39,45.51
206,67.75,40.57
206,70.36,25.5
206,76.61,25.42
206,63.82,21.35
206,58.6,44.43
206,68.93,26.72
206,73.0,19.75
206,80.7,34.19
206,79.27,36.22
206,71.47,30.02
206,79.52,34.33
206,65.24,31.19
206,52.45,38.63
206,69.42,36.02
206,75.27,25.99
206,64.5,40.16
206,53.0,23.64
206,60.78,21.22
206,56.37,34.88
206,54.28,37.18
206,72.77,42.47
206,87.49,53.41
206,72.57,12.89
206,87.34,26.6
206,38.15,34.43
206,74.6,51.65
206,79.36,28.71
206,62.11,15.01
206,60.53,21.02
206,67.43,30.84
206,83.65,37.35
206,56.73,57.28
206,61.36,25.84
206,55.0,38.91
206,79.88,44.47
206,62.9,26.7
206,70.74,51.36
206,78.21,26.57
206,65.55,21.56
206,52.95,49.9
206,78.58,32.44
206,79.54,20.6
206,92.86,28.1
206,76.04,25.02
206,72.97,26.79
206,75.62,34.86
206,69.65,29.09
206,71.58,55.55
206,64.23,28.93
206,75.46,31.21
206,75.7,49.16
206,69.87,46.57
206,59.76,41.15
206,52.72,28.48
206,65.07,48.74
206,63.71,28.62
206,66.86,21.17
206,66.02,26.31
206,94.3,41.67
206,66.93,29.99
206,54.66,35.09
206,72.23,22.08
206,67.04,41.94
206,96.16,24.75
206,75.87,23.16
206,83.66,30.55
206,72.39,18.54
206,74.5,22.73
206,65.06,23.3
206,71.35,35.42
206,60.26,25.05
206,66.3,36.18
206,76.1,31.12
206,77.01,27.69
206,74.84,46.47
206,64.05,14.78
206,100.81,39.65
206,70.79,20.4
206,75.16,23.92
206,88.42,28.13
206,59.89,30.36
206,69.67,32.28
206,95.86,34.02
206,77.95,27.23
206,82.33,6.64
206,67.15,24.77
206,66.67,41.94
206,58.0,38.93
206,98.01,39.27
206,66.16,30.01
206,54.46,38.03
206,87.3,27.55
206,63.34,28.62
206,81.17,26.25
206,80.76,43.26
206,85.48,4.25
206,53.87,33.95
206,76.89,33.95
206,57.88,34.85
206,72.77,31.69
206,83.15,46.18
206,49.73,33.04
206,66.28,30.25
206,59.7,39.75
206,74.1,15.1
206,57.47,24.59
206,80.88,44.2
206,68.78,35.65
206,71.3,17.21
206,74.99,61.45
206,35.69,30.8
206,58.11,24.2
206,90.96,16.87
206,56.0,47.51
206,58.29,22.32
206,67.32,28.36
206,82.15,36.25
206,53.98,10.55
206,68.56,41.66
206,87.87,22.76
206,76.13,44.5
206,59.12,35.77
206,85.45,45.23
206,67.67,34.91
206,77.96,43.96
206,61.83,37.69
206,84.85,32.03
206,67.72,36.44
206,74.91,0.02
206,48.25,26.72
206,91.47,45.7
206,88.99,18.64
206,56.64,26.29
206,91.94,16.01
206,54.58,13.21
206,55.56,28.4
207,56.88,62.77
207,59.63,57.95
207,68.29,43.55
207,59.77,54.53
207,86.41,36.28
207,62.84,51.85
207,65.78,61.69
207,79.01,65.56
207,45.68,47.65
207,91.82,68.0
207,82.89,37.73
207,82.54,59.82
207,62.51,60.91
207,60.91,61.1
207,64.2,59.15
207,67.07,55.71
207,88.61,68.0
207,46.8,43.41
207,89.11,51.26
207,69.39,56.15
207,86.17,53.32
207,77.19,44.63
207,80.51,61.59
207,84.59,57.67
207,70.64,68.0
207,59.86,63.89
207,60.43,66.89
207,84.73,66.46
207,92.27,43.84
207,62.75,51.38
207,86.72,51.7
207,84.81,67.47
207,52.63,57.12
207,84.34,55.64
207,64.52,54.89
207,92.0,67.41
207,75.57,44.72
207,104.96,56.09
207,72.19,68.0
207,64.6,61.33
207,79.65,51.63
207,82.82,58.75
207,80.25,39.78
207,67.94,48.38
207,82.99,52.3
207,57.62,43.64
207,43.39,63.23
207,77.63,42.82
207,101.95,68.0
207,80.96,61.65
207,62.9,48.57
207,68.77,50.14
207,73.0,55.66
207,61.19,65.63
207,60.11,55.01
207,77.87,66.74
207,78.59,55.62
207,60.86,62.82
207,55.08,68.0
207,70.06,58.12
207,67.23,44.19
207,81.04,53.66
207,62.94,68.0
207,76.87,50.16
207,77.96,35.62
207,82.89,45.32
207,71.54,53.15
207,63.67,61.07
207,68.69,68.0
207,70.1,46.81
207,98.4,68.0
207,65.67,63.64
207,97.14,67.39
207,73.18,66.57
207,67.36,51.55
207,63.83,68.0
207,58.5,68.0
207,70.12,56.81
207,71.61,68.0
207,72.64,68.0
207,101.19,66.79
207,90.43,34.8
207,73.62,38.17
207,67.16,59.2
207,54.09,46.08
207,75.85,48.06
207,85.31,58.68
207,89.43,51.98
207,65.16,65.53
207,54.8,66.92
207,72.53,44.78
207,78.68,59.22
207,68.13,50.67
207,78.56,64.06
207,70.93,53.73
207,74.45,66.37
207,75.5,55.26
207,71.48,68.0
207,55.76,58.96
207,88.17,39.21
207,64.71,62.23
207,42.05,52.7
207,70.79,33.75
207,77.0,52.43
207,84.44,62.08
207,74.78,64.55
207,73.11,63.34
207,74.07,55.79
207,62.92,51.93
207,67.63,46.04
207,83.5,65.25
207,65.51,63.73
207,73.95,49.51
207,66.6,68.0
207,63.93,65.99
207,69.74,66.13
207,69.95,55.77
207,70.35,68.0
207,75.77,47.1
207,47.38,32.59
207,66.73,66.02
207,79.37,66.63
207,90.3,65.4
207,56.56,68.0
207,57.91,68.0
207,74.97,68.0
207,85.33,60.4
207,62.23,60.41
207,48.55,57.71
207,75.19,67.99
207,60.93,48.51
207,92.64,54.63
207,70.54,44.52
207,56.88,63.26
207,60.48,68.0
207,73.93,47.15
207,67.67,38.04
207,73.32,55.41
207,105.0,59.5
207,58.4,54.32
207,81.8,42.85
207,89.22,68.0
207,87.51,59.74
207,58.91,68.0
207,73.37,66.74
207,53.27,46.77
207,82.24,61.32
207,65.99,62.57
207,76.3,68.0
207,89.82,49.71
207,75.13,42.3
207,74.9,56.4
207,69.16,53.86
207,88.39,53.57
207,64.91,59.7
207,77.67,25.14
207,79.64,43.58
208,105.0,37.06
208,88.15,43.16
208,70.39,40.3
208,78.98,27.77
208,100.9,19.9
208,84.71,24.92
208,61.57,41.96
208,96.67,39.9
208,102.9,31.83
208,86.61,31.46
208,80.88,30.59
208,99.07,22.0
208,62.09,44.08
208,97.85,21.84
208,88.53,35.36
208,99.49,48.0
208,73.3,33.6
208,87.25,51.42
208,100.65,22.25
208,95.14,19.39
208,55.58,8.68
208,99.1,42.31
208,101.86,12.31
208,93.49,51.49
208,88.93,53.07
208,101.08,36.93
208,89.62,25.1
208,64.89,13.58
208,78.46,38.39
208,105.0,33.82
208,84.94,36.56
208,91.03,39.89
208,66.3,21.96
208,95.04,31.6
208,95.85,35.66
208,105.0,59.07
208,98.49,42.63
208,100.58,35.65
208,64.35,22.86
208,80.75,48.07
208,105.0,52.61
208,99.77,17.43
208,94.29,13.68
208,105.0,34.67
208,77.1,31.89
208,93.03,49.6
208,94.42,21.58
208,86.34,23.61
208,69.58,17.19
208,105.0,22.98
208,89.28,35.79
208,93.84,17.26
208,79.12,68.0
208,78.64,6.28
208,83.71,27.99
208,85.06,36.54
208,102.59,48.09
208,93.03,22.81
208,75.16,13.69
208,68.49,22.69
208,100.21,54.17
208,101.6,11.53
208,84.04,45.48
208,79.84,37.14
208,88.71,38.4
208,88.77,47.19
208,91.65,25.79
208,101.91,44.75
208,100.86,35.73
208,99.29,19.53
208,74.8,32.97
208,94.86,33.52
208,92.37,7.04
208,71.37,23.21
208,83.15,39.36
208,94.46,35.61
208,69.6,45.56
208,80.29,48.15
208,89.22,24.18
208,82.53,25.88
208,102.06,16.68
208,97.61,39.61
208,71.01,27.98
208,76.8,46.83
208,102.84,45.41
208,95.41,39.41
208,50.51,29.15
208,105.0,46.02
208,88.2,33.97
208,87.52,36.64
208,76.49,12.72
208,104.42,38.17
208,94.76,34.47
208,86.24,32.73
208,52.37,27.54
208,81.66,17.01
208,73.84,33.34
208,82.91,10.15
208,76.49,31.43
208,98.4,27.75
208,105.0,48.4
208,87.04,54.56
208,72.95,17.23
208,83.36,42.6
208,82.27,26.63
208,105.0,28.73
208,88.55,28.54
208,105.0,48.25
208,69.59,32.69
208,88.04,38.6
208,74.48,15.58
208,86.37,21.36
208,94.53,27.86
208,68.42,33.98
208,80.9,41.35
208,85.52,27.52
208,90.41,49.38
208,67.84,30.94
208,93.32,26.36
208,93.78,43.44
208,100.93,41.75
208,67.29,14.19
208,83.83,51.41
208,87.75,27.96
208,90.44,31.56
208,88.89,24.26
208,80.74,29.2
208,89.28,15.04
208,105.0,37.16
208,95.37,26.91
208,67.88,30.45
208,105.0,44.71
208,105.0,38.85
208,98.76,33.78
208,104.83,55.47
208,105.0,20.94
208,91.71,34.55
208,101.77,47.79
208,105.0,50.59
208,78.01,17.53
208,105.0,25.74
208,90.61,46.34
208,100.58,28.69
208,99.97,34.46
208,79.24,28.49
208,105.0,33.7
208,82.37,0.0
209,49.4,46.94
209,30.7,50.12
209,51.51,19.75
209,69.43,44.93
209,64.79,17.23
209,57.15,41.32
209,51.4,29.67
209,38.73,11.04
209,41.56,23.45
209,59.23,28.09
209,46.11,39.45
209,75.47,34.1
209,25.28,33.27
209,45.28,31.47
209,40.7,45.49
209,58.08,23.55
209,60.86,40.37
209,31.26,60.9
209,30.56,40.5
209,37.94,40.11
209,55.14,27.27
209,53.68,56.95
209,26.79,25.75
209,51.82,33.57
209,50.06,10.47
209,47.24,27.26
209,55.65,42.75
209,50.95,32.93
209,49.05,45.95
209,63.16,36.65
209,67.87,39.79
209,42.67,45.35
209,47.17,16.95
209,56.74,43.61
209,45.55,30.24
209,57.05,29.01
209,49.68,22.46
209,58.09,39.27
209,56.72,35.76
209,46.91,43.57
209,59.66,17.3
209,57.26,45.85
209,78.14,39.87
209,24.13,24.52
209,56.66,45.28
209,61.56,38.51
209,76.96,20.14
209,41.31,36.05
209,49.44,6.35
209,42.01,41.61
209,71.11,26.77
209,37.99,15.78
209,41.63,8.05
209,29.08,37.38
209,11.66,32.56
209,48.09,30.37
209,46.67,36.75
209,45.0,34.13
209,55.93,42.13
209,58.0,33.86
209,39.07,28.78
209,48.81,28.98
209,46.48,36.36
209,48.04,39.08
209,67.43,27.47
209,53.36,28.71
209,61.47,36.92
209,45.32,37.57
209,33.22,23.71
209,61.93,19.99
209,57.5,34.58
209,41.83,39.25
209,45.64,37.01
209,55.11,18.65
209,52.71,37.67
209,46.36,43.49
209,33.78,29.27
209,72.84,26.77
209,47.9,46.95
209,62.94,45.74
209,16.15,23.69
209,31.95,36.18
209,62.34,22.0
209,45.58,38.76
209,61.7,28.69
209,40.32,23.11
209,46.28,18.31
209,38.12,47.7
209,60.72,28.86
209,43.68,68.0
209,58.8,49.65
209,67.61,48.3
209,45.38,11.53
209,46.79,32.62
209,41.29,10.97
209,73.81,39.22
209,46.6,33.39
209,44.94,50.36
209,33.54,22.46
209,40.78,39.17
209,42.27,34.42
209,62.24,33.71
209,44.11,42.66
209,43.33,39.37
209,57.95,43.59
209,48.37,39.97
209,33.88,38.08
209,68.18,25.82
209,40.83,30.6
209,51.69,22.56
209,53.83,30.71
209,19.36,38.91
209,43.76,18.27
209,40.34,42.73
209,32.56,31.11
209,46.43,32.45
209,49.5,33.79
209,55.0,35.93
209,49.43,7.11
209,47.37,32.9
209,68.81,26.32
209,43.44,31.12
209,26.17,42.4
209,37.42,28.53
209,62.62,25.5
209,45.37,37.44
209,36.59,21.02
209,57.37,47.13
209,68.26,55.38
209,45.59,18.79
209,56.46,40.86
209,67.2,50.46
209,75.11,28.8
209,55.39,27.53
209,47.41,27.36
209,47.25,47.6
209,19.76,48.62
209,31.47,31.14
209,54.6,50.72
209,82.16,20.75
209,40.71,39.62
209,45.2,24.48
209,53.52,35.82
209,68.5,30.13
209,37.31,22.47
209,42.32,37.67
209,48.44,20.66
209,50.13,41.91
209,50.9,42.07
209,53.34,35.25
209,55.97,30.66
209,52.83,41.98
209,48.48,42.96
209,30.61,28.65
209,31.61,35.94
209,38.86,29.55
210,10.69,19.93
210,6.64,44.33
210,19.58,34.52
210,0.92,32.86
210,11.52,29.15
210,2.5,40.07
210,0.0,54.47
210,4.69,48.57
210,16.19,44.0
210,16.6,32.54
210,0.0,52.07
210,20.77,38.7
210,24.54,22.53
210,0.0,25.1
210,9.74,51.86
210,21.84,46.45
210,24.93,47.97
210,10.75,35.79
210,22.45,24.65
210,24.96,14.6
210,15.44,24.85
210,4.43,17.86
210,12.84,59.63
210,0.0,27.89
210,0.0,27.9
210,0.0,27.82
210,19.42,14.81
210,21.77,13.95
210,0.0,51.81
210,1.83,53.7
210,0.1,47.13
210,14.68,39.7
210,7.87,20.71
210,16.41,48.23
210,8.33,34.15
210,11.48,39.98
210,8.58,37.33
210,23.22,42.63
210,0.0,44.8
210,0.0,32.5
210,0.0,45.57
210,13.74,30.85
210,0.0,45.23
210,0.0,45.51
210,16.89,15.48
210,0.0,34.49
210,0.0,10.36
210,0.0,17.17
210,0.0,34.78
210,46.06,32.57
210,3.61,31.22
210,7.69,41.33
210,0.0,29.94
210,6.46,21.25
210,20.66,17.18
210,9.33,15.81
210,34.06,24.42
210,0.0,25.88
210,0.0,49.67
210,13.23,35.96
210,13.45,22.87
210,8.87,43.32
210,0.0,42.91
210,0.87,29.3
210,10.58,48.17
210,11.24,45.51
210,16.72,30.68
210,0.0,33.59
210,0.0,30.26
210,5.65,40.1
210,16.1,8.83
210,0.0,44.53
210,28.63,18.36
210,3.54,26.98
210,22.74,57.22
210,31.04,30.6
210,0.0,38.18
210,14.36,38.99
210,31.54,38.36
210,2.13,29.74
210,33.38,39.35
210,20.93,33.68
210,3.71,15.28
210,7.53,21.66
210,0.0,32.64
210,0.0,40.17
210,16.66,40.34
210,4.44,36.46
210,12.5,34.43
210,23.02,32.97
210,22.53,37.99
210,13.12,23.7
210,0.78,34.79
210,10.34,44.15
210,11.08,35.47
210,0.0,23.42
210,12.9,23.25
210,0.0,48.38
210,7.78,32.68
210,0.28,18.28
210,1.87,23.04
210,19.93,15.66
210,19.84,16.01
210,5.8,37.26
210,24.42,27.6
210,17.67,20.51
210,15.74,47.62
210,7.08,30.83
210,16.69,34.28
210,2.42,42.13
210,10.98,17.47
210,24.16,19.82
210,20.03,34.24
210,0.46,0.0
210,22.39,56.36
210,0.0,38.18
210,7.68,32.69
210,22.97,39.19
210,0.0,41.18
210,12.28,37.6
210,14.1,42.99
210,24.82,46.8
210,1.7,53.12
210,19.01,24.77
210,0.0,20.24
210,3.42,20.21
210,8.13,36.26
210,6.48,13.78
210,20.7,18.54
210,39.64,39.77
210,8.09,28.62
210,8.5,32.37
210,30.27,51.55
210,39.42,45.06
210,6.14,36.56
210,12.26,22.36
210,0.0,31.78
210,0.0,24.25
210,0.0,30.87
210,4.12,23.6
210,29.87,34.63
210,0.0,30.25
210,0.0,23.47
210,14.22,19.81
210,0.0,51.45
210,12.36,25.73
210,0.0,45.17
210,4.63,32.2
210,0.0,34.58
210,0.0,34.74
210,6.52,30.26
210,6.61,33.41
210,5.53,39.55
210,37.28,19.45
210,17.51,31.42
210,0.0,33.8
210,0.0,40.71
210,25.52,28.91
210,8.16,31.22
210,24.58,42.06
210,21.55,15.66
210,4.5,45.82
210,10.18,24.11
210,0.48,45.09
210,20.5,47.29
210,9.83,29.62
210,24.04,44.49
210,0.0,29.5
210,4.6,25.55
210,1.0,37.78
210,27.69,43.17
210,7.59,22.94
210,6.66,14.41
210,5.56,35.8
210,23.3,51.66
210,46.79,33.35
210,40.65,47.84
210,17.29,45.72
210,0.0,43.46
210,0.4,31.89
210,11.9,26.5
210,0.0,35.24
210,0.0,21.0
210,19.36,42.94
210,0.0,29.36
210,14.9,32.04
210,0.82,31.65
210,0.0,25.19
210,15.59,27.78
210,28.51,37.92
210,7.08,21.22
210,25.84,21.66
210,12.32,24.23
210,0.0,34.45
210,22.31,16.0
210,25.03,25.83
210,13.15,8.18
210,0.0,16.03
210,0.0,29.12
210,14.14,37.17
210,14.11,34.78
210,17.19,33.55
210,0.0,27.52
210,0.0,46.82
210,0.55,28.58
210,21.96,17.72
210,8.29,49.02
210,22.78,24.03
210,0.0,30.66
210,0.0,44.56
210,18.98,26.61
210,5.15,46.08
210,8.68,35.18
210,0.0,39.47
210,9.81,36.46
210,10.76,31.07
210,8.29,51.05
210,16.71,42.23
210,18.26,14.67
210,24.42,28.86
210,8.96,42.5
210,30.02,7.8
211,39.04,27.66
211,55.18,14.01
211,74.19,16.56
211,33.76,0.0
211,29.98,15.63
211,68.35,20.93
211,59.11,18.63
211,42.24,16.32
211,46.74,6.75
211,56.99,24.04
211,57.01,25.3
211,57.89,14.98
211,35.36,15.01
211,42.55,13.78
211,71.31,17.51
211,54.49,19.86
211,67.72,0.0
211,48.56,8.85
211,39.39,0.0
211,33.67,8.01
211,40.62,27.46
211,61.9,3.09
211,47.39,0.0
211,27.11,0.0
211,33.26,16.95
211,76.41,21.86
211,35.07,14.25
211,49.44,0.0
211,57.61,6.17
211,41.97,32.0
211,15.12,15.05
211,30.02,0.0
211,33.65,4.9
211,27.45,0.0
211,64.55,8.64
211,56.4,15.24
211,62.12,12.21
211,34.34,9.67
211,42.91,36.92
211,59.31,16.43
211,23.02,10.11
211,69.95,22.52
211,60.99,22.6
211,51.43,18.53
211,37.91,44.16
211,28.76,5.77
211,54.73,27.92
211,65.79,26.84
211,50.82,0.0
211,54.35,20.03
211,54.71,3.43
211,48.32,14.87
211,52.54,27.68
211,65.93,15.57
211,53.46,0.0
211,47.81,22.72
211,35.63,0.0
211,56.79,8.79
211,47.13,27.59
211,47.34,1.15
211,53.29,19.47
211,46.36,6.01
211,51.03,0.0
211,48.55,5.96
211,41.46,6.65
211,57.54,0.0
211,12.36,14.23
211,53.66,14.82
211,32.75,9.25
211,60.96,9.56
211,22.18,21.46
211,39.09,0.0
211,51.22,27.36
211,44.2,6.99
211,36.75,10.04
211,60.27,3.66
211,28.88,0.92
211,47.3,25.23
211,37.84,4.77
211,55.96,19.73
211,38.49,18.52
211,46.08,11.22
211,42.05,26.4
211,45.17,15.11
211,47.95,0.0
211,46.54,6.89
211,45.23,44.73
211,36.93,14.52
211,49.04,13.09
211,30.69,25.28
211,50.87,30.08
211,45.8,3.55
211,16.89,14.21
211,48.51,13.98
211,68.08,0.0
211,44.72,11.67
211,48.34,16.43
211,36.71,11.78
211,76.85,36.44
211,75.17,22.67
211,68.55,17.81
211,73.29,14.34
211,34.54,22.46
211,29.5,11.41
211,82.88,0.0
211,43.91,0.28
211,35.23,16.81
211,52.03,28.27
211,31.47,9.15
211,49.44,24.14
211,35.26,19.08
211,57.77,27.07
211,34.65,1.53
211,30.59,1.15
211,33.78,33.83
211,50.37,0.0
211,37.97,18.27
211,57.43,31.68
211,45.58,18.72
211,53.98,29.94
211,33.72,28.98
211,43.87,23.25
211,45.62,18.14
211,35.48,1.44
211,39.53,0.0
211,51.2,11.58
211,23.95,0.0
211,40.17,20.67
211,44.37,40.9
211,29.15,14.49
211,19.12,18.13
211,44.96,0.59
211,33.0,12.53
211,23.7,14.74
211,35.1,11.28
211,49.23,18.51
211,51.09,6.6
211,42.83,15.36
211,60.69,19.3
211,54.69,29.48
211,30.14,14.99
211,38.19,7.32
211,18.26,12.35
211,63.53,19.13
211,39.67,3.77
211,74.26,5.9
211,40.05,15.38
211,43.32,0.0
211,53.36,12.47
211,69.04,8.97
211,71.1,20.4
211,45.99,4.16
211,44.84,9.05
211,38.19,13.48
211,70.17,6.06
211,54.69,2.89
211,37.88,6.56
211,58.2,0.0
211,54.65,2.8
211,37.0,20.43
211,39.14,0.0
211,30.71,1.8
211,60.88,10.62
211,38.87,21.49
211,30.15,0.0
211,65.08,6.44
211,50.09,28.65
211,17.91,15.49
211,55.12,21.09
211,20.57,1.99
211,35.24,6.61
211,51.67,24.93
211,51.29,17.6
211,35.86,20.21
211,28.54,21.41
211,69.22,23.15
211,65.26,9.51
211,42.04,1.79
211,45.08,6.1
211,36.24,9.17
211,41.9,0.0
211,45.73,19.04
211,55.59,23.44
211,23.74,14.97
211,50.92,6.44
211,65.8,14.85
211,41.01,0.0
211,32.58,0.0
211,59.81,32.43
211,31.2,0.0
211,28.35,22.78
211,21.56,28.96
211,51.98,13.42
211,28.96,12.87
211,23.38,15.53
211,47.25,0.0
211,31.38,6.68
211,53.23,29.27
211,52.07,14.93
211,46.41,11.89
211,35.22,14.41
211,55.91,5.9
211,26.83,0.03
211,60.31,23.91
211,42.31,3.31
211,44.13,38.13
211,50.19,10.3
211,62.22,17.62
211,49.38,32.02
211,39.5,18.81
211,53.06,0.0
211,60.21,7.12
211,58.81,0.0
211,48.27,11.32
211,48.62,2.17
211,50.71,11.05
211,56.65,28.73
211,43.9,32.28
211,47.92,0.0
211,47.55,0.0
211,27.44,14.32
211,37.68,11.24
211,58.81,0.0
211,71.39,10.84
211,46.8,13.06
211,44.31,9.62
211,38.72,26.93
211,14.49,25.07
211,66.15,11.76
211,35.68,27.14
211,24.3,23.17
211,49.84,14.45
211,45.9,0.0
211,73.72,0.0
211,52.3,8.59
211,66.61,18.45
211,55.32,0.0
211,38.24,25.28
211,78.71,29.3
211,67.2,18.32
211,53.52,18.81
211,60.56,21.34
211,50.63,17.65
211,49.09,14.04
211,52.46,11.69
211,73.47,23.44
212,70.66,48.22
212,77.58,45.14
212,51.76,24.82
212,79.41,30.71
212,68.8,38.37
212,96.76,43.77
212,80.8,32.52
212,72.59,63.13
212,77.16,40.61
212,72.88,35.42
212,51.06,32.32
212,70.56,36.55
212,49.78,38.26
212,67.21,21.66
212,73.22,20.82
212,55.26,25.84
212,70.3,30.48
212,90.65,35.83
212,64.24,29.1
212,58.95,33.73
212,85.69,18.34
212,74.23,47.31
212,70.96,18.8
212,78.34,37.38
212,73.52,22.77
212,61.38,38.39
212,56.44,51.15
212,94.73,42.99
212,77.53,24.24
212,91.77,36.58
212,68.27,30.03
212,87.55,19.51
212,61.21,44.92
212,50.92,59.64
212,77.56,48.23
212,83.62,20.61
212,85.12,56.84
212,76.97,27.19
212,62.6,29.48
212,76.47,25.81
212,76.27,35.76
212,70.51,11.43
212,65.57,23.29
212,56.77,46.88
212,74.11,62.51
212,74.56,9.63
212,52.37,45.61
212,96.74,20.72
212,52.81,28.93
212,62.68,20.08
212,74.68,45.02
212,76.41,40.31
212,60.74,35.33
212,59.17,42.54
212,70.05,40.89
212,71.01,21.54
212,89.99,37.65
212,57.39,27.03
212,72.29,25.66
212,69.32,39.61
212,76.32,48.66
212,67.81,33.18
212,85.13,52.2
212,80.17,30.42
212,88.41,15.4
212,73.01,19.19
212,71.22,16.66
212,66.22,38.52
212,52.05,55.24
212,76.28,46.89
212,77.19,44.06
212,78.63,52.07
212,66.26,41.55
212,56.26,46.63
212,60.81,35.19
212,74.3,24.33
212,85.77,20.38
212,50.84,29.72
212,92.4,14.9
212,43.95,30.18
212,95.29,30.45
212,57.9,43.75
212,90.4,32.38
212,65.6,48.02
212,89.8,29.01
212,41.34,22.95
212,79.05,53.87
212,84.76,46.86
212,75.46,35.59
212,79.18,27.54
212,85.12,59.22
212,74.07,34.47
212,65.71,43.77
212,54.61,50.68
212,83.8,39.05
212,85.94,21.4
212,80.74,32.13
212,81.73,28.54
212,75.06,33.86
212,65.96,37.73
212,86.63,29.82
212,65.52,30.11
212,73.39,35.79
212,79.01,17.5
212,89.88,30.42
212,33.92,37.16
212,83.24,36.05
212,66.07,25.74
212,78.46,28.49
212,47.41,17.45
212,62.17,25.46
212,87.15,13.43
212,87.16,31.34
212,69.4,39.02
212,94.04,25.94
212,71.85,9.07
212,76.16,43.47
212,61.11,36.3
212,65.92,24.38
212,77.28,23.89
212,41.7,43.86
212,73.19,38.79
212,77.63,41.74
212,71.96,17.33
212,90.63,39.98
212,65.65,22.43
212,68.83,18.41
212,66.69,33.65
212,67.99,39.31
212,69.81,34.37
212,64.64,34.87
212,86.52,21.16
212,90.05,12.28
212,86.8,38.94
212,81.18,36.64
212,59.24,28.57
212,70.89,29.01
212,99.02,35.03
212,69.11,29.37
212,77.0,41.73
212,52.45,42.21
212,78.93,33.01
212,63.13,31.49
212,68.46,36.91
212,36.07,2.29
212,71.23,33.27
212,83.58,16.29
212,84.12,38.63
212,66.81,43.93
212,81.93,5.98
212,84.43,41.42
212,61.93,32.84
212,84.52,39.46
212,67.61,44.95
212,54.71,36.43
212,62.87,35.53
212,74.78,21.22
212,52.35,24.4
212,45.16,56.04
212,77.01,44.95
212,76.49,39.1
212,68.37,23.46
212,73.09,37.91
212,80.42,29.22
212,49.65,58.5
212,36.95,49.23
212,82.42,24.83
212,76.71,25.93
212,78.71,31.52
212,61.0,48.19
212,74.3,46.11
212,85.6,10.03
212,74.48,38.62
212,65.05,46.8
212,74.68,31.66
212,89.23,40.08
212,73.87,54.88
212,57.09,49.34
212,94.13,39.39
212,67.82,37.74
212,62.75,33.61
212,63.69,40.16
212,78.27,31.85
212,63.88,45.6
212,50.45,22.72
212,77.6,27.25
212,74.54,29.6
212,73.01,47.55
212,58.39,42.82
212,66.41,37.37
212,77.54,37.9
212,73.1,12.09
212,75.89,41.19
212,91.62,21.84
212,75.18,26.5
212,78.21,68.0
212,59.68,39.26
212,56.99,35.34
212,80.59,31.29
212,65.66,47.47
212,49.03,21.75
212,78.17,27.54
212,85.29,46.42
212,58.07,33.73
212,49.47,38.03
212,90.46,27.06
213,72.52,20.73
213,47.92,26.22
213,43.14,48.6
213,46.73,39.05
213,60.35,36.53
213,49.9,52.23
213,83.7,52.86
213,74.07,23.55
213,61.15,22.86
213,47.6,26.88
213,72.16,36.83
213,63.78,49.54
213,50.63,22.08
213,62.85,33.11
213,62.52,32.51
213,49.88,50.18
213,41.62,43.99
213,75.43,22.29
213,69.21,43.19
213,58.03,30.74
213,66.67,37.07
213,71.43,19.75
213,54.47,11.37
213,55.62,30.64
213,82.56,22.93
213,51.37,31.83
213,84.33,26.5
213,103.49,34.53
213,63.42,36.75
213,37.64,42.15
213,58.69,42.04
213,60.98,48.69
213,58.92,35.1
213,76.94,20.12
213,53.7,45.18
213,65.86,37.12
213,65.18,42.75
213,65.61,43.23
213,47.78,30.96
213,72.09,30.8
213,46.9,56.52
213,65.12,19.37
213,66.57,28.85
213,47.01,43.69
213,45.99,31.83
213,55.4,27.63
213,74.5,43.03
213,65.52,49.32
213,73.59,35.98
213,74.61,16.64
213,69.72,35.35
213,59.54,38.62
213,17.75,22.56
213,68.89,51.07
213,90.48,40.13
213,50.36,23.07
213,59.5,40.35
213,83.11,40.14
213,66.9,27.11
213,66.13,19.87
213,54.58,30.8
213,63.69,26.93
213,62.59,36.97
213,65.35,30.89
213,45.08,39.58
213,91.38,36.64
213,60.22,42.53
213,46.96,40.67
213,50.85,45.31
213,45.61,24.23
213,56.7,45.91
213,55.82,55.89
213,72.8,47.79
213,43.4,17.33
213,41.98,52.54
213,33.81,42.7
213,64.71,45.48
213,68.82,24.99
213,15.69,17.74
213,65.43,50.56
213,50.72,28.64
213,73.48,24.65
213,84.98,16.43
213,37.72,14.57
213,52.48,34.01
213,73.39,44.2
213,73.48,37.34
213,58.06,32.43
213,72.03,49.02
213,66.14,50.57
213,72.78,23.69
213,73.67,36.12
213,58.39,35.41
213,70.87,30.56
213,58.55,39.15
213,71.37,50.4
213,50.35,11.78
213,65.8,36.58
213,65.52,35.64
213,72.34,31.31
213,58.54,42.45
213,47.77,31.06
213,59.02,25.99
213,41.17,42.76
213,54.54,20.07
213,39.56,26.3
213,61.01,24.72
213,74.27,52.67
213,72.26,35.62
213,37.95,18.78
213,63.26,36.79
213,92.62,21.6
213,52.74,37.13
213,66.11,19.27
213,75.78,17.15
213,40.58,41.85
213,64.81,27.09
213,72.44,47.84
213,55.72,9.72
213,40.96,40.36
213,76.42,28.59
213,36.96,42.08
213,30.57,29.37
213,41.42,40.72
213,54.57,30.95
213,39.49,35.07
214,38.26,47.28
214,37.86,46.6
214,33.58,63.77
214,52.35,56.5
214,60.6,47.51
214,54.69,48.37
214,68.65,55.88
214,49.84,56.2
214,38.7,55.64
214,63.74,46.64
214,28.49,65.84
214,35.52,68.0
214,47.01,68.0
214,32.69,67.45
214,53.02,68.0
214,40.39,46.32
214,59.75,47.0
214,52.35,38.71
214,70.63,51.4
214,23.06,40.38
214,52.14,68.0
214,47.72,56.46
214,47.59,50.42
214,40.58,42.06
214,50.25,39.98
214,20.38,48.3
214,19.94,68.0
214,35.19,66.66
214,19.85,62.39
214,50.98,30.12
214,32.98,52.98
214,44.95,51.33
214,49.62,46.37
214,43.72,54.64
214,54.36,44.11
214,39.57,48.11
214,44.87,44.49
214,39.05,47.01
214,57.83,17.74
214,28.27,54.85
214,50.53,60.91
214,65.62,45.19
214,51.81,66.33
214,37.87,44.46
214,50.0,40.59
214,37.13,65.57
214,59.8,48.21
214,51.57,56.59
214,47.79,37.92
214,63.99,52.27
214,46.58,50.47
214,26.67,49.83
214,46.44,50.04
214,42.02,56.05
214,45.28,55.29
214,52.09,59.69
214,54.72,32.17
214,31.53,68.0
214,45.88,51.59
214,43.06,48.28
214,48.4,57.78
214,51.06,52.0
214,44.75,55.28
214,29.79,49.87
214,44.43,60.29
214,60.79,36.3
214,31.16,56.63
214,63.34,48.4
214,23.67,34.0
214,48.22,66.15
214,37.62,49.86
214,45.33,65.15
214,55.07,62.0
214,57.79,45.86
214,62.23,66.82
214,25.43,51.42
214,34.14,46.61
214,38.1,43.09
214,35.75,45.19
214,51.06,58.07
214,55.87,45.9
214,21.38,58.71
214,31.32,48.36
214,43.34,64.46
214,45.38,49.77
214,66.04,51.94
214,29.46,52.48
214,38.38,56.02
214,62.4,54.4
214,38.74,43.47
214,54.87,68.0
214,39.3,61.19
214,41.97,64.19
214,52.78,66.95
214,41.81,51.66
214,35.71,63.09
214,54.48,68.0
214,33.63,68.0
214,55.16,64.3
214,40.78,51.58
214,33.45,68.0
214,56.32,39.94
214,39.61,46.96
214,42.79,28.61
214,19.57,51.29
214,30.09,49.43
214,60.37,48.8
214,47.8,51.6
214,60.27,41.93
214,44.11,60.88
214,46.36,51.55
214,67.0,50.42
214,50.91,39.25
214,66.78,42.77
214,39.46,43.69
214,42.16,59.21
214,35.41,68.0
214,52.61,56.64
214,33.72,62.61
214,67.39,63.42
214,24.27,36.1
214,45.41,66.65
214,37.91,56.77
214,48.84,65.77
214,35.61,42.71
214,48.38,57.01
214,50.76,61.63
214,52.64,53.02
214,68.47,41.31
214,44.88,34.81
214,41.91,61.77
214,43.08,60.34
214,26.68,46.37
214,58.06,62.93
214,32.86,47.83
214,59.32,43.11
214,34.13,58.62
214,23.95,34.83
214,14.29,56.22
214,57.05,35.32
214,62.37,41.1
214,50.52,49.71
214,32.24,61.67
214,30.36,31.44
214,39.69,61.98
214,57.5,66.98
214,42.06,56.62
214,26.49,52.0
214,34.08,53.67
214,48.2,38.15
214,61.38,53.38
214,53.92,57.35
214,34.66,68.0
214,45.3,68.0
214,58.91,52.13
214,45.05,42.94
214,24.79,57.69
214,36.8,53.32
214,3.61,57.97
214,49.71,42.51
214,62.83,35.64
214,64.97,58.22
214,44.93,48.58
214,34.26,53.76
214,42.97,42.03
214,47.69,65.98
214,61.96,39.81
214,50.55,63.2
214,24.0,53.23
214,56.27,51.33
214,20.98,55.78
214,48.33,51.57
214,67.68,50.52
214,24.68,53.56
214,44.25,48.44
214,44.99,57.32
214,45.91,68.0
214,56.55,68.0
214,37.07,64.99
214,54.64,61.4
214,42.39,31.11
214,47.54,52.29
214,27.67,46.5
214,59.84,37.13
214,48.01,65.32
214,53.61,35.75
214,60.54,44.95
214,42.25,34.76
214,42.7,52.45
214,22.74,66.5
214,48.24,40.54
214,63.78,48.14
214,45.24,62.81
214,35.18,67.84
214,57.5,54.18
214,27.32,40.36
215,12.82,51.42
215,39.31,39.74
215,25.48,37.84
215,6.29,39.24
215,37.47,9.52
215,51.74,44.34
215,33.59,46.9
215,16.66,40.03
215,57.45,18.74
215,29.63,39.04
215,40.0,22.64
215,24.9,41.85
215,21.5,40.74
215,39.47,29.98
215,17.39,36.78
215,24.33,37.38
215,28.43,48.1
215,46.48,39.39
215,11.68,23.37
215,43.79,14.67
215,40.04,49.22
215,37.61,19.59
215,39.07,21.32
215,15.3,29.0
215,11.74,29.2
215,6.37,16.73
215,24.89,34.73
215,33.92,20.34
215,17.1,38.36
215,37.38,39.42
215,27.74,46.15
215,29.89,39.05
215,37.84,41.15
215,29.98,17.76
215,14.44,24.95
215,50.13,32.32
215,36.93,43.45
215,15.35,33.47
215,27.06,31.0
215,32.07,40.44
215,14.32,12.92
215,40.0,22.75
215,15.31,35.96
215,51.96,34.38
215,42.03,39.19
215,21.02,36.92
215,16.01,38.37
215,31.72,27.6
215,11.69,48.68
215,27.62,22.37
215,29.6,31.37
215,34.75,34.35
215,42.63,41.01
215,40.88,23.75
215,42.42,33.08
215,34.78,45.46
215,31.95,33.95
215,21.29,35.81
215,4.24,29.79
215,31.73,34.02
215,14.07,33.68
215,31.39,38.52
215,0.55,20.44
215,14.09,32.49
215,20.01,35.54
215,71.03,42.8
215,20.21,41.36
215,24.2,49.35
215,30.65,34.25
215,40.15,19.67
215,20.45,33.18
215,4.47,16.18
215,9.65,16.1
215,25.51,27.0
215,49.68,36.57
215,16.77,22.2
215,39.96,48.63
215,23.3,36.43
215,27.35,47.64
215,14.87,53.13
215,34.84,44.85
215,37.36,28.71
215,8.0,22.44
215,19.06,23.58
215,28.33,35.51
215,36.66,29.14
215,60.8,22.59
215,21.32,40.51
215,0.0,39.6
215,22.31,23.85
215,34.45,27.85
215,36.16,17.78
215,27.24,34.91
215,15.91,28.97
215,34.73,44.77
215,31.18,33.78
215,33.06,25.52
215,20.4,34.07
215,40.97,30.6
215,32.43,25.45
215,28.6,32.15
215,43.48,19.17
215,25.36,35.31
215,41.49,36.15
215,22.47,45.42
215,15.13,35.49
215,29.73,22.78
215,3.25,0.0
215,34.46,21.56
215,43.37,37.25
215,61.38,47.16
215,43.28,34.8
215,53.45,24.71
215,33.88,36.41
215,48.15,7.2
215,32.46,34.23
215,48.44,40.41
215,1.91,25.17
215,15.51,44.65
215,25.16,49.44
215,41.47,40.15
215,39.41,38.07
215,17.77,0.0
215,11.57,37.3
215,28.28,44.6
215,23.88,32.63
215,24.72,42.96
215,26.4,35.53
215,26.97,34.48
215,42.57,39.3
215,41.66,31.93
215,24.28,25.58
215,24.96,31.2
215,40.34,30.11
215,33.54,38.18
215,42.08,24.16
215,36.52,46.77
215,29.6,37.55
215,32.65,47.18
215,5.37,31.22
215,21.84,19.43
215,49.15,20.45
215,43.54,26.86
215,26.7,22.34
215,15.56,16.75
215,38.55,36.06
215,4.84,37.71
215,36.23,31.53
215,30.65,49.43
215,26.45,33.69
215,43.74,30.38
215,41.75,30.74
215,40.03,42.25
215,50.25,19.0
215,22.79,13.83
215,23.05,36.34
215,30.87,36.32
215,53.46,40.5
215,8.62,33.72
215,23.12,53.35
215,21.96,43.07
215,36.45,8.69
215,15.12,18.91
215,30.87,13.45
215,52.26,34.86
215,13.93,36.1
215,18.79,52.8
215,31.65,25.87
215,41.91,24.12
215,32.46,36.78
215,42.46,22.66
215,42.28,31.2
215,15.26,44.16
215,28.16,42.54
215,3.93,45.71
215,36.86,19.64
215,57.69,40.14
215,22.33,34.1
215,25.9,60.05
215,20.86,41.91
215,49.38,34.09
215,38.36,45.32
215,26.14,40.41
215,12.16,42.37
215,26.36,39.63
215,16.18,29.87
215,28.64,29.78
215,31.88,41.74
215,18.81,27.19
215,24.93,36.0
215,42.78,39.63
215,21.78,27.81
216,83.18,26.74
216,98.17,19.03
216,71.76,39.79
216,71.69,41.5
216,88.73,41.1
216,73.55,41.57
216,104.9,17.64
216,83.81,36.83
216,70.0,49.15
216,86.07,30.26
216,105.0,45.85
216,76.66,32.25
216,80.07,32.63
216,95.35,20.71
216,105.0,28.75
216,75.15,48.12
216,78.25,26.99
216,67.96,54.85
216,87.85,32.2
216,91.29,48.84
216,99.93,34.11
216,93.63,8.55
216,89.44,26.01
216,91.45,26.06
216,95.84,26.41
216,72.71,20.19
216,91.38,23.14
216,66.48,40.71
216,102.92,62.9
216,105.0,36.25
216,80.49,30.16
216,92.18,6.81
216,98.6,55.78
216,105.0,45.72
216,86.38,28.97
216,78.93,37.41
216,94.19,28.81
216,105.0,21.06
216,89.1,29.63
216,105.0,43.44
216,101.22,38.02
216,97.65,31.61
216,87.69,41.17
216,84.9,30.45
216,105.0,47.68
216,76.73,22.46
216,94.77,30.04
216,93.85,42.73
216,92.56,41.91
216,73.96,26.59
216,89.04,24.38
216,81.12,39.64
216,100.16,49.77
216,91.34,43.92
216,105.0,21.0
216,105.0,26.6
216,82.88,22.05
216,105.0,49.58
216,80.03,33.32
216,105.0,30.63
216,72.78,37.01
216,105.0,39.2
216,78.87,29.67
216,83.64,37.1
216,85.8,35.11
216,80.29,52.05
216,105.0,34.39
216,65.86,38.44
216,94.7,27.06
216,95.87,27.21
216,74.41,39.07
216,82.16,23.97
216,75.07,37.67
216,83.85,31.36
216,99.82,40.75
216,83.08,12.48
216,91.74,49.88
216,86.68,15.85
216,105.0,53.72
216,89.7,34.84
216,76.86,39.66
216,91.13,33.51
216,97.08,34.89
216,80.98,23.52
216,104.77,40.86
216,66.96,38.9
216,82.46,38.67
216,88.27,50.47
216,100.73,18.59
216,105.0,34.9
216,105.0,17.63
216,90.1,46.85
216,102.73,42.05
216,96.66,31.41
216,89.7,43.78
216,81.51,39.5
216,91.06,17.67
216,104.46,41.23
216,89.14,24.59
216,83.07,35.74
216,103.04,44.35
216,82.29,34.54
216,95.26,33.28
216,93.07,49.64
216,99.77,35.95
216,98.49,31.16
216,96.65,16.6
216,83.8,34.27
216,81.31,41.69
216,92.23,50.44
216,91.11,16.8
216,105.0,38.94
216,92.66,41.58
216,89.23,29.35
216,80.7,52.26
216,74.81,24.78
216,68.46,54.15
216,74.11,35.53
216,84.3,42.48
216,100.62,29.53
216,93.52,17.12
216,75.32,32.87
216,80.17,41.12
216,86.62,28.04
216,83.58,30.92
216,76.95,34.91
216,56.04,17.29
216,74.22,30.87
216,74.93,36.31
216,102.87,28.17
216,105.0,47.65
216,63.64,36.49
216,97.82,10.54
216,103.87,28.37
216,78.02,26.37
216,66.87,24.58
216,105.0,50.91
216,85.57,40.87
216,104.59,29.81
216,89.11,28.83
216,105.0,30.5
216,94.02,27.57
216,83.33,26.33
216,81.74,39.56
216,80.47,11.3
216,85.39,39.71
216,87.13,17.22
216,92.79,39.63
216,82.89,45.73
216,105.0,22.54
216,105.0,25.96
216,91.75,44.72
216,105.0,30.55
216,105.0,25.4
216,84.23,26.03
216,94.28,60.58
216,87.37,28.54
216,105.0,39.57
216,76.91,41.16
216,69.73,51.21
216,87.9,55.25
216,77.07,13.31
216,77.42,49.97
216,85.81,35.54
216,82.4,22.7
216,84.36,44.77
216,85.43,24.08
216,91.75,48.24
216,79.66,29.81
216,80.88,45.84
216,99.54,42.16
216,103.5,20.71
216,105.0,18.5
216,88.65,35.85
216,102.83,28.65
216,84.15,41.29
216,94.19,31.43
216,89.47,24.45
216,105.0,37.81
216,80.05,11.19
216,77.46,19.39
216,88.72,22.6
216,63.01,7.64
216,89.0,37.99
216,56.23,24.6
216,76.69,36.59
216,87.97,42.21
216,66.61,47.94
216,91.35,42.78
216,59.66,16.38
216,87.07,24.07
216,97.59,14.88
216,103.19,23.91
216,105.0,50.12
216,76.56,37.28
216,82.72,44.94
216,79.0,19.3
216,99.13,31.73
216,90.7,40.57
216,87.86,22.92
216,87.18,31.54
216,95.39,44.4
216,76.88,45.01
216,98.31,39.81
216,92.29,33.57
216,101.6,35.21
216,83.34,21.72
216,88.67,54.67
216,102.25,19.84
216,73.03,48.25
216,103.81,12.82
216,84.64,31.0
216,98.18,38.15
216,98.58,25.97
216,85.69,17.46
216,88.44,24.92
216,70.42,31.24
216,64.72,35.82
216,89.39,32.65
216,103.28,35.36
216,85.68,37.65
216,60.98,41.37
216,81.85,28.91
216,81.54,37.73
216,83.4,21.06
216,74.72,16.28
216,78.58,28.87
216,68.55,68.0
216,105.0,33.85
216,105.0,43.24
216,75.53,47.05
216,88.64,30.57
216,80.24,50.34
216,85.95,39.45
216,93.18,46.01
216,90.48,36.16
216,100.77,36.78
216,81.37,49.68
216,88.17,28.64
216,55.87,37.66
216,90.08,35.06
216,60.87,35.54
216,71.56,41.72
216,104.53,37.73
216,104.69,33.36
216,74.92,52.68
216,105.0,38.44
216,97.42,27.18
216,94.24,34.3
216,72.91,34.26
216,105.0,28.12
216,97.49,29.27
216,77.68,32.92
216,57.83,39.7
216,72.87,21.71
216,90.05,40.41
216,85.22,31.88
216,105.0,22.19
216,74.11,39.83
216,91.99,37.56
216,101.62,40.45
216,70.89,46.33
216,95.95,54.31
216,87.8,35.07
216,80.84,31.18
216,59.46,32.85
216,93.91,30.3
216,79.23,28.18
216,83.05,34.39
216,105.0,17.4
216,87.59,43.42
216,91.16,38.13
216,105.0,50.9
216,90.2,24.75
216,77.64,50.03
216,104.48,44.65
216,88.91,23.78
216,81.32,22.2
216,76.34,37.92
216,84.28,40.64
216,100.34,42.9
216,80.74,27.32
216,90.18,60.62
216,77.08,21.89
216,105.0,47.08
216,70.09,15.12
216,75.25,25.62
217,46.17,29.4
217,33.29,40.07
217,64.83,36.42
217,45.99,14.94
217,67.13,24.53
217,63.2,47.17
217,55.18,34.34
217,37.77,32.16
217,38.56,18.68
217,56.17,40.87
217,50.42,32.62
217,72.95,32.61
217,56.45,43.57
217,55.36,21.23
217,68.71,45.73
217,40.29,36.15
217,55.38,45.56
217,37.51,29.7
217,60.29,46.95
217,69.22,1.77
217,51.16,17.68
217,26.75,22.67
217,61.85,24.5
217,68.35,44.93
217,39.05,11.43
217,40.03,42.66
217,61.46,32.63
217,36.72,20.43
217,34.23,52.13
217,37.03,17.96
217,42.91,42.73
217,58.45,47.32
217,50.8,12.25
217,61.16,21.36
217,56.2,47.7
217,66.31,34.76
217,62.4,40.2
217,34.35,33.69
217,44.25,41.46
217,65.38,19.62
217,54.03,41.11
217,41.93,31.11
217,43.88,30.62
217,60.04,17.98
217,43.95,15.86
217,63.48,31.39
217,46.0,46.46
217,68.01,35.15
217,63.81,22.23
217,41.18,31.02
217,58.61,29.9
217,30.65,23.89
217,49.2,37.55
217,48.14,22.31
217,26.21,25.44
217,25.29,20.94
217,63.75,24.64
217,47.65,49.87
217,50.12,25.23
217,44.26,27.73
217,64.47,41.81
217,28.54,44.46
217,59.01,27.47
217,73.73,46.85
217,37.57,22.23
217,35.44,40.53
217,53.05,32.25
217,56.48,37.83
217,31.34,39.72
217,43.37,32.34
217,67.75,38.85
217,72.9,41.71
217,45.89,15.28
217,49.73,23.47
217,52.17,43.16
217,11.83,11.98
217,38.22,20.67
217,47.36,50.11
217,78.49,29.05
217,53.52,35.35
217,66.98,37.66
217,45.54,38.17
217,53.85,27.58
217,35.52,29.32
217,28.76,56.86
217,33.27,18.65
217,42.18,25.6
217,46.65,20.43
217,39.56,31.03
217,17.2,23.02
217,56.41,47.16
217,36.18,50.66
217,47.36,32.78
217,37.26,21.97
217,59.84,53.24
217,23.94,24.82
217,58.44,35.59
217,40.68,37.21
217,42.13,22.35
217,46.88,28.52
217,45.41,53.53
217,64.45,36.15
217,54.73,38.56
217,63.61,42.11
217,52.74,37.85
217,44.48,44.25
217,44.7,39.12
217,25.45,31.69
217,70.91,67.93
217,44.51,26.71
217,23.07,28.98
217,32.82,48.49
217,25.75,41.94
217,36.78,28.79
217,53.39,27.96
217,19.33,33.32
217,63.3,36.81
217,37.97,33.4
217,43.34,27.69
217,45.18,40.86
217,31.86,34.13
217,55.46,43.14
217,27.83,35.11
217,66.17,16.84
217,32.35,38.91
217,45.65,44.3
217,37.23,37.94
217,60.35,16.18
217,31.37,36.81
217,64.39,28.5
217,74.08,34.35
217,28.1,39.15
217,21.57,31.04
217,42.62,40.68
217,48.08,39.02
217,43.27,37.64
218,26.86,21.58
218,7.6,32.62
218,1.56,17.65
218,2.6,38.57
218,18.18,29.22
218,9.2,36.35
218,4.82,24.59
218,0.0,26.16
218,13.02,27.7
218,15.91,24.65
218,6.98,24.1
218,11.5,19.92
218,14.4,39.19
218,19.91,37.31
218,0.0,29.36
218,0.0,42.3
218,2.69,50.25
218,8.3,26.21
218,1.89,36.31
218,4.26,36.32
218,17.27,26.95
218,0.0,19.69
218,0.0,60.95
218,0.0,37.78
218,24.15,34.34
218,8.91,37.59
218,10.83,60.68
218,0.0,31.61
218,1.5,34.53
218,0.0,34.66
218,8.57,46.0
218,0.0,36.97
218,0.0,16.93
218,11.72,14.58
218,0.0,45.38
218,9.02,36.72
218,11.45,30.34
218,43.81,25.29
218,2.65,53.22
218,10.22,36.54
218,7.11,39.73
218,0.0,42.98
218,10.37,38.72
218,17.74,29.1
218,14.81,31.79
218,16.72,41.11
218,0.0,43.76
218,8.7,45.63
218,0.0,25.23
218,0.0,36.01
218,29.82,25.13
218,9.2,32.68
218,15.93,31.19
218,15.97,33.91
218,7.35,44.15
218,25.07,24.65
218,5.94,55.58
218,0.0,47.74
218,10.01,16.25
218,19.91,37.39
218,0.0,21.18
218,4.07,37.81
218,22.17,18.2
218,19.28,46.62
218,6.03,47.13
218,0.0,28.69
218,7.63,35.77
218,10.88,19.83
218,17.35,27.73
218,5.84,32.03
218,27.91,16.53
218,10.73,51.74
218,3.12,35.27
218,0.49,47.45
218,0.0,31.76
218,20.98,26.06
218,5.09,34.84
218,0.0,44.21
218,2.62,26.3
218,23.68,36.56
218,1.69,27.24
218,0.0,10.24
218,1.49,29.76
218,15.32,35.14
218,4.47,33.75
218,0.0,30.58
218,15.21,34.74
218,22.59,26.6
218,26.61,39.16
218,10.25,28.78
218,5.31,42.69
218,13.25,18.42
218,23.94,34.61
218,21.12,39.05
218,6.67,47.38
218,0.0,27.76
218,10.82,46.5
218,7.49,38.42
218,13.58,52.61
218,0.0,17.42
218,0.0,36.18
218,19.11,33.17
218,10.11,35.36
218,0.0,43.15
218,24.7,48.89
218,3.86,37.18
218,12.64,15.89
218,1.37,29.39
218,11.24,68.0
218,24.72,23.05
218,24.79,35.53
218,27.81,41.56
218,1.5,44.51
218,16.11,26.9
218,0.0,49.42
218,11.95,46.98
218,31.77,38.36
218,0.0,23.47
218,0.0,27.37
218,5.86,26.22
218,4.58,30.83
218,18.47,48.63
218,17.6,36.7
218,0.0,40.31
218,0.0,35.2
218,5.79,50.24
218,0.36,16.27
218,12.54,0.0
218,13.15,32.91
218,0.0,33.19
218,3.8,32.86
218,0.0,25.74
218,9.4,18.97
218,16.59,32.15
218,5.18,29.28
218,0.0,35.91
218,25.11,40.93
218,0.0,46.23
218,1.14,42.41
218,0.0,33.1
218,14.91,38.38
218,8.2,20.48
218,14.39,24.17
218,0.0,52.19
218,16.45,44.88
218,26.4,17.33
218,0.0,25.76
218,13.78,53.81
218,0.0,24.99
218,13.87,13.14
218,21.92,27.84
218,0.0,28.13
218,0.0,46.13
218,9.77,43.09
218,7.8,28.49
218,0.0,33.13
218,0.61,37.1
218,0.0,41.9
218,5.03,29.85
218,30.81,37.19
218,10.04,49.71
218,0.0,32.39
218,11.53,35.53
218,4.65,40.7
218,26.7,27.72
218,2.2,24.27
218,4.06,38.34
218,22.46,40.4
218,0.0,33.1
218,0.0,27.0
218,11.53,28.88
218,10.2,36.86
218,0.0,21.06
218,0.0,45.51
218,12.17,51.22
218,12.09,17.49
218,15.04,40.12
218,21.1,42.72
218,9.3,43.6
218,5.99,15.83
218,17.33,30.44
218,9.33,27.75
218,0.0,31.32
218,11.03,20.42
218,16.47,52.98
218,0.0,38.8
218,30.25,22.82
218,3.88,27.93
218,21.96,49.42
218,0.0,32.9
218,18.74,48.07
218,25.87,41.43
218,0.0,19.07
218,11.78,23.12
218,4.91,21.09
218,0.0,39.13
218,9.46,54.97
218,3.79,35.9
218,4.58,32.82
218,0.0,39.91
218,19.13,33.17
218,2.55,30.29
218,4.15,36.12
218,0.0,42.35
218,22.02,28.4
218,0.0,23.01
218,0.0,44.42
218,9.82,9.59
218,1.55,19.44
218,16.15,34.1
218,28.16,43.77
218,24.69,36.22
218,20.44,27.69
218,0.0,42.88
218,21.59,25.36
218,2.09,41.31
218,0.0,29.03
218,15.06,20.88
218,2.38,41.82
218,5.95,51.36
218,16.77,29.6
218,18.13,44.93
218,4.02,12.19
218,9.77,18.93
218,19.99,23.12
218,0.0,32.04
218,0.0,39.09
218,1.62,20.35
218,3.77,23.48
218,6.29,42.67
218,37.41,24.36
218,0.0,48.86
218,5.85,25.62
218,0.0,46.39
218,11.06,42.56
218,14.79,34.52
218,17.71,36.03
218,11.28,35.02
218,9.23,46.07
218,0.0,9.63
218,17.31,29.9
218,25.88,35.71
218,0.0,46.9
218,0.0,27.34
218,0.0,10.67
218,16.05,5.94
219,70.97,42.69
219,82.9,47.65
219,105.0,31.14
219,104.08,51.17
219,87.36,19.73
219,83.98,31.52
219,75.97,31.98
219,94.83,44.81
219,82.91,48.7
219,105.0,48.43
219,89.06,19.06
219,89.6,35.93
219,65.81,17.49
219,80.11,34.77
219,105.0,52.68
219,67.52,56.62
219,84.26,39.63
219,84.55,37.55
219,90.81,32.45
219,92.52,34.12
219,80.36,50.36
219,98.68,24.82
219,79.28,31.38
219,94.85,34.5
219,67.17,26.49
219,77.3,39.82
219,67.57,51.3
219,90.77,41.17
219,91.3,26.48
219,82.0,25.92
219,90.7,20.15
219,71.82,32.89
219,103.3,24.93
219,98.88,36.74
219,75.01,26.35
219,71.67,18.57
219,80.85,12.71
219,90.23,40.92
219,88.79,18.72
219,73.47,39.46
219,81.73,26.84
219,91.56,36.88
219,82.02,33.47
219,88.61,35.63
219,100.17,44.5
219,79.18,26.21
219,98.99,50.36
219,86.81,42.4
219,85.77,30.28
219,69.84,31.44
219,97.61,35.25
219,105.0,29.29
219,74.13,14.84
219,75.54,23.19
219,105.0,23.16
219,96.19,31.81
219,79.03,20.58
219,105.0,43.1
219,82.02,35.39
219,88.36,29.4
219,92.39,24.96
219,97.89,34.19
219,93.73,44.3
219,105.0,13.28
219,105.0,17.46
219,105.0,22.62
219,79.4,19.53
219,92.21,18.02
219,105.0,34.06
219,82.84,33.54
219,82.94,29.8
219,99.99,36.17
219,94.09,33.09
219,87.76,25.61
219,91.55,29.21
219,64.32,36.33
219,83.65,20.59
219,76.96,37.22
219,105.0,0.0
219,85.68,33.62
219,89.1,37.47
219,102.32,23.35
219,105.0,45.69
219,91.47,46.58
219,76.93,36.3
219,80.87,51.81
219,91.82,25.18
219,92.2,43.68
219,77.48,49.53
219,61.21,21.44
219,66.92,34.84
219,72.58,17.74
219,85.15,43.19
219,83.87,52.33
219,66.38,27.98
219,84.82,33.63
219,105.0,28.37
219,92.63,61.42
219,105.0,24.01
219,88.06,23.97
219,87.66,40.13
219,91.68,33.02
219,105.0,61.63
219,105.0,55.85
219,97.86,40.78
219,93.56,44.25
219,76.85,42.04
219,70.56,45.5
219,82.19,39.76
219,105.0,22.9
219,105.0,24.95
219,67.08,44.68
219,105.0,28.48
219,105.0,48.76
219,104.23,41.99
219,82.11,20.95
219,98.68,21.38
219,67.96,19.63
219,69.77,42.63
219,105.0,46.8
219,82.1,29.72
219,73.21,33.95
219,83.4,37.52
219,105.0,43.63
219,103.17,30.16
219,79.4,38.77
219,87.19,33.2
219,94.54,16.84
219,96.9,49.05
219,94.74,37.48
219,75.83,31.9
219,85.17,25.67
219,73.79,26.21
219,100.6,18.09
219,86.96,21.64
219,92.57,23.68
219,79.55,27.89
219,96.53,48.54
219,96.98,40.56
219,69.69,23.89
219,98.54,16.47
219,73.19,23.91
219,79.37,49.9
219,100.18,41.3
219,79.78,32.02
219,89.79,33.81
219,87.06,46.6
219,69.56,33.76
219,105.0,58.92
219,105.0,34.9
219,94.31,23.75
219,84.39,11.78
219,89.54,38.86
219,105.0,31.69
219,81.56,23.69
219,82.75,41.61
219,85.44,36.97
219,59.96,28.95
219,97.42,37.36
219,90.89,32.49
219,99.17,44.17
219,82.26,35.0
219,69.57,29.79
219,90.18,47.7
219,73.29,22.24
219,95.84,18.51
219,96.95,27.42
219,105.0,14.37
219,105.0,17.1
219,91.99,31.37
219,85.12,34.66
219,99.92,31.1
219,92.39,39.54
219,82.34,28.86
219,61.6,13.12
219,105.0,42.21
219,102.34,33.09
219,96.82,41.67
219,89.23,40.88
219,105.0,45.91
219,100.0,24.25
219,70.34,20.93
219,85.11,33.01
220,52.65,34.43
220,47.93,45.41
220,30.21,50.7
220,36.83,66.98
220,25.01,34.69
220,35.37,51.78
220,48.38,68.0
220,51.87,58.14
220,54.35,40.14
220,55.95,55.63
220,53.41,53.12
220,38.19,67.35
220,36.07,61.59
220,62.9,56.58
220,40.93,59.65
220,41.52,53.91
220,44.48,45.01
220,26.62,61.37
220,43.62,46.01
220,25.68,57.37
220,54.18,61.1
220,40.25,39.61
220,38.43,50.92
220,21.07,68.0
220,50.17,68.0
220,77.12,58.1
220,38.57,51.37
220,45.37,50.36
220,66.53,45.97
220,76.81,52.56
220,30.28,67.53
220,61.74,46.4
220,9.92,39.31
220,5.07,64.07
220,22.75,49.28
220,41.18,42.45
220,20.04,53.65
220,63.03,49.61
220,46.54,53.85
220,54.05,58.66
220,41.5,57.16
220,38.3,58.17
220,44.91,54.64
220,71.32,33.53
220,48.59,54.01
220,48.1,38.88
220,32.32,45.15
220,32.96,45.31
220,37.19,59.35
220,54.0,33.39
220,50.23,50.87
220,20.31,52.01
220,51.82,61.57
220,55.35,54.14
220,53.66,59.05
220,53.41,54.31
220,53.74,68.0
220,50.77,48.28
220,28.65,68.0
220,58.58,46.96
220,68.39,61.66
220,62.46,68.0
220,49.56,51.06
220,45.04,52.33
220,37.84,38.35
220,21.64,68.0
220,58.57,50.9
220,26.73,68.0
220,41.34,45.54
220,41.06,37.98
220,62.33,46.44
220,54.64,55.46
220,38.01,54.81
220,44.53,46.3
220,43.3,48.57
220,54.11,55.15
220,32.86,44.93
220,49.83,48.43
220,43.36,41.69
220,77.85,62.32
220,35.74,39.18
220,61.91,50.32
220,40.5,59.6
220,44.83,60.44
220,63.64,41.25
220,53.15,62.41
220,44.58,58.99
220,41.43,61.18
220,64.11,52.64
220,41.39,58.83
220,41.36,60.53
220,37.19,68.0
220,69.53,35.04
220,29.68,58.5
220,49.75,61.98
220,50.37,57.25
220,30.44,65.12
220,42.49,64.54
220,41.17,57.94
220,38.16,52.9
220,47.39,31.36
220,50.08,68.0
220,42.27,28.66
220,72.11,61.33
220,37.46,58.36
220,49.39,40.02
220,47.59,68.0
220,53.93,64.58
220,48.77,58.02
220,35.13,40.4
220,54.48,68.0
220,46.28,68.0
220,58.77,56.53
220,56.22,68.0
220,53.86,57.15
220,58.16,59.08
220,38.69,54.06
220,47.24,62.99
220,60.49,60.82
220,49.1,48.73
220,36.03,41.94
220,32.54,52.25
220,56.08,62.41
220,38.84,52.43
220,45.35,44.05
220,64.34,53.48
220,35.09,41.35
220,61.41,48.16
220,33.0,34.23
220,61.59,55.56
220,48.23,62.85
220,23.8,54.56
220,30.18,58.57
220,34.83,55.92
220,47.74,59.4
220,60.64,60.73
220,51.06,60.96
220,34.81,66.79
220,64.8,36.33
220,45.2,62.64
220,34.11,51.6
220,44.5,48.77
220,46.13,32.73
220,34.9,36.56
220,58.37,48.47
220,41.3,44.86
220,35.22,64.95
220,53.94,62.1
220,51.15,68.0
220,56.24,52.31
220,55.94,61.2
220,37.41,36.68
220,44.5,68.0
220,16.77,68.0
220,47.76,44.88
220,49.12,68.0
220,43.37,41.35
220,33.54,46.59
220,59.74,54.11
220,30.27,44.36
220,65.53,60.66
220,26.24,66.51
220,42.55,38.39
220,16.36,55.3
220,36.16,43.11
220,49.13,57.02
220,50.09,57.28
220,42.86,46.99
220,39.46,52.19
220,76.68,55.14
220,44.92,46.47
220,82.84,35.58
220,65.93,62.53
220,37.3,62.45
220,39.68,61.94
220,67.02,43.08
220,27.91,51.44
220,64.22,36.06
220,44.53,68.0
220,13.73,39.39
220,31.27,67.77
220,42.89,45.46
220,39.29,57.33
220,36.65,51.17
220,26.74,49.76
220,45.54,58.47
220,65.85,47.93
220,65.54,36.25
220,61.69,52.18
220,43.7,66.26
220,61.81,54.18
220,25.49,43.66
220,53.99,68.0
220,66.71,54.09
220,55.65,44.65
220,24.92,68.0
220,34.37,34.95
220,37.53,43.75
220,31.95,65.24
220,41.72,43.56
220,44.69,62.04
220,43.0,63.44
220,34.26,68.0
220,60.38,65.69
220,43.62,48.96
220,27.46,45.9
220,40.18,42.38
220,38.71,41.72
220,22.29,58.33
220,41.0,34.45
220,62.67,55.77
220,42.69,32.78
220,43.57,56.83
220,53.13,47.98
220,38.24,60.96
220,31.8,24.29
220,55.11,64.41
220,45.72,54.12
220,23.71,48.85
220,51.31,59.75
220,50.11,58.9
220,23.25,38.85
220,14.9,55.73
220,37.31,62.05
220,79.04,36.48
220,76.87,56.24
220,65.67,67.25
220,36.18,55.88
220,35.2,48.83
220,29.11,38.94
220,29.92,41.9
220,54.05,49.54
220,68.56,62.54
220,42.72,60.52
220,38.88,49.6
220,33.98,44.9
220,43.18,47.28
220,34.79,66.71
220,27.68,37.2
220,48.34,54.18
220,35.54,48.0
220,39.17,61.0
220,46.19,51.28
220,19.08,39.71
220,26.08,68.0
220,47.7,55.91
220,30.87,55.27
220,46.63,38.11
220,36.46,49.87
220,49.63,45.38
220,25.19,52.46
220,35.21,32.78
220,66.85,54.84
220,50.79,62.58
220,58.05,47.39
220,46.11,56.43
220,29.47,42.02
220,36.38,68.0
220,37.48,42.21
220,37.53,51.37
220,63.01,44.61
220,43.04,43.18
220,27.9,68.0
220,37.14,68.0
220,51.26,48.1
220,26.29,68.0
220,60.14,65.85
220,64.9,64.92
220,35.01,53.85
220,52.83,66.88
220,58.28,55.16
220,32.7,42.94
220,40.51,53.56
220,42.4,48.92
220,50.81,40.24
220,64.93,64.95
220,42.51,55.76
220,26.07,53.09
221,32.23,33.89
221,35.7,23.06
221,45.98,34.7
221,47.24,6.06
221,49.85,12.71
221,59.02,12.71
221,93.04,29.3
221,25.02,0.0
221,38.04,20.13
221,51.2,15.75
221,71.38,25.49
221,43.05,7.85
221,45.71,0.0
221,40.64,34.83
221,52.86,13.88
221,45.59,24.51
221,56.59,10.62
221,61.89,26.53
221,41.02,22.52
221,58.39,27.45
221,36.2,10.39
221,48.83,28.91
221,37.21,19.83
221,24.37,0.0
221,57.92,29.03
221,32.64,20.4
221,36.34,10.77
221,41.28,12.6
221,70.67,2.97
221,67.1,15.68
221,24.13,20.14
221,29.9,15.31
221,70.39,16.59
221,74.41,8.04
221,52.22,3.92
221,47.78,14.41
221,45.19,16.89
221,43.15,9.52
221,29.78,19.25
221,56.76,23.55
221,33.75,24.76
221,54.49,8.68
221,46.45,0.0
221,60.23,18.79
221,37.09,10.87
221,29.41,14.29
221,32.85,8.72
221,45.72,32.01
221,43.98,9.45
221,29.33,34.63
221,39.07,22.6
221,47.02,25.6
221,55.19,12.59
221,45.7,4.87
221,55.12,21.73
221,46.55,17.8
221,46.63,8.48
221,52.5,21.84
221,30.5,20.49
221,70.53,0.0
221,47.01,20.83
221,44.86,24.63
221,49.24,0.0
221,60.81,35.51
221,51.41,29.43
221,54.28,0.0
221,47.16,10.07
221,31.95,4.18
221,12.26,0.96
221,56.78,17.46
221,59.12,15.65
221,30.42,4.0
221,28.88,5.27
221,30.78,14.13
221,37.66,18.53
221,33.59,4.92
221,46.99,14.77
221,47.42,20.08
221,45.85,24.09
221,38.34,17.25
221,33.28,15.77
221,25.83,11.37
221,37.55,9.51
221,53.2,15.97
221,23.87,15.05
221,44.04,18.55
221,31.18,5.59
221,28.02,21.05
221,57.51,0.0
221,60.97,21.51
221,51.47,11.67
221,29.52,1.56
221,55.86,1.63
221,54.66,20.04
221,71.0,15.37
221,38.09,16.27
221,49.93,11.91
221,33.47,9.53
221,20.36,15.32
221,21.24,13.62
221,45.83,5.61
221,35.45,0.0
221,51.87,6.28
221,53.51,15.68
221,45.35,23.1
221,24.99,0.0
221,32.34,8.46
221,48.24,16.32
221,49.54,15.32
221,49.73,14.56
221,56.44,8.19
221,42.05,5.41
221,47.91,18.89
221,52.44,16.49
221,57.76,13.14
221,45.01,35.97
221,44.56,27.35
221,49.19,19.39
221,45.79,24.16
221,41.64,21.11
221,36.93,10.98
221,22.85,1.75
221,52.13,24.6
221,51.22,13.84
221,48.62,23.9
221,50.52,23.0
221,43.03,0.0
222,27.68,32.9
222,34.52,40.98
222,43.53,33.96
222,10.98,28.02
222,3.55,38.87
222,28.0,36.81
222,9.65,33.48
222,47.51,30.14
222,41.2,35.5
222,46.93,29.97
222,29.43,32.5
222,44.59,21.87
222,31.22,25.09
222,35.22,28.09
222,57.87,36.21
222,13.7,34.89
222,52.59,27.51
222,5.6,28.5
222,29.81,36.31
222,37.29,28.75
222,23.6,23.51
222,33.74,41.51
222,34.8,19.02
222,38.07,22.57
222,27.42,46.34
222,21.18,21.28
222,32.46,50.45
222,25.83,21.26
222,30.38,23.4
222,25.98,22.44
222,32.61,19.6
222,22.13,49.38
222,23.79,47.22
222,15.59,18.7
222,32.04,51.33
222,18.31,20.55
222,34.02,66.61
222,43.25,32.4
222,50.37,27.42
222,28.58,39.51
222,66.05,24.35
222,38.02,18.48
222,31.66,29.23
222,55.24,34.92
222,18.53,10.24
222,29.81,24.17
222,26.13,55.5
222,13.22,33.93
222,42.88,7.65
222,33.84,34.04
222,38.68,37.96
222,38.47,33.83
222,8.02,42.65
222,45.53,30.84
222,20.25,45.2
222,42.71,33.87
222,13.75,35.29
222,34.75,37.82
222,21.85,41.67
222,32.96,37.93
222,28.0,25.83
222,33.78,51.63
222,27.08,25.39
222,23.8,24.46
222,46.29,12.61
222,46.28,31.2
222,54.76,28.52
222,30.7,34.75
222,29.0,24.88
222,31.42,52.15
222,21.6,27.55
222,14.46,27.54
222,23.51,33.21
222,20.98,38.12
222,37.85,47.31
222,40.73,39.78
222,5.14,39.59
222,20.26,35.31
222,35.67,24.99
222,32.46,27.22
222,27.9,9.6
222,27.52,30.55
222,35.01,41.04
222,35.78,31.15
222,13.62,38.76
222,7.34,54.9
222,29.46,35.17
222,40.05,40.32
222,24.8,35.28
222,58.85,25.01
222,41.29,31.65
222,24.46,22.02
222,8.05,43.33
222,40.05,44.22
222,19.64,32.98
222,23.05,53.47
222,20.52,31.51
222,13.94,43.6
222,23.58,31.28
222,23.42,38.92
222,19.43,18.67
222,22.1,28.56
222,53.53,34.73
222,39.61,43.35
222,28.3,34.52
222,7.88,49.03
222,37.06,30.02
222,53.85,23.82
222,52.5,54.57
222,28.25,17.31
222,34.51,25.92
222,15.61,33.91
222,33.44,30.77
222,38.92,35.39
222,36.58,35.08
222,45.28,58.16
222,38.57,31.37
222,8.77,37.96
222,25.03,34.58
222,42.94,7.27
222,8.79,20.79
222,30.89,9.66
222,24.47,21.69
222,13.91,31.8
222,42.23,43.15
222,19.8,48.43
222,57.53,61.35
222,27.21,34.62
222,43.97,34.0
222,51.81,17.72
222,34.28,22.62
222,31.09,42.53
222,39.99,54.88
222,51.53,48.99
222,34.24,26.87
222,20.9,20.92
222,11.27,13.65
222,34.49,32.74
222,16.9,55.11
222,42.03,27.98
222,46.41,26.63
222,37.58,30.82
222,29.25,30.54
222,38.03,34.47
222,30.37,5.87
222,26.61,22.71
222,24.32,29.28
222,31.52,36.55
222,30.25,27.3
222,46.18,35.9
222,37.47,26.67
222,12.81,42.83
222,36.52,37.12
222,31.27,35.69
222,33.73,42.54
222,26.83,40.03
222,30.52,27.4
222,51.46,24.79
222,25.3,48.52
222,21.78,55.16
222,20.95,46.68
222,16.18,46.4
222,37.87,22.57
222,45.32,32.09
222,22.32,30.67
222,36.94,30.28
222,43.51,25.04
222,32.98,37.69
222,30.27,37.83
222,21.48,23.89
222,38.11,25.8
222,26.94,36.13
222,37.83,33.59
222,23.35,27.32
222,34.23,31.71
222,44.17,19.51
222,36.29,41.28
222,21.73,29.6
222,15.77,29.23
222,30.93,39.22
222,48.05,45.49
222,40.29,34.02
222,55.71,27.09
222,65.63,38.39
223,57.7,28.97
223,73.28,44.08
223,52.48,47.84
223,51.08,25.37
223,71.64,27.32
223,65.73,29.15
223,57.93,34.52
223,59.79,34.06
223,56.12,38.03
223,57.39,23.64
223,43.98,22.22
223,49.93,24.46
223,57.99,34.49
223,39.61,20.59
223,31.93,24.09
223,39.02,39.64
223,75.3,50.17
223,84.92,38.28
223,63.6,22.04
223,57.69,41.62
223,74.9,27.7
223,45.72,49.44
223,63.96,38.74
223,64.04,24.66
223,56.67,35.33
223,35.85,18.59
223,74.42,35.91
223,52.54,31.08
223,50.85,57.12
223,40.35,36.31
223,67.68,34.66
223,64.77,7.74
223,67.03,40.96
223,54.03,46.86
223,56.04,46.93
223,50.89,32.64
223,63.06,27.23
223,59.79,47.67
223,55.83,33.05
223,43.86,33.6
223,55.78,30.36
223,40.68,9.28
223,51.75,24.97
223,49.22,35.08
223,56.85,40.6
223,63.41,33.66
223,57.84,39.93
223,52.15,15.16
223,56.48,23.5
223,61.91,59.33
223,65.47,41.78
223,77.44,48.9
223,90.89,31.01
223,78.86,45.34
223,59.89,44.91
223,47.85,57.72
223,55.2,38.9
223,62.59,22.49
223,54.5,25.6
223,55.71,37.35
223,68.39,5.32
223,57.39,38.54
223,64.13,40.18
223,57.07,50.3
223,33.89,14.02
223,33.87,21.79
223,64.91,35.28
223,58.82,33.52
223,61.82,34.22
223,63.58,44.73
223,62.81,37.81
223,59.33,50.89
223,76.61,47.24
223,62.75,26.59
223,63.1,37.32
223,53.28,40.27
223,44.95,54.94
223,88.19,36.57
223,70.64,40.49
223,63.22,28.92
223,56.94,40.07
223,68.07,22.28
223,53.39,26.86
223,69.11,48.02
223,79.42,43.54
223,58.96,49.05
223,80.14,58.97
223,56.55,44.46
223,36.85,36.82
223,70.68,27.96
223,58.69,28.17
223,70.76,34.29
223,45.43,33.46
223,53.68,43.65
223,77.46,24.4
223,63.84,27.9
223,79.46,38.03
223,51.85,17.83
223,90.7,50.19
223,89.6,43.57
223,69.81,36.32
223,61.99,22.81
223,65.64,32.52
223,73.58,41.9
223,63.28,27.13
223,55.5,15.98
223,46.65,39.18
223,31.77,37.51
223,56.17,28.69
223,33.23,59.82
223,58.02,25.0
223,80.3,49.34
223,59.08,41.43
223,47.74,38.07
223,53.34,59.64
223,49.41,46.82
223,82.12,26.76
223,51.46,27.84
223,36.76,25.69
223,93.12,37.53
223,57.52,26.35
223,48.56,10.95
223,60.12,28.84
223,56.92,44.31
223,66.1,49.16
223,57.88,43.4
223,32.16,32.83
223,57.67,45.83
223,71.52,55.71
223,53.01,40.02
223,69.46,34.68
223,72.27,53.42
223,75.33,27.25
223,46.52,42.7
223,47.87,0.34
223,60.29,30.12
223,36.41,9.68
223,45.96,42.67
223,63.87,25.55
223,32.9,41.56
223,36.67,27.93
223,66.63,28.86
223,38.92,26.92
223,94.98,40.46
223,46.74,38.06
223,45.91,24.52
223,41.54,33.37
223,59.51,26.76
223,57.14,29.11
223,64.79,29.05
223,56.5,28.17
223,71.71,41.94
223,56.71,41.8
223,54.85,17.03
223,62.68,31.77
223,34.23,63.02
223,45.13,48.6
223,81.85,58.35
223,36.54,23.46
223,71.18,30.32
223,28.61,25.08
223,38.74,34.71
223,49.45,37.34
223,65.18,40.09
223,57.68,29.45
223,64.7,27.18
223,52.61,24.61
223,57.44,32.66
223,59.99,41.14
223,71.89,42.62
223,82.07,48.45
223,45.59,38.39
223,57.48,43.1
223,54.33,18.75
223,63.63,45.66
223,77.9,46.91
223,60.91,53.96
223,52.32,57.67
223,73.11,21.81
223,56.57,44.66
223,57.8,30.6
223,67.61,29.27
223,42.62,30.54
223,41.79,29.24
223,46.79,32.91
223,56.16,29.89
223,73.33,39.77
223,51.17,42.26
223,53.17,47.65
223,62.22,40.55
223,47.78,33.69
223,53.77,42.34
223,59.45,45.85
223,67.36,41.25
223,72.24,40.6
223,57.91,64.8
223,56.13,28.18
223,57.21,44.74
223,62.65,36.45
223,79.08,16.43
223,88.27,15.84
223,84.04,13.97
223,73.86,35.05
223,46.71,16.97
223,62.83,33.62
223,55.25,36.36
223,58.22,29.33
223,82.62,31.85
223,77.27,44.77
223,71.01,24.96
223,94.01,35.34
223,70.74,9.99
223,79.34,37.44
223,67.23,49.02
223,62.58,43.4
223,86.4,31.91
223,49.82,30.09
223,39.04,53.15
223,47.51,41.63
224,67.47,47.57
224,72.82,68.0
224,65.19,50.49
224,86.26,52.35
224,62.42,48.27
224,68.1,56.98
224,79.94,68.0
224,41.13,32.82
224,64.11,68.0
224,62.42,34.41
224,76.61,52.75
224,76.41,44.07
224,99.89,44.64
224,62.0,40.73
224,54.37,60.3
224,89.75,51.06
224,65.63,61.86
224,75.7,63.24
224,67.35,52.94
224,81.95,63.19
224,78.47,56.79
224,69.12,50.71
224,74.26,66.06
224,67.64,68.0
224,74.68,68.0
224,68.1,37.27
224,93.0,56.69
224,70.38,68.0
224,68.03,42.5
224,50.59,54.95
224,59.87,47.74
224,81.73,58.95
224,71.87,68.0
224,69.68,55.9
224,83.56,54.15
224,91.0,68.0
224,62.96,58.18
224,70.95,49.09
224,46.81,37.84
224,86.41,67.94
224,105.0,42.92
224,69.41,53.81
224,69.09,60.72
224,72.94,62.97
224,77.1,37.91
224,77.66,44.11
224,77.62,58.41
224,55.92,38.54
224,73.28,63.48
224,82.32,41.32
224,58.49,52.74
224,56.31,50.37
224,66.76,64.67
224,76.25,50.2
224,82.09,63.76
224,84.15,68.0
224,62.76,55.5
224,49.55,58.63
224,94.43,48.28
224,90.08,43.76
224,68.2,41.79
224,83.93,57.06
224,77.67,49.64
224,71.66,60.6
224,97.39,52.71
224,65.53,50.43
224,55.74,53.81
224,75.93,32.54
224,66.45,66.05
224,76.3,51.99
224,70.18,51.63
224,64.82,68.0
224,71.15,52.44
224,54.17,62.41
224,54.07,34.3
224,70.7,48.96
224,79.1,68.0
224,52.18,65.54
224,79.89,63.36
224,67.7,47.05
224,79.08,58.5
224,77.06,51.68
224,86.69,59.77
224,72.08,65.7
224,52.67,58.13
224,100.47,67.53
224,75.3,68.0
224,75.98,42.95
224,72.23,34.68
224,92.24,67.31
224,58.1,56.88
224,56.03,68.0
224,64.92,59.81
224,79.1,68.0
224,64.6,64.42
224,64.07,60.32
224,59.51,51.61
224,85.12,50.23
224,78.65,36.41
224,84.34,62.91
224,66.98,46.88
224,73.05,52.98
224,83.78,55.54
224,63.47,49.9
224,87.05,57.97
224,79.61,29.05
224,90.77,56.24
224,86.2,63.25
224,52.72,36.4
224,66.55,48.2
224,43.6,68.0
224,48.61,54.9
224,61.16,48.01
224,91.36,64.41
224,73.72,43.31
224,79.74,44.31
224,67.43,45.34
224,69.71,68.0
224,82.64,44.36
224,71.7,55.12
224,71.14,68.0
224,80.69,44.57
224,59.99,36.12
224,76.32,68.0
224,76.95,57.45
224,50.9,48.69
224,59.56,54.17
224,65.42,64.4
224,67.58,38.4
224,80.31,50.64
224,61.97,65.01
224,61.75,68.0
224,82.18,68.0
224,86.33,57.21
224,86.78,68.0
224,59.31,36.79
224,61.97,57.63
224,51.71,26.36
224,40.1,68.0
224,57.7,60.94
224,65.37,68.0
224,76.55,49.18
224,84.76,40.83
224,72.52,64.9
224,92.49,54.16
224,62.13,68.0
224,91.61,64.73
224,63.02,52.58
224,80.21,55.64
224,76.73,53.37
224,89.29,56.3
224,93.15,50.34
224,60.78,62.73
224,43.97,36.84
224,71.23,34.64
224,79.04,51.02
224,73.82,49.03
224,105.0,50.17
224,81.06,68.0
224,81.01,57.4
224,57.09,64.51
224,66.84,61.69
224,80.17,68.0
224,78.05,48.92
224,74.87,62.3
224,90.37,53.59
224,65.18,43.76
224,79.48,42.57
224,65.52,53.54
224,105.0,67.58
224,64.11,49.55
224,101.08,50.4
224,70.87,48.33
224,65.63,42.76
224,73.56,50.63
224,59.2,68.0
224,62.11,58.87
224,95.31,49.69
224,79.97,51.8
224,86.07,59.65
224,67.99,49.33
224,83.09,65.75
224,75.88,68.0
224,64.82,43.27
224,105.0,52.65
224,55.94,60.39
224,75.13,68.0
224,81.31,27.3
224,78.06,48.97
224,68.24,27.97
224,65.65,64.33
224,78.57,56.01
224,64.51,67.29
224,89.1,53.37
224,77.12,53.48
224,71.8,59.93
224,75.64,56.88
224,80.94,50.2
224,91.27,65.61
224,79.32,68.0
224,76.75,59.53
224,85.95,68.0
224,55.57,68.0
224,67.03,49.43
224,72.1,56.15
224,62.71,60.08
224,83.53,38.37
224,74.44,57.09
224,59.38,54.49
224,57.93,47.77
224,73.96,58.64
224,82.62,45.55
224,75.23,38.83
224,105.0,29.63
224,71.55,36.97
224,66.46,42.54
224,91.07,56.18
224,78.29,59.45
224,91.45,49.2
224,92.62,62.5
224,69.48,59.29
224,66.36,45.91
224,83.53,45.23
224,63.49,68.0
224,67.91,50.04
224,48.88,68.0
224,72.09,41.82
224,93.24,52.97
224,74.45,39.0
224,52.56,33.82
224,100.91,48.17
224,65.6,63.58
224,74.64,48.6
224,78.38,62.06
224,85.29,45.93
224,80.17,68.0
224,72.2,46.53
224,73.85,68.0
224,64.94,56.17
224,60.5,44.21
224,70.05,46.14
224,94.16,59.83
224,60.19,43.07
224,56.82,58.63
224,76.34,47.59
224,87.31,43.6
224,65.25,46.21
224,61.34,38.29
224,78.77,56.87
224,76.19,57.65
224,93.74,47.03
224,89.67,46.66
224,57.56,38.86
224,60.57,48.26
224,37.72,60.23
224,76.52,47.54
225,99.57,19.27
225,82.96,31.5
225,66.43,33.11
225,48.24,49.47
225,57.75,21.74
225,96.47,26.83
225,76.98,26.17
225,64.02,12.73
225,65.31,12.85
225,89.39,37.03
225,76.75,25.94
225,66.04,36.65
225,49.82,16.41
225,68.71,21.53
225,78.96,29.34
225,77.73,17.67
225,58.01,30.69
225,71.05,30.53
225,78.6,29.57
225,89.9,18.89
225,66.59,46.89
225,94.67,20.65
225,77.93,32.0
225,63.84,32.07
225,58.24,34.29
225,43.01,18.71
225,58.37,36.93
225,90.98,26.23
225,65.62,39.77
225,50.25,43.88
225,60.5,34.46
225,71.99,27.65
225,66.95,51.57
225,76.34,38.48
225,67.09,25.35
225,63.69,21.39
225,70.57,38.1
225,56.66,30.28
225,73.66,21.81
225,58.46,34.85
225,68.96,20.15
225,75.49,34.85
225,66.61,36.89
225,71.03,24.58
225,80.32,37.64
225,61.95,25.54
225,93.21,33.51
225,54.92,16.74
225,87.33,34.81
225,76.93,45.56
225,77.43,17.34
225,84.49,41.89
225,71.63,27.63
225,74.0,43.68
225,72.52,52.94
225,82.66,34.85
225,84.99,39.87
225,71.61,37.96
225,67.04,44.49
225,58.1,31.44
225,74.23,41.25
225,65.4,26.18
225,48.55,46.26
225,69.97,22.26
225,72.33,28.8
225,82.03,26.92
225,71.31,38.15
225,58.19,42.37
225,84.85,39.82
225,44.53,28.12
225,51.54,50.04
225,68.06,46.8
225,67.35,36.9
225,68.15,27.26
225,60.42,19.1
225,83.51,41.66
225,68.52,30.54
225,53.22,44.49
225,75.84,45.3
225,60.77,29.11
225,58.56,34.11
225,69.75,33.66
225,91.77,49.89
225,42.64,29.93
225,49.41,41.13
225,58.86,34.76
225,92.27,50.99
225,56.07,26.69
225,83.98,22.53
225,81.73,13.29
225,84.99,35.8
225,58.57,36.6
225,71.63,31.6
225,79.54,43.97
225,75.55,50.71
225,105.0,25.45
225,95.34,31.48
225,85.8,15.38
225,79.95,34.64
225,80.96,26.97
225,85.08,29.25
225,93.97,32.29
225,60.8,39.27
225,86.57,30.97
225,74.71,55.58
225,84.96,32.69
225,72.47,18.14
225,65.58,25.51
225,65.8,40.38
225,73.01,40.86
225,78.37,33.4
225,66.13,33.44
225,52.57,35.53
225,80.27,40.77
225,70.12,33.06
225,44.58,19.63
225,50.79,25.6
225,75.34,26.92
225,80.17,20.44
225,86.15,19.92
225,64.96,36.92
225,63.35,32.73
225,78.86,40.76
225,60.56,52.37
225,60.98,41.6
225,74.18,40.59
225,75.22,16.94
225,78.79,39.54
225,73.14,32.79
225,58.66,46.09
225,67.02,19.45
225,72.71,42.82
225,88.14,26.82
225,80.63,22.2
225,73.87,55.57
225,80.11,34.09
225,88.47,32.05
225,54.91,27.38
225,72.16,29.8
225,50.61,28.87
225,71.94,30.58
225,65.53,31.67
225,89.36,30.46
225,86.84,21.47
225,98.45,33.42
225,68.29,36.19
225,75.2,41.77
225,71.27,45.19
225,89.11,29.68
225,71.64,36.99
225,59.57,41.41
225,49.9,27.12
225,88.39,35.6
225,76.29,36.9
225,74.53,13.47
225,92.04,33.19
225,73.95,34.77
225,52.75,25.7
225,55.75,43.54
225,79.89,52.42
225,81.31,37.21
225,101.08,20.57
225,73.08,31.1
225,96.84,23.52
225,57.91,55.68
225,63.0,27.6
225,58.42,35.41
225,75.54,45.56
225,88.42,24.3
225,70.52,25.58
225,60.53,47.0
225,81.02,46.65
225,71.18,22.98
225,81.26,22.49
225,71.69,39.9
225,71.63,39.81
225,99.21,27.37
225,59.19,36.67
225,78.27,21.45
225,82.2,39.27
225,86.56,36.33
225,58.6,15.49
225,77.94,29.62
225,66.61,30.14
225,71.82,40.55
225,67.07,22.31
225,65.92,45.83
225,92.88,34.23
225,85.9,45.17
226,31.83,20.63
226,32.26,35.45
226,34.13,7.73
226,33.19,40.33
226,0.81,34.96
226,51.26,27.39
226,21.45,44.42
226,22.24,39.6
226,30.73,20.01
226,36.15,40.52
226,12.8,39.6
226,10.53,29.13
226,49.15,31.55
226,25.46,52.05
226,33.85,38.53
226,16.75,20.46
226,50.93,35.41
226,40.81,17.21
226,22.71,39.69
226,49.92,27.84
226,38.65,28.91
226,40.55,23.86
226,41.5,30.4
226,25.16,36.62
226,53.45,26.95
226,52.8,25.75
226,53.3,34.9
226,0.0,30.64
226,30.5,31.36
226,34.73,26.5
226,25.9,23.58
226,30.16,32.6
226,29.63,41.96
226,47.52,33.22
226,45.74,30.68
226,34.57,18.29
226,35.79,28.77
226,30.43,28.1
226,56.18,34.94
226,34.99,34.51
226,52.77,59.6
226,42.72,30.03
226,37.76,42.85
226,10.34,43.16
226,46.11,40.9
226,7.65,34.08
226,27.61,61.84
226,12.33,24.67
226,42.81,39.34
226,24.78,41.98
226,38.62,15.92
226,2.82,18.48
226,41.76,47.59
226,40.98,37.31
226,16.77,21.37
226,23.01,47.37
226,47.52,32.04
226,33.7,44.36
226,41.18,52.66
226,7.13,31.88
226,27.97,12.73
226,43.49,25.47
226,20.64,11.93
226,21.69,24.01
226,30.0,49.19
226,20.16,25.92
226,48.66,21.75
226,39.54,51.02
226,30.1,31.81
226,57.55,36.45
226,28.66,21.92
226,36.73,47.46
226,18.32,34.33
226,29.73,42.57
226,39.28,17.94
226,38.84,48.16
226,18.49,37.44
226,13.33,25.84
226,31.27,29.22
226,35.36,28.05
226,4.61,36.7
226,58.29,35.19
226,34.28,51.39
226,3.87,11.54
226,35.68,40.54
226,9.25,16.07
226,16.85,61.62
226,36.22,50.35
226,13.81,33.42
226,17.81,38.54
226,41.25,34.65
226,28.72,27.1
226,24.27,25.82
226,27.93,33.47
226,52.27,4.55
226,41.11,48.35
226,12.14,52.7
226,49.65,31.06
226,24.6,49.77
226,29.0,28.28
226,17.48,27.7
226,24.06,36.14
226,32.63,39.64
226,31.02,24.61
226,52.54,37.6
226,15.3,37.04
226,28.13,9.09
226,2.85,30.86
226,22.6,31.43
226,43.55,27.18
226,49.64,27.22
226,50.73,39.22
226,25.07,16.35
226,25.98,45.85
226,17.43,32.52
226,27.48,47.58
226,45.35,27.0
226,40.83,44.62
226,23.41,40.0
226,25.79,14.32
226,26.27,31.94
226,22.9,61.86
226,33.03,43.3
226,39.63,21.85
226,59.92,28.81
226,30.16,43.11
226,39.04,37.72
226,16.87,17.33
226,31.39,14.64
226,27.98,41.82
226,38.66,30.9
226,36.37,45.76
226,38.96,37.77
226,28.2,25.0
226,25.54,33.56
226,14.37,29.31
226,32.71,37.18
226,28.71,24.11
226,47.78,17.29
226,27.89,32.24
226,22.99,24.56
226,37.4,44.39
226,12.16,31.37
226,33.76,36.87
226,21.91,29.85
227,38.73,10.62
227,54.22,27.44
227,86.55,38.09
227,64.84,16.58
227,54.17,39.45
227,53.36,19.72
227,78.24,27.15
227,66.87,31.8
227,43.57,23.78
227,85.98,34.29
227,63.67,32.7
227,63.37,34.72
227,79.24,50.15
227,62.12,24.94
227,65.53,39.19
227,40.24,25.73
227,58.84,34.11
227,43.59,44.56
227,53.26,44.87
227,63.25,28.9
227,30.86,43.99
227,64.22,37.12
227,70.91,35.34
227,36.18,37.04
227,51.17,33.74
227,40.31,24.43
227,66.75,32.48
227,53.47,49.74
227,74.61,27.17
227,42.95,68.0
227,62.56,25.74
227,49.14,43.6
227,60.22,17.96
227,55.74,38.59
227,69.14,15.72
227,63.75,43.79
227,74.92,34.35
227,58.75,44.95
227,48.13,20.78
227,67.97,36.2
227,59.03,40.76
227,56.54,40.67
227,64.42,24.23
227,50.14,35.63
227,83.14,28.38
227,73.66,36.21
227,64.75,15.64
227,63.33,50.3
227,60.55,27.34
227,53.25,39.35
227,66.58,21.22
227,54.49,15.72
227,81.34,41.38
227,78.66,41.14
227,62.87,43.37
227,72.03,37.94
227,40.44,46.98
227,62.16,37.78
227,37.22,23.86
227,61.35,60.45
227,49.53,24.82
227,71.77,43.27
227,61.04,39.48
227,55.15,45.67
227,55.36,32.97
227,31.44,37.7
227,71.49,27.1
227,77.92,40.38
227,70.14,19.88
227,53.54,47.97
227,48.71,59.86
227,38.22,46.11
227,54.97,11.19
227,29.98,28.15
227,32.21,44.8
227,72.57,21.71
227,80.82,19.19
227,51.91,35.53
227,66.13,28.74
227,53.58,28.12
227,75.31,18.64
227,62.95,52.64
227,68.01,23.25
227,36.38,29.26
227,58.78,38.61
227,53.15,31.48
227,77.82,28.73
227,52.9,44.32
227,56.76,38.04
227,35.83,37.56
227,61.99,29.36
227,61.34,19.55
227,56.24,46.59
227,76.56,26.03
227,60.26,18.97
227,51.82,29.95
227,49.59,33.2
227,69.74,18.44
227,38.93,29.04
227,51.38,33.77
227,58.35,19.75
227,54.66,46.18
227,59.05,19.65
227,74.71,41.1
227,56.48,35.64
227,47.04,61.92
227,80.01,34.64
227,56.4,18.54
227,65.5,20.03
227,79.21,30.47
227,50.64,6.54
227,83.19,19.13
227,83.18,40.85
227,50.5,57.79
227,52.55,32.87
227,69.56,22.33
227,78.85,45.31
227,70.78,48.35
227,59.46,29.0
227,66.95,40.87
227,69.27,48.36
227,64.09,37.63
227,54.14,26.4
227,70.63,28.25
227,56.6,20.43
227,35.44,25.37
227,42.29,40.85
227,76.87,31.57
227,46.13,17.25
227,61.42,37.76
227,76.66,46.12
227,62.35,32.04
227,89.97,33.09
227,58.78,50.18
227,49.34,46.92
227,41.28,40.01
227,35.96,49.67
227,80.11,46.92
227,45.54,32.72
227,39.09,38.26
227,55.37,35.34
227,52.43,55.78
227,51.38,38.75
227,76.86,37.91
227,62.95,54.59
227,71.37,35.91
227,89.85,30.33
227,49.71,10.24
227,63.04,29.29
227,41.93,36.11
227,80.03,44.82
227,57.35,33.93
227,19.95,24.51
227,42.7,38.38
227,79.38,14.58
227,36.28,48.28
227,58.72,49.77
227,66.44,14.72
227,67.34,24.71
227,93.28,37.89
227,58.98,53.38
227,47.48,33.43
227,48.6,38.3
227,75.16,36.8
227,28.08,16.93
227,63.05,30.26
227,81.36,25.66
227,61.18,36.59
227,77.13,26.49
227,32.17,34.36
227,76.59,33.43
227,62.67,34.34
227,52.98,45.75
227,53.19,38.25
227,82.66,31.31
227,49.17,39.47
227,49.85,28.05
227,80.99,22.17
227,63.9,45.81
227,66.45,26.77
227,46.6,22.87
227,46.4,50.71
227,82.88,43.67
227,64.35,31.98
227,59.63,43.82
227,55.66,28.89
227,57.91,39.3
227,49.69,34.61
227,65.0,30.0
227,51.22,36.85
227,54.42,21.68
227,65.91,27.72
227,78.24,11.44
227,75.89,30.41
227,51.37,36.8
227,57.07,18.13
227,37.75,38.19
227,67.92,9.83
227,69.39,27.52
227,59.85,32.91
227,76.23,33.76
227,51.92,36.56
227,60.9,15.76
227,44.55,35.83
227,57.88,41.48
227,53.42,29.08
227,67.49,31.35
227,54.72,18.15
227,75.17,43.48
227,37.56,20.03
227,67.02,45.86
227,23.8,58.14
227,58.2,28.5
227,75.06,25.5
227,58.27,31.94
227,75.52,44.93
227,46.72,23.95
227,62.01,10.35
227,49.0,46.4
227,78.89,34.21
227,48.63,31.45
227,46.95,34.56
227,76.15,24.92
227,43.33,31.82
227,48.88,36.81
227,66.82,39.28
227,62.57,34.28
227,50.51,7.36
227,58.15,30.34
227,82.92,34.43
227,46.47,35.35
227,59.66,29.14
227,55.84,55.43
227,72.67,28.94
227,43.64,38.77
227,50.82,28.75
227,55.29,39.04
227,50.71,17.58
227,65.23,50.46
227,68.7,37.53
227,65.09,28.02
227,36.62,29.42
227,55.26,25.72
227,56.38,29.93
227,44.7,33.61
227,48.1,27.66
227,82.61,41.92
227,70.06,58.29
227,43.82,31.38
227,68.04,9.31
227,67.13,30.03
227,49.4,32.68
227,65.96,42.17
227,53.54,26.04
227,35.93,26.24
227,53.77,25.96
227,45.56,19.7
227,51.66,14.24
227,66.31,34.78
227,66.32,17.91
227,64.66,30.5
227,63.74,41.02
227,45.96,23.76
227,49.51,46.43
227,74.95,25.8
227,83.04,17.1
227,59.8,29.26
227,63.82,37.61
227,87.55,42.66
227,54.39,38.03
227,62.1,53.27
227,51.35,36.02
228,70.97,24.52
228,98.76,53.67
228,69.88,34.6
228,74.43,28.78
228,86.12,23.15
228,75.54,19.34
228,92.74,26.93
228,91.67,25.87
228,97.33,29.37
228,95.42,25.94
228,90.84,43.82
228,86.87,22.06
228,97.06,25.79
228,87.94,31.15
228,105.0,24.89
228,99.58,44.31
228,84.42,23.76
228,103.4,30.36
228,105.0,29.55
228,105.0,29.64
228,102.73,57.34
228,74.1,47.57
228,75.54,39.26
228,74.33,36.86
228,101.06,53.96
228,105.0,31.7
228,92.75,30.36
228,88.55,32.82
228,94.53,32.17
228,95.39,36.92
228,104.45,34.31
228,80.38,9.96
228,93.94,36.42
228,98.63,38.78
228,91.29,38.64
228,67.68,26.3
228,63.52,18.28
228,70.06,46.17
228,102.41,29.87
228,105.0,28.68
228,73.7,27.08
228,98.58,39.23
228,61.53,43.74
228,79.94,38.14
228,92.8,37.77
228,98.91,29.67
228,79.21,28.86
228,86.63,29.46
228,87.09,38.03
228,70.65,27.69
228,101.65,39.88
228,90.51,40.62
228,77.63,41.09
228,87.16,29.26
228,102.29,24.37
228,77.54,34.0
228,73.06,28.64
228,73.62,27.08
228,105.0,30.89
228,99.55,40.43
228,75.28,24.53
228,89.46,52.34
228,91.29,39.62
228,88.75,28.85
228,80.58,41.8
228,69.86,24.2
228,78.56,35.69
228,81.32,38.73
228,98.76,41.14
228,90.22,32.4
228,95.23,22.1
228,73.36,33.85
228,84.74,47.4
228,101.7,26.56
228,71.43,26.2
228,105.0,31.33
228,89.48,40.2
228,96.42,21.9
228,63.24,27.21
228,97.39,22.75
228,76.7,48.98
228,88.97,23.68
228,72.44,35.25
228,101.06,26.62
228,74.28,38.18
228,94.15,44.39
228,92.72,32.05
228,91.54,42.27
228,85.67,40.29
228,95.17,36.57
228,87.26,43.59
228,84.56,58.63
228,97.62,47.52
228,105.0,16.47
228,87.64,18.81
228,70.72,32.95
228,84.44,11.66
228,96.3,32.3
228,83.4,17.25
228,69.31,35.69
228,91.32,38.17
228,85.4,32.27
228,79.84,30.09
228,91.6,26.13
228,99.7,34.95
228,82.62,20.58
228,98.57,23.95
228,89.41,38.54
228,74.94,30.04
228,62.83,28.75
228,90.99,44.39
228,87.26,33.4
228,78.72,28.68
228,80.3,41.31
228,72.8,24.01
228,91.46,0.0
228,74.3,48.95
228,84.44,20.88
228,81.81,52.21
228,68.48,27.76
228,95.93,13.18
228,85.77,23.65
228,105.0,38.0
229,13.49,33.54
229,40.59,35.7
229,26.85,0.0
229,52.74,30.21
229,35.88,56.15
229,34.99,45.24
229,11.91,38.66
229,38.18,34.97
229,21.98,49.13
229,38.75,39.99
229,27.49,31.75
229,23.44,37.45
229,36.6,42.43
229,32.01,47.36
229,13.69,18.07
229,49.68,34.95
229,27.28,44.2
229,41.17,27.11
229,28.45,31.39
229,18.57,51.6
229,27.42,36.11
229,37.19,25.28
229,61.37,17.86
229,43.16,32.3
229,22.92,27.07
229,10.26,47.41
229,30.36,25.42
229,30.72,43.39
229,42.85,33.32
229,47.17,28.52
229,38.17,30.37
229,42.35,47.37
229,27.4,42.25
229,41.2,36.02
229,34.12,26.91
229,56.02,41.72
229,32.96,34.93
229,27.57,29.01
229,39.99,23.52
229,49.83,27.38
229,40.6,21.83
229,35.65,24.61
229,29.41,63.37
229,18.59,13.51
229,45.39,43.45
229,45.43,39.17
229,2.61,16.34
229,18.96,42.85
229,39.34,56.71
229,23.51,33.74
229,37.25,44.09
229,17.12,32.27
229,19.15,38.47
229,15.05,13.28
229,28.52,33.99
229,29.97,34.1
229,14.26,29.11
229,16.58,50.05
229,24.4,33.43
229,25.5,32.27
229,19.94,29.89
229,37.75,29.19
229,24.48,32.38
229,31.98,30.82
229,35.31,38.81
229,18.31,40.06
229,36.81,50.01
229,32.02,29.09
229,31.07,22.98
229,19.03,35.76
229,41.73,36.03
229,8.6,44.33
229,28.11,18.77
229,18.89,33.16
229,24.41,46.69
229,11.54,43.75
229,20.6,46.96
229,15.42,30.09
229,10.36,9.74
229,36.69,36.73
229,20.49,39.13
229,27.1,26.72
229,34.46,37.9
229,33.46,35.27
229,27.87,17.75
229,20.83,45.34
229,24.66,17.37
229,32.22,41.77
229,43.44,24.15
229,0.0,35.95
229,34.89,35.05
229,14.33,35.02
229,23.06,45.94
229,26.98,43.29
229,28.33,25.44
229,21.57,34.58
229,44.7,40.61
229,37.13,39.97
229,23.82,39.92
229,50.27,34.66
229,20.49,43.47
229,19.65,42.58
229,31.06,37.91
229,22.17,31.67
229,34.86,52.16
229,25.82,30.62
229,33.99,24.28
229,18.02,30.65
229,53.16,35.87
229,23.19,30.62
229,48.29,24.83
229,12.11,32.78
229,53.03,46.35
229,28.02,19.03
229,26.59,35.59
229,0.0,21.62
229,12.41,21.85
229,17.08,15.72
229,15.02,34.02
229,37.62,14.66
229,23.75,35.43
230,32.21,27.38
230,37.84,32.68
230,54.65,27.96
230,59.64,41.49
230,72.72,20.75
230,57.75,27.45
230,49.23,38.64
230,74.67,30.32
230,51.72,12.6
230,40.44,32.99
230,64.26,15.25
230,60.14,33.21
230,71.03,43.14
230,46.3,27.21
230,60.58,44.93
230,51.14,41.13
230,63.21,42.87
230,50.82,15.23
230,60.16,30.66
230,74.97,40.71
230,60.81,27.66
230,55.7,14.06
230,78.36,44.69
230,58.22,43.63
230,63.03,48.46
230,70.98,12.69
230,57.65,31.27
230,58.39,28.74
230,58.28,22.57
230,64.06,35.35
230,91.4,36.94
230,75.12,30.41
230,73.2,51.6
230,48.37,11.57
230,54.48,38.3
230,67.5,19.13
230,35.73,34.79
230,49.67,38.41
230,75.59,48.13
230,73.69,30.41
230,63.65,35.4
230,69.2,8.82
230,88.57,46.28
230,56.72,40.17
230,87.92,35.43
230,66.18,35.47
230,57.53,26.46
230,78.64,28.66
230,49.95,25.68
230,60.74,23.97
230,57.17,35.77
230,80.59,49.37
230,55.09,28.67
230,56.79,35.28
230,59.19,31.87
230,35.52,31.73
230,76.28,30.69
230,59.59,51.2
230,54.64,32.82
230,70.74,43.83
230,57.07,33.39
230,64.69,52.9
230,48.47,48.17
230,51.51,42.79
230,63.49,41.88
230,52.36,40.92
230,39.3,28.67
230,78.56,36.71
230,41.55,59.76
230,71.11,38.77
230,57.49,27.41
230,74.51,17.91
230,60.65,28.69
230,58.6,21.29
230,66.15,38.03
230,60.52,18.96
230,62.91,17.46
230,58.82,36.12
230,71.5,17.23
230,51.46,36.17
230,78.37,51.52
230,64.89,38.39
230,74.34,41.72
230,51.21,40.54
230,86.04,12.83
230,68.08,9.7
230,85.35,38.82
230,55.68,41.45
230,46.5,39.08
230,58.41,37.25
230,70.65,26.42
230,76.58,38.32
230,52.77,43.7
230,74.4,28.64
230,65.02,25.06
230,72.66,18.97
230,45.69,19.48
230,50.28,29.23
230,43.27,35.9
230,59.89,49.36
230,73.0,27.41
230,76.75,20.66
230,51.4,36.86
230,65.81,28.03
230,65.68,47.52
230,37.49,41.92
230,64.01,40.26
230,36.16,18.62
230,58.67,27.27
230,51.56,45.09
230,67.72,31.41
230,69.29,9.56
230,77.93,52.31
230,60.96,30.53
230,64.29,37.4
230,49.02,38.54
230,52.12,32.56
230,53.21,47.02
230,58.33,32.15
230,86.41,30.43
230,61.78,60.97
230,77.6,16.08
230,67.77,35.76
230,70.56,38.17
230,62.48,40.71
230,58.52,55.45
230,62.24,35.52
230,49.8,21.85
230,52.38,36.71
230,59.92,33.43
230,61.4,46.91
230,33.84,41.73
230,46.79,31.74
230,67.87,28.88
230,69.69,38.46
230,38.81,37.05
230,62.31,16.5
230,104.55,18.52
230,74.83,39.19
230,44.79,23.22
230,62.15,18.73
230,62.69,37.49
230,57.4,20.7
230,73.0,30.95
230,74.91,42.14
230,53.01,21.22
230,68.27,39.71
230,50.73,42.76
230,58.5,22.69
230,80.88,50.55
230,47.98,25.32
230,70.79,37.32
230,43.26,22.29
230,52.22,24.9
230,51.34,49.78
230,48.7,52.74
230,41.7,44.21
230,43.24,28.52
230,36.32,22.43
230,49.24,13.81
230,47.99,35.98
230,59.37,14.39
230,77.39,29.83
230,66.33,39.2
230,64.1,23.38
230,50.76,32.75
230,65.94,28.54
230,67.7,39.03
230,51.76,33.63
230,73.7,26.17
230,55.37,18.62
230,55.64,55.11
230,64.56,26.6
230,43.02,23.84
230,52.79,46.8
230,57.91,32.16
230,51.59,44.23
230,66.14,33.77
230,49.34,36.53
230,52.04,39.11
230,71.49,33.32
230,59.46,22.73
230,68.98,28.85
230,66.96,10.01
230,82.55,41.13
230,53.59,25.61
230,43.19,20.2
230,38.45,40.82
230,51.82,33.64
230,73.46,46.32
230,68.08,10.51
230,57.32,29.94
230,87.79,27.32
230,42.96,42.47
230,72.59,35.93
230,52.63,51.7
230,82.66,52.65
230,54.66,41.53
230,73.91,37.07
230,57.32,18.6
230,92.76,40.37
230,62.9,57.31
230,60.02,48.33
230,64.34,27.95
230,68.99,30.85
230,80.86,53.65
230,79.14,21.58
230,34.18,36.89
230,56.48,26.73
230,51.83,28.83
230,69.89,38.43
230,52.45,40.47
230,86.0,28.69
230,48.99,43.58
230,40.75,42.05
230,62.37,42.51
230,69.83,36.37
230,47.08,50.48
230,76.48,23.02
230,51.81,35.94
230,55.45,30.08
230,61.5,37.85
230,52.54,46.26
230,85.47,19.7
230,43.03,34.06
230,40.63,27.99
230,50.49,47.16
230,44.98,51.35
230,39.25,21.35
230,63.3,40.61
230,44.64,68.0
230,58.18,36.36
230,53.53,33.7
230,77.77,38.58
230,43.55,44.12
230,65.63,49.42
230,59.15,51.29
230,51.1,23.14
230,58.63,47.02
230,65.19,33.45
230,40.18,32.1
230,62.18,31.13
230,60.25,42.23
230,70.54,28.35
230,65.59,48.99
230,81.36,32.36
230,74.41,42.97
230,57.08,40.23
230,78.21,22.98
230,62.62,24.12
230,73.88,41.35
230,59.12,18.98
230,64.98,35.59
230,37.06,28.85
230,62.71,29.47
230,67.76,38.18
230,67.86,48.53
230,37.73,39.94
230,55.14,19.0
230,49.65,34.54
230,59.41,43.29
230,32.02,30.4
230,50.46,32.87
230,60.98,27.97
230,53.93,46.24
230,81.91,22.9
230,55.17,29.43
230,59.03,22.41
230,37.76,42.69
230,46.92,22.66
230,70.89,25.81
231,72.05,20.38
231,47.02,26.28
231,80.82,37.61
231,76.15,30.36
231,72.87,29.08
231,39.55,22.74
231,72.41,49.3
231,63.07,35.02
231,63.61,44.68
231,71.7,9.9
231,87.56,44.26
231,95.92,21.47
231,87.64,30.95
231,70.28,36.05
231,93.05,55.72
231,91.24,53.94
231,72.95,33.21
231,47.91,38.62
231,60.93,27.37
231,43.71,34.44
231,65.9,33.76
231,72.94,37.54
231,49.78,27.83
231,83.59,39.41
231,74.39,38.03
231,48.18,22.2
231,74.83,32.81
231,48.82,28.16
231,99.08,56.41
231,55.34,48.08
231,59.74,44.82
231,66.16,28.53
231,73.46,54.28
231,66.6,30.22
231,51.46,26.19
231,73.0,58.94
231,64.33,41.35
231,64.08,25.36
231,92.63,29.75
231,66.65,42.58
231,67.52,30.69
231,73.85,33.03
231,78.32,52.5
231,75.42,26.74
231,41.13,28.89
231,67.9,64.77
231,66.8,39.26
231,56.25,39.56
231,55.19,50.99
231,86.27,40.38
231,73.53,48.61
231,64.83,18.58
231,76.19,39.47
231,87.69,32.25
231,78.65,39.72
231,89.54,9.86
231,75.34,18.3
231,80.83,33.55
231,68.97,42.3
231,87.57,19.7
231,93.92,28.01
231,74.45,37.99
231,55.28,33.0
231,73.6,45.44
231,70.81,46.61
231,80.76,22.47
231,67.4,33.12
231,73.34,28.29
231,79.78,48.0
231,63.48,43.96
231,76.13,23.78
231,75.06,49.21
231,43.19,19.51
231,70.18,28.99
231,52.84,22.12
231,90.0,29.09
231,64.17,9.46
231,66.03,33.98
231,82.36,15.15
231,40.84,28.71
231,56.67,46.72
231,88.58,35.78
231,71.17,58.57
231,52.75,45.89
231,61.86,45.6
231,54.41,27.96
231,63.19,30.97
231,66.91,39.84
231,94.66,28.5
231,57.72,34.16
231,53.8,46.45
231,68.09,35.57
231,72.28,18.07
231,67.47,41.63
231,71.07,29.36
231,92.92,28.22
231,57.46,60.7
231,69.28,35.66
231,90.26,57.1
231,94.38,25.78
231,76.39,26.66
231,48.47,28.8
231,82.23,32.92
231,82.99,30.71
231,76.63,23.12
231,66.53,44.38
231,62.69,35.12
231,84.12,43.31
231,77.5,37.58
231,86.44,62.16
231,68.65,35.68
231,78.26,44.84
231,58.45,48.32
231,92.28,21.24
231,95.38,22.5
231,71.8,23.12
231,48.75,30.03
231,87.96,30.74
231,99.02,36.7
231,67.69,51.65
231,67.53,16.52
231,67.58,17.11
231,68.36,27.72
231,86.46,23.36
231,78.63,17.5
231,58.1,30.36
231,68.44,36.62
231,75.92,33.24
231,63.79,27.92
231,77.71,34.18
231,73.61,15.07
231,86.52,41.8
231,81.79,34.07
231,66.15,38.03
231,72.56,34.85
231,62.04,16.41
231,98.83,29.23
231,80.83,49.22
231,53.88,40.7
231,68.94,31.84
231,50.86,43.12
231,66.47,45.34
231,73.0,49.42
231,83.2,42.9
231,85.05,50.41
231,54.19,34.8
231,74.28,44.42
231,76.17,23.06
231,73.11,42.84
231,52.44,36.35
231,61.41,40.84
231,69.58,47.93
231,82.06,24.16
231,59.91,50.1
231,64.76,41.6
231,68.57,37.37
231,50.74,20.93
231,66.86,27.49
231,76.93,44.48
231,59.29,34.15
231,65.69,47.06
231,64.3,43.24
231,80.27,25.94
231,50.36,33.8
231,64.68,33.04
231,91.74,44.03
231,86.5,35.05
231,85.56,33.59
231,89.67,39.15
231,59.38,31.33
231,88.5,43.19
231,44.71,36.14
231,64.73,47.94
231,80.1,42.92
231,74.47,36.5
231,74.86,50.42
231,59.38,27.99
231,35.19,36.18
231,76.93,35.79
231,85.06,38.83
231,73.33,28.31
231,75.11,35.81
231,76.71,27.96
231,60.91,18.74
231,69.88,32.69
231,56.43,37.27
231,85.2,23.0
231,41.71,30.41
231,68.35,40.21
231,94.43,41.64
231,78.01,42.62
231,57.06,23.12
231,77.44,59.0
231,82.33,17.41
231,74.03,32.11
231,79.32,8.76
232,62.53,68.0
232,68.03,60.19
232,49.11,68.0
232,39.89,43.06
232,12.59,50.04
232,35.58,51.69
232,22.28,49.02
232,37.33,56.65
232,41.84,56.78
232,48.78,44.2
232,43.53,68.0
232,40.06,41.74
232,39.48,59.4
232,44.18,56.75
232,60.18,57.05
232,54.85,26.67
232,37.37,51.95
232,41.68,52.03
232,71.49,58.15
232,38.21,39.36
232,54.47,57.55
232,58.82,63.02
232,46.32,61.34
232,37.58,54.46
232,21.63,67.11
232,53.88,63.88
232,48.98,46.35
232,36.59,56.21
232,53.07,64.96
232,47.83,68.0
232,35.97,47.26
232,27.46,44.56
232,40.42,42.74
232,64.61,39.93
232,54.81,54.29
232,51.01,46.93
232,51.59,60.52
232,34.98,47.54
232,39.76,41.75
232,46.85,64.68
232,45.22,53.61
232,32.23,63.43
232,31.52,48.57
232,44.95,68.0
232,39.59,58.08
232,42.39,41.92
232,43.46,36.07
232,64.2,57.42
232,40.1,58.85
232,52.33,61.92
232,32.25,34.42
232,64.0,34.73
232,68.85,34.2
232,40.92,43.85
232,29.71,60.75
232,23.53,54.25
232,48.39,35.34
232,42.1,37.35
232,64.24,57.76
232,49.85,66.66
232,37.16,59.69
232,57.85,68.0
232,18.83,58.46
232,45.65,68.0
232,47.07,68.0
232,52.44,51.84
232,38.99,61.92
232,44.05,30.34
232,39.26,62.08
232,52.6,42.34
232,55.69,60.83
232,35.03,49.14
232,55.42,59.03
232,30.4,41.04
232,42.74,50.15
232,57.6,62.36
232,39.92,57.99
232,39.71,32.74
232,48.51,52.46
232,6.39,47.1
232,36.83,43.08
232,40.93,46.19
232,43.09,62.51
232,48.73,68.0
232,45.45,60.79
232,61.87,47.05
232,68.73,54.55
232,44.62,54.5
232,37.43,64.09
232,62.22,54.3
232,42.62,60.77
232,37.71,54.72
232,56.51,59.9
232,46.22,63.9
232,57.04,42.08
232,36.78,52.26
232,42.33,51.27
232,56.97,62.48
232,17.26,53.8
232,39.92,45.87
232,59.15,49.29
232,42.74,55.57
232,59.94,60.62
232,36.39,46.32
232,49.19,47.84
232,42.16,47.41
232,24.73,47.87
232,41.68,49.37
232,39.98,58.22
232,37.64,64.25
232,34.56,47.61
232,64.23,34.97
232,37.15,57.16
232,50.26,36.57
232,44.37,68.0
232,56.81,53.04
232,68.54,56.15
232,66.1,65.29
232,39.11,51.04
232,53.29,58.13
232,61.36,58.24
232,42.23,68.0
232,59.15,68.0
232,46.41,53.38
232,29.34,68.0
232,71.83,30.88
232,23.54,51.15
232,28.13,60.95
232,39.88,38.37
232,57.93,68.0
232,53.63,68.0
232,70.63,49.99
232,59.11,68.0
232,48.22,62.66
232,61.77,56.63
232,42.35,58.9
232,47.56,45.62
232,39.65,55.83
232,59.95,45.05
232,41.35,54.02
232,28.77,55.15
232,28.66,56.38
232,31.46,53.86
232,52.19,68.0
232,43.82,36.26
232,46.25,34.17
232,51.02,44.35
232,52.56,53.81
232,41.7,49.63
232,44.61,38.44
232,39.95,68.0
232,50.63,59.93
232,44.55,50.34
232,34.43,43.85
232,47.09,51.04
232,54.66,48.41
232,68.83,58.23
232,30.62,39.7
232,29.16,45.38
232,27.3,63.38
232,37.66,47.34
232,43.44,60.94
232,40.04,53.21
232,27.19,51.07
232,64.57,46.22
232,21.7,54.75
233,12.23,28.29
233,0.0,29.48
233,5.56,47.65
233,3.53,38.49
233,0.0,32.41
233,16.4,27.08
233,26.34,44.08
233,2.08,31.4
233,2.5,13.15
233,0.0,11.9
233,0.0,25.5
233,13.47,23.14
233,32.7,34.8
233,5.95,13.73
233,5.64,34.71
233,7.11,23.42
233,1.36,45.53
233,0.0,25.78
233,41.26,43.83
233,14.06,33.24
233,15.68,28.7
233,37.36,19.97
233,10.61,25.14
233,0.0,49.08
233,0.0,32.91
233,32.97,24.5
233,18.36,37.39
233,6.7,28.67
233,0.88,26.14
233,4.26,29.29
233,13.14,44.49
233,31.81,33.55
233,7.13,41.62
233,0.0,29.14
233,0.0,27.12
233,16.19,50.04
233,22.06,22.19
233,31.9,30.44
233,42.98,46.23
233,0.0,28.86
233,8.41,54.36
233,2.92,24.15
233,5.53,40.95
233,0.0,52.76
233,12.44,36.07
233,0.0,38.47
233,14.33,43.08
233,23.18,5.86
233,1.34,49.71
233,22.77,37.75
233,9.76,34.67
233,20.3,35.72
233,12.09,11.49
233,0.0,43.96
233,7.69,38.13
233,2.27,23.48
233,18.96,38.52
233,4.93,40.01
233,21.72,27.91
233,14.72,48.04
233,10.62,32.64
233,11.23,30.94
233,20.8,41.37
233,16.67,24.43
233,20.42,28.87
233,0.0,21.37
233,0.93,32.08
233,8.07,30.35
233,4.56,35.43
233,0.0,45.21
233,24.29,41.48
233,0.0,35.42
233,20.72,48.17
233,31.15,27.15
233,1.44,39.45
233,0.0,44.07
233,1.8,54.82
233,0.0,35.61
233,0.0,29.74
233,13.45,34.17
233,13.73,34.73
233,14.02,26.6
233,0.0,34.21
233,22.06,53.5
233,0.0,15.55
233,0.0,7.35
233,0.0,17.32
233,0.0,23.74
233,9.44,20.89
233,0.0,25.12
233,0.0,22.64
233,28.63,38.96
233,0.0,23.61
233,19.45,21.3
233,9.08,12.48
233,20.41,44.95
233,10.74,48.74
233,8.15,36.8
233,3.73,35.4
233,0.0,41.24
233,11.31,42.95
233,0.89,21.3
233,0.0,31.27
233,12.5,44.77
233,6.62,28.02
233,12.92,35.74
233,8.0,47.33
233,18.19,60.32
233,13.86,44.84
233,6.34,20.05
233,13.19,26.36
233,25.18,47.34
233,0.0,25.79
233,0.0,43.58
233,20.37,52.94
233,15.99,45.75
233,44.18,53.72
233,9.43,21.47
233,4.65,12.67
233,13.87,25.35
233,19.26,34.05
233,15.98,23.95
233,5.03,25.43
233,24.69,32.42
233,0.0,28.9
233,0.0,43.17
233,28.59,34.16
233,17.09,27.47
233,2.55,44.49
233,9.81,65.43
233,34.92,39.06
233,5.22,28.1
233,0.0,15.72
233,8.97,30.97
233,19.68,20.82
233,13.01,39.49
233,21.81,52.4
233,0.0,24.48
233,0.0,27.52
233,22.43,41.83
233,0.0,25.91
233,0.0,14.66
233,0.0,47.02
233,0.0,18.52
233,0.0,32.88
233,0.0,32.33
233,26.23,29.11
233,0.0,40.48
233,37.68,17.01
233,18.83,37.7
233,43.7,24.38
233,0.0,34.33
233,2.85,24.67
233,26.09,35.03
233,0.0,42.9
233,19.05,31.94
233,7.16,30.23
233,20.82,24.98
233,26.36,34.85
233,1.58,44.67
233,0.0,32.9
233,0.0,49.1
233,0.0,30.92
233,1.33,54.86
233,8.41,12.22
233,1.08,27.78
233,11.95,24.71
233,17.98,32.7
234,49.24,25.49
234,59.02,59.54
234,37.37,46.0
234,43.95,45.05
234,56.82,41.81
234,28.28,36.9
234,33.13,49.94
234,49.03,36.46
234,45.86,60.05
234,50.82,48.14
234,26.12,38.05
234,43.57,41.32
234,44.67,33.51
234,50.5,53.34
234,59.01,27.76
234,48.59,41.45
234,33.73,35.58
234,52.21,25.48
234,25.22,38.85
234,49.27,4.03
234,54.27,44.03
234,47.17,51.28
234,56.5,28.41
234,30.81,30.25
234,77.47,32.12
234,35.99,45.47
234,14.11,51.04
234,31.35,48.61
234,86.13,47.16
234,62.17,38.35
234,31.52,12.01
234,63.27,31.94
234,64.62,44.36
234,29.12,44.18
234,63.86,32.0
234,42.64,13.6
234,57.07,43.89
234,60.48,24.49
234,60.19,24.53
234,45.39,45.48
234,37.3,35.93
234,54.83,44.07
234,58.67,18.97
234,54.06,33.16
234,47.18,15.91
234,56.74,45.39
234,26.8,43.08
234,57.51,23.49
234,45.33,31.45
234,62.44,40.8
234,50.08,23.14
234,55.83,15.09
234,55.58,33.58
234,43.15,42.53
234,38.24,23.09
234,60.16,48.79
234,52.22,38.44
234,51.59,48.28
234,59.99,22.49
234,56.05,22.95
234,65.68,26.71
234,43.44,50.1
234,54.95,34.79
234,65.37,31.88
234,39.97,49.07
234,35.43,20.6
234,46.73,36.9
234,48.48,32.93
234,50.97,51.73
234,58.28,44.44
234,54.91,28.62
234,81.97,52.8
234,64.62,36.03
234,40.12,40.41
234,59.65,38.39
234,47.53,52.8
234,56.38,7.44
234,52.2,39.92
234,25.08,58.96
234,38.77,20.12
234,49.99,23.27
234,57.82,36.61
234,33.67,47.87
234,66.05,37.73
234,59.7,31.64
234,35.25,33.89
234,47.94,30.0
234,59.76,28.91
234,63.47,19.05
234,30.43,57.38
234,39.55,35.96
234,61.48,22.87
234,33.25,46.38
234,55.83,8.35
234,47.91,19.81
234,45.33,37.32
234,17.52,33.48
234,61.87,40.24
234,38.41,23.96
234,40.25,29.25
234,54.27,31.83
234,48.07,24.97
234,48.01,21.69
234,46.08,51.16
234,40.76,22.43
234,39.91,31.14
234,55.71,23.33
234,35.72,27.23
234,39.52,18.04
234,48.64,19.8
234,56.09,29.97
234,38.18,30.3
234,37.35,36.91
234,44.2,57.04
234,36.35,36.4
234,46.37,28.39
234,18.8,7.95
234,67.5,19.61
234,47.06,53.33
234,24.68,41.9
234,40.42,37.43
234,48.67,40.0
234,46.3,21.07
234,30.6,37.77
234,63.95,31.35
234,59.0,46.2
234,30.84,32.27
234,52.07,25.04
234,35.84,37.32
234,30.09,29.02
234,35.84,40.39
234,57.3,34.19
234,34.54,44.74
234,51.12,23.59
234,29.03,51.11
234,56.5,38.32
234,43.8,34.28
234,53.03,44.94
234,31.51,41.65
234,75.42,41.13
234,72.63,38.95
234,14.45,41.85
234,64.21,31.29
234,49.68,40.47
234,53.95,28.09
234,53.2,25.32
234,59.62,28.42
234,40.01,15.0
234,28.22,20.42
234,39.16,30.4
234,37.5,16.27
234,48.07,29.66
234,47.66,43.16
234,41.18,30.39
234,38.86,29.67
234,56.63,32.12
234,34.06,5.1
234,57.77,35.13
234,47.25,41.64
234,40.64,44.29
234,34.91,28.57
234,66.06,50.09
234,25.3,36.63
234,53.6,44.76
234,46.2,30.34
234,44.54,49.86
234,31.21,28.47
235,66.06,35.74
235,41.55,58.64
235,30.2,44.94
235,35.09,52.33
235,56.33,48.57
235,67.04,53.77
235,34.32,52.03
235,51.79,49.36
235,39.51,55.52
235,15.45,63.67
235,55.19,57.36
235,32.43,65.67
235,54.99,67.52
235,53.17,49.04
235,40.25,68.0
235,50.81,49.62
235,57.06,39.78
235,23.81,56.4
235,50.07,60.2
235,52.28,68.0
235,43.19,63.43
235,66.57,68.0
235,48.82,67.85
235,74.94,47.64
235,65.11,59.85
235,69.92,47.19
235,55.9,55.2
235,61.23,54.76
235,42.86,57.75
235,73.57,68.0
235,31.96,68.0
235,69.8,54.12
235,44.23,50.09
235,28.52,67.4
235,54.23,56.64
235,45.17,68.0
235,54.56,28.37
235,71.74,54.4
235,31.17,68.0
235,66.46,40.7
235,56.1,37.78
235,57.44,38.25
235,23.02,55.43
235,52.99,46.54
235,60.8,58.42
235,72.67,64.7
235,26.1,46.89
235,42.27,59.83
235,82.42,54.98
235,19.33,31.88
235,61.6,43.42
235,50.25,59.75
235,37.97,60.67
235,41.47,38.59
235,79.77,52.55
235,58.1,30.34
235,44.78,53.74
235,36.53,60.6
235,58.5,36.69
235,42.69,42.87
235,35.07,39.19
235,43.87,55.97
235,52.41,62.47
235,44.33,68.0
235,70.01,37.33
235,57.27,53.55
235,42.76,65.0
235,57.03,57.22
235,42.63,38.83
235,44.28,51.97
235,46.59,65.1
235,40.3,54.19
235,61.18,61.47
235,60.38,64.38
235,33.82,38.54
235,68.58,44.95
235,52.97,46.21
235,18.83,52.81
235,49.14,53.15
235,54.41,63.82
235,37.15,45.51
235,77.41,68.0
235,34.53,68.0
235,53.41,63.85
235,37.14,68.0
235,37.76,52.0
235,47.57,37.64
235,35.46,39.84
235,41.52,56.12
235,37.37,49.74
235,25.28,45.96
235,41.87,62.9
235,73.17,52.53
235,38.56,39.48
235,45.22,40.94
235,47.27,64.99
235,68.74,38.17
235,51.77,39.42
235,34.28,66.72
235,23.8,62.32
235,33.84,68.0
235,47.59,63.13
235,30.64,60.63
235,63.26,56.76
235,41.53,56.93
235,63.52,65.92
235,40.92,44.45
235,35.09,51.05
235,33.32,42.15
235,52.52,56.41
235,62.57,61.53
235,51.82,59.31
235,30.33,42.96
235,47.08,66.37
235,43.69,47.1
235,17.86,51.09
235,46.51,64.72
235,57.51,54.7
235,67.19,51.51
235,56.65,68.0
235,25.28,57.55
235,34.68,54.42
235,58.26,51.26
235,31.16,49.82
235,53.86,54.72
235,39.68,45.5
235,45.18,45.06
235,31.46,49.58
235,50.55,61.7
235,40.47,65.21
235,69.03,34.54
235,40.08,57.22
235,76.6,52.13
235,52.59,68.0
235,43.45,51.28
235,37.02,41.51
235,43.57,62.49
235,40.3,62.13
235,46.06,51.54
235,42.84,58.93
235,66.43,66.46
235,55.51,68.0
235,58.94,60.1
235,61.39,46.9
235,40.47,39.88
235,29.91,46.8
235,51.17,64.73
235,46.24,60.12
235,44.17,33.96
235,76.81,32.42
235,53.82,25.67
235,32.65,59.11
235,49.7,50.1
235,52.1,50.0
235,36.86,53.44
235,56.3,49.27
235,31.26,47.94
235,35.54,68.0
235,42.08,62.96
235,40.64,64.35
235,47.54,68.0
235,36.29,66.24
235,51.21,42.98
235,50.35,60.46
235,4.18,33.88
235,63.37,45.49
235,52.48,64.74
235,43.7,47.17
235,35.22,58.91
235,55.04,68.0
235,37.78,53.29
235,40.38,51.07
235,42.1,50.91
235,41.0,49.77
235,42.62,48.92
236,42.57,14.47
236,42.49,34.61
236,46.98,0.0
236,31.24,24.14
236,43.4,3.2
236,54.72,16.29
236,30.81,21.28
236,52.52,13.99
236,55.2,15.11
236,69.53,12.54
236,50.36,14.44
236,36.37,0.51
236,45.32,3.83
236,39.24,13.62
236,43.57,14.62
236,29.03,12.87
236,45.1,2.14
236,62.56,24.69
236,63.2,17.39
236,54.78,16.99
236,35.78,14.37
236,52.84,2.58
236,43.68,0.0
236,42.19,14.68
236,61.56,6.77
236,41.99,7.55
236,41.49,21.51
236,52.26,11.93
236,28.51,21.15
236,43.81,6.77
236,62.71,10.32
236,65.48,12.49
236,34.68,0.0
236,33.41,5.37
236,38.58,28.88
236,3.74,6.62
236,68.38,15.7
236,55.38,5.81
236,31.78,5.97
236,28.36,16.36
236,46.29,0.88
236,50.85,22.62
236,72.93,21.9
236,39.79,20.45
236,49.09,0.0
236,39.98,14.24
236,43.88,34.61
236,70.62,0.0
236,81.79,31.61
236,55.25,0.0
236,28.97,20.2
236,58.28,0.0
236,46.62,16.03
236,49.73,26.24
236,44.29,0.0
236,38.79,37.34
236,52.95,1.55
236,38.84,17.83
236,42.63,2.4
236,46.67,27.58
236,50.08,32.91
236,27.06,9.67
236,50.99,31.06
236,40.2,16.91
236,53.11,10.73
236,74.87,1.97
236,35.07,5.52
236,45.27,24.0
236,41.34,5.48
236,39.14,21.44
236,30.99,10.4
236,47.91,31.3
236,34.15,6.61
236,67.66,0.0
236,50.24,0.0
236,29.75,19.22
236,50.87,13.42
236,47.43,14.16
236,31.46,21.34
236,45.59,0.8
236,48.89,6.65
236,74.06,9.2
236,31.83,15.63
236,50.8,4.42
236,30.88,8.84
236,41.61,8.08
236,33.06,0.0
236,64.96,8.29
236,62.79,18.48
236,60.63,1.24
236,37.93,0.0
236,35.19,10.02
236,46.3,6.26
236,70.33,0.0
236,59.17,0.0
236,78.04,24.33
236,41.97,5.34
236,45.95,23.29
236,55.43,20.51
236,45.27,31.96
236,45.29,16.66
236,32.77,6.78
236,34.79,20.97
236,76.05,0.0
236,38.99,24.08
236,60.48,33.9
236,24.43,0.77
236,46.74,11.1
236,32.49,14.96
236,43.25,9.71
236,58.1,12.58
236,42.26,5.04
236,70.99,7.01
236,50.34,45.96
236,48.63,15.26
236,41.38,0.0
236,34.67,7.56
236,36.62,9.12
236,52.36,31.83
236,36.18,30.03
236,42.51,15.06
236,41.69,1.33
236,67.93,16.38
236,48.11,4.17
236,49.6,17.23
236,34.86,24.76
236,34.99,7.4
236,32.56,16.05
236,44.58,22.24
236,24.39,19.49
236,55.77,0.0
236,51.95,13.27
236,30.15,0.0
236,42.91,17.34
236,61.03,23.25
236,45.49,18.77
236,29.77,17.54
236,61.63,17.23
236,59.13,20.35
236,61.85,4.08
236,33.22,6.86
236,86.54,15.32
236,50.58,27.72
236,45.06,19.77
236,49.94,21.83
236,57.09,10.66
236,66.27,15.08
236,34.98,13.14
236,41.69,0.17
236,35.87,17.31
236,24.61,12.06
236,49.31,23.64
236,58.24,0.0
236,35.75,8.7
236,37.44,0.0
236,37.49,18.31
236,58.83,22.94
236,39.18,18.19
236,17.19,35.63
236,47.04,20.06
236,40.32,4.34
236,32.13,27.39
236,46.15,36.64
236,48.33,21.52
236,42.01,5.9
236,43.75,6.89
236,23.81,17.9
236,33.28,9.58
236,49.73,25.96
236,55.28,11.47
236,35.83,23.37
236,69.93,21.67
236,43.08,0.0
236,36.55,13.07
236,48.04,25.44
236,50.42,12.45
236,46.51,17.77
236,45.41,15.87
236,53.08,4.82
236,63.38,33.01
236,33.26,5.73
236,35.24,3.79
236,47.06,25.59
236,57.01,8.0
236,22.05,14.83
236,47.77,18.67
236,67.51,25.21
236,49.26,0.0
236,53.36,12.4
236,47.35,10.73
236,49.75,13.53
236,54.91,22.5
236,35.71,30.26
236,28.65,16.22
236,53.52,5.49
237,59.76,17.1
237,37.2,1.92
237,37.93,18.85
237,48.29,5.59
237,61.0,0.0
237,68.45,12.19
237,53.03,18.95
237,50.25,3.44
237,33.7,14.9
237,55.48,8.63
237,31.34,7.54
237,60.04,20.56
237,48.25,21.02
237,47.87,1.26
237,62.99,3.11
237,47.87,21.75
237,41.34,2.19
237,49.68,3.92
237,35.01,10.7
237,49.24,7.32
237,43.96,8.18
237,37.29,10.94
237,77.2,11.29
237,43.63,16.23
237,38.44,14.89
237,24.07,32.94
237,36.42,20.78
237,55.87,13.12
237,26.04,32.02
237,31.09,4.18
237,58.72,35.13
237,41.27,42.09
237,39.82,23.49
237,46.99,12.29
237,61.54,24.64
237,33.64,27.43
237,71.45,3.62
237,47.12,22.76
237,45.38,11.47
237,54.25,5.0
237,17.84,17.56
237,49.7,14.98
237,48.44,0.0
237,69.68,29.44
237,75.84,16.11
237,48.32,23.18
237,47.52,24.24
237,43.74,6.41
237,45.5,38.06
237,40.92,37.17
237,58.99,3.5
237,63.95,14.58
237,61.94,16.37
237,62.94,7.17
237,52.45,10.05
237,56.06,40.59
237,55.32,8.89
237,26.77,35.57
237,42.43,27.68
237,38.42,19.3
237,44.57,28.95
237,44.0,24.43
237,54.02,20.95
237,40.35,25.71
237,16.12,8.93
237,50.17,12.32
237,42.59,0.0
237,52.1,22.59
237,30.7,7.53
237,51.77,0.0
237,34.92,21.09
237,24.22,11.56
237,41.52,32.62
237,23.27,24.17
237,37.29,29.81
237,47.37,13.63
237,28.15,17.92
237,49.91,25.06
237,28.03,0.0
237,33.37,0.0
237,32.0,13.76
237,53.8,0.0
237,48.4,5.62
237,39.54,20.99
237,17.67,18.42
237,44.82,22.02
237,30.13,2.38
237,29.24,24.39
237,53.74,5.55
237,34.54,20.77
237,46.52,22.31
237,33.82,37.87
237,57.26,33.62
237,52.65,22.38
237,58.84,10.98
237,61.21,16.09
237,26.42,18.66
237,71.52,7.82
237,13.74,21.88
237,38.16,22.99
237,40.1,22.98
237,23.12,2.33
237,39.18,14.08
237,58.13,25.02
237,47.46,22.83
237,24.91,12.66
237,41.54,13.85
237,57.81,9.89
237,35.41,20.9
237,40.74,0.0
237,51.78,3.77
237,55.91,8.0
237,54.29,20.4
237,41.23,30.27
237,24.24,18.35
237,49.31,1.23
237,26.18,11.85
237,44.06,3.91
237,34.88,11.35
237,43.36,3.97
237,61.95,10.09
237,49.43,4.98
237,59.96,36.63
237,36.04,18.57
237,49.84,4.53
237,31.77,13.64
237,42.86,33.46
237,52.4,23.62
237,20.42,12.31
237,43.94,7.94
237,52.27,17.72
237,39.8,8.36
237,56.37,26.85
237,44.42,42.12
237,27.36,16.21
237,49.77,15.29
237,46.62,1.16
237,43.68,31.28
237,45.12,20.25
237,55.34,0.0
237,45.59,18.15
237,53.61,14.08
237,65.01,15.83
237,55.24,9.79
237,45.88,15.46
237,45.19,2.46
237,42.1,15.37
237,46.59,23.23
237,47.38,12.21
237,36.86,6.49
237,39.33,30.01
237,34.36,26.84
237,55.44,2.9
237,48.82,9.78
237,45.52,14.7
237,37.25,17.54
237,53.67,21.25
237,37.45,11.05
237,36.77,3.93
237,55.35,17.32
237,40.65,6.26
237,49.36,20.78
237,38.98,20.37
237,42.76,34.01
237,45.33,29.03
237,59.36,21.92
237,50.77,10.39
237,52.26,5.23
237,52.23,26.22
237,59.15,18.91
237,67.09,5.7
237,52.96,16.08
237,34.09,12.6
237,49.72,11.0
237,63.03,15.91
237,29.43,7.44
237,67.59,1.2
237,55.2,34.89
237,50.11,12.11
237,42.25,20.97
237,39.1,0.0
237,59.21,0.0
237,29.12,4.2
237,74.61,3.94
237,57.91,3.18
237,53.01,3.91
237,51.0,22.88
237,37.11,6.04
237,48.71,0.0
237,27.07,15.47
237,32.27,8.79
237,25.37,30.84
237,47.02,13.3
237,40.24,27.95
237,43.5,11.3
237,48.81,7.42
237,62.2,20.56
237,26.32,0.37
237,64.51,26.4
237,47.4,9.78
237,39.93,0.0
237,49.36,19.7
237,51.24,11.67
237,61.14,0.74
237,43.67,18.47
237,29.26,8.5
237,28.17,21.81
237,55.26,12.5
237,52.62,18.98
237,69.5,10.81
237,27.54,0.0
237,52.04,23.48
237,57.28,5.79
237,50.04,0.0
237,43.82,9.55
237,42.03,6.44
237,42.02,23.9
237,49.29,6.72
237,61.59,12.7
237,29.71,19.98
237,41.16,14.57
237,65.6,25.14
237,29.24,25.58
237,51.79,3.71
237,10.88,17.99
237,39.77,31.87
237,34.13,4.59
237,60.64,1.35
237,30.84,21.54
237,31.57,5.69
237,34.52,35.86
237,39.1,10.2
237,40.36,3.92
237,38.29,8.16
238,3.48,33.42
238,4.66,36.94
238,0.0,30.35
238,1.73,23.17
238,5.52,22.87
238,0.0,47.09
238,17.41,38.33
238,18.32,44.02
238,9.82,24.11
238,0.0,39.15
238,0.0,40.73
238,21.98,26.93
238,38.17,28.72
238,20.05,50.14
238,14.05,31.79
238,0.0,41.92
238,9.25,24.91
238,0.0,49.92
238,15.29,29.91
238,3.12,32.36
238,0.0,39.32
238,2.09,64.91
238,13.09,28.74
238,10.55,34.65
238,8.63,48.07
238,12.28,35.67
238,0.0,35.25
238,0.0,57.79
238,0.0,48.76
238,0.0,58.74
238,7.82,28.07
238,0.0,44.38
238,10.86,35.46
238,0.0,33.63
238,17.39,34.75
238,11.24,42.79
238,0.0,35.34
238,13.92,25.61
238,6.43,25.76
238,22.66,22.16
238,6.23,34.89
238,0.0,41.8
238,2.16,47.06
238,5.4,40.17
238,1.02,37.45
238,14.75,47.52
238,21.23,19.41
238,14.15,40.58
238,0.0,39.59
238,12.52,21.84
238,6.94,14.15
238,0.0,34.01
238,26.66,42.04
238,9.03,19.77
238,0.0,27.44
238,6.29,33.91
238,10.8,45.88
238,29.7,39.24
238,14.71,39.04
238,0.0,31.43
238,16.6,50.99
238,9.89,38.84
238,0.0,28.33
238,0.0,29.61
238,0.0,32.8
238,0.0,31.17
238,0.0,15.53
238,13.86,28.34
238,20.26,39.36
238,0.0,25.58
238,6.11,35.45
238,23.58,21.96
238,19.41,10.68
238,3.85,30.82
238,1.72,36.35
238,27.72,28.36
238,25.86,23.12
238,27.52,41.09
238,5.2,33.69
238,5.12,41.12
238,0.0,54.92
238,11.37,39.14
238,2.43,39.24
238,8.04,26.15
238,0.0,33.76
238,2.64,20.42
238,25.17,23.11
238,10.03,37.22
238,0.0,30.7
238,16.86,27.55
238,24.31,35.38
238,0.0,27.92
238,10.99,31.19
238,4.08,37.2
238,14.31,28.85
238,17.08,23.62
238,5.82,47.75
238,8.9,55.33
238,31.43,34.0
238,60.59,32.16
238,18.44,34.39
238,11.93,26.37
238,0.87,46.76
238,7.4,44.4
238,9.26,28.87
238,10.34,30.37
238,0.0,38.21
238,0.62,46.96
238,5.25,38.83
238,3.84,40.26
238,13.24,38.67
238,31.76,36.3
238,16.11,38.25
238,14.55,42.8
238,18.46,37.66
238,26.8,31.82
238,45.94,60.06
238,12.39,16.68
238,12.05,43.85
238,13.28,28.79
238,13.64,16.0
238,0.0,11.66
238,9.93,32.01
238,0.0,56.6
238,21.78,54.26
238,49.96,27.96
238,12.95,27.51
238,20.02,29.78
238,24.83,36.41
238,0.0,55.38
238,19.04,44.63
238,14.32,41.33
238,0.0,36.98
238,6.46,13.11
238,0.0,12.92
238,0.0,25.65
238,0.0,20.75
238,0.0,15.84
238,26.69,44.71
238,0.0,31.55
238,11.8,24.72
238,6.64,19.93
238,6.34,42.16
238,2.0,33.41
238,0.0,17.76
238,17.81,29.07
238,0.0,54.69
238,21.38,45.36
238,2.35,34.66
238,10.82,38.16
238,16.75,29.12
238,24.98,31.04
238,0.0,21.52
238,2.42,26.49
238,0.0,39.4
238,12.98,49.73
238,34.48,37.86
238,1.07,44.73
238,4.86,11.4
238,14.21,39.3
238,6.86,37.72
238,18.47,25.48
238,7.4,33.3
238,20.76,48.67
238,1.97,38.68
238,9.26,30.4
238,0.0,54.2
238,0.0,34.27
238,9.48,50.68
238,8.04,29.74
238,20.77,34.42
238,12.36,50.33
238,6.46,23.24
238,1.87,60.06
238,9.98,25.76
238,20.17,41.4
238,0.0,39.92
238,44.01,21.65
238,0.0,17.19
238,0.0,19.94
238,2.0,31.8
238,20.18,41.56
238,26.98,30.9
238,3.67,28.03
238,0.0,26.96
238,0.0,31.72
238,20.43,30.22
238,0.0,28.95
238,11.88,22.75
238,13.06,24.91
238,12.53,43.14
238,0.0,26.41
238,0.0,42.95
238,8.03,35.27
238,16.07,55.05
238,3.16,35.7
238,16.28,40.38
238,6.1,22.38
238,15.82,18.86
238,0.0,54.92
238,5.11,44.06
238,30.17,19.81
238,0.36,41.13
238,12.67,42.16
238,7.66,51.71
238,1.4,24.57
238,18.8,32.31
238,0.0,28.41
238,22.15,36.41
238,17.28,29.67
238,0.0,41.86
238,18.44,18.7
238,9.39,35.89
238,0.0,18.63
238,1.04,46.86
238,0.0,31.11
238,12.53,32.2
238,33.05,43.11
238,7.75,36.28
238,0.94,34.06
238,7.74,27.42
238,6.47,31.74
238,15.12,23.34
238,2.31,22.95
238,0.0,37.78
238,9.21,19.28
238,4.04,31.64
238,0.0,36.55
238,4.55,37.79
238,23.98,8.68
238,0.0,26.69
238,6.37,43.03
238,2.31,40.37
238,0.0,34.48
238,11.33,28.22
238,7.17,31.86
238,37.4,38.18
238,17.18,29.91
238,18.63,39.54
238,0.0,44.43
238,17.65,30.25
238,15.2,40.19
238,0.0,28.26
238,22.69,30.05
238,6.55,40.49
238,0.0,55.34
238,6.65,31.65
238,0.0,60.18
238,12.4,28.02
238,2.83,45.64
238,30.31,45.42
238,30.37,47.77
238,11.31,29.98
238,15.43,39.69
238,29.99,36.01
238,3.75,32.38
238,5.72,33.24
238,15.88,18.88
239,56.23,35.42
239,68.08,41.79
239,75.72,36.14
239,60.38,40.61
239,76.21,35.59
239,73.5,59.29
239,67.55,30.28
239,79.56,28.1
239,84.62,40.82
239,66.24,29.29
239,62.92,42.8
239,80.1,20.68
239,64.22,35.84
239,56.37,39.23
239,81.14,21.93
239,65.12,38.45
239,78.69,12.6
239,54.79,34.53
239,75.13,47.2
239,72.09,24.73
239,82.53,33.4
239,49.44,24.9
239,55.14,41.77
239,87.88,43.04
239,70.74,40.07
239,57.04,42.4
239,77.24,26.75
239,65.4,33.05
239,62.76,21.37
239,93.5,24.09
239,66.02,32.03
239,46.08,47.19
239,67.53,24.65
239,61.54,37.6
239,41.11,24.52
239,80.52,20.97
239,88.19,49.26
239,76.43,46.65
239,69.57,25.51
239,65.9,30.43
239,69.24,36.0
239,82.95,23.05
239,44.55,39.67
239,71.39,16.49
239,85.39,28.28
239,54.39,30.18
239,83.7,39.03
239,92.67,47.84
239,64.23,22.41
239,54.15,32.36
239,63.7,40.19
239,76.34,32.92
239,104.11,31.64
239,61.71,42.67
239,62.35,13.24
239,70.37,31.31
239,73.52,34.35
239,71.67,33.42
239,50.22,25.07
239,55.96,43.49
239,82.45,36.92
239,88.64,0.0
239,54.64,40.45
239,87.77,32.09
239,41.73,43.47
239,75.36,48.49
239,67.59,34.68
239,76.51,25.44
239,54.24,43.88
239,82.39,50.18
239,67.79,37.56
239,61.82,33.38
239,65.87,44.36
239,81.39,24.56
239,70.97,35.09
239,76.05,29.11
239,80.8,40.28
239,62.43,31.72
239,63.6,32.1
239,105.0,40.25
239,54.38,49.21
239,44.06,41.05
239,61.55,43.01
239,67.68,45.54
239,81.32,30.65
239,63.11,36.28
239,81.76,32.82
239,65.47,34.12
239,78.39,30.04
239,86.12,32.23
239,63.56,30.94
239,82.76,25.97
239,56.68,6.97
239,72.59,34.39
239,74.21,51.11
239,73.44,39.75
239,74.91,32.35
239,74.34,19.41
239,32.46,24.43
239,74.01,13.93
239,50.08,38.41
239,63.94,25.18
239,82.15,46.26
239,78.25,8.38
239,90.71,28.02
239,76.72,44.87
239,61.46,19.52
239,54.61,19.38
239,87.07,27.3
239,57.51,21.21
239,56.27,29.06
239,72.3,8.69
239,87.04,46.56
239,72.38,42.23
239,67.39,27.43
239,61.72,13.12
239,76.44,23.57
239,48.18,41.49
239,52.95,41.91
239,61.04,26.41
239,61.41,38.33
239,63.76,16.48
239,83.95,32.34
239,88.39,19.12
239,59.44,37.29
239,67.96,28.45
239,61.44,30.34
239,63.75,33.13
239,78.38,13.6
239,86.16,33.58
239,87.65,45.98
239,72.04,34.61
239,47.75,45.21
239,53.81,29.29
239,49.13,36.45
239,84.73,37.74
239,63.25,40.78
239,73.19,44.16
239,91.18,18.56
239,57.51,25.38
239,67.51,39.32
239,72.48,38.02
239,52.61,33.69
239,82.08,62.78
239,87.13,35.04
239,80.38,37.19
239,80.57,19.13
239,72.82,44.37
239,76.24,35.01
239,87.27,34.69
239,85.78,54.88
239,76.98,32.14
239,60.52,46.27
239,37.86,46.11
239,89.14,31.87
239,93.57,18.2
239,64.05,26.99
239,86.62,46.18
239,43.75,29.7
239,81.06,20.25
239,77.05,35.56
239,63.39,22.16
239,97.45,23.71
239,68.5,22.86
239,84.04,44.76
239,96.2,47.81
239,70.4,19.0
239,83.42,36.26
239,71.38,39.56
239,76.17,26.34
239,59.32,25.1
239,73.69,52.04
239,74.21,20.08
239,73.46,40.58
239,87.02,38.85
239,75.59,60.28
239,58.6,46.38
239,78.96,16.66
239,64.29,20.42
239,74.35,26.32
240,92.5,22.39
240,91.32,36.68
240,82.25,34.83
240,103.09,41.72
240,95.54,33.59
240,103.43,36.56
240,105.0,53.88
240,76.15,31.97
240,94.7,15.92
240,80.46,44.25
240,97.24,43.54
240,82.75,18.56
240,83.25,20.53
240,74.34,28.44
240,94.76,23.81
240,105.0,30.12
240,74.5,30.68
240,61.56,32.92
240,96.93,47.98
240,104.79,57.04
240,105.0,20.19
240,86.41,35.2
240,86.35,46.05
240,95.88,47.59
240,76.7,18.05
240,78.7,34.02
240,99.81,44.1
240,70.25,24.78
240,74.91,27.16
240,68.81,44.27
240,78.55,28.81
240,83.49,40.66
240,84.58,52.77
240,85.08,36.44
240,97.89,30.23
240,85.78,41.26
240,77.5,38.79
240,72.59,28.59
240,83.14,35.09
240,105.0,42.67
240,91.37,36.96
240,105.0,24.31
240,60.97,43.02
240,75.7,31.78
240,64.29,30.56
240,86.28,16.11
240,94.0,48.93
240,100.06,40.04
240,97.61,29.74
240,100.42,40.98
240,85.01,46.31
240,80.71,43.77
240,75.88,30.29
240,105.0,23.57
240,98.15,27.88
240,82.95,37.95
240,88.67,19.8
240,101.31,53.85
240,78.89,37.6
240,91.47,45.84
240,85.52,24.2
240,104.53,35.76
240,83.98,27.59
240,97.02,14.13
240,75.18,40.67
240,73.71,47.94
240,72.08,60.22
240,100.72,37.3
240,96.41,29.47
240,105.0,43.97
240,96.23,26.24
240,89.71,27.54
240,84.43,33.22
240,101.36,23.91
240,96.13,24.34
240,77.6,50.79
240,80.68,24.37
240,90.14,40.34
240,88.2,24.81
240,98.31,32.36
240,96.81,37.94
240,78.07,35.27
240,73.96,24.79
240,66.58,43.83
240,87.99,35.37
240,105.0,15.26
240,85.29,44.04
240,87.73,34.82
240,91.34,32.24
240,88.22,36.85
240,72.18,15.5
240,79.04,25.07
240,84.75,35.96
240,105.0,23.02
240,103.64,41.69
240,73.14,19.94
240,105.0,32.23
240,105.0,49.04
240,93.78,24.44
240,80.16,34.13
240,88.87,23.92
240,105.0,17.0
240,73.31,40.76
240,82.64,33.43
240,93.24,34.78
240,83.45,37.26
240,66.09,24.82
240,72.98,20.7
240,70.19,36.03
240,82.22,50.28
240,105.0,37.5
240,105.0,18.44
240,88.47,66.33
240,96.42,20.41
240,90.29,13.85
240,85.5,53.36
240,88.49,25.05
240,83.81,28.55
240,71.46,46.76
240,88.39,52.35
240,77.61,32.0
240,81.28,42.15
240,93.98,53.93
240,67.29,21.01
240,73.54,37.19
240,87.86,29.76
240,72.58,20.7
240,79.63,44.24
240,99.1,47.16
240,84.35,41.04
240,78.18,40.33
240,98.18,30.97
240,65.43,37.53
240,69.04,40.16
240,70.07,59.79
240,79.13,16.24
240,67.52,27.3
240,105.0,31.89
240,54.19,39.27
240,93.35,50.37
240,82.65,45.25
240,88.74,30.79
240,80.52,41.08
240,84.94,32.74
240,75.02,36.81
240,103.35,45.36
240,70.83,4.77
240,85.87,31.04
240,105.0,23.27
240,98.17,24.3
240,71.89,27.27
240,104.55,13.42
240,92.06,48.12
240,82.06,62.08
240,98.34,36.12
240,105.0,51.79
240,78.39,26.81
240,81.95,48.66
240,81.43,28.92
240,95.26,27.72
240,99.46,35.81
240,96.26,53.98
240,75.4,46.75
240,105.0,50.19
240,77.23,18.32
240,91.44,21.94
240,85.66,28.67
241,56.42,30.96
241,51.31,44.49
241,58.26,22.85
241,89.55,40.04
241,57.52,29.89
241,54.85,29.03
241,44.73,32.54
241,70.93,35.68
241,58.41,18.18
241,48.86,23.47
241,68.47,27.07
241,55.29,36.96
241,57.29,13.8
241,46.68,44.1
241,34.93,50.89
241,70.51,25.01
241,65.25,34.07
241,63.95,44.89
241,58.12,33.0
241,52.62,30.7
241,61.22,43.82
241,68.8,47.65
241,64.99,27.79
241,50.77,27.31
241,72.5,39.08
241,60.7,27.01
241,60.42,22.76
241,52.8,27.42
241,53.99,22.83
241,62.68,19.7
241,42.64,51.62
241,54.63,19.61
241,53.03,34.52
241,57.31,13.38
241,63.58,51.33
241,41.84,34.6
241,81.91,50.55
241,59.55,25.19
241,67.44,60.31
241,72.23,21.09
241,83.79,40.12
241,62.12,6.9
241,48.26,28.93
241,43.65,33.23
241,65.89,34.01
241,55.46,28.65
241,81.3,38.47
241,50.71,28.23
241,46.94,49.91
241,46.17,39.23
241,90.5,19.31
241,80.87,38.42
241,46.85,33.37
241,55.69,8.48
241,54.95,50.72
241,37.24,22.82
241,58.52,35.23
241,68.72,38.21
241,61.02,34.18
241,56.71,42.61
241,54.92,43.57
241,54.67,36.08
241,62.63,23.48
241,78.71,35.11
241,55.26,46.92
241,50.14,32.56
241,48.25,17.89
241,84.49,46.55
241,84.16,28.9
241,59.49,43.67
241,61.58,27.94
241,56.81,39.62
241,45.55,31.09
241,59.73,27.15
241,40.94,39.37
241,49.54,25.27
241,53.58,14.84
241,73.94,41.92
241,60.85,27.6
241,47.3,37.11
241,74.23,36.68
241,58.37,41.47
241,47.08,43.89
241,68.11,39.34
241,62.14,40.81
241,31.02,44.01
241,62.06,28.04
241,51.07,27.18
241,49.26,40.55
241,55.86,15.24
241,36.2,20.04
241,56.88,15.62
241,63.5,46.17
241,49.17,45.93
241,56.15,43.06
241,60.54,34.49
241,66.07,29.02
241,67.99,31.48
241,51.93,38.18
241,56.42,41.64
241,39.97,21.74
241,51.47,41.85
241,77.1,45.87
241,47.19,42.96
241,75.21,17.63
241,45.34,42.15
241,69.09,33.13
241,63.06,51.16
241,81.54,32.59
241,28.32,46.12
241,49.59,50.1
241,81.64,42.93
241,61.28,27.96
241,67.08,39.31
241,48.98,25.14
241,45.99,27.84
241,75.64,46.79
241,59.21,34.52
241,102.17,32.47
241,61.92,52.17
241,70.15,49.43
241,73.71,22.16
241,66.41,35.21
241,70.56,29.7
241,77.15,31.36
241,59.58,45.56
241,52.63,41.5
241,72.79,16.59
241,81.15,46.41
241,50.72,28.99
241,82.02,38.84
241,45.0,41.6
241,60.73,42.31
241,40.16,27.81
241,35.92,38.89
241,57.04,43.47
241,66.48,32.6
241,58.57,29.02
241,84.34,22.99
241,44.21,53.89
241,59.96,20.87
241,50.55,23.85
241,54.42,36.62
241,51.62,23.13
241,54.58,53.85
241,58.07,20.69
241,43.48,36.11
241,73.4,44.21
241,75.8,20.84
241,61.66,25.23
241,57.51,35.36
242,85.19,27.04
242,89.46,45.28
242,96.91,35.37
242,76.69,39.58
242,88.11,41.36
242,85.06,49.36
242,76.24,44.14
242,98.58,30.39
242,66.49,42.3
242,70.38,39.53
242,96.89,44.78
242,69.7,36.14
242,105.0,51.59
242,68.94,37.17
242,105.0,18.06
242,99.86,36.23
242,67.25,25.98
242,88.46,30.71
242,69.59,34.11
242,77.28,40.64
242,81.89,30.96
242,61.13,51.72
242,78.67,36.02
242,84.82,32.56
242,84.9,46.1
242,69.54,38.32
242,81.6,19.42
242,90.3,22.96
242,97.37,54.11
242,105.0,35.1
242,102.42,34.56
242,75.93,49.0
242,80.97,34.99
242,92.77,31.21
242,104.48,35.26
242,105.0,31.26
242,65.49,34.09
242,100.85,36.24
242,71.23,39.76
242,84.32,32.61
242,100.67,34.53
242,77.15,35.47
242,81.76,61.23
242,105.0,39.95
242,105.0,6.45
242,93.96,33.1
242,63.92,20.73
242,66.61,31.06
242,89.67,31.49
242,94.06,17.13
242,91.37,54.56
242,74.54,36.07
242,87.23,45.82
242,101.41,26.99
242,85.88,34.02
242,76.12,42.33
242,89.08,20.96
242,94.18,62.94
242,83.3,47.86
242,91.97,36.71
242,85.63,27.87
242,69.2,36.74
242,83.71,10.6
242,101.07,38.5
242,82.9,50.73
242,105.0,18.49
242,63.68,28.03
242,93.5,24.53
242,95.72,46.96
242,73.6,40.03
242,87.33,27.85
242,59.2,34.06
242,88.69,36.12
242,82.22,21.43
242,92.61,22.45
242,95.5,28.94
242,85.35,24.51
242,72.93,32.9
242,70.31,25.39
242,73.22,35.93
242,91.94,33.45
242,91.64,41.14
242,58.72,37.24
242,105.0,13.21
242,91.85,29.28
242,81.53,39.64
242,78.19,47.77
242,82.24,47.21
242,103.44,48.5
242,98.4,35.54
242,86.62,46.59
242,101.08,54.88
242,98.1,43.49
242,85.41,37.76
242,102.23,40.4
242,104.63,13.27
242,103.21,29.27
242,95.22,5.58
242,94.74,33.37
242,76.68,24.67
242,62.76,16.5
242,91.45,39.11
242,84.95,26.38
242,82.93,32.27
242,69.88,38.61
242,97.64,17.73
242,85.6,42.01
242,74.55,34.65
242,79.12,39.66
242,73.88,25.52
242,83.84,45.83
242,87.8,34.27
242,94.21,36.01
242,64.21,29.66
242,89.75,18.12
242,67.82,34.88
242,82.42,40.74
242,93.38,32.07
242,84.96,23.61
242,61.17,29.47
242,81.8,40.08
242,105.0,43.1
242,101.34,44.41
242,105.0,44.94
242,88.84,22.42
242,78.54,38.7
242,82.72,36.26
242,90.06,30.3
242,84.04,14.28
242,97.11,29.54
242,95.0,53.39
242,69.26,37.78
242,99.27,31.89
242,90.12,24.38
242,105.0,41.14
242,101.14,52.08
242,102.45,40.64
242,86.98,20.89
242,70.94,23.46
242,105.0,21.33
242,97.78,57.27
242,105.0,36.94
242,81.84,41.96
242,92.59,38.1
242,88.78,38.77
242,79.74,25.87
242,66.68,23.05
242,83.79,21.26
242,77.79,33.82
242,104.43,28.68
242,92.74,28.27
242,81.7,35.15
242,103.64,15.88
242,99.81,20.53
242,90.29,46.27
242,88.17,48.92
242,75.87,51.07
242,91.05,30.87
242,86.31,33.15
242,103.78,46.18
242,94.27,16.67
242,84.27,31.66
242,105.0,38.68
242,81.0,30.99
242,82.87,46.06
242,89.91,35.11
242,96.78,20.59
242,94.0,29.62
242,105.0,24.12
242,96.26,45.54
242,65.22,42.87
242,91.43,42.3
242,89.81,42.25
242,77.2,43.95
242,86.22,59.56
242,71.58,31.25
242,92.18,34.19
242,87.03,34.16
242,75.84,37.1
242,82.2,37.65
242,104.1,51.11
242,89.83,50.94
242,84.5,36.75
242,79.12,43.86
242,96.23,17.71
242,99.09,40.75
242,97.89,55.16
242,96.75,0.0
242,102.02,43.36
242,84.03,44.92
242,78.95,33.09
242,93.02,42.62
242,89.87,30.2
242,85.2,54.17
242,89.1,45.66
242,105.0,38.71
242,92.92,20.06
242,98.08,27.0
242,69.68,10.3
242,103.77,34.3
242,89.11,38.22
242,90.28,31.6
242,85.22,31.31
242,72.75,30.23
242,68.08,25.13
242,77.88,31.57
242,105.0,37.5
242,105.0,15.84
242,90.14,51.28
242,93.29,30.24
242,105.0,27.14
242,91.05,44.27
242,63.44,47.15
242,104.73,54.19
242,88.9,49.73
242,91.06,19.97
242,87.74,39.01
242,85.31,45.01
242,98.53,43.75
242,90.08,18.17
242,91.1,26.22
242,77.09,27.07
242,105.0,43.21
242,105.0,29.29
242,101.37,40.91
242,105.0,32.65
242,90.14,43.36
242,101.52,37.52
242,99.27,38.84
242,90.09,14.36
242,87.31,25.3
242,88.08,42.79
242,90.82,31.82
242,71.4,23.33
242,96.69,19.02
242,103.75,15.62
242,81.03,39.75
242,81.76,56.85
242,79.53,15.85
242,83.7,39.26
242,73.41,31.43
242,82.48,33.16
242,101.62,37.19
242,74.34,17.95
242,85.64,35.62
242,97.82,54.13
242,93.18,37.87
242,95.89,36.2
242,95.22,36.38
242,90.82,32.99
242,73.52,43.6
242,89.35,47.88
242,80.07,31.8
242,99.09,18.99
243,85.37,34.25
243,70.38,64.87
243,87.57,16.07
243,89.75,30.01
243,87.52,40.95
243,78.81,3.14
243,73.28,41.93
243,67.76,49.4
243,59.67,30.27
243,89.99,26.37
243,73.83,28.45
243,65.97,37.67
243,80.52,35.56
243,91.82,40.58
243,75.04,24.73
243,86.2,44.01
243,87.7,32.6
243,74.25,61.93
243,69.28,22.91
243,85.11,49.52
243,76.56,26.13
243,76.23,20.08
243,71.85,33.76
243,76.01,21.0
243,66.65,37.93
243,66.56,44.86
243,101.1,28.71
243,71.78,24.83
243,82.35,44.74
243,68.48,22.71
243,90.3,16.89
243,77.32,43.81
243,70.67,36.07
243,48.2,33.45
243,64.72,23.74
243,82.9,41.25
243,44.11,42.3
243,61.12,12.49
243,30.91,65.87
243,43.11,18.67
243,75.75,26.66
243,55.67,28.73
243,76.28,11.89
243,86.53,23.3
243,68.5,27.28
243,71.8,29.75
243,63.88,25.16
243,75.8,46.65
243,72.14,37.51
243,55.89,44.16
243,66.05,30.31
243,89.38,41.39
243,89.43,36.14
243,73.77,42.31
243,36.51,22.42
243,83.71,46.98
243,54.93,36.04
243,64.66,34.39
243,72.68,49.23
243,91.76,30.88
243,68.78,29.98
243,80.24,48.52
243,49.81,29.7
243,75.2,31.76
243,85.29,17.37
243,66.93,23.89
243,70.12,45.08
243,91.06,36.68
243,67.36,22.02
243,77.76,27.49
243,61.64,23.68
243,71.14,37.94
243,58.3,39.1
243,51.83,27.31
243,65.81,22.33
243,87.45,15.56
243,75.44,49.89
243,81.96,30.93
243,57.43,40.08
243,99.59,22.31
243,84.52,29.97
243,59.25,21.27
243,65.98,41.02
243,52.07,42.47
243,50.57,42.85
243,77.16,25.14
243,42.71,35.11
243,73.64,20.58
243,62.44,35.35
243,79.02,42.48
243,73.49,29.66
243,53.47,32.28
243,68.65,23.45
243,73.68,24.81
243,72.88,24.97
243,70.67,26.08
243,87.94,44.53
243,86.23,26.09
243,57.26,33.74
243,53.69,42.92
243,55.03,37.34
243,69.2,62.36
243,74.6,41.44
243,95.39,30.47
243,60.18,18.25
243,71.89,47.05
243,68.8,28.99
243,77.93,25.26
243,71.06,23.72
243,60.74,21.59
243,73.73,31.41
243,94.24,28.23
243,71.11,36.08
243,93.58,58.3
243,70.55,34.67
243,87.4,53.17
243,64.4,30.43
243,78.3,31.47
243,86.74,8.51
243,82.87,47.37
243,95.13,24.47
243,105.0,42.52
243,52.57,6.79
243,56.99,26.37
243,53.25,35.29
243,97.08,31.57
243,64.08,24.65
243,67.48,36.06
243,78.79,42.09
243,71.44,17.95
243,76.64,39.34
243,64.22,45.74
243,90.76,44.67
243,57.72,34.17
243,70.64,30.58
243,75.44,40.92
243,80.57,32.06
243,76.99,47.64
243,67.92,59.46
243,62.8,21.02
243,94.66,37.73
243,55.01,32.98
243,82.85,11.88
243,55.87,38.31
243,77.96,32.44
243,84.35,43.08
243,54.47,43.85
243,80.72,35.87
243,63.6,44.26
243,41.83,20.25
243,82.41,33.27
243,58.19,46.85
243,63.13,43.23
243,52.75,32.1
243,62.65,38.72
243,90.27,25.1
243,95.06,50.95
243,60.96,44.31
243,69.49,35.36
243,75.31,38.23
243,58.12,39.2
243,80.1,40.81
243,90.36,30.97
243,55.93,41.47
243,89.56,55.71
243,56.21,43.67
243,68.05,30.34
243,104.42,30.26
243,96.16,36.52
243,54.16,50.66
243,82.82,38.97
243,54.63,14.31
243,78.66,22.92
243,66.72,22.98
243,79.92,41.04
243,76.22,20.19
243,75.14,45.85
243,69.41,52.67
243,101.13,43.61
243,65.62,11.54
243,63.37,24.73
243,92.37,31.14
243,58.44,28.09
243,85.19,23.89
243,67.89,25.18
243,60.89,35.0
243,86.82,28.28
243,75.97,30.53
243,72.91,41.86
243,74.44,8.99
243,80.98,16.25
243,53.16,28.63
243,86.15,29.47
243,49.61,27.24
243,57.78,34.14
243,81.76,29.87
243,85.32,50.67
243,65.02,22.66
243,82.98,35.07
243,67.7,31.1
243,50.64,33.33
243,63.72,30.4
243,53.87,43.67
243,71.86,38.09
243,75.55,21.6
243,77.54,47.46
243,54.57,39.54
243,77.61,30.11
243,79.3,42.49
243,89.37,27.05
243,64.64,36.05
243,58.07,21.71
243,61.49,42.52
243,74.47,38.1
243,71.54,33.97
243,69.6,39.84
243,64.52,17.0
243,79.74,42.96
243,78.96,25.56
243,68.39,52.7
243,102.31,33.48
243,54.61,19.88
243,65.06,58.75
243,58.8,41.52
243,62.0,22.6
243,68.74,36.88
243,76.09,45.16
244,46.1,0.0
244,46.58,17.55
244,25.3,2.11
244,42.56,21.93
244,26.32,0.0
244,50.66,2.09
244,38.55,14.78
244,48.36,29.31
244,45.98,13.06
244,48.65,15.8
244,39.67,1.55
244,45.97,13.78
244,48.24,9.33
244,63.72,31.95
244,49.62,0.0
244,55.27,21.95
244,55.51,6.08
244,45.7,11.72
244,54.07,11.71
244,52.01,8.36
244,23.89,1.94
244,54.0,0.0
244,59.61,41.26
244,51.57,12.28
244,32.78,2.58
244,35.04,21.76
244,35.66,23.48
244,50.15,14.27
244,56.62,2.71
244,19.33,24.29
244,40.52,4.81
244,45.75,3.9
244,48.59,2.03
244,34.83,1.85
244,45.43,21.94
244,47.44,8.03
244,44.55,40.68
244,49.71,16.78
244,43.87,15.47
244,49.22,16.69
244,36.23,7.57
244,45.3,23.26
244,39.48,4.56
244,47.0,8.65
244,45.85,23.6
244,38.91,28.94
244,41.27,36.81
244,42.41,9.11
244,41.95,20.0
244,20.29,0.0
244,62.48,31.32
244,42.38,12.16
244,53.18,21.77
244,23.52,21.05
244,48.09,19.21
244,43.33,7.04
244,25.07,5.9
244,66.06,24.06
244,63.44,8.36
244,51.18,6.32
244,56.77,12.81
244,51.5,12.52
244,40.78,9.35
244,23.1,12.41
244,32.12,17.01
244,38.78,2.9
244,72.76,1.19
244,34.11,20.25
244,41.6,18.49
244,46.79,10.25
244,52.17,7.85
244,43.21,22.77
244,40.53,1.05
244,78.22,1.52
244,39.44,5.56
244,77.22,0.0
244,40.71,35.82
244,47.02,0.0
244,56.32,25.23
244,41.17,17.16
244,28.57,18.16
244,49.48,32.28
244,29.52,19.0
244,15.21,13.4
244,51.56,30.36
244,31.71,0.0
244,57.44,28.05
244,49.13,15.07
244,55.31,13.1
244,63.25,11.31
244,55.27,17.91
244,59.84,8.55
244,37.58,3.42
244,60.4,14.84
244,52.99,21.79
244,52.29,12.64
244,59.34,19.31
244,59.95,21.92
244,50.06,21.3
244,21.97,20.29
244,63.89,20.83
244,39.53,17.2
244,50.4,0.0
244,54.8,6.09
244,18.64,11.02
244,41.62,23.05
244,48.28,8.68
244,85.12,24.77
244,57.83,29.76
244,34.2,38.17
244,61.6,20.96
244,65.17,6.68
244,42.89,18.3
244,46.83,23.14
244,52.79,0.0
244,52.86,27.15
244,45.64,8.43
244,32.04,16.24
244,24.53,2.7
244,33.56,25.75
244,38.9,0.0
244,44.22,13.33
244,55.26,8.51
244,34.79,22.64
244,34.36,9.33
244,52.35,27.71
244,35.77,10.82
244,37.39,20.69
244,44.27,21.7
244,43.03,18.26
244,31.15,19.95
244,55.16,0.0
244,60.55,7.68
244,40.21,8.52
244,74.5,21.29
244,36.53,26.95
244,46.15,17.06
244,29.11,10.66
244,39.78,14.27
244,69.85,17.34
244,50.52,13.08
244,46.65,6.71
244,35.15,1.27
244,27.82,2.9
244,62.08,1.36
244,51.17,15.87
244,35.31,7.01
244,34.27,20.96
244,53.12,0.0
244,59.13,5.11
244,27.18,12.06
244,45.35,15.87
244,49.08,14.85
244,47.41,24.75
244,44.3,30.34
244,27.08,19.04
244,46.91,15.36
244,56.21,19.9
244,27.59,12.88
244,48.14,27.19
244,51.49,13.53
244,31.52,11.9
244,37.96,19.46
244,34.79,6.66
244,46.5,30.91
244,31.66,0.0
244,23.98,2.63
244,51.65,26.07
244,59.69,31.94
244,42.02,35.89
244,20.52,8.09
244,30.72,13.09
244,39.34,17.55
244,48.34,18.97
244,35.81,25.82
244,48.91,18.98
244,34.56,42.55
244,61.06,26.39
244,26.06,27.4
244,42.92,4.46
244,38.24,24.1
244,48.09,26.78
244,28.3,24.53
244,47.46,0.0
244,38.75,5.85
244,48.5,5.98
244,38.4,12.42
244,60.43,11.03
244,45.61,48.43
244,41.34,8.96
244,41.88,14.93
244,42.27,21.37
244,54.02,15.66
244,46.61,35.75
244,42.28,20.17
244,55.43,11.71
244,73.09,11.31
244,37.17,25.15
244,49.01,29.16
244,35.49,21.16
244,52.63,8.98
244,62.82,8.3
244,27.97,21.39
244,50.26,32.5
244,24.26,23.25
244,38.36,10.97
244,44.75,12.84
244,53.87,0.0
244,31.97,27.23
244,30.04,1.86
244,36.25,27.07
244,48.17,15.88
244,26.7,37.51
244,77.18,26.36
244,36.74,18.7
244,34.44,14.91
244,28.63,7.85
244,52.49,15.5
244,38.87,13.38
244,53.18,0.0
244,50.39,28.76
244,70.56,11.57
244,30.47,11.28
244,45.14,0.0
244,42.64,9.96
244,19.13,22.68
244,51.72,6.11
244,41.99,3.56
244,55.4,11.64
244,48.02,15.72
244,44.95,25.54
244,63.04,28.26
244,36.33,13.52
244,56.48,0.0
244,50.4,8.0
244,66.96,25.34
244,42.82,1.86
244,75.16,21.37
244,40.01,39.97
244,51.51,24.61
244,37.97,18.15
244,56.77,29.0
244,38.96,18.82
244,80.54,9.95
244,48.44,16.43
244,44.81,2.32
244,33.87,0.0
245,74.32,42.14
245,84.48,26.17
245,78.74,39.28
245,88.41,56.44
245,79.35,34.35
245,78.91,37.94
245,85.36,31.37
245,66.58,25.82
245,76.53,28.17
245,104.07,42.39
245,96.86,21.88
245,88.17,26.62
245,68.37,27.3
245,74.41,39.15
245,84.7,30.54
245,93.06,30.06
245,79.88,30.41
245,95.3,36.31
245,85.91,48.3
245,99.29,49.4
245,93.5,21.06
245,99.49,35.23
245,88.15,42.84
245,81.19,54.47
245,99.06,21.69
245,90.06,36.07
245,90.47,44.54
245,94.17,27.66
245,103.11,28.28
245,93.5,29.05
245,101.74,38.06
245,57.97,30.92
245,94.67,39.18
245,105.0,27.37
245,101.79,47.28
245,75.17,39.33
245,79.47,14.42
245,105.0,40.86
245,105.0,17.41
245,94.39,27.76
245,105.0,33.15
245,85.39,28.46
245,104.35,41.7
245,76.48,56.2
245,94.41,11.33
245,72.16,27.64
245,96.37,36.03
245,80.18,32.32
245,75.8,12.96
245,105.0,47.63
245,95.59,35.6
245,77.85,42.38
245,79.5,40.2
245,68.3,30.82
245,79.81,19.88
245,79.21,34.98
245,93.2,19.18
245,90.65,45.76
245,75.65,46.99
245,75.08,38.55
245,105.0,32.05
245,99.4,45.6
245,100.1,47.78
245,87.56,40.64
245,72.74,48.48
245,93.0,48.9
245,80.04,50.9
245,105.0,48.45
245,78.1,5.19
245,105.0,39.35
245,84.47,35.62
245,87.96,43.02
245,105.0,17.46
245,73.71,21.13
245,104.3,54.19
245,82.04,41.19
245,96.79,37.58
245,100.58,28.06
245,98.38,22.86
245,71.97,26.16
245,81.88,26.23
245,90.18,41.63
245,75.12,37.54
245,93.1,24.27
245,101.69,44.22
245,81.55,3.07
245,99.95,3.09
245,88.09,42.46
245,91.5,52.92
245,96.87,3.46
245,103.49,28.6
245,75.21,53.71
245,100.13,16.38
245,99.66,44.38
245,90.15,30.3
245,74.53,44.75
245,94.87,47.4
245,93.72,38.13
245,85.52,24.53
245,98.08,23.17
245,79.37,28.53
245,96.38,15.56
245,88.82,42.21
245,98.39,12.95
245,70.98,50.4
245,52.12,25.19
245,71.21,31.2
245,88.95,27.47
245,105.0,52.64
245,92.79,39.83
245,105.0,45.62
245,98.3,28.2
245,61.59,41.87
245,89.39,42.45
245,79.8,34.71
245,76.33,36.57
245,88.69,37.35
245,93.0,36.83
245,65.37,42.85
245,76.98,24.52
245,80.37,1.34
245,86.21,26.29
246,15.05,43.06
246,11.19,31.95
246,9.15,21.74
246,0.3,22.23
246,0.0,32.62
246,0.0,35.57
246,12.4,41.45
246,23.97,32.61
246,0.0,41.52
246,6.7,36.35
246,4.18,34.22
246,0.0,19.78
246,18.65,23.09
246,12.81,35.12
246,41.63,40.5
246,0.0,47.57
246,5.87,40.39
246,8.82,42.07
246,0.0,44.82
246,23.04,31.78
246,3.02,44.66
246,0.0,41.81
246,19.43,42.49
246,0.0,36.59
246,11.36,39.69
246,0.0,36.19
246,3.45,17.28
246,7.79,49.96
246,15.76,45.23
246,8.14,36.4
246,0.7,42.61
246,12.97,28.37
246,0.0,26.46
246,21.91,29.73
246,45.07,32.27
246,8.92,34.51
246,14.83,19.44
246,0.0,12.58
246,7.04,20.11
246,16.75,25.13
246,13.27,47.86
246,0.0,12.96
246,1.32,41.48
246,4.24,22.61
246,4.24,29.72
246,0.0,36.22
246,22.99,34.67
246,19.72,41.33
246,0.0,3.43
246,34.6,56.36
246,18.65,44.03
246,0.81,26.48
246,5.05,42.0
246,6.01,48.2
246,0.0,68.0
246,0.0,43.81
246,0.0,32.16
246,20.09,31.54
246,0.0,21.35
246,5.95,46.84
246,3.27,39.64
246,1.31,40.71
246,3.35,37.92
246,17.1,6.15
246,0.0,23.38
246,2.5,3.19
246,14.0,38.88
246,0.0,26.39
246,17.5,33.1
246,24.45,31.57
246,0.57,54.64
246,22.85,27.99
246,0.0,29.17
246,0.0,23.23
246,29.6,22.62
246,8.42,29.94
246,10.63,28.66
246,0.16,37.02
246,0.0,15.89
246,7.74,20.83
246,35.53,37.07
246,2.79,19.86
246,21.76,32.74
246,35.31,36.48
246,6.11,31.63
246,9.02,30.68
246,4.02,35.63
246,0.66,24.21
246,0.98,54.61
246,0.0,26.01
246,2.01,44.56
246,0.0,42.09
246,8.93,11.35
246,39.92,20.8
246,13.89,37.91
246,11.61,57.9
246,2.48,42.52
246,15.97,48.5
246,8.23,31.23
246,0.0,51.62
246,13.76,47.24
246,0.0,0.0
246,3.35,28.96
246,5.64,26.78
246,4.45,22.05
246,28.98,36.35
246,20.76,51.25
246,0.0,32.05
246,0.0,26.22
246,11.14,36.97
246,26.72,38.33
246,3.57,37.67
246,0.0,19.7
246,11.19,47.99
246,3.83,16.52
246,34.29,21.83
246,0.0,42.51
246,0.0,48.13
246,2.15,28.66
246,0.0,27.18
246,12.8,27.11
246,4.67,21.6
246,21.09,27.48
246,41.39,23.78
246,4.24,23.78
246,0.0,30.3
246,1.78,35.06
246,0.0,42.19
246,16.87,33.26
246,15.32,33.78
246,15.42,30.92
246,6.66,24.03
246,3.85,32.55
246,20.32,39.57
246,22.4,39.13
246,31.92,26.47
246,22.06,32.59
246,10.86,42.65
246,0.0,37.5
246,21.05,26.12
246,8.22,19.7
246,11.75,6.39
246,8.29,48.51
246,0.0,59.25
246,19.63,42.13
246,0.0,24.54
246,12.23,30.51
246,13.72,27.01
246,2.82,30.47
246,19.87,37.45
246,33.94,39.01
246,5.08,23.5
246,3.29,37.55
246,7.71,4.52
246,15.26,49.93
246,0.0,18.9
246,1.29,34.65
246,7.25,39.54
246,0.0,36.36
246,0.0,39.65
246,14.8,48.35
246,0.0,27.25
246,11.59,36.48
246,0.0,27.0
246,9.87,46.5
246,0.0,32.34
246,6.78,32.58
246,25.99,31.53
246,0.0,37.71
246,0.0,32.97
246,11.38,32.93
246,3.9,29.68
246,45.79,31.07
246,0.0,35.01
246,8.03,45.07
246,41.59,37.82
246,11.9,28.66
246,11.8,29.59
246,0.0,51.43
246,3.4,17.1
246,9.06,19.12
246,0.0,25.63
246,20.05,40.97
246,0.0,24.18
246,24.17,23.85
246,0.0,44.48
246,15.86,17.93
246,20.12,41.59
246,0.0,47.57
247,64.08,40.34
247,30.48,35.0
247,30.52,43.6
247,57.7,21.33
247,22.57,26.2
247,26.74,32.8
247,53.83,33.84
247,42.46,20.27
247,13.77,16.37
247,31.54,23.83
247,39.5,25.82
247,29.04,37.6
247,28.5,11.12
247,12.98,59.2
247,38.46,24.21
247,57.27,15.98
247,35.29,18.99
247,42.54,32.3
247,18.66,23.47
247,16.21,31.77
247,19.79,29.43
247,33.93,34.99
247,31.58,32.57
247,8.99,38.36
247,25.49,52.06
247,30.63,29.47
247,34.5,22.34
247,30.93,44.0
247,41.49,38.15
247,12.25,32.63
247,53.87,35.9
247,3.8,27.81
247,44.12,48.66
247,47.57,44.23
247,17.34,36.74
247,55.0,30.31
247,28.2,14.53
247,27.82,42.5
247,41.78,34.93
247,31.77,44.69
247,23.96,18.28
247,25.7,32.2
247,32.75,31.34
247,22.37,13.36
247,37.12,17.39
247,23.57,36.89
247,24.27,62.51
247,24.51,48.13
247,4.28,13.92
247,26.36,36.07
247,35.47,26.13
247,51.78,41.14
247,49.76,35.24
247,30.21,27.01
247,29.87,43.11
247,21.16,34.65
247,39.95,36.74
247,13.7,33.95
247,18.56,34.08
247,10.47,35.03
247,28.61,48.52
247,32.58,43.8
247,15.1,46.95
247,17.6,11.61
247,37.42,38.74
247,26.83,22.44
247,17.74,36.03
247,21.97,46.99
247,39.08,22.13
247,37.63,36.57
247,28.25,27.93
247,16.18,45.03
247,13.48,36.38
247,6.77,30.53
247,18.36,31.29
247,38.15,37.15
247,19.88,53.02
247,16.72,36.91
247,17.9,39.52
247,24.19,44.64
247,43.57,32.11
247,18.04,23.15
247,22.18,35.22
247,14.58,44.04
247,42.03,33.19
247,29.41,22.55
247,11.71,41.45
247,16.23,53.53
247,35.18,34.66
247,43.96,25.16
247,21.8,45.61
247,38.6,44.21
247,34.83,40.48
247,54.45,36.68
247,17.09,36.04
247,53.29,51.11
247,40.09,42.07
247,18.17,33.4
247,38.62,38.57
247,19.99,32.24
247,32.97,31.81
247,37.66,31.53
247,21.88,41.85
247,53.66,31.84
247,29.82,33.6
247,30.63,36.48
247,40.54,42.67
247,39.62,47.93
247,41.61,27.21
247,39.26,40.04
247,58.01,40.58
247,33.21,36.01
247,32.58,15.17
247,47.41,33.76
247,30.12,36.23
247,14.91,48.33
247,23.59,47.48
247,23.64,41.18
247,52.06,60.51
247,19.99,40.16
247,14.5,28.84
247,41.29,44.55
247,56.66,32.62
247,11.46,38.78
247,57.34,23.97
247,17.61,28.21
247,6.26,17.84
247,10.61,34.26
247,30.79,26.87
247,24.46,59.18
247,28.83,47.68
247,22.84,29.11
247,12.79,25.79
247,38.72,26.46
247,22.93,25.23
247,44.63,23.75
247,38.8,33.27
247,25.3,26.84
247,23.11,22.57
247,2.2,47.88
247,40.8,27.97
247,32.32,27.76
247,36.13,52.1
247,18.01,54.5
247,30.07,43.98
247,13.77,36.54
247,16.48,26.24
247,47.09,45.61
247,25.33,28.28
247,28.01,18.23
247,10.65,29.36
247,17.24,21.81
247,15.05,25.13
247,25.96,49.4
247,21.65,50.08
247,25.43,26.32
247,36.8,26.68
247,48.57,24.51
247,35.93,53.32
247,16.3,51.09
247,12.84,26.84
247,16.76,46.1
247,31.88,36.86
247,43.03,38.66
247,42.42,40.92
247,56.91,31.67
247,28.54,30.7
247,22.95,52.21
247,29.16,34.15
247,6.24,38.45
247,29.75,54.73
247,25.23,39.91
247,14.25,35.13
247,46.65,29.81
247,20.3,26.28
247,23.51,37.21
247,9.72,27.32
247,31.93,30.96
247,55.28,14.37
247,32.6,39.05
247,44.17,25.39
247,21.36,55.8
247,38.52,25.52
247,20.11,30.4
247,16.18,33.63
247,35.52,30.01
247,48.22,14.62
247,18.66,35.03
247,34.04,39.68
247,4.32,30.92
247,15.84,31.68
247,63.78,30.7
247,23.77,25.32
247,21.8,27.52
247,38.11,51.06
247,16.06,39.45
247,37.96,43.54
247,38.1,28.61
247,25.54,44.83
247,48.8,47.17
247,9.3,30.27
247,25.12,62.67
247,47.16,24.16
247,42.12,21.57
247,23.93,25.46
247,21.18,29.26
247,32.98,42.51
247,4.24,26.8
247,30.2,12.69
247,33.61,28.15
247,20.01,30.74
247,29.85,38.55
247,30.02,6.67
247,10.58,30.59
247,29.1,33.57
247,11.58,34.7
247,21.38,42.06
247,23.24,23.81
247,49.68,32.58
247,41.14,35.0
247,49.9,30.96
247,22.12,38.58
247,26.25,23.76
247,33.41,39.32
247,31.25,31.35
247,44.5,42.53
247,38.77,46.73
247,41.92,43.61
247,26.29,19.67
247,39.89,26.91
247,23.68,36.59
247,61.11,30.26
247,25.97,27.15
247,31.87,43.45
247,40.0,22.2
247,61.25,16.1
247,43.98,23.39
247,18.95,37.85
247,43.91,50.0
247,9.31,54.34
247,23.21,31.19
247,19.98,23.43
247,24.52,34.29
247,40.09,35.72
247,44.28,15.24
247,46.29,13.76
247,23.43,19.79
247,11.19,47.45
247,36.32,31.19
247,32.88,28.01
247,6.49,39.52
247,25.3,45.84
247,16.6,25.75
247,2.18,35.46
247,32.02,36.43
247,21.58,43.55
247,21.87,33.89
247,30.95,17.95
247,4.66,33.71
247,15.43,37.82
247,33.07,32.55
247,37.08,26.61
247,47.55,19.5
247,32.69,46.3
248,32.62,48.59
248,54.94,38.48
248,38.67,50.15
248,23.17,37.86
248,57.75,47.46
248,19.39,29.78
248,42.84,46.7
248,56.01,40.59
248,47.96,53.16
248,55.08,51.92
248,59.94,56.77
248,33.55,67.11
248,45.97,67.45
248,45.21,49.81
248,44.65,53.95
248,54.65,42.84
248,54.26,51.95
248,58.98,68.0
248,33.02,43.83
248,49.97,68.0
248,31.91,32.11
248,51.39,55.81
248,67.09,44.6
248,65.54,28.53
248,29.04,64.23
248,31.44,54.82
248,51.51,58.65
248,38.54,45.54
248,62.25,62.57
248,55.77,49.04
248,52.5,64.5
248,32.25,48.54
248,56.24,64.46
248,53.51,58.43
248,45.18,68.0
248,26.93,58.49
248,65.32,66.42
248,31.1,57.66
248,26.55,63.89
248,52.24,55.03
248,59.3,54.95
248,36.35,68.0
248,33.64,54.98
248,50.2,36.85
248,70.56,58.3
248,68.35,68.0
248,57.98,54.77
248,49.92,53.8
248,43.14,48.44
248,42.66,47.62
248,41.96,44.65
248,48.28,51.64
248,39.95,38.86
248,42.39,32.36
248,37.89,53.13
248,43.7,62.77
248,44.73,36.78
248,49.13,68.0
248,53.06,63.87
248,84.14,56.49
248,62.09,68.0
248,60.8,49.49
248,63.12,54.38
248,52.5,36.53
248,25.27,55.24
248,52.86,60.51
248,41.86,51.03
248,38.92,51.52
248,26.49,41.19
248,27.84,68.0
248,43.45,34.07
248,49.71,68.0
248,46.36,45.33
248,40.45,35.47
248,52.53,51.61
248,55.28,51.9
248,53.01,55.17
248,53.59,46.68
248,56.06,68.0
248,22.63,61.2
248,50.87,54.84
248,38.57,50.71
248,69.85,68.0
248,60.73,50.69
248,49.77,52.86
248,43.42,49.6
248,17.9,67.02
248,31.05,54.91
248,39.8,44.08
248,50.84,59.54
248,40.96,61.25
248,65.15,46.96
248,38.35,60.18
248,76.1,68.0
248,29.95,68.0
248,55.27,67.0
248,44.55,55.75
248,41.91,55.18
248,45.15,66.6
248,35.56,34.66
248,49.47,52.24
248,36.16,45.97
248,48.82,47.05
248,51.11,58.08
248,47.86,60.12
248,39.28,45.07
248,64.02,35.6
248,23.4,65.97
248,52.1,57.13
248,68.28,51.75
248,60.3,43.33
248,31.6,57.66
248,36.7,44.9
248,44.63,48.26
248,31.06,63.69
248,36.86,60.28
248,26.78,58.99
248,54.75,65.25
248,59.97,41.8
248,37.08,64.0
248,41.47,63.94
248,33.39,67.07
248,53.29,58.17
248,36.62,54.9
248,33.63,60.57
248,55.38,66.41
248,61.45,54.47
248,47.48,64.03
248,24.18,18.43
248,60.46,35.06
248,25.1,65.16
248,29.63,57.83
248,40.88,58.81
248,49.55,49.1
248,40.21,35.14
248,62.87,67.25
248,49.22,61.95
248,46.54,67.84
248,28.56,31.27
248,63.32,65.47
248,44.04,64.54
248,32.75,60.3
248,37.58,54.96
248,63.91,46.95
248,49.25,60.24
248,43.22,49.25
248,38.84,61.87
248,52.39,49.01
248,27.57,51.23
248,47.9,44.66
249,89.68,33.81
249,51.56,30.21
249,105.0,36.1
249,80.42,43.28
249,66.47,39.95
249,102.13,23.06
249,99.24,39.95
249,83.78,24.35
249,72.19,34.88
249,91.41,12.65
249,82.83,30.72
249,88.6,27.66
249,88.92,21.68
249,63.15,30.39
249,80.64,44.56
249,82.02,26.47
249,86.87,18.79
249,88.32,51.45
249,66.66,30.19
249,79.94,48.3
249,84.52,23.45
249,84.82,46.07
249,101.57,43.75
249,97.2,43.6
249,105.0,40.75
249,74.08,45.91
249,99.94,33.06
249,92.42,32.13
249,83.87,42.69
249,92.57,53.33
249,103.35,66.85
249,84.25,36.52
249,101.39,26.25
249,91.91,33.28
249,89.03,26.45
249,105.0,34.08
249,76.33,34.2
249,97.12,37.72
249,102.48,38.77
249,93.98,38.01
249,84.43,18.88
249,91.24,26.22
249,70.32,23.14
249,76.73,41.65
249,99.18,13.25
249,80.75,48.53
249,73.91,41.37
249,92.98,36.95
249,81.71,22.39
249,94.55,33.93
249,105.0,17.89
249,86.52,43.97
249,82.46,34.62
249,74.52,51.84
249,77.74,50.85
249,82.69,37.2
249,68.69,43.61
249,100.62,52.67
249,84.04,18.09
249,95.19,31.62
249,93.45,33.18
249,94.38,43.3
249,85.02,37.19
249,99.39,36.43
249,100.71,19.59
249,91.2,26.44
249,72.41,41.5
249,104.46,34.16
249,80.75,30.22
249,100.98,31.72
249,93.97,44.48
249,76.37,39.67
249,92.83,27.7
249,81.7,55.92
249,81.19,34.58
249,105.0,26.73
249,72.11,26.09
249,89.43,40.26
249,100.72,45.02
249,89.2,48.91
249,76.97,43.65
249,95.54,38.91
249,81.52,23.02
249,83.63,44.99
249,61.4,37.53
249,100.93,43.2
249,96.38,37.16
249,96.76,32.76
249,76.05,33.54
249,73.55,37.82
249,94.37,33.01
249,90.48,18.47
249,105.0,56.21
249,96.25,24.82
249,76.48,14.22
249,75.49,28.85
249,91.71,21.92
249,96.88,66.28
249,102.68,32.25
249,93.01,44.56
249,79.88,35.64
249,82.4,9.94
249,72.22,45.48
249,103.78,21.13
249,88.74,39.27
249,47.61,17.88
249,95.6,36.24
249,87.5,32.5
249,81.16,31.62
249,91.33,33.74
249,91.17,27.51
249,97.07,8.36
249,93.39,42.29
249,92.19,46.54
249,82.89,37.31
249,100.39,17.72
249,61.73,29.31
249,91.56,36.49
249,73.25,22.72
249,84.87,40.51
249,95.34,44.05
249,83.37,25.98
249,85.13,47.28
249,98.69,27.91
249,71.49,32.04
249,97.77,33.82
249,85.34,46.95
249,105.0,31.61
249,77.59,48.85
249,95.04,24.62
249,93.82,59.36
249,64.3,18.87
249,91.91,40.26
249,96.21,29.58
249,81.29,8.5
249,105.0,38.77
249,71.53,40.6
249,72.55,45.3
249,80.1,28.66
249,77.11,35.4
249,92.18,42.75
249,97.68,31.97
249,72.14,28.11
249,81.12,35.99
249,83.57,51.39
249,93.43,28.1
249,72.1,31.71
249,70.86,22.98
249,87.68,35.47
249,91.22,45.39
249,98.87,16.57
249,105.0,31.06
249,79.74,45.15
249,77.83,28.64
249,93.88,27.01
249,90.1,27.65
249,101.37,41.14
249,82.86,35.56
249,77.2,46.32
249,98.12,29.3
249,88.91,35.05
249,101.81,33.11
249,88.62,38.74
249,89.9,16.74
249,66.73,34.48
249,78.05,39.01
249,98.84,0.0
249,105.0,28.03
249,105.0,33.84
249,105.0,39.49
249,85.83,48.7
249,94.03,58.91
249,92.46,35.98
249,81.51,41.22
249,88.53,32.03
249,91.3,42.46
249,76.99,32.87
249,93.57,56.09
249,94.52,50.32
249,77.34,36.06
249,76.92,30.38
249,87.53,36.35
249,90.46,29.51
249,80.07,36.45
249,105.0,21.46
249,105.0,49.96
249,105.0,27.91
249,82.8,41.49
249,81.73,9.34
249,77.69,25.26
249,99.68,53.99
249,77.01,38.68
249,95.78,52.52
249,95.56,33.87
249,103.31,30.78
249,99.84,45.1
249,92.81,36.11
249,84.1,32.83
249,99.45,53.48
249,105.0,52.94
249,91.13,50.14
249,92.13,29.63
249,70.33,0.0
249,78.71,26.93
249,79.32,32.15
249,81.6,25.06
249,105.0,28.68
249,82.71,42.88
249,91.09,20.72
249,87.22,23.15
249,96.13,29.86
249,81.5,33.66
249,69.2,54.95
249,101.9,29.27
249,92.59,49.56
249,100.81,34.01
249,102.65,40.01
249,77.8,44.58
249,91.67,60.72
249,78.41,25.64
249,58.78,39.0
249,80.94,42.79
249,78.64,20.15
249,97.96,16.59
249,85.16,14.8
249,96.58,11.66
249,96.29,26.34
249,72.72,42.04
249,74.31,27.7
249,93.75,31.38
249,71.35,29.62
249,78.19,43.77
249,102.4,41.59
249,86.05,37.83
249,62.15,50.82
249,69.58,31.31
249,103.77,40.62
249,96.56,29.52
249,81.07,21.68
249,90.91,39.81
249,99.94,34.29
249,76.11,31.78
249,94.13,37.11
249,76.8,36.13
249,93.71,32.4
249,101.96,12.67
249,103.69,25.41
249,85.41,32.52
249,97.58,36.59
249,94.28,36.64
249,80.81,22.95
249,71.19,30.55
249,104.79,0.0
249,87.72,37.88
249,85.02,44.11
249,94.86,48.07
249,105.0,21.51
249,61.11,22.15
249,105.0,45.25
249,86.37,47.13
249,89.37,30.75
249,75.33,35.69
249,67.47,40.36
249,94.0,19.81
249,83.51,40.31
249,80.28,44.89
249,76.65,31.52
249,64.18,53.11
249,86.13,30.48
249,89.69,15.37
249,97.12,32.94
249,90.97,19.07
249,88.48,39.03
249,73.8,45.82
249,100.01,21.28
249,83.37,42.61
249,90.57,40.81
249,78.52,25.92
249,99.38,31.95
249,103.79,35.52
249,80.37,35.57
249,105.0,29.82
249,100.97,26.61
249,105.0,20.61
249,105.0,23.62
249,88.4,27.47
249,72.24,43.21
249,93.88,14.47
249,67.34,32.84
249,101.43,49.65
249,91.47,7.73
249,81.16,37.52
249,85.31,29.65
249,105.0,34.2
249,93.72,33.07
250,84.35,39.35
250,82.88,31.41
250,94.06,35.61
250,83.61,49.02
250,91.23,14.76
250,98.48,50.0
250,86.35,58.35
250,77.07,43.63
250,56.81,31.66
250,105.0,34.15
250,96.5,45.41
250,75.46,42.72
250,84.91,38.18
250,105.0,22.88
250,76.6,50.3
250,101.39,41.3
250,105.0,39.11
250,83.71,45.79
250,73.71,32.96
250,91.01,38.31
250,84.65,28.43
250,91.28,31.86
250,80.27,40.74
250,80.32,35.07
250,95.57,36.01
250,62.16,31.79
250,91.54,14.05
250,79.98,48.3
250,88.74,25.11
250,66.36,43.87
250,105.0,34.31
250,90.39,38.99
250,100.97,31.79
250,73.94,29.95
250,79.56,23.42
250,88.98,48.47
250,88.01,42.39
250,92.77,39.29
250,86.94,42.53
250,86.73,38.87
250,89.23,21.63
250,86.34,40.76
250,83.33,29.56
250,80.69,39.87
250,99.86,27.14
250,76.05,11.31
250,71.76,29.11
250,87.94,28.88
250,94.71,49.58
250,105.0,42.44
250,79.34,67.01
250,89.41,35.17
250,82.86,33.02
250,88.58,32.63
250,95.9,34.32
250,77.65,35.53
250,92.68,27.02
250,77.37,32.03
250,82.34,27.84
250,98.69,34.5
250,83.21,53.19
250,86.16,47.48
250,101.82,68.0
250,105.0,36.15
250,101.64,48.91
250,88.36,31.68
250,77.35,40.54
250,78.19,32.11
250,74.38,58.78
250,79.06,33.9
250,87.52,27.88
250,85.13,37.8
250,84.67,29.47
250,93.85,57.57
250,94.5,38.54
250,90.7,57.61
250,95.16,37.4
250,105.0,37.43
250,95.37,37.79
250,101.85,37.75
250,98.48,42.12
250,84.17,40.32
250,100.15,26.6
250,79.21,35.34
250,72.81,31.84
250,102.35,29.48
250,105.0,17.56
250,82.52,19.99
250,95.98,30.95
250,70.09,31.34
250,105.0,50.4
250,84.52,28.39
250,91.33,18.22
250,84.78,20.64
250,86.81,33.47
250,68.22,43.29
250,76.91,45.31
250,88.22,32.59
250,92.97,56.16
250,101.65,28.82
250,88.91,21.25
250,105.0,29.86
250,95.12,21.67
250,96.93,29.98
250,78.87,31.56
250,102.15,52.15
250,95.22,23.21
250,105.0,56.72
250,70.35,38.16
250,56.9,55.59
250,89.21,44.02
250,97.37,28.27
250,100.4,30.77
250,89.01,32.68
250,105.0,30.39
250,86.32,51.9
250,87.57,30.31
250,92.63,13.64
250,75.06,31.6
250,88.26,31.66
250,80.28,31.49
250,95.95,34.94
250,85.33,37.12
250,86.54,50.96
250,83.93,40.16
250,93.28,10.75
250,105.0,21.79
250,77.73,30.32
250,88.56,41.65
250,98.33,37.83
250,93.24,22.56
250,105.0,41.16
250,62.39,40.69
250,80.0,46.06
250,86.97,28.77
250,94.93,41.94
250,85.23,37.02
250,84.21,17.25
250,86.54,43.29
250,83.98,34.79
250,104.8,41.05
250,93.03,9.79
250,86.15,32.41
250,92.43,27.18
250,71.59,47.12
250,80.8,31.16
250,81.06,34.6
250,102.76,31.8
250,105.0,38.31
250,79.58,34.39
250,104.09,28.1
250,91.17,39.57
250,85.24,33.94
250,81.4,29.3
250,84.9,29.71
250,86.11,43.23
250,69.94,37.89
250,85.27,19.34
250,88.56,33.63
250,71.73,50.98
250,81.91,26.92
250,82.54,35.61
250,70.6,23.65
250,103.71,29.76
250,88.21,32.02
250,66.3,40.75
250,96.11,28.26
250,78.86,50.91
250,70.7,23.04
250,86.79,37.4
250,105.0,17.63
250,87.69,35.53
250,79.95,45.97
250,97.06,37.73
250,77.79,20.75
250,105.0,56.35
250,86.9,45.54
250,96.68,30.38
250,65.84,35.23
250,88.39,35.91
250,73.74,17.01
250,84.08,26.01
250,90.73,34.25
250,82.1,49.32
250,81.74,26.74
250,105.0,31.79
250,58.55,44.19
250,97.88,41.38
250,85.0,49.56
250,79.28,42.14
250,80.85,37.65
250,91.31,37.74
250,94.51,48.42
250,79.87,27.14
250,91.46,42.42
250,61.72,29.25
250,100.5,30.04
250,90.78,36.54
250,69.06,34.12
250,102.52,27.81
250,92.62,32.32
250,90.66,33.48
250,76.98,40.11
250,72.5,34.21
250,77.45,38.62
250,105.0,38.04
250,83.0,27.73
250,96.66,37.99
250,97.77,6.86
250,105.0,55.24
250,94.31,57.9
250,71.89,36.24
250,82.88,27.22
250,78.05,39.45
250,93.7,19.56
250,98.44,49.06
250,98.58,39.83
250,99.03,26.33
250,105.0,20.97
250,101.22,7.68
250,69.09,38.99
250,79.3,16.72
250,105.0,29.62
250,82.39,33.6
250,91.45,28.17
250,80.85,18.91
250,71.01,34.5
250,92.33,34.27
250,103.63,32.53
250,85.34,52.87
250,59.47,54.87
250,85.77,32.09
250,84.86,43.33
250,87.89,28.88
250,80.67,17.61
250,67.83,38.26
250,77.6,18.65
250,75.51,46.01
250,98.43,33.42
250,88.44,30.58
250,97.7,23.01
250,83.54,33.87
250,80.67,29.72
250,83.29,16.42
250,77.43,31.47
250,95.49,33.86
250,64.23,39.18
250,84.02,28.21
250,83.02,32.78
250,84.38,28.95
250,93.42,28.8
250,65.26,29.82
250,93.18,36.82
250,90.17,30.14
250,93.63,30.41
251,0.0,44.5
251,29.14,53.61
251,11.94,14.73
251,6.24,46.17
251,17.72,41.39
251,28.79,37.91
251,0.0,44.6
251,0.0,53.26
251,10.84,27.45
251,0.0,68.0
251,0.0,19.93
251,34.73,30.52
251,0.0,40.96
251,0.0,28.49
251,17.13,32.95
251,17.74,40.16
251,25.91,36.56
251,0.0,53.16
251,3.76,49.24
251,16.56,28.47
251,2.22,37.59
251,25.75,44.54
251,1.92,11.21
251,3.95,36.45
251,3.45,29.83
251,23.08,33.53
251,12.96,54.87
251,3.09,43.49
251,0.0,39.13
251,9.56,26.22
251,12.87,47.05
251,11.07,21.93
251,8.11,32.65
251,11.82,38.66
251,0.0,37.09
251,10.23,29.96
251,6.07,26.38
251,0.0,53.81
251,8.49,20.42
251,8.33,44.53
251,0.0,31.26
251,19.94,23.87
251,2.11,30.78
251,8.55,31.53
251,0.0,21.47
251,5.81,49.81
251,35.91,37.23
251,14.21,22.82
251,4.78,25.79
251,0.0,13.88
251,3.22,37.44
251,1.75,29.86
251,13.12,17.29
251,0.0,23.23
251,17.66,27.02
251,5.11,24.44
251,0.0,62.01
251,21.78,44.86
251,2.97,19.88
251,0.0,40.71
251,7.27,31.97
251,13.02,35.98
251,1.14,29.84
251,16.27,41.06
251,0.0,48.76
251,23.0,35.46
251,0.0,23.6
251,0.92,34.53
251,21.71,42.82
251,0.64,44.07
251,2.79,30.96
251,0.0,18.15
251,20.3,46.61
251,7.05,32.11
251,17.28,38.46
251,12.48,55.72
251,0.0,40.38
251,0.0,41.49
251,0.0,32.33
251,31.05,41.91
251,3.78,10.22
251,30.13,9.16
251,0.0,36.25
251,15.98,16.9
251,16.43,52.66
251,0.0,45.49
251,0.0,52.09
251,26.82,29.96
251,0.0,37.49
251,23.6,33.14
251,0.0,30.53
251,21.54,22.92
251,5.8,30.76
251,19.31,25.28
251,17.24,39.39
251,26.99,27.75
251,26.18,48.08
251,17.1,24.87
251,4.04,31.12
251,0.0,38.1
251,5.75,33.32
251,4.53,27.56
251,27.81,42.58
251,25.52,30.34
251,9.6,46.04
251,15.5,33.03
251,31.23,40.72
251,0.0,38.81
251,11.45,15.74
251,0.0,54.35
251,17.61,16.95
251,1.53,45.62
251,0.0,29.6
251,23.74,33.65
251,7.1,27.1
251,26.26,44.69
251,24.32,25.71
251,12.2,21.66
251,0.0,48.86
251,13.63,49.16
251,3.14,32.86
251,37.94,20.91
251,15.56,28.93
251,27.55,29.38
251,11.67,44.8
251,26.6,51.68
251,16.83,40.32
251,4.06,32.03
251,23.6,21.87
251,0.0,40.09
251,27.65,41.83
251,28.66,18.92
251,15.65,32.16
251,1.59,41.99
251,0.0,30.15
251,19.36,34.5
251,16.28,44.19
251,0.0,34.57
251,2.89,8.9
251,0.0,46.73
251,7.26,39.02
251,0.93,16.76
251,8.58,44.11
251,0.0,24.53
251,25.74,43.74
251,0.0,19.12
251,20.18,40.48
251,22.55,36.71
251,0.0,23.0
251,2.2,34.61
251,8.82,51.08
251,0.0,55.36
251,5.16,30.77
251,0.0,45.33
251,5.41,16.82
251,0.0,48.75
251,10.5,45.29
251,2.87,52.5
251,12.26,28.37
251,0.0,28.3
251,0.0,46.96
251,4.12,37.82
251,0.0,34.26
251,20.22,43.09
251,0.0,41.63
251,21.48,34.61
251,15.36,44.74
251,9.86,39.36
251,23.62,34.04
251,0.0,18.32
251,6.29,29.52
251,7.3,37.22
251,2.24,17.99
251,8.06,19.61
251,5.0,18.35
251,0.0,33.28
251,14.28,33.13
251,1.09,19.45
251,11.56,23.09
251,8.54,46.99
252,56.84,68.0
252,80.13,49.8
252,68.27,34.28
252,54.74,67.01
252,57.49,57.22
252,87.29,65.26
252,51.51,55.04
252,105.0,68.0
252,49.05,57.71
252,87.7,66.49
252,77.63,66.09
252,83.81,51.84
252,82.45,58.11
252,87.41,68.0
252,73.0,61.41
252,78.54,67.11
252,78.26,68.0
252,81.22,50.57
252,76.11,52.42
252,88.13,38.9
252,57.87,44.36
252,82.64,48.11
252,67.9,59.75
252,74.81,53.35
252,103.3,49.69
252,90.97,53.86
252,52.41,49.61
252,68.6,52.7
252,64.6,39.73
252,82.54,68.0
252,89.57,53.24
252,60.91,49.4
252,70.99,53.19
252,75.64,46.26
252,66.14,68.0
252,75.55,40.28
252,84.21,57.05
252,80.53,68.0
252,67.17,47.38
252,94.2,32.6
252,45.28,54.48
252,46.1,53.8
252,67.96,54.44
252,78.28,48.95
252,60.21,58.7
252,105.0,65.13
252,76.03,49.49
252,71.88,58.26
252,87.04,48.01
252,53.9,68.0
252,92.66,67.51
252,58.45,68.0
252,57.41,65.67
252,75.63,41.74
252,66.91,47.8
252,83.95,63.4
252,68.78,52.45
252,85.56,63.41
252,82.24,53.85
252,78.73,64.84
252,74.25,68.0
252,68.79,41.39
252,71.39,38.22
252,74.57,52.97
252,84.7,55.36
252,76.14,50.15
252,65.75,60.2
252,83.71,52.27
252,67.88,47.14
252,92.94,58.93
252,80.91,64.67
252,92.08,58.33
252,73.78,68.0
252,82.5,52.28
252,73.52,46.12
252,66.31,58.92
252,83.17,36.57
252,66.53,68.0
252,66.35,68.0
252,51.73,68.0
252,91.44,30.59
252,69.18,51.38
252,68.7,55.61
252,66.66,56.94
252,68.92,63.44
252,64.87,67.67
252,59.42,68.0
252,81.93,64.26
252,65.81,54.46
252,86.86,55.54
252,75.31,64.02
252,47.06,42.86
252,81.91,54.14
252,74.16,68.0
252,75.12,63.32
252,82.9,67.71
252,63.3,59.29
252,90.56,66.94
252,69.09,61.74
252,95.6,68.0
252,58.51,51.38
252,60.56,47.96
252,76.45,36.92
252,78.8,55.73
252,72.97,66.11
252,75.96,68.0
252,86.1,56.48
252,70.38,68.0
252,60.0,59.36
252,92.06,43.26
252,89.09,65.96
252,87.21,49.57
252,58.12,51.22
252,62.82,68.0
252,80.72,68.0
252,97.28,60.71
252,93.29,47.91
252,71.85,44.09
252,63.28,61.41
252,60.1,59.03
252,70.21,52.39
252,105.0,61.84
252,60.54,57.61
252,74.09,50.23
252,63.7,44.33
252,77.64,55.5
252,50.21,52.12
252,58.79,52.29
252,61.16,55.08
252,58.19,56.09
252,62.72,50.12
252,74.0,62.97
252,91.98,52.42
252,70.87,59.6
252,63.59,46.48
252,80.23,50.56
252,86.96,61.9
252,58.4,41.18
252,63.17,68.0
252,64.42,62.33
252,70.04,56.46
252,71.18,61.69
252,75.69,42.75
252,69.24,59.94
252,81.13,37.34
252,69.78,66.18
252,53.21,45.94
252,81.01,64.9
252,62.62,45.3
252,67.87,56.5
252,83.88,56.92
252,78.87,56.57
252,66.78,62.43
252,88.94,44.35
252,88.02,35.73
252,56.7,48.16
252,36.24,67.71
252,73.41,51.74
252,71.46,49.03
252,84.97,68.0
252,92.28,44.45
252,94.19,66.15
252,100.13,44.75
252,59.93,44.44
252,93.0,65.47
252,52.32,63.1
252,39.99,46.86
252,57.24,33.31
252,75.08,54.44
252,79.22,54.14
252,68.52,68.0
252,72.68,42.32
252,76.07,53.33
252,73.64,54.79
252,59.6,55.21
252,75.63,49.1
252,93.22,50.39
252,71.53,54.11
252,56.46,59.33
252,96.63,65.81
252,74.98,59.38
252,70.64,49.9
252,94.79,68.0
252,63.34,59.32
252,77.94,59.08
252,51.36,47.12
252,64.37,68.0
252,54.92,56.8
252,71.75,65.62
252,80.73,51.67
252,71.61,47.71
252,81.09,39.2
252,73.91,57.08
252,60.75,44.99
252,86.31,45.01
252,82.43,65.58
252,82.74,61.44
252,65.89,46.34
252,53.16,26.1
252,74.44,42.62
252,86.14,68.0
252,68.2,57.29
252,65.34,48.02
252,78.24,64.53
252,51.7,48.25
252,48.97,44.9
252,83.55,58.53
252,75.86,57.01
252,79.39,41.15
252,75.55,52.36
252,55.09,44.19
252,64.51,59.47
252,69.56,54.24
252,80.5,67.41
252,67.59,42.47
252,79.98,59.32
252,63.44,49.09
252,93.28,63.84
252,75.68,31.75
252,79.02,68.0
252,80.37,65.8
252,41.34,57.81
252,78.69,68.0
252,72.58,50.54
252,69.76,68.0
252,78.61,63.69
252,67.77,53.84
252,90.82,68.0
252,97.29,59.83
252,76.0,52.81
252,83.94,65.18
252,69.28,51.88
252,59.31,43.86
252,79.06,59.98
252,59.71,59.31
252,64.92,56.88
252,73.65,55.63
252,72.38,50.46
252,73.29,47.15
252,88.17,67.46
252,86.78,57.81
252,86.57,56.98
252,76.35,40.62
252,57.41,64.64
252,69.77,48.54
252,65.6,50.38
252,75.58,62.39
252,88.52,48.15
252,78.44,55.96
252,72.09,57.27
252,83.16,58.24
252,73.03,57.63
252,71.73,59.46
252,83.1,66.32
252,79.91,59.01
252,65.41,68.0
252,55.47,53.4
252,76.24,56.2
252,69.57,68.0
252,68.24,48.12
252,67.15,49.79
252,72.54,52.39
252,74.48,68.0
252,66.77,61.92
252,63.23,65.49
252,51.59,53.18
252,74.41,46.8
252,83.56,45.45
252,75.71,52.71
252,55.3,67.44
252,62.81,54.41
252,60.28,60.41
252,62.2,34.24
252,64.36,51.99
252,65.4,48.97
253,96.04,68.0
253,87.11,37.33
253,67.96,37.02
253,56.97,61.54
253,79.54,68.0
253,76.0,59.15
253,76.76,55.95
253,67.09,43.04
253,83.49,48.41
253,71.02,46.0
253,57.5,53.32
253,91.33,49.2
253,77.92,62.71
253,89.71,68.0
253,84.63,53.02
253,84.17,50.41
253,103.71,49.7
253,84.25,68.0
253,57.03,43.91
253,61.09,57.87
253,70.32,43.76
253,55.16,35.12
253,58.06,51.44
253,90.99,56.94
253,84.93,46.03
253,84.61,45.11
253,65.51,42.67
253,62.36,53.07
253,70.23,53.99
253,86.91,68.0
253,71.81,65.72
253,83.97,55.4
253,95.44,41.81
253,69.93,42.82
253,59.17,61.54
253,97.67,68.0
253,80.67,53.5
253,62.17,36.93
253,64.05,63.47
253,87.73,68.0
253,71.37,59.63
253,60.25,55.33
253,58.94,47.58
253,83.53,45.95
253,81.5,60.87
253,95.55,46.06
253,41.19,59.71
253,75.34,47.1
253,63.24,66.33
253,55.29,51.53
253,71.92,54.79
253,78.8,60.96
253,87.45,68.0
253,97.05,64.45
253,60.84,57.05
253,77.34,56.59
253,67.41,43.77
253,57.04,53.22
253,89.45,68.0
253,87.26,57.41
253,78.68,47.78
253,80.83,64.41
253,69.04,58.01
253,78.55,35.06
253,76.25,46.57
253,70.93,42.81
253,83.85,44.61
253,66.35,48.84
253,87.55,62.93
253,90.63,45.4
253,81.66,41.29
253,75.95,64.11
253,71.06,54.63
253,68.74,65.37
253,78.61,57.43
253,62.49,68.0
253,61.39,54.27
253,61.89,46.76
253,68.92,58.7
253,62.33,52.42
253,58.7,59.66
253,64.61,52.51
253,72.67,68.0
253,70.17,68.0
253,77.01,49.42
253,87.08,63.82
253,77.55,65.8
253,59.72,67.49
253,87.24,40.8
253,72.57,60.62
253,77.25,44.54
253,78.86,50.38
253,76.91,57.05
253,97.39,49.19
253,72.22,56.14
253,86.79,65.39
253,74.34,59.35
253,75.21,50.85
253,69.98,57.98
253,54.42,58.38
253,81.77,62.31
253,83.26,45.51
253,38.03,52.96
253,73.5,56.19
253,75.35,68.0
253,73.83,47.41
253,79.81,59.01
253,68.89,50.53
253,76.39,44.77
253,96.66,60.5
253,52.42,49.65
253,80.73,66.96
253,69.71,47.15
253,67.44,54.97
253,91.02,58.86
253,74.93,55.92
253,71.5,40.52
253,75.75,41.43
253,59.57,61.37
253,90.4,68.0
253,81.09,42.25
253,65.55,30.09
253,67.75,60.55
253,74.76,62.28
253,85.51,65.09
253,62.31,60.34
253,63.35,63.59
253,81.27,68.0
253,66.72,49.0
253,69.46,68.0
253,78.2,68.0
253,53.49,57.16
253,84.99,53.7
253,65.32,49.57
253,99.23,41.42
253,98.15,22.37
253,92.28,68.0
253,64.0,50.98
253,60.34,54.21
253,70.91,45.11
253,84.98,54.27
253,84.64,68.0
253,71.74,48.93
253,42.32,68.0
253,75.93,53.62
253,53.85,57.22
253,77.54,67.1
253,73.78,65.63
253,60.68,65.87
253,97.15,68.0
253,75.1,65.57
253,83.19,57.72
253,87.78,65.71
253,64.09,47.0
253,77.43,58.16
253,55.32,68.0
253,72.52,51.69
253,64.63,64.26
253,72.77,49.79
253,72.07,46.55
253,63.74,50.42
253,86.02,68.0
253,80.58,60.58
253,72.53,53.19
253,105.0,53.17
253,59.33,53.4
253,57.67,57.59
253,93.03,46.51
253,85.86,61.64
253,88.9,67.86
253,92.83,54.97
253,92.15,41.52
253,63.49,58.84
253,72.25,42.42
253,83.3,40.12
253,56.78,63.83
253,64.95,30.04
253,97.33,57.79
253,58.9,65.53
253,80.65,68.0
253,74.83,37.49
253,80.07,51.95
253,57.94,47.09
253,80.55,61.45
253,52.07,45.11
253,69.78,68.0
253,72.46,45.34
253,77.13,57.08
253,89.88,62.89
253,62.79,61.97
253,86.02,53.41
253,92.53,37.63
253,64.53,53.11
253,52.53,38.78
253,69.8,55.06
253,89.16,59.37
253,90.43,50.28
253,64.74,51.04
253,76.08,43.51
253,83.62,68.0
253,87.12,62.15
253,83.68,42.55
253,92.55,44.14
253,84.42,61.04
253,73.56,34.55
253,77.51,47.06
253,77.06,65.45
253,82.94,66.61
253,55.61,59.15
253,66.4,55.84
253,78.68,68.0
253,85.48,43.75
253,86.35,48.48
253,43.4,68.0
253,89.87,54.88
253,75.97,61.74
253,54.46,57.22
253,65.31,68.0
253,53.15,50.28
253,78.52,66.76
253,69.08,36.6
253,67.65,59.14
253,103.5,68.0
253,81.5,65.87
253,87.33,61.92
253,71.1,64.89
253,74.66,48.84
253,73.16,65.03
253,86.62,68.0
253,86.47,49.06
253,75.74,68.0
253,62.98,57.53
253,91.94,60.72
253,75.75,29.0
253,50.6,42.76
253,105.0,55.6
253,78.97,68.0
253,75.38,50.15
253,50.05,48.04
253,84.73,50.7
253,56.08,68.0
253,97.54,67.36
253,45.04,53.48
253,85.05,56.18
253,93.91,32.06
253,77.32,45.0
253,75.78,45.11
253,78.14,53.34
253,51.21,68.0
253,66.94,52.57
253,77.85,43.36
253,85.37,51.67
253,85.54,52.61
253,60.97,54.01
253,84.19,55.02
253,83.31,61.39
253,47.48,44.86
253,54.07,68.0
253,86.23,46.58
253,74.13,60.38
253,88.86,44.37
253,99.54,44.88
253,90.74,68.0
253,67.62,64.66
253,68.67,68.0
253,72.85,67.62
253,81.72,34.46
253,89.95,62.08
253,51.93,57.85
253,75.87,44.4
253,86.29,47.96
253,90.84,44.45
254,74.36,66.45
254,49.96,50.72
254,71.39,50.3
254,53.19,42.0
254,103.86,52.22
254,87.6,42.16
254,85.75,56.44
254,54.42,67.91
254,86.83,68.0
254,77.21,55.11
254,71.31,58.49
254,79.68,58.43
254,44.65,68.0
254,75.9,56.08
254,69.64,46.28
254,65.42,53.66
254,62.05,41.97
254,67.83,68.0
254,69.42,61.03
254,79.97,67.03
254,69.53,48.01
254,36.05,61.31
254,66.49,54.6
254,72.48,35.82
254,73.03,42.86
254,97.18,59.41
254,61.75,68.0
254,55.01,65.89
254,85.49,63.12
254,75.74,68.0
254,86.1,49.37
254,44.31,62.42
254,65.38,43.32
254,80.99,55.99
254,65.43,48.47
254,91.55,65.8
254,60.02,33.55
254,98.31,45.1
254,68.6,68.0
254,79.29,66.74
254,62.09,57.0
254,69.07,61.68
254,96.71,59.41
254,64.99,68.0
254,73.46,58.82
254,91.66,60.92
254,62.83,50.46
254,85.07,56.92
254,69.95,40.7
254,53.17,58.63
254,85.89,61.17
254,105.0,59.15
254,89.93,68.0
254,78.37,68.0
254,66.62,68.0
254,77.54,43.5
254,85.12,65.52
254,57.84,62.52
254,43.54,66.51
254,53.26,53.94
254,64.24,57.1
254,69.24,47.98
254,67.75,68.0
254,72.92,56.99
254,60.83,68.0
254,76.1,43.53
254,69.23,57.95
254,66.46,56.98
254,73.67,37.41
254,65.79,64.02
254,92.39,68.0
254,67.41,47.93
254,72.3,56.36
254,93.99,47.24
254,64.62,68.0
254,86.33,37.24
254,67.4,33.98
254,101.35,64.62
254,67.61,61.56
254,58.93,62.89
254,88.56,59.04
254,102.99,66.89
254,81.32,56.53
254,69.8,52.07
254,56.12,68.0
254,77.53,60.61
254,96.54,51.93
254,82.93,54.71
254,69.79,44.08
254,68.54,68.0
254,78.04,44.86
254,61.14,56.16
254,77.69,60.39
254,88.09,35.62
254,80.13,52.61
254,75.93,56.48
254,60.04,48.27
254,79.95,51.72
254,61.97,62.78
254,84.24,68.0
254,84.27,59.36
254,55.84,38.32
254,62.64,49.66
254,71.67,48.82
254,65.77,42.43
254,66.77,39.93
254,83.97,58.37
254,82.68,49.18
254,83.32,63.58
254,82.8,68.0
254,97.17,31.97
254,70.99,68.0
254,82.81,62.37
254,44.16,62.26
254,56.04,62.4
254,82.56,54.27
254,74.62,41.51
254,73.82,54.47
254,72.0,24.59
254,46.76,68.0
254,61.41,48.06
254,73.44,58.63
254,91.03,40.88
254,76.95,68.0
254,71.81,56.29
254,72.95,68.0
254,64.55,68.0
254,93.24,37.37
254,70.64,53.36
254,95.38,51.36
254,69.86,45.41
254,72.94,64.89
254,72.52,55.58
254,77.47,58.54
254,55.68,53.85
254,74.31,57.54
254,65.83,50.87
254,73.04,68.0
254,69.03,59.63
254,51.82,39.39
254,69.12,58.68
254,85.78,54.18
254,71.67,61.39
254,66.78,55.32
254,46.6,58.4
254,68.64,62.14
254,78.0,68.0
254,90.26,56.49
254,33.46,58.48
254,90.87,68.0
254,81.81,62.51
254,71.99,14.06
254,64.01,43.91
254,85.88,55.42
254,75.69,63.68
254,54.4,68.0
254,85.31,37.52
254,78.55,47.67
254,92.5,59.23
254,79.07,52.08
254,96.15,56.18
254,93.77,53.21
254,68.52,60.24
254,92.4,68.0
254,62.17,52.97
254,53.41,51.81
254,68.03,59.46
254,93.69,57.04
254,79.38,68.0
254,76.49,52.6
254,85.58,62.71
254,60.92,49.32
254,69.33,52.02
254,76.69,45.23
254,77.02,59.04
254,74.12,41.76
254,52.32,56.4
254,64.3,68.0
254,70.72,63.08
254,58.87,54.59
254,59.22,68.0
254,79.17,47.69
254,53.51,68.0
254,56.5,48.53
254,65.15,61.63
254,93.37,47.47
254,89.66,59.57
254,51.96,68.0
254,67.61,50.72
254,85.22,68.0
254,93.99,54.56
254,62.61,48.41
254,79.05,68.0
254,62.29,48.24
254,86.63,35.05
254,68.59,37.08
254,71.34,62.62
254,55.15,45.94
254,84.9,52.82
254,79.06,52.22
254,77.16,68.0
254,68.17,62.86
254,67.32,62.88
254,81.28,61.4
254,65.99,52.18
254,84.81,45.98
254,89.67,43.09
254,68.37,60.27
254,74.32,51.32
254,49.83,65.39
254,71.29,53.71
254,71.77,62.06
254,77.87,68.0
254,83.19,68.0
254,78.57,54.39
254,88.27,63.2
254,74.35,37.48
254,60.67,44.26
254,89.61,57.15
254,59.07,64.43
254,62.22,49.6
254,72.83,46.55
254,59.03,47.25
254,69.8,64.73
254,53.61,57.29
254,66.78,59.62
254,54.65,59.23
254,80.8,61.96
254,75.96,55.88
254,58.81,59.87
254,56.85,59.69
254,66.65,35.55
254,69.78,62.5
254,83.84,58.16
254,55.53,56.72
255,18.43,9.41
255,47.5,44.95
255,45.88,37.19
255,53.48,48.32
255,44.19,8.07
255,44.52,43.28
255,47.38,22.84
255,24.99,43.17
255,39.06,42.75
255,49.41,53.79
255,29.76,38.28
255,45.86,11.24
255,38.21,28.29
255,36.61,38.46
255,54.98,34.68
255,30.78,21.84
255,40.77,41.47
255,25.85,61.97
255,41.24,35.02
255,21.57,45.95
255,48.99,37.47
255,61.28,24.51
255,44.1,18.95
255,49.42,36.37
255,36.82,36.31
255,39.37,29.78
255,53.82,34.38
255,36.16,22.25
255,35.39,33.13
255,20.5,34.17
255,33.51,26.41
255,39.7,21.48
255,26.35,19.69
255,45.64,56.94
255,50.79,21.36
255,36.78,35.56
255,47.09,42.74
255,40.56,46.37
255,66.12,56.4
255,25.39,19.22
255,57.85,33.15
255,51.51,23.23
255,33.36,36.56
255,46.29,24.69
255,49.95,34.56
255,61.76,22.84
255,50.45,20.75
255,25.18,23.37
255,48.26,20.77
255,56.79,37.58
255,73.26,30.07
255,36.72,35.38
255,69.44,16.77
255,49.19,35.93
255,24.37,29.44
255,68.11,48.18
255,37.09,55.83
255,58.17,38.73
255,34.19,42.11
255,62.27,30.55
255,50.98,37.38
255,39.47,30.02
255,36.25,35.06
255,38.67,30.24
255,37.81,37.11
255,26.51,39.05
255,31.88,35.17
255,73.76,36.38
255,42.1,53.23
255,50.81,33.19
255,39.8,42.49
255,62.29,31.83
255,58.36,42.44
255,40.53,44.57
255,36.6,45.28
255,32.44,43.13
255,36.94,47.19
255,54.69,23.82
255,42.26,22.64
255,36.64,48.19
255,38.55,24.09
255,63.87,36.2
255,41.11,47.4
255,54.4,31.75
255,51.72,28.51
255,49.12,21.59
255,40.59,37.74
255,64.45,35.81
255,53.82,51.68
255,45.42,38.92
255,38.15,50.63
255,37.2,46.62
255,63.29,43.44
255,57.84,24.72
255,71.74,50.27
255,51.12,26.21
255,54.93,30.99
255,18.22,27.25
255,55.27,37.42
255,59.97,26.25
255,66.55,16.34
255,15.79,66.16
255,25.96,20.04
255,55.2,49.11
255,50.42,45.94
255,28.49,41.0
255,53.5,32.2
255,44.06,19.61
255,36.45,36.96
255,34.75,48.11
255,37.16,41.83
255,37.26,35.64
255,26.31,52.64
255,70.45,43.25
255,67.63,32.67
255,62.08,42.83
255,45.88,33.85
255,36.52,18.81
255,24.74,60.22
255,56.72,41.18
255,42.94,5.8
255,70.33,44.97
255,48.57,49.34
255,48.02,44.05
255,35.49,49.46
255,71.27,41.04
255,19.53,27.3
255,47.69,39.55
255,37.68,50.91
255,59.27,48.94
255,47.82,22.63
255,36.89,50.66
255,50.82,30.46
255,64.04,33.01
255,52.12,35.2
255,56.04,57.12
255,61.23,18.76
255,42.93,30.48
255,69.52,42.24
255,47.38,36.06
255,46.83,35.85
255,73.35,46.97
255,44.81,20.07
255,56.75,29.47
255,25.23,66.34
255,29.71,25.06
255,60.99,37.97
255,39.61,31.32
255,57.2,15.21
255,66.1,24.62
255,33.49,24.79
255,79.78,46.23
255,35.6,25.94
255,52.96,49.21
255,62.65,27.63
255,52.54,41.02
255,56.84,39.22
255,39.63,35.78
255,43.44,44.89
255,52.92,37.49
255,56.83,43.69
255,31.21,18.21
255,54.87,21.75
255,41.22,28.44
255,38.89,22.58
255,64.71,38.37
255,45.49,35.43
255,47.69,52.71
255,54.5,43.55
255,55.86,28.49
255,47.59,36.88
255,47.98,44.71
255,37.85,42.94
255,50.54,36.83
255,52.02,25.06
255,61.08,35.25
255,63.15,23.87
255,39.62,43.64
255,61.59,43.9
255,34.3,28.7
255,51.47,37.29
255,63.36,37.59
255,65.02,36.25
255,55.03,26.39
255,63.06,27.13
255,53.35,42.95
255,41.76,39.58
255,64.0,42.51
255,17.34,36.49
255,55.18,19.21
255,42.44,36.26
255,48.29,34.34
255,78.4,27.78
255,56.42,14.58
255,40.28,19.16
255,24.62,25.48
255,37.47,34.17
255,60.24,43.36
255,41.87,50.89
255,46.41,29.25
255,44.19,40.9
255,35.83,37.82
255,71.57,46.99
255,50.8,50.85
255,53.6,49.23
255,71.84,43.14
255,45.72,33.61
255,42.09,35.96
255,48.77,35.36
255,30.39,30.95
255,50.86,21.97
255,47.33,12.12
255,45.26,16.69
255,62.06,31.45
255,50.59,34.15
255,52.16,38.97
255,52.68,35.19
255,53.57,42.53
255,44.76,32.7
255,27.91,45.29
255,37.07,40.83
255,44.14,27.29
255,56.69,47.86
255,53.28,31.07
255,65.47,33.12
255,48.78,34.12
255,82.14,40.98
255,63.87,53.28
255,38.86,25.05
255,46.27,45.55
255,41.77,52.83
255,56.8,49.08
255,55.46,26.63
255,56.99,47.45
255,22.06,37.15
255,38.04,20.89
255,35.32,22.32
255,49.23,19.35
255,34.68,35.36
255,39.99,37.0
255,31.72,35.26
255,50.07,24.06
255,71.58,22.25
255,57.85,37.89
255,61.37,41.78
255,74.39,34.6
255,58.64,24.48
255,54.41,28.62
255,25.25,41.25
255,60.82,25.64
255,41.64,40.32
255,53.35,30.77
255,58.03,31.86
255,45.51,46.28
255,49.35,34.8
255,27.29,25.77
255,33.14,18.72
255,48.16,12.9
255,22.05,35.33
255,69.51,33.37
255,45.96,51.95
255,52.36,38.54
255,28.2,39.97
255,38.54,28.24
255,43.58,26.51
255,21.73,42.34
255,52.2,30.63
255,63.34,24.43
255,47.64,49.0
255,49.09,31.07
255,45.21,24.61
255,37.05,56.12
255,48.27,27.13
255,49.29,29.37
255,55.0,48.82
255,37.0,56.12
255,47.62,35.39
255,40.8,52.52
255,43.5,32.74
255,51.93,24.31
256,81.58,6.32
256,78.21,40.24
256,64.65,1.38
256,69.22,0.76
256,79.82,1.72
256,61.16,25.59
256,58.2,8.96
256,68.3,7.89
256,75.21,32.15
256,70.78,0.0
256,95.0,15.4
256,95.46,9.1
256,77.95,39.53
256,61.57,6.6
256,79.5,3.48
256,68.52,19.52
256,37.8,15.68
256,97.25,18.43
256,58.99,7.67
256,100.21,5.36
256,73.81,1.79
256,90.97,14.99
256,94.08,13.99
256,86.05,15.97
256,78.25,38.98
256,76.31,29.08
256,76.95,11.58
256,57.08,7.02
256,65.32,25.69
256,49.09,20.4
256,68.81,15.6
256,55.14,19.61
256,82.04,1.17
256,45.64,21.15
256,70.53,6.11
256,76.98,10.64
256,77.5,20.26
256,53.54,22.22
256,91.86,0.0
256,73.91,29.73
256,67.95,22.6
256,59.6,3.14
256,72.23,7.68
256,53.63,14.66
256,75.28,8.1
256,51.04,0.0
256,66.79,2.57
256,69.13,19.64
256,64.01,0.63
256,66.26,11.59
256,66.35,17.2
256,73.95,15.2
256,87.0,8.33
256,92.18,5.52
256,87.01,0.05
256,91.98,16.05
256,87.99,2.34
256,73.17,34.84
256,69.93,9.49
256,97.34,14.94
256,74.42,4.86
256,59.52,19.31
256,80.99,0.0
256,95.68,16.7
256,85.26,9.45
256,71.53,42.35
256,89.31,11.49
256,60.4,3.34
256,79.55,22.54
256,70.4,14.1
256,65.27,0.0
256,63.88,30.59
256,76.63,0.0
256,73.97,7.64
256,87.25,15.61
256,61.01,13.29
256,105.0,21.65
256,77.37,0.0
256,78.94,10.01
256,84.56,2.94
256,54.19,19.07
256,100.86,22.52
256,65.48,8.55
256,86.7,10.7
256,80.66,6.44
256,69.66,0.3
256,84.04,18.91
256,72.11,1.47
256,79.22,11.86
256,82.98,18.83
256,74.47,0.0
256,78.05,13.82
256,66.63,0.34
256,62.39,16.17
256,85.92,12.77
256,63.71,4.21
256,93.78,15.24
256,62.26,17.72
256,74.39,0.0
256,82.35,13.27
256,89.05,4.39
256,76.44,20.07
256,101.13,0.0
256,52.99,16.78
256,45.78,0.0
256,54.26,6.94
256,53.84,27.07
256,57.49,0.0
256,66.64,14.47
256,67.08,0.57
256,68.37,26.79
256,58.19,16.11
256,73.97,41.05
256,84.12,13.63
256,67.62,21.78
256,70.24,10.54
256,86.58,32.83
256,84.58,13.08
256,67.7,26.62
256,89.58,0.0
256,69.84,12.94
256,81.97,7.0
256,58.52,20.17
256,63.71,25.57
256,57.97,32.98
256,73.27,0.0
256,67.29,25.07
256,63.73,8.68
256,77.18,26.44
256,86.08,12.63
256,71.82,29.4
256,76.75,4.9
256,72.86,22.68
256,61.34,0.0
256,67.92,0.0
256,91.96,0.0
256,68.93,10.19
256,99.67,9.7
256,67.52,17.3
256,64.63,15.25
256,101.1,10.16
256,91.9,15.91
256,66.41,9.21
256,71.9,18.66
256,45.89,1.78
256,82.73,17.63
256,66.57,0.0
256,72.52,29.44
256,58.39,0.41
256,89.35,0.0
256,64.55,28.13
256,78.86,6.17
256,72.23,26.93
256,93.37,12.68
256,84.64,0.0
256,75.25,9.47
256,71.17,0.0
256,59.67,17.04
256,52.05,21.63
256,56.51,18.4
256,77.83,3.94
256,84.38,14.16
256,88.78,0.0
256,73.46,17.8
256,74.59,18.66
256,67.74,5.02
256,68.94,3.55
256,82.58,0.8
256,64.57,28.9
256,76.67,3.78
256,75.66,25.14
256,73.53,10.2
256,72.95,0.0
256,88.42,4.27
256,80.89,9.82
256,78.41,5.1
256,83.04,19.76
256,68.28,6.58
256,88.07,12.87
256,88.06,8.58
256,67.83,8.36
256,75.19,5.65
256,71.06,8.06
256,82.86,26.18
256,79.05,10.44
256,60.8,17.38
256,72.36,19.14
256,91.9,0.79
256,70.09,0.0
256,86.62,0.0
256,94.92,2.96
256,73.88,18.93
256,91.18,0.0
256,59.94,16.29
256,76.73,1.96
256,79.62,17.82
256,67.31,5.4
256,68.6,17.06
256,81.05,18.92
256,76.26,3.02
256,80.27,7.48
256,105.0,5.21
256,71.71,9.79
256,57.26,10.08
256,64.08,17.25
256,73.11,36.77
256,55.48,25.88
256,77.09,0.0
256,92.97,0.0
256,95.42,17.29
256,74.42,2.24
256,81.45,4.29
256,86.51,0.0
256,105.0,9.86
256,75.03,0.0
256,62.62,24.03
256,69.81,20.37
256,63.82,0.0
256,78.99,18.68
256,84.01,17.82
256,74.62,16.41
256,64.1,13.44
256,65.98,12.26
256,86.14,16.22
257,8.35,40.24
257,11.5,32.81
257,29.37,41.14
257,18.06,19.62
257,35.83,25.9
257,5.09,30.38
257,3.72,35.21
257,5.4,37.91
257,13.81,50.6
257,20.38,30.32
257,14.28,27.43
257,18.11,48.73
257,0.0,27.51
257,5.92,41.43
257,20.81,23.36
257,6.2,25.76
257,0.0,51.7
257,23.97,43.52
257,0.0,39.55
257,6.24,46.59
257,8.64,36.86
257,0.0,30.32
257,0.0,29.19
257,1.82,38.76
257,20.11,32.42
257,11.09,30.39
257,42.27,52.7
257,33.18,41.18
257,4.9,24.25
257,10.44,51.11
257,0.0,25.97
257,0.0,32.72
257,0.0,34.31
257,0.0,43.39
257,0.0,43.27
257,27.2,21.65
257,15.63,40.94
257,0.0,26.44
257,1.82,37.25
257,17.88,20.59
257,0.0,42.34
257,12.09,25.07
257,0.0,40.56
257,0.0,33.07
257,0.0,43.59
257,9.01,35.28
257,12.02,37.38
257,0.0,26.67
257,6.95,35.62
257,20.01,14.05
257,0.0,42.84
257,7.44,57.38
257,9.51,35.78
257,17.26,44.73
257,12.02,25.33
257,7.4,41.69
257,3.27,38.46
257,7.42,40.67
257,31.21,38.89
257,0.0,34.32
257,0.0,31.57
257,10.75,28.59
257,0.0,51.27
257,0.0,36.04
257,39.3,31.58
257,9.78,48.4
257,14.46,41.18
257,6.31,41.56
257,19.44,37.25
257,11.5,51.52
257,0.0,29.57
257,13.17,27.66
257,0.0,24.39
257,3.38,36.35
257,0.0,39.99
257,0.0,24.73
257,16.84,41.95
257,0.0,37.78
257,8.44,48.89
257,0.0,53.18
257,20.99,27.27
257,9.18,28.36
257,4.78,21.64
257,7.29,31.91
257,11.88,12.39
257,14.95,22.39
257,18.42,43.12
257,22.76,41.98
257,32.85,43.45
257,10.61,37.02
257,0.0,39.47
257,8.93,44.51
257,0.0,29.55
257,0.0,40.46
257,10.77,44.18
257,0.92,37.72
257,15.25,33.52
257,5.71,46.03
257,9.47,9.19
257,3.12,4.17
257,13.45,30.49
257,0.52,16.79
257,0.0,53.31
257,21.3,54.07
257,14.91,36.22
257,15.04,13.87
257,31.26,21.41
257,0.0,24.59
257,19.95,31.99
257,10.57,11.12
257,0.0,50.88
257,11.13,30.97
257,16.32,29.13
257,0.0,38.33
257,0.7,31.99
257,2.71,17.12
257,0.0,48.76
257,18.76,25.88
257,28.62,29.43
257,1.32,46.33
257,5.8,18.11
257,11.51,28.83
257,22.32,47.24
257,0.0,34.8
257,10.54,22.26
257,0.0,29.66
257,7.81,26.06
257,5.85,15.97
257,17.73,16.82
257,11.93,31.56
257,1.96,11.6
257,4.54,23.39
257,13.52,18.39
257,0.0,30.22
257,18.6,38.99
257,0.0,27.44
257,38.22,32.11
257,27.02,44.53
257,9.25,22.44
257,14.54,33.59
257,3.13,46.49
257,5.78,51.6
257,13.18,46.75
257,5.88,24.77
257,2.01,25.33
257,18.57,41.44
257,4.4,43.8
257,8.71,43.11
257,5.43,11.36
257,8.52,15.62
257,8.23,46.54
257,0.0,36.78
257,0.0,35.49
257,2.5,29.07
257,17.32,24.13
257,17.88,32.27
257,9.2,25.25
257,0.0,31.03
257,0.0,58.72
257,13.89,36.43
257,24.31,26.37
257,9.01,27.19
257,29.33,32.47
257,17.4,13.58
257,4.88,39.96
257,0.0,52.89
257,0.0,39.19
257,0.0,26.94
257,12.85,27.28
257,11.36,31.87
257,18.87,35.02
257,5.24,33.14
257,0.1,37.36
257,8.65,31.21
257,3.33,45.15
257,17.79,11.7
257,25.33,20.26
257,0.14,45.27
257,26.86,29.53
257,23.88,34.14
257,3.18,28.89
257,10.74,18.06
257,2.69,37.19
257,4.21,35.1
257,0.0,64.96
257,0.0,35.09
257,10.49,48.45
257,0.0,33.13
257,0.0,48.61
257,21.03,26.2
257,20.41,21.2
257,9.74,20.23
257,2.76,26.7
257,25.88,28.9
257,0.0,21.81
257,10.6,43.2
257,0.0,0.0
257,0.0,40.13
257,0.0,30.5
257,15.81,51.43
257,0.0,32.23
257,3.8,32.16
257,1.75,45.73
257,5.81,22.33
257,9.76,33.26
257,4.75,43.49
257,15.86,35.61
257,29.13,46.24
257,24.46,27.05
257,33.47,27.05
257,1.9,42.05
257,15.29,24.95
257,9.19,25.99
257,32.99,33.73
257,16.17,39.08
257,15.86,44.23
257,12.12,33.47
257,4.96,40.08
257,37.47,50.66
257,0.0,44.46
257,6.24,31.6
257,19.82,39.02
257,0.0,54.19
257,4.73,41.64
257,20.92,32.05
257,5.44,56.64
257,0.0,49.04
257,31.39,47.48
257,8.16,30.04
257,3.42,25.2
257,24.2,47.61
257,0.0,25.4
257,0.0,16.97
257,5.61,41.02
257,10.69,51.88
257,0.0,18.63
257,1.62,51.93
257,9.5,25.79
257,2.25,38.94
257,0.0,46.97
257,0.0,33.56
257,5.91,41.69
257,13.33,30.62
257,5.37,45.17
257,0.0,50.37
257,0.28,31.56
257,15.71,27.48
257,8.28,28.88
257,0.0,39.35
257,34.16,21.67
257,17.56,40.42
257,18.03,35.8
257,1.66,38.48
257,9.92,34.21
257,1.77,41.85
257,15.25,24.39
257,14.66,5.24
257,0.0,41.5
257,24.68,19.72
257,17.67,36.41
257,16.89,21.95
257,0.0,44.0
257,12.22,26.16
257,0.0,26.03
258,97.21,39.48
258,74.82,26.17
258,74.2,28.26
258,96.44,25.89
258,84.16,30.01
258,72.3,41.96
258,89.85,28.26
258,105.0,51.37
258,82.69,22.68
258,77.11,12.86
258,81.12,22.36
258,77.89,31.89
258,101.55,36.61
258,105.0,37.87
258,94.51,21.22
258,92.38,32.88
258,87.83,29.79
258,105.0,48.29
258,101.05,28.43
258,105.0,38.7
258,68.88,36.05
258,105.0,49.12
258,97.01,39.47
258,104.55,22.3
258,105.0,56.56
258,77.32,36.31
258,92.52,49.64
258,74.3,38.04
258,105.0,34.66
258,76.37,36.26
258,65.67,13.92
258,74.64,22.28
258,79.68,38.01
258,76.77,53.03
258,89.96,23.29
258,99.18,41.14
258,70.87,45.18
258,104.21,40.56
258,92.31,28.31
258,103.56,37.06
258,90.95,13.49
258,102.62,56.4
258,73.31,59.47
258,89.04,36.24
258,78.66,32.53
258,96.36,37.61
258,95.32,51.59
258,99.01,35.84
258,96.96,26.12
258,98.89,40.42
258,91.31,36.71
258,82.51,35.92
258,102.31,38.52
258,78.03,26.33
258,82.45,25.79
258,97.39,12.96
258,86.43,30.38
258,83.47,29.15
258,105.0,28.03
258,53.53,43.98
258,99.57,52.77
258,60.59,20.19
258,87.79,46.69
258,100.34,27.24
258,95.23,31.5
258,79.58,27.26
258,94.1,25.17
258,77.89,47.85
258,71.07,25.21
258,75.81,49.18
258,75.78,40.35
258,96.51,39.77
258,105.0,25.31
258,92.68,58.28
258,81.33,34.24
258,71.14,24.32
258,79.24,30.98
258,73.12,30.81
258,74.16,32.73
258,79.38,36.49
258,86.13,31.07
258,75.79,22.4
258,103.19,20.48
258,104.41,34.83
258,86.69,8.71
258,62.25,54.36
258,92.07,31.02
258,97.71,42.9
258,74.98,31.36
258,70.12,48.79
258,105.0,25.2
258,78.09,55.65
258,80.04,34.26
258,76.56,17.73
258,78.37,25.96
258,81.13,36.2
258,86.13,28.21
258,72.49,46.4
258,55.71,21.47
258,91.71,22.67
258,79.28,23.86
258,70.25,35.88
258,88.05,39.6
258,86.92,20.73
258,101.14,42.23
258,54.57,41.84
258,86.51,34.01
258,81.38,23.48
258,74.3,37.23
258,98.49,26.49
258,91.19,37.64
258,86.8,26.49
258,76.54,27.14
258,99.34,18.85
258,63.64,38.25
258,100.66,31.29
258,76.49,42.63
258,83.29,51.36
258,104.97,27.65
258,104.31,20.15
258,92.01,38.91
258,92.16,48.8
258,84.27,23.57
258,100.15,24.47
258,94.82,30.18
258,96.69,51.41
258,74.73,26.16
258,90.16,40.21
258,86.2,32.26
258,77.6,47.92
258,87.79,38.32
258,105.0,41.94
258,94.64,31.99
258,86.37,24.02
258,82.89,40.25
258,82.58,41.18
258,90.08,27.21
258,87.41,31.59
258,102.32,39.68
258,82.34,14.14
258,101.43,29.5
258,81.83,34.77
258,101.96,32.58
258,105.0,39.13
258,105.0,12.35
258,103.97,34.29
258,105.0,17.83
258,75.53,42.28
258,76.2,30.64
258,90.03,23.33
258,96.15,19.93
258,87.31,40.58
258,89.82,33.79
258,100.52,40.14
258,85.77,30.81
258,80.76,12.82
258,94.76,49.14
258,92.44,39.6
258,82.44,43.92
258,82.38,16.59
258,96.04,63.72
258,79.25,42.74
258,69.54,60.88
258,70.57,34.57
258,72.19,37.88
258,72.45,38.65
258,93.4,19.51
258,83.75,38.61
258,96.0,36.57
258,89.95,35.04
258,87.48,32.05
258,90.46,33.33
258,97.73,51.26
258,78.78,29.19
258,94.76,31.42
258,92.71,41.28
258,101.26,38.45
258,61.67,38.02
258,95.91,33.02
259,38.53,0.07
259,49.57,0.0
259,46.72,28.18
259,65.21,45.05
259,41.19,1.85
259,54.75,18.85
259,30.52,47.67
259,53.29,0.0
259,56.15,15.2
259,59.87,25.61
259,40.46,8.19
259,57.3,28.54
259,65.44,20.87
259,39.98,2.16
259,49.21,0.0
259,52.18,6.83
259,39.44,8.87
259,42.74,14.55
259,39.11,35.35
259,49.22,8.07
259,37.42,15.33
259,33.28,33.83
259,70.79,24.81
259,52.87,14.5
259,32.47,11.3
259,30.55,0.0
259,15.81,11.33
259,33.43,39.47
259,29.7,6.31
259,45.59,25.66
259,43.0,6.43
259,28.33,23.1
259,56.55,25.33
259,28.52,8.12
259,55.96,6.93
259,33.62,20.95
259,58.02,21.97
259,36.49,23.58
259,36.43,14.31
259,62.42,2.19
259,30.82,12.93
259,61.1,1.97
259,41.8,20.21
259,35.16,2.15
259,47.44,5.19
259,51.63,12.07
259,31.59,28.96
259,45.5,0.63
259,49.71,6.53
259,31.67,8.44
259,56.02,18.77
259,55.66,3.89
259,49.7,0.35
259,49.71,5.25
259,47.49,17.84
259,38.03,0.0
259,47.7,25.48
259,67.68,21.95
259,7.92,21.32
259,32.92,18.6
259,35.76,14.94
259,33.33,5.01
259,31.0,8.97
259,47.69,8.6
259,61.71,0.0
259,41.24,29.81
259,66.89,0.34
259,70.18,8.62
259,56.73,10.36
259,40.57,17.46
259,28.3,9.07
259,48.55,6.05
259,54.95,24.59
259,51.95,50.0
259,67.21,37.32
259,76.27,14.86
259,60.18,0.0
259,46.78,0.0
259,37.92,24.58
259,34.99,14.51
259,60.4,15.73
259,39.35,17.25
259,39.94,6.34
259,39.59,13.84
259,50.31,19.88
259,37.25,31.79
259,65.07,32.25
259,28.95,21.95
259,64.46,8.85
259,34.67,16.22
259,29.07,27.52
259,50.83,34.64
259,54.13,28.39
259,49.02,8.27
259,48.98,26.94
259,51.66,7.55
259,45.31,25.93
259,35.44,28.25
259,32.08,23.11
259,50.99,7.81
259,52.68,2.37
259,57.2,10.6
259,37.34,20.67
259,60.21,5.07
259,70.36,0.0
259,45.33,29.94
259,26.49,0.01
259,30.96,16.31
259,38.58,18.13
259,19.82,5.33
259,47.37,12.05
259,51.18,31.23
259,50.31,0.0
259,27.48,26.04
259,20.47,14.42
259,54.93,5.09
259,74.28,18.19
259,64.45,9.26
259,45.63,15.56
259,34.63,22.62
259,38.59,23.53
259,52.53,9.34
259,38.55,22.7
259,41.41,36.12
259,45.19,0.81
259,61.26,4.99
259,63.14,0.0
259,64.89,33.4
259,29.31,14.2
259,42.41,11.9
259,51.22,20.38
259,38.81,24.04
259,38.32,16.24
259,66.15,29.24
259,76.85,12.69
259,34.26,0.82
259,35.09,30.41
259,31.54,11.86
259,42.0,0.0
259,68.35,0.0
259,37.13,0.0
259,48.58,6.73
259,77.7,14.04
259,51.29,17.18
259,58.48,0.0
259,38.99,10.2
259,42.71,6.61
259,54.29,18.27
259,59.79,23.0
259,26.78,31.3
259,49.65,28.95
259,41.06,0.0
259,24.79,15.76
259,39.67,10.98
259,51.28,12.08
259,47.98,12.96
259,58.71,31.5
259,53.08,21.66
259,34.09,14.48
259,36.59,15.54
259,59.23,0.51
259,54.95,20.96
259,57.5,11.1
259,42.11,5.2
259,67.15,0.0
259,46.1,35.0
259,81.49,8.57
259,48.18,23.65
259,51.09,17.56
259,64.57,27.66
259,34.71,0.0
259,46.65,28.38
259,34.7,30.62
259,47.74,3.28
259,27.06,22.62
259,64.1,3.48
259,56.87,10.27
259,42.72,2.83
259,52.97,19.88
259,52.39,10.44
259,55.6,13.72
259,34.16,2.63
259,53.55,23.85
259,33.9,11.2
259,59.54,15.12
259,52.27,7.83
259,39.92,0.0
259,64.94,3.64
259,64.48,11.29
259,37.71,11.98
259,32.8,30.43
259,34.35,30.91
259,48.28,21.42
259,38.64,35.68
259,48.64,8.59
259,60.2,21.46
259,68.79,17.81
259,26.6,18.67
259,15.12,3.71
259,42.44,14.86
259,30.4,9.37
259,37.54,1.99
259,43.76,19.62
259,56.58,0.0
259,47.05,27.67
259,38.32,14.68
259,49.02,1.44
259,45.31,10.42
259,41.8,13.67
259,33.09,25.81
259,40.87,28.9
259,53.4,11.96
259,53.63,13.11
259,32.26,34.78
259,41.55,0.0
259,33.78,0.0
259,56.96,29.86
259,46.86,11.61
259,34.69,21.44
259,40.29,29.67
259,16.1,0.0
259,40.53,28.28
259,51.16,22.26
259,51.78,0.0
259,38.41,8.24
259,45.02,14.43
259,52.27,21.18
259,58.34,2.61
259,42.83,22.55
259,55.6,14.98
259,33.04,4.73
259,52.13,8.11
259,49.36,19.38
259,22.8,7.22
259,44.54,10.27
259,62.73,10.03
259,31.23,0.0
259,49.26,8.14
259,55.44,11.38
259,58.42,14.11
259,49.64,21.69
259,40.24,3.85
259,57.21,24.21
259,45.52,9.74
259,29.8,13.11
259,43.95,0.0
259,23.06,2.36
259,47.68,24.13
259,44.66,3.47
259,30.85,2.65
259,76.57,14.64
259,31.38,21.41
259,50.38,12.36
259,44.86,0.0
259,38.58,0.0
259,41.2,28.69
259,36.5,20.97
259,50.83,0.0
259,66.06,10.88
259,70.05,33.77
259,54.16,13.93
259,36.65,6.02
259,51.91,0.0
259,47.76,9.19
259,51.31,22.71
259,28.21,36.83
259,24.51,28.31
259,62.04,18.98
259,44.72,12.84
259,41.02,1.79
259,48.5,11.27
259,27.0,0.0
259,66.06,23.46
260,53.54,30.94
260,76.21,46.15
260,68.67,56.73
260,77.73,26.55
260,71.48,32.12
260,85.15,60.5
260,42.49,15.04
260,75.12,50.6
260,83.26,41.51
260,74.66,14.61
260,71.65,27.66
260,89.77,54.84
260,56.62,38.58
260,55.86,27.04
260,71.99,22.48
260,82.09,14.8
260,75.85,36.88
260,88.16,46.48
260,93.58,40.26
260,66.0,33.05
260,80.33,37.74
260,81.04,30.94
260,80.12,40.06
260,65.45,16.29
260,65.87,19.66
260,70.69,26.02
260,85.24,17.71
260,51.04,51.32
260,79.12,29.41
260,59.97,32.98
260,79.95,43.59
260,67.07,26.2
260,80.67,16.82
260,86.2,24.48
260,36.98,27.75
260,61.59,36.52
260,71.98,23.21
260,65.22,32.2
260,50.15,34.49
260,73.29,31.01
260,54.02,51.31
260,88.4,37.89
260,65.57,35.62
260,65.77,46.49
260,86.48,38.99
260,55.55,7.53
260,55.97,48.21
260,70.78,22.25
260,77.52,34.44
260,62.16,22.76
260,47.63,37.04
260,70.59,23.28
260,70.17,33.91
260,66.58,43.26
260,72.03,20.59
260,83.83,23.35
260,71.38,17.66
260,76.32,50.89
260,76.36,31.28
260,74.66,31.01
260,66.64,23.34
260,74.54,26.48
260,85.7,11.65
260,62.74,39.84
260,53.38,23.24
260,80.28,33.63
260,62.79,37.54
260,79.0,58.72
260,51.97,18.92
260,62.82,34.75
260,75.37,29.08
260,66.99,11.3
260,77.21,61.59
260,81.73,22.38
260,69.17,34.48
260,69.11,33.36
260,67.53,37.05
260,67.46,68.0
260,82.72,36.64
260,77.38,31.2
260,64.86,37.85
260,89.89,34.45
260,92.24,44.9
260,71.65,45.5
260,57.38,34.08
260,64.84,40.44
260,68.87,49.53
260,75.23,33.76
260,92.27,44.57
260,91.36,30.46
260,75.62,38.51
260,35.74,20.75
260,55.63,23.17
260,54.28,50.73
260,88.02,35.87
260,57.51,32.73
260,48.02,48.21
260,95.09,41.12
260,65.81,32.62
260,73.71,29.23
260,75.89,40.65
260,80.69,40.67
260,50.61,37.35
260,54.54,57.48
260,90.64,25.48
260,57.94,38.27
260,69.76,31.1
260,94.68,27.85
260,93.04,29.77
260,78.66,37.41
260,64.19,25.75
260,76.35,25.52
260,58.22,10.18
260,80.8,45.62
260,80.61,37.57
260,55.62,42.86
260,105.0,22.6
260,80.76,36.99
260,63.31,36.55
260,91.89,36.22
260,72.62,29.09
260,70.72,24.19
260,63.92,38.38
260,83.94,31.61
260,91.55,31.58
260,69.84,23.44
260,74.01,31.24
260,62.17,47.63
260,67.98,43.0
260,80.79,35.7
260,84.88,38.5
260,70.09,17.43
260,69.52,55.17
260,71.56,57.54
260,64.2,22.34
260,82.53,30.66
260,75.88,37.74
260,78.43,38.9
260,58.44,27.6
260,84.85,35.81
260,63.13,39.38
260,66.99,22.22
260,60.63,30.53
260,64.28,44.01
260,70.09,47.0
260,68.61,41.36
260,64.58,41.48
260,90.39,31.62
260,82.77,31.4
260,79.89,35.8
260,87.27,24.99
260,66.85,31.53
260,75.29,34.84
260,72.12,50.4
260,47.28,55.78
260,81.62,55.23
260,67.4,21.35
260,73.43,49.61
260,63.5,36.54
260,71.26,27.78
260,104.64,30.94
260,39.7,19.16
260,83.96,33.83
260,98.5,42.87
260,47.28,21.38
260,63.38,24.9
260,79.4,31.14
260,66.67,51.4
260,63.96,9.48
260,81.02,40.24
260,40.31,37.6
260,81.87,39.84
260,82.44,10.15
260,86.44,25.28
260,78.71,28.07
260,83.34,16.82
260,72.14,54.75
260,49.11,41.28
260,65.8,44.53
260,69.15,42.23
260,68.73,16.36
260,62.57,16.24
260,65.56,46.08
260,80.58,21.3
260,75.28,38.15
260,60.63,22.33
260,80.2,24.36
260,74.26,32.76
260,52.39,20.74
260,73.65,8.0
260,79.16,34.73
260,60.69,61.07
260,73.71,41.53
260,58.72,20.63
260,63.03,26.71
260,76.11,31.8
260,90.46,34.37
260,78.38,23.82
260,61.6,47.38
260,79.2,26.82
260,70.13,35.12
260,85.56,52.62
260,75.23,31.81
260,57.2,57.42
260,72.01,38.54
260,71.5,28.09
260,47.52,30.84
260,76.19,27.19
260,102.8,16.97
260,64.92,0.0
260,34.86,23.82
260,65.83,10.27
260,102.54,22.59
260,58.15,46.74
260,87.68,28.85
260,62.36,51.88
260,75.95,27.68
260,71.14,43.6
260,59.75,32.33
260,59.46,29.11
260,86.49,49.87
260,89.27,58.18
260,76.41,29.26
260,60.47,21.68
260,70.7,33.45
260,69.21,37.6
260,77.89,40.48
260,70.74,35.26
260,65.04,24.22
260,65.27,56.38
260,70.02,24.2
260,91.17,31.96
260,95.24,46.65
260,78.26,22.48
260,75.31,33.78
260,61.53,40.49
260,68.36,36.21
260,72.45,39.12
260,84.61,31.1
260,69.14,37.12
260,63.05,25.85
260,70.48,15.36
260,84.96,26.41
260,80.87,34.19
260,76.25,40.14
260,72.32,47.67
260,63.9,51.27
260,69.39,17.44
260,65.72,22.68
260,61.74,28.82
260,63.38,37.46
260,69.83,33.06
260,78.04,41.72
260,72.94,37.88
260,70.52,41.72
260,76.72,17.9
260,57.41,35.09
260,45.72,36.02
260,53.76,36.27
260,79.15,33.58
260,94.51,51.85
260,67.98,34.17
260,79.17,21.39
260,52.6,21.4
260,53.37,27.93
260,71.79,21.35
260,91.33,53.13
260,72.69,50.33
260,51.87,27.82
260,65.79,38.65
260,55.06,30.4
260,76.19,31.43
260,59.73,26.62
260,85.89,40.26
260,59.44,32.04
260,59.98,29.69
260,93.4,29.43
260,53.42,45.73
260,87.51,24.44
260,60.27,27.34
260,58.67,26.59
260,83.51,42.0
260,72.44,51.96
260,58.17,26.37
260,64.55,49.91
260,51.18,46.72
260,52.52,22.93
260,75.69,36.41
260,61.43,21.76
260,90.05,30.16
260,61.54,18.16
260,56.86,29.21
260,69.03,30.96
260,64.5,23.32
260,65.9,38.45
260,59.41,46.46
260,73.72,39.66
261,77.15,25.79
261,85.48,37.13
261,104.46,41.07
261,87.63,37.5
261,80.56,30.07
261,86.3,37.46
261,69.91,56.14
261,77.17,44.08
261,95.9,30.62
261,85.75,22.07
261,83.06,14.57
261,87.47,15.94
261,97.56,15.3
261,105.0,16.1
261,49.78,38.63
261,86.99,44.93
261,83.4,28.55
261,104.24,34.81
261,85.96,42.02
261,81.45,40.34
261,84.06,38.87
261,105.0,45.52
261,64.51,40.57
261,91.16,24.33
261,93.01,37.15
261,105.0,54.49
261,71.36,31.46
261,80.3,41.85
261,93.87,55.22
261,82.79,28.32
261,66.65,19.62
261,99.76,33.7
261,88.26,27.96
261,76.87,34.68
261,74.02,20.51
261,92.03,21.23
261,71.28,32.14
261,93.04,28.77
261,105.0,51.64
261,72.14,26.23
261,105.0,29.66
261,104.0,39.33
261,80.39,63.42
261,83.64,31.62
261,81.39,44.83
261,92.44,29.39
261,88.74,19.65
261,82.98,25.25
261,78.82,30.67
261,78.46,53.0
261,98.85,43.51
261,75.27,42.46
261,79.7,29.21
261,97.84,27.58
261,82.48,23.94
261,78.64,42.34
261,82.73,45.07
261,105.0,44.28
261,74.97,19.48
261,103.61,24.71
261,79.9,56.71
261,92.86,42.03
261,80.86,46.09
261,99.39,32.54
261,70.58,43.56
261,76.99,29.6
261,79.48,41.04
261,91.67,32.84
261,88.17,32.89
261,65.26,34.17
261,74.23,9.68
261,105.0,20.72
261,88.1,46.7
261,61.23,40.83
261,95.8,40.1
261,88.63,19.39
261,92.2,28.31
261,94.82,46.34
261,75.14,18.22
261,93.33,26.12
261,99.57,17.44
261,83.89,40.61
261,103.77,26.42
261,65.43,47.67
261,96.43,35.68
261,73.63,38.32
261,58.95,39.45
261,70.97,50.52
261,63.89,41.14
261,105.0,46.53
261,77.71,27.24
261,93.65,26.28
261,80.2,17.37
261,105.0,39.74
261,80.82,29.48
261,91.43,32.71
261,77.37,34.21
261,97.08,39.29
261,85.48,27.75
261,95.14,37.67
261,67.72,20.58
261,93.66,47.25
261,88.88,9.54
261,66.28,22.02
261,61.02,41.32
261,105.0,40.51
261,94.29,40.74
261,94.47,19.59
261,105.0,0.93
261,98.8,49.02
261,105.0,34.15
261,73.26,40.62
261,87.96,24.3
261,105.0,33.61
261,96.31,16.27
261,48.52,30.76
261,90.76,43.47
261,80.18,10.49
261,75.96,57.98
261,103.25,18.92
261,81.7,27.15
261,91.66,30.17
262,67.88,21.25
262,44.89,46.48
262,52.93,41.39
262,60.57,37.68
262,35.67,37.97
262,44.21,41.97
262,52.83,27.72
262,66.3,44.7
262,59.44,30.71
262,68.91,31.68
262,48.46,51.57
262,76.6,41.17
262,68.79,26.58
262,55.29,39.71
262,53.57,30.15
262,53.48,34.06
262,47.94,37.18
262,53.14,15.63
262,58.75,29.06
262,62.84,30.34
262,71.01,35.71
262,62.55,18.75
262,42.36,16.93
262,58.04,35.7
262,68.97,46.92
262,84.28,37.13
262,59.22,62.17
262,59.3,32.2
262,58.02,32.96
262,63.04,25.75
262,49.73,49.37
262,72.36,26.07
262,63.2,35.1
262,89.66,8.45
262,59.17,48.71
262,70.52,42.67
262,54.32,31.72
262,63.82,32.13
262,67.59,37.44
262,83.85,56.59
262,55.02,28.97
262,54.54,37.88
262,60.37,20.03
262,37.49,44.83
262,71.06,47.4
262,59.24,24.58
262,65.9,30.54
262,53.83,48.33
262,58.63,36.48
262,68.15,17.86
262,66.08,46.11
262,46.98,29.92
262,71.16,22.07
262,62.75,41.67
262,56.54,59.37
262,54.5,35.28
262,67.6,32.0
262,46.12,16.17
262,45.07,19.4
262,74.19,10.74
262,63.67,24.29
262,66.31,25.31
262,56.77,24.79
262,67.14,31.07
262,50.88,33.3
262,65.87,21.91
262,45.88,32.63
262,73.47,40.81
262,72.31,45.08
262,55.98,39.01
262,53.9,48.91
262,67.58,17.57
262,47.28,1.29
262,51.71,39.88
262,75.04,51.11
262,56.51,17.37
262,63.35,31.22
262,42.72,28.93
262,66.7,52.63
262,79.91,39.5
262,63.51,32.06
262,76.32,46.29
262,51.25,35.93
262,88.56,25.33
262,58.98,46.53
262,47.55,17.02
262,38.64,31.06
262,68.91,30.3
262,75.13,60.64
262,37.23,16.37
262,66.99,22.31
262,57.02,43.3
262,73.94,25.09
262,50.35,37.54
262,68.9,30.74
262,85.01,25.9
262,52.95,35.28
262,48.43,40.5
262,85.02,24.26
262,61.31,20.64
262,57.75,30.69
262,51.43,27.61
262,75.49,40.17
262,57.22,35.25
262,57.69,38.01
262,53.4,33.44
262,60.61,27.4
262,64.59,50.41
262,76.12,36.99
262,44.76,16.17
262,54.63,38.62
262,83.13,18.59
262,61.41,38.32
262,68.25,48.64
262,55.87,35.76
262,56.18,57.66
262,71.08,18.73
262,56.07,43.39
262,68.88,30.68
262,73.73,22.17
262,40.32,50.92
262,60.97,31.46
262,59.17,34.1
262,67.22,33.61
262,75.75,62.21
262,53.98,41.7
262,72.3,46.93
262,71.81,24.59
262,62.03,23.63
262,63.57,26.15
262,57.46,29.36
262,49.4,22.44
262,69.46,30.63
262,64.01,47.94
262,63.79,34.72
262,76.31,12.53
262,52.05,49.81
262,56.56,16.53
262,28.98,47.31
262,66.2,32.97
262,47.1,62.97
262,62.22,52.54
262,39.24,41.24
262,61.9,33.56
262,62.96,50.31
262,58.11,35.56
262,56.97,40.25
262,51.96,36.12
262,78.69,26.53
262,47.3,37.84
262,82.48,25.29
262,56.6,42.33
262,79.44,33.99
262,61.3,28.02
262,70.72,26.5
262,45.34,52.87
262,37.91,21.97
262,77.43,37.49
262,79.83,21.04
262,50.18,38.87
262,83.28,30.32
262,35.11,34.95
262,59.85,29.38
262,52.57,11.07
262,58.37,37.86
262,76.73,37.02
262,37.98,22.22
262,63.08,34.67
262,39.44,37.14
262,49.1,38.26
262,65.89,34.71
262,60.35,26.19
262,62.29,42.72
262,42.68,37.66
262,75.55,12.62
262,49.79,29.03
262,72.47,41.18
262,58.33,52.77
262,71.96,36.28
262,83.48,19.88
262,57.98,15.53
262,85.09,34.88
262,68.69,32.13
262,63.58,37.99
262,44.72,21.75
262,53.34,36.5
262,64.9,33.0
262,56.24,23.66
262,65.17,51.47
262,64.44,43.47
262,45.68,32.56
262,53.51,19.17
262,77.56,39.37
262,53.47,26.48
262,43.5,41.3
262,49.02,38.48
262,70.2,22.69
262,53.3,33.66
262,42.37,44.73
262,55.38,16.68
262,67.41,37.72
262,50.15,52.37
262,66.32,22.02
262,64.27,14.85
262,62.52,63.7
262,48.21,8.43
263,63.89,32.4
263,79.51,27.06
263,56.98,45.9
263,53.87,40.49
263,61.76,41.32
263,65.27,35.57
263,65.9,43.29
263,47.55,23.85
263,61.15,25.97
263,46.25,23.93
263,57.88,40.7
263,67.7,26.58
263,66.98,25.26
263,85.42,35.48
263,53.28,22.83
263,73.71,39.36
263,86.25,27.75
263,90.02,49.35
263,73.68,48.89
263,41.86,52.32
263,47.13,21.77
263,48.74,31.01
263,61.77,45.6
263,84.93,52.65
263,58.17,17.05
263,50.14,41.29
263,75.99,36.14
263,53.76,37.41
263,73.26,22.49
263,55.3,29.56
263,71.87,44.92
263,63.52,44.61
263,56.19,36.71
263,41.46,47.83
263,60.65,44.13
263,43.41,52.0
263,64.83,40.7
263,72.24,65.59
263,67.41,30.75
263,59.42,56.52
263,59.28,23.16
263,69.42,32.94
263,52.1,41.95
263,62.46,4.84
263,42.01,28.01
263,50.49,58.63
263,63.27,50.47
263,42.59,17.67
263,62.59,16.44
263,68.44,17.42
263,50.88,24.69
263,64.41,33.84
263,42.4,43.57
263,65.87,45.89
263,54.02,54.39
263,47.42,49.26
263,55.29,8.35
263,44.52,28.83
263,69.96,18.85
263,61.64,60.23
263,73.49,29.98
263,36.49,26.04
263,71.61,42.68
263,38.71,31.41
263,59.28,46.45
263,91.11,27.52
263,39.26,44.81
263,59.98,6.39
263,46.25,62.26
263,52.32,42.41
263,46.96,38.04
263,25.39,28.76
263,66.66,33.82
263,60.22,33.6
263,47.72,32.03
263,76.23,37.38
263,66.95,32.78
263,60.04,33.5
263,66.94,29.7
263,67.03,32.64
263,59.46,36.83
263,65.78,35.78
263,63.11,33.3
263,55.08,31.23
263,50.72,40.45
263,51.06,27.11
263,48.14,15.07
263,57.9,33.15
263,66.62,44.07
263,71.74,39.71
263,62.71,43.07
263,74.26,29.71
263,45.0,39.0
263,73.73,56.99
263,72.73,21.14
263,41.66,39.55
263,44.76,30.14
263,51.24,48.45
263,66.22,34.06
263,30.43,31.05
263,63.35,18.73
263,67.26,23.8
263,83.85,30.06
263,79.2,44.35
263,54.51,51.07
263,51.92,32.64
263,74.66,30.38
263,76.42,38.05
263,66.96,36.44
263,44.13,32.22
263,59.5,33.75
263,52.67,37.3
263,43.99,47.09
263,63.67,26.38
263,48.29,19.86
263,89.61,36.12
263,46.4,24.06
263,28.97,49.73
263,62.48,38.08
263,79.83,32.65
263,62.09,33.64
263,53.09,38.56
263,46.08,40.9
263,41.2,61.46
263,52.27,22.46
263,46.64,44.81
263,62.34,58.88
263,57.99,38.35
263,60.91,34.92
263,48.35,30.15
263,57.52,33.26
263,72.47,33.75
263,36.73,47.13
263,48.92,48.09
263,55.86,28.56
263,54.06,48.48
263,79.53,36.23
263,38.58,36.8
263,21.97,44.56
263,75.1,31.91
263,40.68,35.73
263,49.63,38.08
263,64.04,50.42
263,76.34,13.53
263,50.66,36.29
263,51.78,23.33
263,43.95,47.87
263,60.3,21.7
263,79.54,46.54
263,51.66,28.26
263,48.19,56.46
263,58.19,23.66
263,67.23,36.26
263,70.57,39.45
263,57.58,32.25
263,80.48,19.34
263,67.92,38.18
263,60.13,14.66
263,59.6,37.64
263,32.57,36.12
263,52.08,28.15
263,46.43,6.83
263,56.52,10.55
263,48.51,24.08
263,41.49,31.3
263,71.21,39.11
263,37.57,35.62
263,91.27,19.09
263,45.69,50.46
263,58.87,46.94
263,41.59,32.5
263,47.21,43.91
263,70.41,24.69
263,50.15,30.57
263,51.19,11.7
263,72.61,25.83
263,84.88,30.13
263,54.59,42.51
263,34.86,43.14
263,55.35,21.2
263,56.47,23.89
263,59.45,30.0
263,67.96,48.61
263,70.58,44.32
263,49.27,37.58
263,61.29,38.77
263,61.97,35.24
263,82.99,38.37
263,71.58,24.57
263,51.52,27.52
263,43.81,24.61
263,53.81,46.82
263,60.67,52.93
263,56.46,33.89
263,48.1,51.56
263,48.6,42.15
263,71.9,32.89
263,35.41,12.42
263,76.03,58.91
263,60.39,44.61
263,49.18,33.21
263,60.34,34.81
263,72.4,50.29
263,63.34,30.47
263,52.32,18.31
263,53.96,49.49
263,56.96,27.63
263,65.89,29.1
263,39.08,15.31
263,52.96,49.81
263,58.98,44.03
263,59.62,14.37
263,54.79,44.49
263,61.27,42.04
263,33.82,47.89
263,36.68,27.67
263,78.44,14.35
263,59.3,28.04
263,57.69,17.56
263,36.86,46.25
263,32.88,6.9
263,64.79,30.94
263,76.81,23.17
263,47.57,27.1
263,63.51,30.71
263,74.04,38.55
263,55.71,34.24
263,76.05,33.4
263,55.11,30.88
263,63.25,48.15
263,82.76,41.98
263,69.28,26.59
264,89.49,20.62
264,77.65,28.01
264,78.46,33.47
264,93.27,43.75
264,105.0,18.66
264,105.0,31.66
264,77.58,50.88
264,88.93,27.84
264,93.08,46.85
264,95.56,43.75
264,105.0,48.62
264,84.57,26.99
264,76.4,34.05
264,90.18,29.18
264,76.58,47.87
264,88.83,33.99
264,79.5,34.02
264,97.2,7.08
264,105.0,16.37
264,73.56,45.41
264,74.87,44.28
264,74.87,36.33
264,83.83,64.62
264,99.92,31.19
264,68.64,42.21
264,91.83,40.61
264,105.0,45.49
264,76.37,43.03
264,79.67,21.68
264,79.88,22.57
264,105.0,33.17
264,89.64,41.83
264,99.32,54.86
264,80.18,42.17
264,99.65,30.1
264,86.4,32.26
264,105.0,43.81
264,99.19,30.8
264,105.0,42.05
264,102.31,12.47
264,76.76,21.55
264,105.0,39.83
264,105.0,57.87
264,70.5,27.6
264,87.15,40.52
264,77.97,49.76
264,92.92,39.22
264,90.41,34.14
264,94.7,49.66
264,79.9,20.86
264,68.85,11.17
264,72.98,18.94
264,97.43,15.02
264,77.15,24.47
264,68.38,32.46
264,76.76,27.89
264,99.27,7.28
264,76.21,31.14
264,94.03,33.2
264,88.19,41.54
264,89.62,46.26
264,93.04,41.38
264,68.89,4.52
264,91.55,26.1
264,82.84,28.31
264,83.33,21.57
264,81.64,51.38
264,84.25,29.23
264,92.32,22.89
264,97.71,39.51
264,99.26,16.78
264,105.0,23.28
264,88.89,38.29
264,103.82,23.32
264,80.39,52.62
264,76.13,40.59
264,81.58,34.94
264,76.88,37.01
264,102.59,18.45
264,105.0,33.48
264,96.16,20.34
264,87.65,47.45
264,88.86,56.98
264,92.68,20.23
264,105.0,28.39
264,100.89,36.0
264,105.0,47.17
264,84.78,56.23
264,86.29,33.85
264,92.34,50.16
264,77.28,35.4
264,99.83,29.68
264,80.42,17.22
264,71.51,26.45
264,105.0,33.94
264,105.0,29.22
264,95.29,63.93
264,99.67,37.1
264,98.4,31.26
264,86.47,17.22
264,105.0,29.69
264,105.0,27.72
264,98.78,33.02
264,69.59,54.98
264,70.23,41.4
264,95.04,37.74
264,105.0,31.15
264,73.93,30.01
264,102.63,37.5
264,80.9,40.58
264,93.92,41.09
264,86.15,43.62
264,82.92,43.97
264,85.89,19.27
264,95.33,37.08
264,105.0,46.98
264,80.93,28.35
264,83.78,24.92
264,95.52,14.42
264,95.07,23.85
264,75.81,31.59
264,57.31,46.35
265,68.58,28.16
265,96.37,26.72
265,96.6,55.81
265,90.96,37.21
265,93.43,31.45
265,97.59,28.96
265,90.26,36.13
265,100.13,26.05
265,72.0,7.21
265,92.74,21.59
265,92.92,33.99
265,102.22,42.51
265,97.08,41.11
265,82.84,41.2
265,95.8,24.26
265,77.21,36.49
265,75.99,41.5
265,86.98,41.84
265,75.03,28.08
265,84.76,40.9
265,96.57,35.42
265,99.97,30.23
265,74.17,22.3
265,61.04,31.43
265,75.48,26.94
265,83.43,22.97
265,105.0,30.31
265,78.67,29.17
265,105.0,58.57
265,97.7,43.84
265,87.28,26.97
265,85.96,46.22
265,103.35,38.74
265,80.66,19.14
265,105.0,34.92
265,95.8,36.66
265,84.13,30.99
265,90.15,14.18
265,102.76,10.62
265,105.0,42.11
265,93.3,34.81
265,82.06,26.35
265,91.48,45.64
265,73.61,34.69
265,97.95,20.89
265,79.82,35.78
265,82.24,43.49
265,100.14,9.83
265,99.62,45.71
265,77.06,46.61
265,91.44,40.11
265,89.4,33.33
265,80.1,36.93
265,91.17,23.71
265,88.07,24.4
265,84.99,49.99
265,100.04,28.0
265,71.27,29.59
265,82.98,41.94
265,80.41,12.38
265,71.17,27.49
265,90.41,28.62
265,76.8,34.34
265,80.37,40.42
265,96.73,33.07
265,67.61,34.28
265,95.34,17.9
265,105.0,4.79
265,92.15,31.16
265,98.42,24.25
265,105.0,30.91
265,91.32,38.72
265,93.43,19.4
265,101.84,49.13
265,81.72,40.28
265,78.7,32.15
265,87.84,37.75
265,84.32,27.39
265,72.31,27.21
265,71.36,12.48
265,70.22,7.62
265,81.44,33.05
265,74.05,15.2
265,95.41,41.63
265,105.0,31.16
265,94.47,27.63
265,78.73,26.0
265,105.0,10.79
265,80.4,39.16
265,82.56,39.72
265,84.55,20.3
265,100.5,39.4
265,77.48,19.22
265,105.0,16.59
265,63.43,48.25
265,79.05,14.16
265,99.8,13.61
265,105.0,24.66
265,105.0,39.56
265,96.06,29.17
265,77.71,45.23
265,80.12,47.24
265,98.38,33.06
265,98.56,28.31
265,82.94,43.55
265,82.91,45.93
265,102.48,20.26
265,98.61,44.58
265,93.29,28.54
265,79.01,32.7
265,93.93,44.46
265,82.55,25.12
265,87.96,46.0
265,91.0,20.36
265,95.84,34.39
265,62.63,17.58
265,101.69,29.31
265,100.8,45.28
265,97.76,13.63
265,93.2,16.01
265,71.41,44.81
265,100.67,28.13
266,38.74,38.56
266,13.21,33.71
266,28.85,31.98
266,30.92,52.8
266,27.78,19.82
266,20.63,18.44
266,34.55,24.02
266,22.34,53.28
266,31.59,56.93
266,29.3,44.47
266,35.33,13.95
266,7.59,41.73
266,32.17,33.51
266,49.22,24.09
266,44.62,50.43
266,21.76,49.94
266,34.52,27.43
266,23.6,45.69
266,20.83,28.1
266,32.32,35.5
266,26.89,19.61
266,4.41,26.01
266,42.17,18.7
266,35.29,29.54
266,41.01,15.32
266,37.48,64.12
266,44.63,28.06
266,36.33,38.25
266,15.55,40.46
266,15.18,16.98
266,24.22,40.12
266,18.54,26.47
266,0.0,36.75
266,16.45,33.79
266,44.54,31.06
266,15.92,25.79
266,33.02,48.4
266,18.92,50.44
266,30.21,41.09
266,25.16,38.42
266,19.9,24.14
266,35.03,39.44
266,23.21,29.68
266,14.55,14.59
266,28.56,28.49
266,49.17,32.37
266,20.36,44.72
266,28.61,36.38
266,39.6,32.68
266,30.14,32.92
266,10.71,44.55
266,13.9,23.06
266,5.2,35.69
266,26.97,46.72
266,12.17,35.37
266,19.92,32.13
266,33.17,32.05
266,27.2,13.43
266,7.47,36.16
266,27.66,20.48
266,28.5,35.11
266,48.55,27.75
266,31.46,55.71
266,41.35,30.67
266,54.11,9.82
266,45.62,33.27
266,15.35,18.63
266,27.01,38.61
266,66.96,43.97
266,18.7,23.5
266,28.92,37.57
266,42.09,36.75
266,35.05,22.5
266,23.63,28.65
266,42.43,49.4
266,11.91,32.17
266,24.64,30.36
266,35.88,35.84
266,16.21,30.59
266,46.87,32.27
266,38.71,39.2
266,46.58,35.77
266,55.49,63.28
266,33.48,52.08
266,11.95,34.62
266,34.88,37.25
266,33.95,22.06
266,44.48,27.34
266,19.86,33.9
266,13.17,45.45
266,25.75,38.01
266,48.52,36.78
266,33.37,30.01
266,27.19,20.34
266,28.77,26.45
266,30.3,27.99
266,44.86,40.55
266,32.83,51.11
266,54.12,24.64
266,30.16,35.64
266,29.49,53.29
266,41.76,32.12
266,30.53,43.58
266,63.04,19.49
266,22.06,56.46
266,26.26,26.85
266,7.67,25.21
266,46.92,53.8
266,54.54,44.36
266,34.79,25.14
266,49.34,38.98
266,11.35,40.36
266,40.76,20.94
266,37.73,22.04
266,56.13,44.56
266,38.8,41.28
266,38.49,21.58
266,26.26,32.87
266,43.13,42.06
266,13.08,35.74
266,25.44,30.59
266,27.14,25.66
266,5.35,39.65
266,38.43,33.14
266,10.16,32.8
266,45.04,35.21
266,17.17,44.01
266,29.21,12.24
266,40.7,28.4
266,58.44,37.66
266,23.38,36.19
266,21.66,55.59
266,44.44,37.7
266,33.32,47.86
266,38.22,43.27
267,105.0,9.0
267,89.08,36.06
267,85.87,27.28
267,74.49,23.98
267,96.74,28.22
267,52.59,36.04
267,67.4,33.56
267,65.87,19.9
267,72.59,14.15
267,83.7,35.66
267,96.85,38.97
267,84.78,41.76
267,100.47,15.31
267,105.0,36.63
267,91.27,40.22
267,101.55,27.84
267,98.56,29.28
267,93.41,28.33
267,71.33,27.16
267,88.07,47.42
267,76.74,26.94
267,93.62,25.02
267,93.03,8.98
267,82.26,40.59
267,97.29,24.33
267,83.58,24.27
267,92.86,50.3
267,72.8,20.03
267,67.72,16.82
267,105.0,16.96
267,102.3,16.94
267,94.69,25.23
267,77.06,32.12
267,75.9,29.48
267,70.85,42.66
267,86.27,38.0
267,93.52,35.48
267,82.01,36.91
267,105.0,39.59
267,59.54,31.48
267,98.64,50.85
267,86.44,25.9
267,88.94,26.76
267,50.64,23.45
267,78.43,24.0
267,72.3,19.83
267,104.87,20.29
267,79.93,30.99
267,63.25,30.73
267,92.16,27.59
267,100.74,23.9
267,96.73,47.43
267,87.45,49.86
267,97.76,40.86
267,74.92,36.54
267,91.78,49.89
267,94.02,36.69
267,88.02,18.17
267,82.89,22.47
267,75.66,34.26
267,79.92,40.59
267,102.06,47.93
267,78.43,47.66
267,83.23,43.5
267,96.56,44.82
267,70.23,29.95
267,77.05,29.41
267,63.99,28.7
267,105.0,34.45
267,83.63,42.26
267,95.85,68.0
267,105.0,29.24
267,70.3,26.86
267,86.45,41.1
267,80.24,29.22
267,83.61,48.25
267,88.49,49.83
267,105.0,54.83
267,95.52,39.24
267,105.0,51.52
267,89.13,20.02
267,80.63,48.58
267,102.54,43.1
267,80.21,36.86
267,89.03,32.16
267,95.33,2.62
267,99.51,42.09
267,87.08,28.22
267,97.61,30.47
267,79.29,36.8
267,83.65,38.02
267,94.78,25.65
267,88.22,25.03
267,79.03,23.69
267,99.27,35.15
267,90.72,47.24
267,68.68,36.09
267,93.51,37.56
267,94.75,31.71
267,87.4,28.98
267,91.28,27.0
267,103.39,29.72
267,65.37,18.47
267,99.33,48.56
267,56.07,37.05
267,78.53,36.37
267,64.55,38.3
267,105.0,29.48
267,83.9,37.57
267,87.69,26.94
267,84.01,28.35
267,85.98,33.76
267,86.24,34.8
267,99.56,50.37
267,91.43,23.94
267,78.0,23.42
267,65.76,29.21
267,103.63,45.42
267,94.13,37.23
267,84.14,58.84
267,101.3,33.28
267,105.0,38.14
267,88.56,34.98
267,105.0,37.07
267,88.56,25.67
267,105.0,34.98
267,89.65,21.63
267,82.55,37.81
267,105.0,38.88
267,89.81,31.81
267,88.56,26.75
267,99.13,25.75
267,86.96,23.63
267,65.31,26.0
267,83.59,61.49
267,80.06,37.17
267,76.77,31.28
267,101.71,26.01
267,81.75,32.35
267,81.96,40.48
267,87.06,39.85
267,92.37,44.61
267,94.24,45.14
267,90.16,33.79
267,90.03,26.29
267,72.98,31.37
267,94.44,42.65
267,75.33,26.8
267,102.88,57.14
267,84.47,26.45
267,71.11,39.58
267,90.95,37.22
267,98.07,42.77
267,83.64,11.41
267,96.39,44.47
267,105.0,29.98
267,92.31,24.65
267,71.23,44.65
267,87.7,14.06
267,81.66,55.12
267,62.8,36.29
267,70.18,32.38
267,105.0,20.09
267,83.11,31.05
267,85.45,46.9
267,72.05,36.87
267,105.0,40.18
267,93.22,45.11
267,83.55,24.64
267,98.26,16.16
267,104.86,22.99
267,61.11,33.68
267,103.97,31.38
267,76.45,31.2
267,66.6,39.66
267,105.0,29.27
267,92.46,22.33
267,79.44,23.16
267,105.0,40.75
267,81.85,45.78
267,74.84,49.43
267,99.53,28.77
267,67.39,35.94
267,88.54,39.19
267,69.32,37.18
267,73.49,40.17
267,95.62,41.66
267,75.41,25.59
267,98.47,27.17
267,59.87,38.7
267,85.14,23.08
267,80.79,27.15
267,84.78,35.71
267,82.31,28.59
267,92.81,37.9
267,93.41,26.27
267,82.74,7.8
267,81.19,37.22
267,93.32,33.2
267,94.87,47.82
267,59.15,29.89
267,69.98,34.9
267,71.73,29.57
267,81.88,26.21
267,62.46,28.68
267,93.78,23.19
267,75.01,35.36
267,97.07,35.13
267,79.02,23.37
267,99.19,43.23
267,83.08,25.96
267,85.04,33.72
267,96.45,43.1
267,81.38,48.16
267,66.17,7.94
267,66.36,43.45
267,100.34,36.59
267,71.04,39.25
267,82.08,28.56
267,105.0,41.68
267,79.92,45.51
267,77.74,40.14
267,90.68,43.14
267,104.99,54.54
267,105.0,49.19
267,77.51,26.55
267,94.95,41.57
267,86.11,46.0
267,86.62,37.25
267,93.62,40.96
267,91.99,16.92
267,74.1,33.18
267,74.19,30.84
267,105.0,23.25
267,80.59,44.43
267,95.22,20.68
267,105.0,44.04
267,85.33,32.17
267,105.0,46.41
267,79.17,38.11
267,101.42,35.47
267,89.19,33.44
267,84.59,28.78
267,98.07,36.38
267,84.81,11.21
267,78.64,30.55
267,66.03,40.87
267,95.38,32.87
267,96.58,43.71
267,105.0,25.15
267,93.61,22.86
267,77.29,35.32
267,89.37,27.31
267,85.86,40.19
267,102.74,28.68
267,103.25,36.22
267,105.0,7.51
267,85.82,30.47
267,103.39,30.58
267,105.0,14.79
267,97.78,36.52
267,81.56,32.57
267,82.93,24.78
267,98.29,48.14
267,95.63,23.05
267,71.85,43.98
267,73.74,32.8
267,94.59,44.32
268,60.64,68.0
268,63.19,56.85
268,104.35,56.26
268,87.32,56.55
268,93.19,68.0
268,59.33,68.0
268,76.63,42.12
268,64.48,67.06
268,94.59,53.2
268,80.49,55.65
268,71.02,56.75
268,65.43,66.92
268,82.74,41.26
268,78.68,41.1
268,69.8,56.85
268,64.22,39.93
268,82.65,58.05
268,73.51,67.04
268,65.5,60.73
268,76.9,60.26
268,83.67,46.87
268,74.14,68.0
268,82.52,68.0
268,62.6,68.0
268,93.27,62.47
268,63.11,45.22
268,81.31,41.83
268,72.41,68.0
268,61.85,50.68
268,69.26,40.58
268,96.78,29.09
268,61.41,67.75
268,61.49,68.0
268,62.69,68.0
268,86.92,58.41
268,76.36,57.12
268,68.75,33.76
268,70.25,67.7
268,68.21,53.9
268,71.46,55.56
268,60.1,47.05
268,56.19,55.09
268,77.0,59.61
268,65.94,52.15
268,79.39,40.42
268,76.19,65.08
268,89.13,61.18
268,76.03,52.9
268,81.69,68.0
268,66.78,53.33
268,52.01,58.2
268,70.61,31.64
268,67.14,47.01
268,61.37,60.52
268,84.88,52.92
268,69.79,62.49
268,78.36,32.18
268,59.06,62.96
268,76.45,54.27
268,86.42,68.0
268,99.88,54.68
268,55.96,62.63
268,77.85,62.45
268,55.55,66.46
268,57.97,59.59
268,77.62,56.2
268,79.28,53.91
268,83.88,67.76
268,72.2,52.65
268,89.44,49.79
268,83.84,64.31
268,73.01,68.0
268,83.3,68.0
268,69.37,68.0
268,88.14,58.1
268,77.37,63.23
268,70.77,68.0
268,64.67,67.42
268,71.18,68.0
268,78.11,66.77
268,74.01,47.63
268,83.29,53.54
268,69.84,38.49
268,81.03,53.61
268,43.2,49.78
268,70.45,48.81
268,69.58,53.61
268,48.03,46.71
268,86.7,43.02
268,73.57,67.24
268,80.23,49.45
268,68.75,53.17
268,84.49,68.0
268,75.2,47.68
268,82.12,64.49
268,75.95,42.14
268,80.24,57.43
268,75.35,63.09
268,79.04,49.49
268,74.99,67.46
268,53.75,61.75
268,55.1,59.92
268,67.41,68.0
268,88.3,65.42
268,73.91,55.86
268,56.62,39.44
268,70.2,68.0
268,68.34,50.33
268,71.1,30.28
268,83.44,68.0
268,80.72,62.84
268,87.43,56.43
268,70.71,55.39
268,79.0,65.9
268,86.81,68.0
268,73.07,51.87
268,48.25,47.1
268,69.74,53.59
268,96.66,40.89
268,77.93,54.47
268,74.72,68.0
268,66.14,58.1
268,67.54,60.96
268,75.73,67.17
268,84.57,52.96
268,55.09,43.41
268,60.43,54.07
268,77.96,54.56
268,75.04,65.0
268,49.7,64.34
268,68.83,33.47
268,90.93,38.84
268,73.44,68.0
268,62.53,43.11
268,71.92,67.34
268,90.6,27.88
268,80.83,68.0
268,64.33,56.72
268,80.4,68.0
268,69.53,58.03
268,58.15,68.0
268,86.44,68.0
268,80.47,54.9
268,62.16,39.98
268,85.85,37.27
268,45.04,45.69
268,73.65,46.35
268,102.39,68.0
268,100.08,50.29
268,70.0,60.18
268,105.0,39.7
268,81.63,52.6
268,71.4,56.59
268,76.83,55.84
268,68.25,41.86
268,84.46,63.44
268,70.0,65.15
268,77.8,53.04
268,70.89,32.72
268,52.54,62.98
268,66.17,59.23
268,72.85,68.0
268,73.08,44.39
268,85.13,68.0
268,81.8,50.29
268,69.55,68.0
268,68.72,48.07
268,76.78,60.53
268,70.6,36.6
268,68.38,53.46
268,63.82,54.04
268,69.58,60.5
268,81.1,52.05
268,61.2,54.0
268,80.8,68.0
268,105.0,48.53
268,67.65,51.32
268,71.12,60.53
268,68.52,56.97
268,78.46,54.35
268,70.17,56.71
268,71.09,41.1
268,54.22,68.0
268,70.9,50.16
268,58.88,45.93
268,64.44,58.47
268,89.51,43.17
268,62.76,51.72
268,69.29,68.0
268,81.65,56.26
268,70.5,47.81
268,81.53,43.14
268,96.09,59.72
268,79.94,45.95
268,57.79,45.5
268,86.8,59.68
268,69.54,65.34
268,49.8,47.87
268,58.98,39.04
268,71.15,51.88
268,82.75,62.72
268,69.12,59.67
268,77.45,48.32
268,68.19,60.05
268,98.11,48.27
268,64.81,43.92
268,91.9,68.0
268,73.68,68.0
268,79.23,45.83
268,40.97,61.58
268,94.75,40.99
268,61.45,68.0
268,82.9,63.06
268,65.58,58.34
268,56.35,41.14
268,85.72,67.91
268,66.94,59.62
268,72.51,61.68
268,70.05,68.0
268,50.31,62.59
268,58.24,42.29
268,47.21,68.0
268,61.96,47.49
268,94.29,52.55
268,89.76,52.2
268,98.79,41.32
268,86.84,47.42
268,78.08,43.9
268,93.38,44.46
268,67.76,54.74
269,29.89,46.53
269,0.0,40.0
269,30.92,24.95
269,3.89,31.01
269,36.89,40.93
269,0.0,42.49
269,21.92,23.49
269,0.0,21.51
269,0.0,48.0
269,37.02,44.88
269,0.0,48.13
269,11.23,54.21
269,0.0,35.77
269,8.45,16.96
269,34.41,50.02
269,11.68,32.54
269,1.06,53.02
269,2.88,24.96
269,6.42,44.72
269,8.62,22.53
269,13.24,50.45
269,18.37,17.08
269,0.0,34.81
269,15.8,32.85
269,0.0,26.93
269,10.57,33.89
269,0.0,25.85
269,5.8,30.78
269,14.71,35.63
269,25.89,24.61
269,4.42,32.85
269,12.57,41.88
269,10.6,24.2
269,0.0,35.02
269,11.44,22.03
269,34.52,51.91
269,20.34,38.53
269,2.86,19.35
269,2.63,54.23
269,0.66,37.98
269,16.47,24.39
269,8.91,60.9
269,0.0,32.3
269,16.91,16.27
269,15.3,47.64
269,8.08,37.31
269,10.84,49.0
269,0.0,35.42
269,27.63,26.25
269,0.0,20.85
269,7.37,25.46
269,8.28,26.33
269,3.04,16.25
269,8.86,25.55
269,0.0,32.0
269,0.72,30.7
269,0.0,0.0
269,5.66,21.77
269,26.46,32.13
269,14.81,26.48
269,0.0,39.67
269,4.68,27.54
269,7.64,32.7
269,0.0,38.17
269,2.09,44.62
269,24.81,34.6
269,0.0,14.78
269,13.51,49.16
269,0.0,44.9
269,11.83,22.68
269,0.0,36.83
269,16.35,23.68
269,33.53,28.24
269,7.3,41.72
269,25.35,36.1
269,17.0,37.56
269,13.98,38.75
269,0.0,49.41
269,22.43,41.3
269,13.54,34.27
269,0.0,30.3
269,0.0,32.19
269,0.79,30.35
269,0.0,34.93
269,6.19,19.55
269,15.49,34.25
269,5.09,47.69
269,10.83,34.33
269,0.0,33.4
269,21.55,15.13
269,19.44,18.53
269,35.25,19.72
269,0.0,30.1
269,0.0,29.56
269,0.0,28.38
269,23.97,34.49
269,0.0,46.66
269,2.26,40.93
269,0.0,52.09
269,9.0,16.2
269,10.89,36.42
269,14.04,30.87
269,6.73,40.87
269,0.0,26.06
269,14.61,35.34
269,8.8,28.74
269,8.63,38.61
269,0.0,47.61
269,13.21,11.78
269,18.82,29.53
269,0.0,52.82
269,0.0,44.83
269,17.72,40.21
269,0.0,24.5
269,0.0,25.78
269,0.0,35.46
269,0.0,32.61
269,17.54,21.22
269,23.02,28.69
269,21.03,60.45
269,0.0,38.5
269,27.39,16.96
269,0.0,52.51
269,11.18,27.42
269,10.41,54.21
269,27.7,44.4
269,14.55,1.77
269,29.97,11.04
269,0.0,33.7
269,19.13,39.01
270,85.66,31.04
270,68.74,37.43
270,82.95,31.14
270,62.89,39.26
270,83.4,36.19
270,103.69,21.22
270,105.0,25.89
270,81.68,53.29
270,93.24,29.76
270,69.89,39.02
270,100.16,27.49
270,77.92,26.06
270,82.59,46.19
270,96.53,37.21
270,82.33,24.13
270,94.08,36.58
270,83.28,38.72
270,93.4,53.07
270,87.85,11.95
270,102.72,46.32
270,78.0,30.11
270,97.74,55.83
270,87.57,52.38
270,93.46,54.37
270,78.67,29.8
270,105.0,20.38
270,94.57,34.44
270,71.5,24.67
270,99.75,33.65
270,105.0,19.89
270,75.43,29.85
270,75.5,49.93
270,105.0,36.97
270,79.47,22.6
270,100.49,40.69
270,91.12,27.22
270,82.05,47.21
270,88.66,44.88
270,102.51,41.45
270,93.68,53.38
270,75.42,32.03
270,83.22,55.93
270,100.74,39.62
270,105.0,42.96
270,97.57,10.41
270,105.0,32.59
270,85.16,31.36
270,97.48,21.69
270,92.13,23.83
270,105.0,47.47
270,88.73,41.31
270,102.95,41.83
270,87.03,57.25
270,79.07,39.83
270,105.0,49.55
270,86.42,37.56
270,90.52,27.49
270,76.37,34.35
270,100.51,41.71
270,71.59,16.91
270,72.08,37.0
270,103.45,39.59
270,88.92,26.27
270,83.35,19.43
270,73.35,40.1
270,95.19,35.38
270,99.63,47.26
270,93.84,35.95
270,65.3,10.18
270,103.03,34.36
270,92.57,42.57
270,81.99,19.53
270,89.69,16.42
270,74.04,41.51
270,96.12,46.29
270,85.23,31.37
270,99.03,38.22
270,93.91,23.7
270,91.93,27.9
270,95.62,39.12
270,99.1,36.15
270,72.33,38.31
270,101.26,39.33
270,65.04,59.81
270,86.29,2.37
270,105.0,41.13
270,90.92,27.97
270,84.83,24.97
270,81.95,38.68
270,73.62,36.85
270,105.0,42.78
270,68.67,35.33
270,72.74,24.71
270,66.0,20.41
270,105.0,27.62
270,84.74,41.78
270,96.75,44.85
270,96.11,14.77
270,95.32,31.24
270,89.92,30.51
270,90.67,37.31
270,104.76,26.51
270,88.47,17.47
270,79.63,29.82
270,104.49,47.46
270,94.55,10.56
270,59.61,21.02
270,82.11,32.64
270,85.41,27.36
270,105.0,21.29
270,88.85,26.18
270,78.66,37.48
270,74.14,36.64
270,88.45,43.47
270,100.87,40.94
270,105.0,18.8
270,70.46,39.91
270,90.71,41.41
270,82.73,28.46
270,86.65,47.58
270,78.38,27.04
270,69.1,45.67
270,92.96,40.54
270,83.15,32.06
270,98.39,23.07
270,89.53,27.7
270,105.0,26.63
270,104.7,53.91
270,105.0,45.88
270,76.56,45.02
270,104.86,37.58
270,89.78,28.58
270,95.72,42.08
270,88.39,23.81
270,90.45,50.74
270,83.37,17.24
270,104.93,22.24
270,77.98,40.94
270,88.63,30.67
270,97.35,47.43
270,83.88,47.61
270,101.24,7.06
270,83.87,24.73
270,85.92,24.49
270,104.55,43.71
270,82.13,18.63
270,101.91,7.37
270,97.21,22.63
270,105.0,39.95
270,81.27,55.32
271,85.85,8.52
271,98.79,28.83
271,76.32,28.94
271,81.71,32.9
271,72.93,30.23
271,90.87,34.77
271,64.71,23.5
271,72.1,51.54
271,43.4,32.68
271,81.6,57.93
271,92.75,19.16
271,80.65,29.35
271,62.15,42.13
271,53.63,17.65
271,94.01,47.33
271,59.16,35.62
271,67.63,35.45
271,53.07,48.43
271,77.98,28.95
271,95.41,27.78
271,73.58,29.5
271,89.41,30.57
271,60.13,20.23
271,70.79,38.22
271,74.44,30.11
271,61.57,31.88
271,59.56,32.12
271,63.59,42.85
271,68.68,37.42
271,65.2,39.17
271,88.8,32.15
271,43.99,39.39
271,73.29,55.66
271,51.57,46.95
271,85.21,23.66
271,61.9,46.56
271,71.31,39.07
271,89.24,34.26
271,50.37,42.95
271,89.57,41.34
271,78.45,36.27
271,66.1,30.07
271,41.21,25.81
271,96.37,43.16
271,67.51,37.84
271,80.19,31.11
271,74.02,33.79
271,98.93,29.95
271,57.9,22.81
271,85.62,47.57
271,96.0,35.5
271,56.51,13.23
271,69.36,42.34
271,76.46,37.39
271,81.49,40.15
271,79.43,45.82
271,85.81,32.34
271,72.17,35.66
271,77.21,19.5
271,56.18,28.24
271,58.73,44.34
271,70.79,33.61
271,67.44,29.88
271,80.8,36.98
271,47.82,24.11
271,78.09,27.9
271,81.89,42.72
271,43.2,15.2
271,93.74,28.35
271,97.53,35.2
271,86.34,38.38
271,69.11,24.72
271,68.35,39.48
271,64.43,34.47
271,71.9,47.72
271,66.1,41.14
271,76.44,31.36
271,72.45,46.11
271,79.79,34.46
271,67.04,38.63
271,58.74,27.82
271,87.38,23.82
271,58.98,17.43
271,69.71,27.99
271,69.9,34.02
271,73.3,27.43
271,70.4,36.8
271,67.4,32.02
271,74.57,34.04
271,59.82,47.18
271,69.19,50.08
271,73.08,17.84
271,48.83,21.67
271,88.7,35.85
271,99.04,29.75
271,80.01,17.73
271,67.01,38.26
271,67.63,21.88
271,58.48,41.29
271,92.28,44.63
271,54.59,46.49
271,84.17,26.13
271,65.91,34.29
271,89.45,46.19
271,80.61,10.95
271,83.52,21.64
271,74.25,39.87
271,93.6,50.73
271,50.92,7.04
271,49.46,21.28
271,52.0,30.21
271,65.93,35.25
271,62.61,54.84
271,65.0,44.85
271,93.54,39.02
271,64.03,18.44
271,83.94,34.06
271,73.07,43.06
271,86.25,21.71
271,76.85,29.51
271,76.69,32.42
271,68.36,26.56
271,60.02,41.85
271,51.47,43.58
271,80.06,24.84
271,96.44,22.38
271,64.91,33.21
271,71.76,37.82
271,58.63,54.81
271,70.29,34.22
271,67.58,29.95
271,63.2,25.4
271,58.81,35.91
271,85.22,31.07
271,85.26,42.58
271,90.32,36.33
271,82.9,32.95
271,60.38,23.72
271,63.91,38.79
271,76.42,32.31
271,61.65,41.56
271,91.4,18.21
271,71.77,37.34
271,60.21,42.39
271,80.44,34.52
271,82.28,43.2
271,77.8,38.56
271,82.98,27.23
271,77.0,21.31
271,92.81,44.82
271,85.79,27.74
271,63.55,32.63
271,63.01,28.16
271,70.44,45.65
271,71.82,9.05
271,63.16,43.79
271,59.14,28.09
271,69.09,57.19
271,63.36,44.08
271,72.73,25.14
271,42.15,51.18
271,86.09,26.98
271,67.66,40.47
271,76.09,38.96
271,40.9,58.06
271,73.04,23.59
271,70.1,7.69
271,71.24,21.11
271,74.47,34.14
271,64.67,22.36
271,76.85,18.61
271,37.11,30.34
271,75.53,44.29
271,74.36,2.1
271,92.04,35.9
271,75.62,35.85
272,68.41,32.33
272,48.39,12.66
272,51.42,14.91
272,39.17,16.47
272,60.66,7.05
272,78.0,14.26
272,41.83,20.01
272,49.41,16.26
272,53.93,6.98
272,64.45,24.41
272,59.21,0.0
272,52.74,21.05
272,53.68,18.55
272,57.58,14.9
272,59.33,26.76
272,59.77,18.28
272,38.85,0.0
272,82.41,22.93
272,50.22,14.12
272,53.3,15.39
272,58.82,16.72
272,53.71,15.12
272,58.38,1.57
272,38.25,7.42
272,47.01,23.54
272,46.4,13.69
272,58.64,15.89
272,47.51,21.41
272,49.09,11.47
272,49.66,26.06
272,64.15,16.47
272,11.54,1.77
272,51.76,10.37
272,41.34,9.64
272,22.96,14.74
272,32.24,2.11
272,32.06,33.71
272,40.65,23.11
272,35.25,16.65
272,46.78,15.09
272,56.24,24.62
272,48.18,0.0
272,37.06,17.38
272,48.61,0.57
272,54.11,23.9
272,61.4,4.52
272,35.33,17.39
272,68.21,35.37
272,48.2,26.3
272,47.87,2.79
272,36.87,16.46
272,28.81,14.78
272,27.7,13.41
272,69.27,32.41
272,64.64,13.36
272,54.13,39.23
272,31.66,6.97
272,44.66,14.89
272,26.78,14.19
272,38.12,17.17
272,25.46,22.9
272,40.75,28.43
272,41.41,12.98
272,37.59,11.93
272,33.96,13.32
272,43.93,24.31
272,52.88,0.6
272,62.64,9.09
272,36.91,33.92
272,53.69,0.0
272,53.45,23.96
272,50.59,27.15
272,57.39,24.53
272,47.92,8.41
272,45.63,25.36
272,53.64,20.77
272,70.56,20.37
272,26.01,1.97
272,48.17,11.09
272,40.27,15.05
272,31.91,42.12
272,52.81,0.6
272,41.72,13.09
272,39.67,18.37
272,50.2,14.38
272,56.21,15.81
272,31.77,0.0
272,48.69,17.1
272,64.27,2.27
272,48.1,13.43
272,44.56,13.19
272,43.57,28.84
272,19.81,0.0
272,21.89,0.0
272,58.49,7.0
272,71.78,23.86
272,66.78,17.44
272,70.87,13.87
272,41.95,29.03
272,44.24,5.05
272,30.49,7.79
272,32.35,20.01
272,55.96,17.87
272,37.0,6.27
272,38.99,8.02
272,42.02,5.55
272,57.9,0.0
272,46.19,7.83
272,38.36,0.0
272,46.24,12.41
272,57.68,11.94
272,38.14,15.17
272,33.27,27.76
272,34.03,12.62
272,71.64,4.52
272,36.24,11.17
272,46.24,2.83
272,21.45,19.2
272,76.09,22.74
272,38.36,23.11
272,52.33,28.49
272,44.79,0.0
272,36.42,8.64
272,54.9,43.15
272,38.24,25.23
272,58.53,19.63
272,79.97,12.62
272,57.32,27.67
272,35.09,10.5
272,43.09,7.94
272,24.2,16.79
272,16.22,12.84
272,28.92,6.46
272,46.75,7.42
272,50.37,25.31
272,50.13,31.03
272,52.3,19.55
272,48.02,7.74
272,56.44,12.51
272,48.37,3.21
272,36.16,0.88
272,57.09,16.51
272,31.48,12.76
272,33.87,27.18
272,72.75,22.92
272,32.61,0.0
272,57.19,30.42
272,53.43,9.25
272,31.25,8.25
272,81.2,11.65
272,42.52,12.95
272,40.9,0.0
272,41.46,20.05
272,52.03,8.35
272,36.96,1.57
272,27.63,25.25
272,54.7,1.19
272,29.7,17.97
272,27.06,8.96
272,37.7,27.85
272,76.68,21.13
272,40.68,25.17
