player_id,player,club,team_id,position,position_label,league_key,league,fotmob_league_id,season_id,season,age,nationality,height_cm,market_value_m,minutes,rating,goals_total,assists_total,goals90,assists90,xg_total,xg90,xa_total,xa90,xgot90,shots90,shots_on_target90,passes90,key_pass90,chances_created90,big_chances_created90,big_chances_missed,long_balls90,dribbles90,defensive_actions90,tackles90,interceptions90,clearances90,blocks90,recoveries90,high_press_wins90,clean_sheets,save_pct,saves90,goals_prevented90,goals_conceded90,fouls90,yellow_cards,red_cards
1652014,Santiago Beltrán,River Plate,10076,GK,GK,arg_a,Liga Profesional Argentina,112,1000000477,2026,22.0,Argentina,190.0,3.929839,2685.0,6.92,,,,,,,0.0,0.0,,,,13.9,,,,,,,0.5,0.1,,0.5,,7.8,,10.0,69.9,2.2,0.08044692737430167,0.9,,,
424153,Brayan Cortés,Argentinos Juniors,10086,GK,GK,arg_a,Liga Profesional Argentina,112,1000000477,2026,31.0,Chile,186.0,1.424327,2670.0,7.03,,,,,,,0.1,0.0,,,,28.9,0.033707865168539325,0.033707865168539325,,,,0.0,0.8,0.0,,0.7,,7.9,,13.0,72.6,2.1,0.043820224719101124,0.8,,5.0,
920404,Francisco Álvarez,Argentinos Juniors,10086,CB,CB,arg_a,Liga Profesional Argentina,112,1000000477,2026,26.0,Argentina,180.0,4.272999,2664.0,7.51,3.0,,0.1,,1.7,0.06,0.5,0.02,0.07094594594594594,1.1,0.3,62.3,0.30405405405405406,0.30405405405405406,,2.0,4.4,0.1,10.8,1.6,2.1,6.8,0.4,4.2,,,,,,,0.7,8.0,
723492,Facundo Cambeses,Racing Club,10080,GK,GK,arg_a,Liga Profesional Argentina,112,1000000477,2026,29.0,Argentina,186.0,3.797416,2640.0,6.89,,,,,,,0.2,0.01,,,,19.4,0.10227272727272728,0.10227272727272728,0.03409090909090909,,,,1.3,,,1.3,,8.3,,8.0,70.2,2.7,-0.04431818181818182,1.2,,2.0,
643566,Thiago Cardozo,Belgrano,10092,GK,GK,arg_a,Liga Profesional Argentina,112,1000000477,2026,30.0,Uruguay,181.0,2.090621,2640.0,7.39,,,,,,,0.2,0.01,,,,16.7,0.06818181818181818,0.06818181818181818,,,,,1.0,0.1,,0.8,,9.3,,14.0,79.8,3.0,0.31022727272727274,0.8,0.0,1.0,
638771,Lucas Martínez Quarta,River Plate,10076,CB,CB,arg_a,Liga Profesional Argentina,112,1000000477,2026,30.0,Argentina,183.0,2.730598,2629.0,7.34,2.0,1.0,0.07,0.034233548877900345,3.3,0.11,0.6,0.02,0.13693419551160138,1.1,0.3,54.0,0.20540129326740206,0.20540129326740206,0.034233548877900345,6.0,4.7,0.5,8.0,1.8,1.5,4.3,0.4,4.7,,,,,,,1.0,8.0,
1273509,Matías Mansilla,Unión,10096,GK,GK,arg_a,Liga Profesional Argentina,112,1000000477,2026,30.0,Argentina,,1.392662,2610.0,6.82,,,,,,,0.2,0.01,,,,10.2,0.034482758620689655,0.034482758620689655,0.034482758620689655,,,,0.5,,,0.5,,8.3,,5.0,68.2,3.1,-0.07241379310344828,1.4,,2.0,
443465,Rodrigo Rey,Independiente,10078,GK,GK,arg_a,Liga Profesional Argentina,112,1000000477,2026,35.0,Argentina,190.0,0.96265,2520.0,6.77,,,,,,,0.0,0.0,,,,16.5,,,,,,,0.7,0.1,,0.6,,8.8,,8.0,65.7,2.4,-0.075,1.3,,2.0,
146801,Hernán Galindez,Huracán,10081,GK,GK,arg_a,Liga Profesional Argentina,112,1000000477,2026,39.0,Ecuador,189.0,1.129709,2490.0,7.19,,,,,,,0.1,0.0,,,,17.5,0.03614457831325301,0.03614457831325301,,,,0.0,0.5,0.1,,0.5,,6.9,,10.0,76.2,2.8,0.23132530120481928,0.9,,,
723677,Pedro Silva Torrejón,Gimnasia LP,10103,FB,LB,arg_a,Liga Profesional Argentina,112,1000000477,2026,29.0,Argentina,178.0,0.783189,2459.0,7.05,1.0,3.0,0.04,0.10980073200488004,1.9,0.07,3.1,0.11,0.018300122000813338,0.7,0.2,22.7,0.7320048800325335,0.7320048800325335,0.25620170801138675,3.0,1.0,0.5,6.4,1.8,1.1,3.1,0.4,3.9,,,,,,,0.5,1.0,
723668,Cristian Alberto Tarragona,Unión,10096,ST,ST,arg_a,Liga Profesional Argentina,112,1000000477,2026,35.0,Argentina,180.0,0.543125,2448.0,7.17,14.0,1.0,0.51,0.03676470588235294,11.4,0.42,2.0,0.07,0.4742647058823529,2.6,1.2,17.9,1.3235294117647058,1.3235294117647058,0.22058823529411764,6.0,0.5,0.7,1.9,0.8,0.2,0.7,0.1,3.0,,,,,,,1.8,6.0,1.0
795485,Leonardo Morales,Belgrano,10092,CB,"CB,RB",arg_a,Liga Profesional Argentina,112,1000000477,2026,35.0,Argentina,180.0,0.764261,2433.0,7.04,1.0,,0.04,,0.6,0.02,0.7,0.02,0.018495684340320593,0.6,0.1,27.7,0.36991368680641185,0.36991368680641185,,1.0,2.4,0.3,8.4,1.5,1.2,5.0,0.7,3.3,,,,,,,0.4,5.0,1.0
306529,Ignacio Arce,Deportivo Riestra,298629,GK,GK,arg_a,Liga Profesional Argentina,112,1000000477,2026,34.0,Argentina,185.0,0.792368,2430.0,7.26,,,,,0.1,0.0,0.7,0.02,,0.0,,16.0,0.1111111111111111,0.1111111111111111,0.037037037037037035,,,0.2,0.9,0.0,0.0,0.9,,15.0,,10.0,78.5,3.1,0.10740740740740741,0.9,0.0,4.0,
690435,Leonel Mosevich,Instituto,10090,CB,CB,arg_a,Liga Profesional Argentina,112,1000000477,2026,29.0,Argentina,185.0,0.817482,2430.0,7.04,2.0,,0.07,,1.6,0.06,0.1,0.0,0.1,0.6,0.2,29.4,,,,1.0,1.7,0.1,9.3,1.5,1.4,5.9,0.5,2.3,,,,,,,1.0,8.0,
844389,Luis Ingolotti,Atlético Tucumán,161727,GK,GK,arg_a,Liga Profesional Argentina,112,1000000477,2026,26.0,Argentina,184.0,0.858262,2430.0,6.82,,1.0,,0.037037037037037035,,,0.1,0.0,,,,9.5,0.07407407407407407,0.07407407407407407,0.037037037037037035,,,,1.4,,,1.4,,8.9,,11.0,67.0,2.2,-0.13703703703703704,1.1,,1.0,
1388618,Juan Pablo Ludueña,Unión,10096,CB,CB,arg_a,Liga Profesional Argentina,112,1000000477,2026,23.0,Argentina,176.0,1.300287,2403.0,6.99,1.0,1.0,0.04,0.03745318352059925,1.0,0.04,0.6,0.02,0.0299625468164794,0.6,0.1,30.2,0.149812734082397,0.149812734082397,0.03745318352059925,1.0,4.0,0.2,10.5,2.2,1.7,6.2,0.4,3.9,,,,,,,0.4,5.0,
509189,Elías Gómez,Vélez Sarsfield,10079,FB,LB,arg_a,Liga Profesional Argentina,112,1000000477,2026,32.0,Argentina,179.0,1.148144,2403.0,7.35,,4.0,,0.149812734082397,0.2,0.01,2.1,0.08,,0.3,,31.8,0.599250936329588,0.599250936329588,0.0749063670411985,,3.5,0.7,6.1,1.6,0.9,3.3,0.2,6.6,,,,,,,1.0,7.0,
938344,Matías Borgogno,Defensa y Justicia,161730,GK,GK,arg_a,Liga Profesional Argentina,112,1000000477,2026,28.0,Argentina,187.0,1.718342,2386.0,7.17,,,,,,,0.0,0.0,,,,15.0,,,,,,,0.9,,,0.9,,9.6,,8.0,77.4,3.4,0.18482816429170162,1.0,,1.0,
1075405,Franco Ibarra,Rosario Central,10084,DM,"CDM,CM",arg_a,Liga Profesional Argentina,112,1000000477,2026,25.0,Argentina,175.0,6.290093,2380.0,7.59,,3.0,,0.1134453781512605,0.5,0.02,1.1,0.04,0.018907563025210083,0.6,0.1,49.9,1.0210084033613445,1.0210084033613445,0.07563025210084033,,4.6,0.6,8.8,4.7,1.6,2.0,0.5,6.0,,,,,,,1.6,11.0,
955209,Nelson Insfrán,Gimnasia LP,10103,GK,GK,arg_a,Liga Profesional Argentina,112,1000000477,2026,31.0,Argentina,179.0,1.470746,2368.0,6.82,,,,,,,0.0,0.0,,,,14.0,0.03800675675675676,0.03800675675675676,,,,,0.6,0.0,,0.5,,9.4,,8.0,71.9,3.1,-0.06461148648648649,1.2,,2.0,
867739,Diego Sosa,Instituto,10090,W,"LM,LWB,LB",arg_a,Liga Profesional Argentina,112,1000000477,2026,29.0,Argentina,178.0,0.560192,2361.0,7.24,1.0,3.0,0.04,0.11435832274459974,2.3,0.09,4.1,0.16,0.04955527318932656,1.1,0.3,24.8,1.2960609911054637,1.2960609911054637,0.30495552731893266,3.0,1.9,0.5,5.2,1.6,0.8,2.6,0.2,4.8,,,,,,,0.6,3.0,
1098253,Giuliano Cerato,Instituto,10090,W,"RM,RWB,RB",arg_a,Liga Profesional Argentina,112,1000000477,2026,28.0,Argentina,170.0,1.213421,2355.0,7.35,6.0,1.0,0.23,0.03821656050955414,2.0,0.08,3.3,0.13,0.1031847133757962,0.9,0.5,22.7,1.4904458598726114,1.4904458598726114,0.1910828025477707,1.0,3.5,0.4,6.2,2.1,1.0,2.9,0.2,5.4,,,,,,,0.9,7.0,
1041082,Alan Barrionuevo,Tigre,89396,CB,CB,arg_a,Liga Profesional Argentina,112,1000000477,2026,29.0,Argentina,,1.241064,2340.0,7.37,2.0,2.0,0.08,0.07692307692307693,2.6,0.1,1.0,0.04,0.11153846153846154,1.2,0.4,32.1,0.3076923076923077,0.3076923076923077,0.038461538461538464,4.0,4.3,0.2,10.9,1.6,1.2,7.5,0.6,3.0,,,,,,,0.5,2.0,
498457,Álvaro Montero,Boca Juniors,10077,GK,GK,arg_a,Liga Profesional Argentina,112,1000000477,2026,31.0,Colombia,201.0,1.936707,2340.0,7.29,,,,,,,0.0,0.0,,,,12.6,0.07692307692307693,0.07692307692307693,,,,,1.3,,,1.3,,8.5,,10.0,80.2,3.6,0.13846153846153847,0.9,,,
529372,Nahuel Losada,Lanús,10082,GK,GK,arg_a,Liga Profesional Argentina,112,1000000477,2026,33.0,Argentina,188.0,2.108127,2340.0,7.04,,,,,,,0.1,0.0,,,,18.4,0.038461538461538464,0.038461538461538464,,,,,0.7,,,0.7,,9.2,,11.0,77.5,3.3,-0.02692307692307692,1.0,0.1,4.0,
1844779,Nicolás Bolcato,Independiente Rivadavia,161729,GK,GK,arg_a,Liga Profesional Argentina,112,1000000477,2026,22.0,Argentina,185.0,1.625647,2326.0,7.15,,,,,,,0.1,0.0,,,,12.0,0.03869303525365434,0.03869303525365434,,,,0.0,0.9,0.0,0.0,0.9,,8.0,,7.0,73.3,2.9,0.1470335339638865,1.0,,1.0,
615905,Cristian Paz,Deportivo Riestra,298629,CB,CB,arg_a,Liga Profesional Argentina,112,1000000477,2026,31.0,Argentina,184.0,0.671289,2323.0,7.08,,1.0,,0.03874300473525613,,,0.2,0.01,,,,10.8,0.11622901420576841,0.11622901420576841,0.03874300473525613,,1.3,0.2,11.4,2.2,1.7,7.0,0.5,3.6,,,,,,,1.2,4.0,
1118246,Adrián Sánchez,Belgrano,10092,DM,"CDM,CM,RM",arg_a,Liga Profesional Argentina,112,1000000477,2026,27.0,Argentina,177.0,2.180185,2313.0,7.3,1.0,1.0,0.04,0.038910505836575876,0.1,0.0,1.4,0.05,0.007782101167315175,0.3,0.1,47.9,0.5447470817120622,0.5447470817120622,0.1556420233463035,,2.6,0.4,6.3,2.8,1.9,1.4,0.2,6.1,,,,,,,1.5,4.0,1.0
1200762,Augusto Schott,Talleres,10101,FB,"RB,CB,LB",arg_a,Liga Profesional Argentina,112,1000000477,2026,26.0,Argentina,175.0,0.974772,2312.0,6.93,3.0,,0.12,,2.0,0.08,1.1,0.04,0.10121107266435986,0.8,0.3,25.2,0.5449826989619377,0.5449826989619377,0.03892733564013841,2.0,1.0,0.2,6.8,2.1,1.0,3.3,0.4,2.7,,,,,,,1.0,7.0,
1133369,Vicente Pizarro,Rosario Central,10084,DM,"CDM,CAM,CM",arg_a,Liga Profesional Argentina,112,1000000477,2026,23.0,Chile,172.0,3.884709,2307.0,7.16,1.0,2.0,0.04,0.07802340702210664,1.6,0.06,2.6,0.1,0.042912873862158654,0.9,0.3,44.2,1.3263979193758126,1.3263979193758126,0.11703511053315994,,2.0,0.9,3.8,1.2,1.3,1.2,0.1,5.1,,,,,,,0.9,4.0,
951841,Enzo Martínez,Gimnasia LP,10103,CB,CB,arg_a,Liga Profesional Argentina,112,1000000477,2026,28.0,Uruguay,183.0,1.070116,2305.0,7.07,2.0,,0.08,,1.7,0.07,0.4,0.01,0.07809110629067245,0.6,0.2,31.1,0.07809110629067245,0.07809110629067245,0.039045553145336226,4.0,4.0,0.2,10.9,1.5,2.0,6.7,0.7,4.9,,,,,,,1.0,5.0,1.0
1232257,Sasha Marcich,Lanús,10082,FB,LB,arg_a,Liga Profesional Argentina,112,1000000477,2026,28.0,Argentina,,2.202109,2303.0,7.19,1.0,2.0,0.04,0.07815892314372558,0.8,0.03,3.2,0.12,0.015631784628745114,0.7,0.2,29.5,1.289622231871472,1.289622231871472,0.11723838471558837,1.0,1.6,0.8,6.4,2.1,1.1,3.0,0.2,3.3,,,,,,,1.5,6.0,
616153,Nicolás Tripichio,San Lorenzo,10083,DM,"CDM,CM,RWB,CAM",arg_a,Liga Profesional Argentina,112,1000000477,2026,30.0,Argentina,176.0,1.604335,2301.0,7.11,,,,,1.9,0.07,1.0,0.04,0.02737940026075619,0.9,0.2,35.6,0.6258148631029987,0.6258148631029987,0.03911342894393742,2.0,1.8,1.3,6.1,2.8,1.8,1.2,0.3,6.3,,,,,,,1.6,7.0,
1129078,José Florentín,Independiente Rivadavia,161729,DM,"CDM,CM,CAM",arg_a,Liga Profesional Argentina,112,1000000477,2026,30.0,Paraguay,184.0,1.647578,2291.0,7.45,6.0,1.0,0.24,0.0392841553906591,4.4,0.17,1.7,0.07,0.22391968572675688,1.9,0.7,33.2,0.9035355739851593,0.9035355739851593,0.19642077695329552,7.0,2.2,0.4,6.7,2.2,1.8,2.3,0.3,6.9,,,,,,,2.0,4.0,
371543,Emiliano Ariel Rigoni,Belgrano,10092,W,"RW,LW,RM,RWB",arg_a,Liga Profesional Argentina,112,1000000477,2026,33.0,Argentina,180.0,1.007646,2285.0,6.97,2.0,3.0,0.08,0.11816192560175055,3.0,0.12,2.5,0.1,0.07089715536105033,1.4,0.5,17.4,1.4573304157549234,1.4573304157549234,0.1575492341356674,5.0,1.2,1.1,2.4,0.9,0.5,0.9,0.1,3.7,,,,,,,1.0,3.0,1.0
1200023,Ignacio Russo,Tigre,89396,ST,ST,arg_a,Liga Profesional Argentina,112,1000000477,2026,25.0,Argentina,175.0,4.99559,2273.0,6.89,8.0,3.0,0.32,0.11878574571051474,8.1,0.32,1.4,0.05,0.26132864056313243,2.2,0.8,11.0,1.029476462824461,1.029476462824461,0.23757149142102948,8.0,0.3,0.4,1.9,0.7,0.3,0.8,0.1,1.7,,,,,,,1.1,4.0,
1254641,Ignacio Abraham,Banfield,10087,FB,"LB,LWB,LM",arg_a,Liga Profesional Argentina,112,1000000477,2026,28.0,Syria,,1.305758,2273.0,6.98,,4.0,,0.1583809942806863,0.7,0.03,4.7,0.19,0.01583809942806863,0.7,0.2,15.8,1.1086669599648042,1.1086669599648042,0.3959524857017158,,1.7,0.8,6.1,1.8,0.7,3.2,0.3,3.4,,,,,,,0.6,1.0,
907957,Alejandro Maciel,Central Córdoba de Santiago,213596,CB,CB,arg_a,Liga Profesional Argentina,112,1000000477,2026,29.0,Argentina,183.0,0.678659,2250.0,7.1,1.0,1.0,0.04,0.04,0.5,0.02,1.1,0.04,0.02,0.4,0.1,31.2,0.24,0.24,0.08,1.0,4.7,0.2,12.8,2.1,1.5,8.2,1.0,2.6,,,,,,,0.9,9.0,
270775,César Rigamonti,Gimnasia Mendoza,568727,GK,GK,arg_a,Liga Profesional Argentina,112,1000000477,2026,39.0,Argentina,186.0,0.382935,2250.0,6.99,,,,,,,0.0,0.0,,,,19.9,,,,,,0.0,0.6,0.0,,0.6,,9.3,,8.0,72.9,3.4,0.18,1.3,0.0,2.0,
1198479,Felipe Zenobio,Tigre,89396,GK,GK,arg_a,Liga Profesional Argentina,112,1000000477,2026,26.0,Argentina,183.0,3.886886,2250.0,7.0,,,,,,,0.0,0.0,,,,15.0,,,,,,,1.1,,,1.1,,7.8,,7.0,73.0,2.6,0.052,1.0,0.0,1.0,
616508,Federico Fattori,Talleres,10101,CM,"CM,CDM,CB",arg_a,Liga Profesional Argentina,112,1000000477,2026,34.0,Argentina,178.0,0.779752,2248.0,7.26,,1.0,,0.0400355871886121,0.2,0.01,0.9,0.04,0.00400355871886121,0.3,0.1,73.9,0.5604982206405694,0.5604982206405694,,,5.1,0.3,6.6,1.6,1.4,3.3,0.3,7.4,,,,,,,1.0,7.0,
229816,Ignacio Fernández,Gimnasia LP,10103,AM,"CAM,RW,CM,RM",arg_a,Liga Profesional Argentina,112,1000000477,2026,36.0,Argentina,182.0,0.403826,2247.0,7.46,2.0,4.0,0.08,0.1602136181575434,3.3,0.13,5.1,0.2,0.1321762349799733,1.5,0.6,35.4,2.162883845126836,2.162883845126836,0.3604806408544726,5.0,2.6,1.2,4.9,2.4,0.7,1.6,0.2,6.3,,,,,,,1.6,11.0,
1086539,Juan Gutiérrez,Defensa y Justicia,161730,W,"LW,CAM,RW,ST,LM",arg_a,Liga Profesional Argentina,112,1000000477,2026,24.0,Uruguay,178.0,1.887009,2246.0,7.07,4.0,6.0,0.16,0.2404274265360641,5.6,0.22,2.3,0.09,0.22039180765805877,2.3,0.9,12.7,0.8014247551202137,0.8014247551202137,0.20035618878005343,9.0,0.4,1.7,2.5,1.5,0.5,0.5,,4.4,,,,,,,1.1,3.0,
989370,Alexis Cuello,San Lorenzo,10083,ST,"ST,CAM,LW",arg_a,Liga Profesional Argentina,112,1000000477,2026,26.0,Argentina,170.0,4.881301,2240.0,6.81,5.0,3.0,0.2,0.12053571428571429,5.5,0.22,3.0,0.12,0.19687500000000002,2.0,0.6,11.4,1.125,1.125,0.16071428571428573,6.0,0.2,2.0,2.3,1.1,0.3,0.7,0.2,3.0,,,,,,,1.5,8.0,1.0
1716009,Ignacio Ovando,Rosario Central,10084,CB,CB,arg_a,Liga Profesional Argentina,112,1000000477,2026,19.0,Argentina,182.0,10.817518,2216.0,7.27,2.0,,0.08,,3.0,0.12,0.3,0.01,0.10153429602888087,0.5,0.2,40.9,0.24368231046931407,0.24368231046931407,,3.0,2.0,0.1,8.6,1.1,2.3,4.8,0.4,3.7,,,,,,,0.9,4.0,
322965,Lucas Zelarayán,Belgrano,10092,AM,"CAM,ST,CM",arg_a,Liga Profesional Argentina,112,1000000477,2026,34.0,Armenia,173.0,1.762256,2210.0,7.37,4.0,4.0,0.16,0.16289592760180996,3.9,0.16,6.2,0.25,0.16696832579185517,2.6,0.8,32.1,2.1990950226244346,2.1990950226244346,0.48868778280542985,5.0,1.9,2.2,1.8,1.3,0.2,0.2,0.0,3.7,,,,,,,1.1,3.0,
182456,Lisandro López,Belgrano,10092,CB,CB,arg_a,Liga Profesional Argentina,112,1000000477,2026,37.0,Argentina,188.0,0.580624,2204.0,7.53,1.0,,0.04,,0.8,0.03,1.0,0.04,0.032667876588021776,0.7,0.2,48.3,0.44918330308529947,0.44918330308529947,,1.0,3.1,0.6,11.2,1.8,1.5,7.4,0.6,5.0,,,,,,,0.4,5.0,
1038763,Santiago López,Banfield,10087,FB,"RB,RWB,RM",arg_a,Liga Profesional Argentina,112,1000000477,2026,28.0,Argentina,170.0,1.306256,2202.0,7.08,2.0,5.0,0.08,0.20435967302452315,0.8,0.03,2.6,0.11,0.057220708446866476,0.5,0.2,22.5,1.1852861035422344,1.1852861035422344,0.20435967302452315,,1.5,0.7,6.1,2.0,1.3,2.4,0.3,4.9,,,,,,,0.6,3.0,
841913,Sebastián Prieto,Argentinos Juniors,10086,FB,"LB,LWB",arg_a,Liga Profesional Argentina,112,1000000477,2026,33.0,Argentina,175.0,0.729565,2195.0,7.38,2.0,3.0,0.08,0.12300683371298406,1.1,0.04,3.4,0.14,0.05740318906605922,0.9,0.2,40.6,1.3120728929384966,1.3120728929384966,0.20501138952164008,,3.2,1.2,5.9,1.8,1.3,2.5,0.2,5.2,,,,,,,1.1,6.0,1.0
543304,Nicolás Oroz,Argentinos Juniors,10086,CM,"CM,CDM,CAM",arg_a,Liga Profesional Argentina,112,1000000477,2026,32.0,Argentina,171.0,0.995962,2193.0,7.23,2.0,4.0,0.08,0.16415868673050615,1.8,0.07,3.9,0.16,0.05745554035567715,0.7,0.3,43.1,1.518467852257182,1.518467852257182,0.2872777017783858,1.0,4.0,1.1,3.6,1.6,1.1,0.6,0.2,5.6,,,,,,,0.8,3.0,
157868,Iván Marcone,Independiente,10078,DM,"CDM,CM",arg_a,Liga Profesional Argentina,112,1000000477,2026,36.0,Argentina,184.0,0.487652,2193.0,7.16,1.0,,0.04,,0.8,0.03,1.2,0.05,0.008207934336525308,0.6,0.1,40.9,0.615595075239398,0.615595075239398,0.08207934336525308,,3.9,1.1,5.4,2.6,1.1,1.4,0.4,7.0,,,,,,,1.1,8.0,
1520154,Facundo Lencioni,Gimnasia Mendoza,568727,W,"LM,LW,CM,RW,CAM,CDM",arg_a,Liga Profesional Argentina,112,1000000477,2026,25.0,Argentina,,1.773231,2190.0,7.29,4.0,7.0,0.16,0.2876712328767123,5.8,0.24,3.9,0.16,0.27534246575342464,2.7,0.8,21.7,2.219178082191781,2.219178082191781,0.3698630136986301,4.0,2.6,1.7,2.8,1.5,0.5,0.7,0.2,5.6,,,,,,,0.7,5.0,
486981,Jeremías Ledesma,Rosario Central,10084,GK,GK,arg_a,Liga Profesional Argentina,112,1000000477,2026,33.0,Argentina,183.0,,2190.0,6.96,,,,,,,0.0,0.0,,,,14.0,,,,,,,1.2,,,1.2,,8.6,,6.0,73.9,2.7,0.0452054794520548,0.9,0.0,1.0,
629749,Matías Vera,Central Córdoba de Santiago,213596,CM,"CM,CDM",arg_a,Liga Profesional Argentina,112,1000000477,2026,30.0,Argentina,168.0,0.527559,2174.0,6.93,,1.0,,0.04139834406623735,0.9,0.04,1.4,0.06,0.02483900643974241,0.6,0.1,32.1,0.7865685372585096,0.7865685372585096,0.04139834406623735,1.0,2.4,0.5,5.1,2.3,0.7,1.6,0.4,4.6,,,,,,,1.2,5.0,
1135817,Cristian Zabala,Sarmiento,202757,CM,"CM,CDM,CAM,LW",arg_a,Liga Profesional Argentina,112,1000000477,2026,28.0,Argentina,187.0,0.556579,2174.0,7.27,1.0,1.0,0.04,0.04139834406623735,0.7,0.03,1.8,0.07,0.037258509659613616,0.5,0.1,37.0,0.9107635694572217,0.9107635694572217,0.12419503219871206,,2.1,0.9,6.2,2.8,1.4,1.8,0.3,6.5,,,,,,,1.0,6.0,
687008,Gonzalo Montiel,River Plate,10076,FB,RB,arg_a,Liga Profesional Argentina,112,1000000477,2026,29.0,Argentina,175.0,2.711336,2174.0,7.53,6.0,2.0,0.25,0.0827966881324747,5.9,0.24,3.2,0.13,0.22769089236430542,0.9,0.4,44.7,1.780128794848206,1.780128794848206,0.12419503219871206,8.0,1.7,0.2,4.8,1.6,1.1,2.0,0.2,4.2,,,,,,,0.6,5.0,
1277340,Matías Galarza,Talleres,10101,DM,"CDM,CM",arg_a,Liga Profesional Argentina,112,1000000477,2026,24.0,Argentina,186.0,5.835062,2173.0,7.38,,1.0,,0.04141739530602853,0.5,0.02,1.5,0.06,0.008283479061205707,0.7,0.1,54.9,1.0354348826507134,1.0354348826507134,0.16566958122411413,,3.3,1.2,4.4,2.2,1.0,1.1,0.1,9.7,,,,,,,1.0,4.0,1.0
766159,Jordy Caicedo,Huracán,10081,ST,ST,arg_a,Liga Profesional Argentina,112,1000000477,2026,28.0,Ecuador,186.0,1.470796,2160.0,6.94,13.0,,0.54,,11.7,0.49,0.6,0.03,0.4666666666666666,2.1,1.1,6.9,0.5833333333333334,0.5833333333333334,0.041666666666666664,9.0,0.1,0.3,1.6,0.5,,1.0,0.1,1.7,,,,,,,2.1,11.0,1.0
1635811,Santiago Sosa,Defensa y Justicia,161730,DM,"CDM,CM",arg_a,Liga Profesional Argentina,112,1000000477,2026,21.0,Argentina,175.0,2.253701,2158.0,6.96,,,,,0.2,0.01,0.4,0.02,0.0,0.4,0.0,32.5,0.4170528266913809,0.4170528266913809,,,1.5,0.5,7.3,2.4,1.4,3.0,0.5,5.2,,,,,,,1.3,4.0,1.0
210726,Carlos Izquierdoz,Lanús,10082,CB,CB,arg_a,Liga Profesional Argentina,112,1000000477,2026,37.0,Argentina,185.0,0.744034,2157.0,7.26,3.0,1.0,0.13,0.04172461752433936,1.7,0.07,1.2,0.05,0.07927677329624479,0.8,0.2,44.8,0.37552155771905427,0.37552155771905427,0.08344923504867872,1.0,5.0,,10.6,1.4,1.5,6.8,1.0,3.4,,,,,,,0.6,8.0,
795163,Agustín Cardozo,Lanús,10082,DM,"CDM,CM",arg_a,Liga Profesional Argentina,112,1000000477,2026,29.0,Argentina,181.0,1.829816,2147.0,7.19,,1.0,,0.04191895668374476,0.2,0.01,0.9,0.04,0.0,0.3,0.0,50.3,0.5030274802049371,0.5030274802049371,0.04191895668374476,,3.6,0.4,3.8,1.5,0.8,1.2,0.3,6.7,,,,,,,1.0,,
1256242,Tomás Galván,River Plate,10076,W,"LW,CAM,RW,CDM,RM",arg_a,Liga Profesional Argentina,112,1000000477,2026,26.0,Argentina,172.0,2.651515,2121.0,7.28,6.0,3.0,0.25,0.1272984441301273,3.5,0.15,4.2,0.18,0.16548797736916548,1.6,0.6,36.4,1.5275813295615275,1.5275813295615275,0.297029702970297,3.0,0.8,0.8,3.3,2.1,0.8,0.3,0.0,3.9,,,,,,,0.9,,
246172,Alan Aguerre,Central Córdoba de Santiago,213596,GK,GK,arg_a,Liga Profesional Argentina,112,1000000477,2026,36.0,Argentina,181.0,0.397578,2119.0,7.06,,1.0,,0.04247286455875413,,,0.0,0.0,,,,17.1,0.04247286455875413,0.04247286455875413,,,,,0.7,0.0,,0.7,,7.5,,7.0,74.6,3.7,0.16139688532326568,1.3,,2.0,
752875,Nicolás Sansotre,Deportivo Riestra,298629,FB,"RWB,LWB,RB,CB",arg_a,Liga Profesional Argentina,112,1000000477,2026,33.0,Argentina,182.0,0.669676,2117.0,6.76,,1.0,,0.042512990080302314,0.3,0.01,2.1,0.09,,0.2,,12.1,0.680207841284837,0.680207841284837,0.12753897024090693,2.0,1.4,0.0,5.5,1.1,0.7,3.6,0.2,2.7,,,,,,,0.6,2.0,
1200014,Lautaro Blanco,Boca Juniors,10077,FB,LB,arg_a,Liga Profesional Argentina,112,1000000477,2026,27.0,Argentina,176.0,3.65605,2109.0,7.37,1.0,3.0,0.04,0.12802275960170698,0.6,0.03,5.1,0.22,0.02987197724039829,0.5,0.1,33.8,1.7923186344238975,1.7923186344238975,0.4267425320056899,,2.5,0.9,5.4,2.6,0.6,2.1,0.1,4.7,,,,,,,0.6,2.0,
1342579,Alan Lescano,,10086,CM,,arg_a,Liga Profesional Argentina,112,1000000477,2026,,,,,2107.0,7.27,5.0,,0.21,,4.4,0.19,1.5,0.07,0.23065970574276226,1.7,0.7,39.7,1.02515424774561,1.02515424774561,0.0854295206454675,2.0,3.5,0.7,3.0,1.6,0.9,0.3,0.1,5.6,,,,,,,1.0,5.0,
1025557,Aníbal Moreno,River Plate,10076,DM,"CDM,CM",arg_a,Liga Profesional Argentina,112,1000000477,2026,27.0,Argentina,177.0,8.731153,2107.0,7.3,,3.0,,0.12814428096820124,0.5,0.02,1.3,0.06,0.012814428096820124,0.9,0.1,50.5,0.6407214048410061,0.6407214048410061,0.04271476032273375,,4.0,0.4,7.3,3.5,1.9,1.8,0.2,5.3,,,,,,,1.5,5.0,
164029,Ezequiel Muñoz,Gimnasia Mendoza,568727,CB,CB,arg_a,Liga Profesional Argentina,112,1000000477,2026,36.0,Argentina,185.0,0.474765,2105.0,7.04,2.0,,0.09,,1.5,0.06,0.9,0.04,0.05130641330166271,0.5,0.2,34.1,,,,3.0,2.3,0.1,10.3,1.1,1.3,7.1,0.9,4.7,,,,,,,0.6,1.0,
857776,Danilo Arboleda,San Lorenzo,10083,CB,CB,arg_a,Liga Profesional Argentina,112,1000000477,2026,31.0,Colombia,190.0,0.446349,2095.0,7.16,,1.0,,0.04295942720763723,0.3,0.01,0.6,0.02,0.025775656324582338,0.3,0.1,25.4,0.1718377088305489,0.1718377088305489,,,2.7,0.4,13.1,1.8,1.1,9.2,1.0,3.3,,,,,,,0.4,2.0,
1110614,Julián Palacios,Unión,10096,W,"RM,RW",arg_a,Liga Profesional Argentina,112,1000000477,2026,27.0,Argentina,167.0,,2090.0,7.29,3.0,7.0,0.13,0.3014354066985646,2.5,0.11,4.0,0.17,0.10334928229665072,2.1,0.6,25.7,2.0239234449760763,2.0239234449760763,0.3875598086124402,2.0,0.7,1.2,3.3,2.2,0.8,0.3,0.0,5.4,,,,,,,1.6,5.0,1.0
793800,Renzo Tesuri,Atlético Tucumán,161727,W,"RW,CAM,CM,RM",arg_a,Liga Profesional Argentina,112,1000000477,2026,30.0,Argentina,166.0,1.014991,2079.0,6.54,2.0,1.0,0.09,0.04329004329004329,2.4,0.1,1.8,0.08,0.1168831168831169,1.1,0.4,15.3,0.6060606060606061,0.6060606060606061,0.12987012987012986,1.0,0.6,0.3,3.1,1.9,0.5,0.7,,4.2,,,,,,,0.5,3.0,
944446,Iván Tapia,Barracas Central,213534,CM,"CM,CDM,LW",arg_a,Liga Profesional Argentina,112,1000000477,2026,27.0,Argentina,176.0,0.932978,2074.0,6.89,3.0,2.0,0.13,0.08678881388621022,2.2,0.1,2.3,0.1,0.09112825458052073,1.3,0.5,30.4,1.2150433944069432,1.2150433944069432,0.04339440694310511,,1.8,0.3,2.2,1.1,0.7,0.4,,4.3,,,,,,,0.6,2.0,
210276,Manuel Lanzini,Vélez Sarsfield,10079,AM,"CAM,LW",arg_a,Liga Profesional Argentina,112,1000000477,2026,33.0,Argentina,167.0,0.534159,2061.0,7.31,6.0,,0.26,,3.3,0.14,3.4,0.15,0.18777292576419213,1.7,0.7,37.8,1.6157205240174672,1.6157205240174672,0.2183406113537118,2.0,1.1,1.2,2.1,1.0,0.6,0.3,0.1,5.6,,,,,,,0.7,3.0,
1200718,Joaquín García,Vélez Sarsfield,10079,FB,RB,arg_a,Liga Profesional Argentina,112,1000000477,2026,25.0,Argentina,181.0,2.468141,2059.0,7.16,2.0,1.0,0.09,0.043710539096648855,0.8,0.04,1.6,0.07,0.13113161728994657,0.3,0.2,33.0,0.7867897037396795,0.7867897037396795,0.043710539096648855,,1.6,0.3,5.5,2.2,1.3,1.7,0.3,3.9,,,,,,,0.8,3.0,
1433070,Oscar Cortés,Huracán,10081,W,"LW,LM,RW,ST",arg_a,Liga Profesional Argentina,112,1000000477,2026,22.0,Colombia,176.0,3.463354,2050.0,7.11,3.0,5.0,0.13,0.21951219512195122,3.0,0.13,3.7,0.16,0.09219512195121951,1.7,0.6,22.2,1.6682926829268292,1.6682926829268292,0.2634146341463415,4.0,0.8,2.2,2.4,1.3,0.7,0.4,0.0,5.3,,,,,,,0.9,3.0,
425711,Gabriel Ávalos,,10078,ST,,arg_a,Liga Profesional Argentina,112,1000000477,2026,,,,,2047.0,7.29,11.0,5.0,0.48,0.21983390327308255,7.6,0.34,2.7,0.12,0.38690766976062535,2.4,0.7,11.2,1.4069369809477283,1.4069369809477283,0.3957010258915486,3.0,0.2,0.3,1.5,0.4,0.2,0.8,0.1,1.4,,,,,,,1.4,3.0,
1761527,Tobías Andrada,River Plate,10076,W,"RW,CDM",arg_a,Liga Profesional Argentina,112,1000000477,2026,19.0,Argentina,179.0,12.630778,2044.0,7.33,2.0,1.0,0.09,0.04403131115459882,1.6,0.07,1.9,0.09,0.07925636007827788,0.9,0.3,43.2,1.1007827788649707,1.1007827788649707,0.13209393346379647,3.0,2.1,1.2,4.3,2.6,0.9,0.7,0.0,6.3,,,,,,,1.4,6.0,
1314218,Alex Luna,Instituto,10090,W,"LW,CAM,ST,LM",arg_a,Liga Profesional Argentina,112,1000000477,2026,22.0,Argentina,174.0,4.928724,2039.0,7.19,7.0,3.0,0.31,0.13241785188818048,8.1,0.36,2.9,0.13,0.40166748406081415,3.4,1.3,19.4,1.3683178028445315,1.3683178028445315,0.04413928396272683,9.0,1.9,1.9,2.0,1.3,0.6,0.0,,5.4,,,,,,,1.5,7.0,
602349,Emiliano Amor,San Lorenzo,10083,CB,CB,arg_a,Liga Profesional Argentina,112,1000000477,2026,31.0,Syria,190.0,0.514397,2026.0,6.9,1.0,,0.04,,0.2,0.01,0.4,0.02,0.004442250740375123,0.2,0.1,36.3,0.22211253701875616,0.22211253701875616,,,2.4,0.0,9.1,1.1,2.0,5.4,0.7,3.2,,,,,,,0.7,2.0,
1134305,Rodrigo Insúa,Barracas Central,213534,FB,"LWB,LM",arg_a,Liga Profesional Argentina,112,1000000477,2026,28.0,Argentina,,1.363975,2020.0,6.88,3.0,1.0,0.13,0.04455445544554455,2.3,0.1,1.8,0.08,0.11138613861386139,1.2,0.4,18.4,0.5792079207920792,0.5792079207920792,0.13366336633663367,,1.2,0.6,4.5,1.3,0.7,2.3,0.2,3.3,,,,,,,0.9,5.0,
728323,Tomás Molina,Argentinos Juniors,10086,ST,ST,arg_a,Liga Profesional Argentina,112,1000000477,2026,31.0,Argentina,183.0,1.856604,2016.0,6.95,5.0,3.0,0.22,0.13392857142857142,6.7,0.3,1.3,0.06,0.27232142857142855,2.4,1.0,12.4,0.9821428571428571,0.9821428571428571,0.22321428571428573,9.0,0.5,0.9,2.2,1.0,0.3,0.8,0.0,2.9,,,,,,,1.2,4.0,
1607377,Tomás Porra,Barracas Central,213534,CM,"CM,CAM,RM",arg_a,Liga Profesional Argentina,112,1000000477,2026,22.0,Argentina,173.0,1.290801,2015.0,7.08,1.0,4.0,0.04,0.17866004962779156,1.0,0.05,3.0,0.13,0.03573200992555831,1.3,0.3,26.8,1.6972704714640199,1.6972704714640199,0.2679900744416873,,1.8,1.7,3.5,1.4,1.3,0.7,0.1,6.1,,,,,,,0.8,5.0,
469590,Leonardo Gil,Huracán,10081,CM,"CM,CAM,CDM",arg_a,Liga Profesional Argentina,112,1000000477,2026,35.0,Chile,176.0,0.389388,2013.0,7.2,1.0,2.0,0.04,0.08941877794336811,0.7,0.03,3.3,0.15,0.06706408345752608,0.7,0.3,40.8,2.0119225037257826,2.0119225037257826,0.35767511177347244,,1.9,0.3,4.5,2.5,0.5,1.3,0.2,6.2,,,,,,,1.0,4.0,
883281,Junior Marabel,Sarmiento,202757,ST,ST,arg_a,Liga Profesional Argentina,112,1000000477,2026,28.0,Paraguay,,1.267051,2009.0,6.98,13.0,4.0,0.58,0.1791936286709806,13.1,0.59,0.9,0.04,0.5555002488800398,2.3,1.1,13.2,0.7615729218516675,0.7615729218516675,0.22399203583872573,10.0,0.3,0.1,1.4,0.4,0.2,0.8,0.0,1.9,,,,,,,0.9,1.0,
1353126,Ezequiel Herrera,San Lorenzo,10083,FB,"RB,CB",arg_a,Liga Profesional Argentina,112,1000000477,2026,23.0,Argentina,180.0,2.421699,2006.0,7.0,1.0,,0.04,,0.8,0.03,0.6,0.03,0.04037886340977069,0.4,0.1,25.8,0.3589232303090728,0.3589232303090728,0.0897308075772682,,1.5,0.9,7.0,1.9,1.0,3.7,0.4,3.1,,,,,,,0.9,6.0,
147620,Juan Manuel Insaurralde,Sarmiento,202757,CB,CB,arg_a,Liga Profesional Argentina,112,1000000477,2026,42.0,Argentina,187.0,0.549226,2003.0,6.8,,,,,0.5,0.02,0.3,0.01,0.03594608087868198,0.4,0.1,25.4,0.13479780329505742,0.13479780329505742,,,4.7,0.2,11.2,1.0,0.9,8.5,0.7,2.3,,,,,,,0.9,8.0,2.0
1710276,Maizon Rodríguez,,10096,CB,,arg_a,Liga Profesional Argentina,112,1000000477,2026,,,,,2001.0,7.04,1.0,,0.04,,1.0,0.04,0.4,0.02,0.035982008995502246,0.6,0.1,29.1,0.4497751124437781,0.4497751124437781,0.044977511244377814,1.0,2.7,0.3,8.5,1.3,1.2,5.4,0.7,4.7,,,,,,,0.9,3.0,
960080,Gustavo Abregú,Instituto,10090,CM,"CM,CDM",arg_a,Liga Profesional Argentina,112,1000000477,2026,29.0,Argentina,,0.395205,1994.0,7.13,,3.0,,0.1354062186559679,0.6,0.02,1.0,0.04,0.022567703109327986,0.4,0.0,27.9,0.8124373119358074,0.8124373119358074,0.1354062186559679,,2.6,0.3,3.7,1.4,1.0,1.2,0.1,6.5,,,,,,,0.6,2.0,
1033290,Facundo Zabala,Independiente,10078,FB,LB,arg_a,Liga Profesional Argentina,112,1000000477,2026,27.0,Argentina,172.0,1.373415,1993.0,7.23,,1.0,,0.04515805318615153,0.6,0.03,1.8,0.08,0.04967385850476669,0.8,0.2,34.4,0.8580030105368791,0.8580030105368791,0.09031610637230306,1.0,2.8,1.5,6.8,2.7,1.4,2.5,0.2,5.5,,,,,,,1.9,6.0,
1223816,Gonzalo Maffini,Estudiantes de Río Cuarto,213591,CB,CB,arg_a,Liga Profesional Argentina,112,1000000477,2026,33.0,Argentina,,0.324556,1980.0,6.91,,1.0,,0.045454545454545456,0.8,0.03,0.7,0.03,0.04090909090909091,0.5,0.1,23.1,0.22727272727272727,0.22727272727272727,0.045454545454545456,1.0,3.3,0.1,12.6,1.8,2.0,8.0,0.8,3.3,,,,,,,1.1,4.0,1.0
847988,Marcelo Miño,Barracas Central,213534,GK,GK,arg_a,Liga Profesional Argentina,112,1000000477,2026,29.0,Argentina,186.0,0.53822,1970.0,7.3,,,,,,,0.1,0.0,,,,14.9,,,,,,,1.4,,,1.4,,14.0,,8.0,83.2,4.1,0.383756345177665,0.8,,3.0,
1216082,Ezequiel Cannavo,Racing Club,10080,FB,"RB,RWB,RM",arg_a,Liga Profesional Argentina,112,1000000477,2026,24.0,Argentina,180.0,2.191525,1956.0,6.98,1.0,,0.05,,0.7,0.03,1.1,0.05,0.013803680981595092,0.5,0.1,22.4,0.36809815950920244,0.36809815950920244,0.09202453987730061,,0.8,0.3,8.2,3.3,1.5,3.0,0.4,3.0,,,,,,,1.0,4.0,
1092826,César Ibáñez,Huracán,10081,FB,LB,arg_a,Liga Profesional Argentina,112,1000000477,2026,27.0,Argentina,179.0,1.976806,1948.0,7.24,,3.0,,0.13860369609856263,0.7,0.03,1.7,0.08,0.004620123203285421,0.9,0.1,22.6,0.7854209445585215,0.7854209445585215,0.18480492813141683,1.0,1.8,0.5,8.4,3.4,1.5,3.3,0.2,5.1,,,,,,,2.2,12.0,1.0
211110,Lisandro Magallán,Vélez Sarsfield,10079,CB,CB,arg_a,Liga Profesional Argentina,112,1000000477,2026,33.0,Argentina,185.0,1.127774,1947.0,7.11,,1.0,,0.046224961479198766,0.8,0.04,0.2,0.01,0.01386748844375963,0.3,0.0,32.9,0.23112480739599384,0.23112480739599384,0.046224961479198766,2.0,2.9,,9.4,1.5,0.6,6.7,0.5,4.6,,,,,,,0.7,3.0,
1700581,Luca Regiardo,Newell's Old Boys,10201,DM,"CDM,CM",arg_a,Liga Profesional Argentina,112,1000000477,2026,19.0,Argentina,,2.473208,1947.0,7.01,1.0,,0.05,,0.4,0.02,0.3,0.02,0.032357473035439135,0.3,0.0,31.4,0.3235747303543914,0.3235747303543914,,,2.5,0.4,5.9,1.8,2.0,1.7,0.3,6.7,,,,,,,1.3,8.0,
647928,Fernando Alarcón,Instituto,10090,CB,CB,arg_a,Liga Profesional Argentina,112,1000000477,2026,32.0,Argentina,185.0,0.863201,1943.0,7.19,2.0,,0.09,,1.1,0.05,0.4,0.02,0.06484817292846114,0.7,0.3,31.3,0.3705609881626351,0.3705609881626351,,2.0,3.8,0.0,10.5,2.1,1.7,6.2,0.5,3.1,,,,,,,1.5,10.0,
270774,Franco Vázquez,Belgrano,10092,DM,"CDM,CM,CAM",arg_a,Liga Profesional Argentina,112,1000000477,2026,37.0,Argentina,187.0,0.711107,1940.0,6.96,2.0,3.0,0.09,0.13917525773195877,3.0,0.14,1.9,0.09,0.11597938144329897,1.9,0.5,38.6,0.9742268041237113,0.9742268041237113,0.13917525773195877,2.0,3.5,0.9,3.7,2.1,0.8,0.6,0.1,7.5,,,,,,,1.2,7.0,1.0
1435861,Diego Barrera,Central Córdoba de Santiago,213596,W,"LM,LW,RW,LWB,ST,CM",arg_a,Liga Profesional Argentina,112,1000000477,2026,22.0,Argentina,171.0,1.253583,1939.0,6.6,3.0,,0.14,,2.7,0.12,1.0,0.04,0.1299638989169675,1.6,0.6,15.8,1.0675605982465188,1.0675605982465188,,3.0,0.8,1.3,3.1,1.6,0.4,0.9,0.1,5.2,,,,,,,1.0,5.0,
1385954,Lautaro Di Lollo,Boca Juniors,10077,CB,CB,arg_a,Liga Profesional Argentina,112,1000000477,2026,22.0,Argentina,187.0,9.524218,1932.0,7.44,2.0,,0.09,,1.9,0.09,0.3,0.01,0.09782608695652174,1.0,0.3,63.1,,,,4.0,2.5,0.3,8.9,2.2,1.0,5.2,0.4,4.6,,,,,,,0.7,4.0,
1130630,Gastón Ávila,Rosario Central,10084,CB,CB,arg_a,Liga Profesional Argentina,112,1000000477,2026,25.0,Argentina,182.0,3.783993,1928.0,7.4,3.0,2.0,0.14,0.09336099585062241,1.6,0.07,0.8,0.04,0.11203319502074689,0.9,0.3,44.7,0.32676348547717843,0.32676348547717843,0.1400414937759336,,5.9,0.2,8.8,1.8,1.2,5.5,0.3,4.7,,,,,,,0.7,3.0,
46509,Ángel Di Maria,Rosario Central,10084,AM,"CAM,ST,LW,RW",arg_a,Liga Profesional Argentina,112,1000000477,2026,38.0,Argentina,178.0,1.021343,1923.0,7.49,8.0,4.0,0.37,0.187207488299532,6.0,0.28,6.1,0.29,0.3416536661466459,3.4,1.4,33.9,2.5273010920436816,2.5273010920436816,0.514820592823713,2.0,3.8,1.8,1.1,0.7,0.4,0.1,,3.6,,,,,,,0.4,4.0,
743009,Adrián Spörle,Belgrano,10092,FB,"LB,LWB",arg_a,Liga Profesional Argentina,112,1000000477,2026,31.0,Argentina,182.0,0.499224,1919.0,6.96,,,,,0.4,0.02,1.8,0.09,0.018759770713913496,0.4,0.2,24.5,0.7034914017717562,0.7034914017717562,0.14069828035435122,1.0,0.8,1.2,5.2,2.3,1.0,1.7,0.2,4.2,,,,,,,1.4,5.0,
1393173,Alexis Steimbach,Gimnasia LP,10103,FB,"RB,RM",arg_a,Liga Profesional Argentina,112,1000000477,2026,24.0,Argentina,,1.342314,1918.0,7.2,1.0,6.0,0.05,0.28154327424400416,0.8,0.04,2.2,0.1,0.04223149113660062,0.8,0.1,22.6,1.2669447340980187,1.2669447340980187,0.28154327424400416,,1.8,1.8,7.5,2.6,1.6,3.1,0.2,4.6,,,,,,,0.9,9.0,1.0
845260,Tomás Ezequiel Guidara,Lanús,10082,FB,RB,arg_a,Liga Profesional Argentina,112,1000000477,2026,30.0,Argentina,173.0,0.986542,1911.0,6.98,,1.0,,0.04709576138147567,0.1,0.01,0.7,0.03,,0.3,,31.9,0.47095761381475665,0.47095761381475665,0.141287284144427,,1.8,0.6,7.2,2.2,0.9,3.4,0.6,4.6,,,,,,,1.2,5.0,
1135464,Nicolás Laméndola,Atlético Tucumán,161727,W,"LW,LM",arg_a,Liga Profesional Argentina,112,1000000477,2026,27.0,Argentina,178.0,0.558895,1906.0,6.88,2.0,1.0,0.09,0.0472193074501574,2.1,0.1,2.1,0.1,0.06610703043022034,1.1,0.4,16.8,1.180482686253935,1.180482686253935,0.0944386149003148,2.0,0.7,2.8,3.7,2.2,0.7,0.7,0.1,4.9,,,,,,,1.7,7.0,
1451614,Tomás González,Estudiantes de Río Cuarto,213591,CM,"CM,CAM,RW",arg_a,Liga Profesional Argentina,112,1000000477,2026,27.0,Argentina,,0.360386,1895.0,6.68,,,,,1.4,0.06,2.5,0.12,0.01424802110817942,0.9,0.1,24.6,1.3773087071240107,1.3773087071240107,0.18997361477572558,1.0,0.6,0.9,4.6,2.1,0.9,1.3,0.2,5.2,,,,,,,2.2,8.0,
1398532,Matías Abaldo,Independiente,10078,W,LW,arg_a,Liga Profesional Argentina,112,1000000477,2026,22.0,Uruguay,172.0,6.829601,1894.0,6.75,5.0,3.0,0.24,0.14255543822597677,2.9,0.14,2.3,0.11,0.19957761351636746,1.6,0.8,20.5,1.235480464625132,1.235480464625132,0.2375923970432946,4.0,0.8,1.3,1.7,0.8,0.2,0.6,0.0,3.2,,,,,,,0.9,3.0,1.0
1336637,Tomás Silva,Club Atlético Platense,10089,FB,LB,arg_a,Liga Profesional Argentina,112,1000000477,2026,23.0,Argentina,175.0,2.200639,1894.0,7.12,,,,,0.2,0.01,1.3,0.06,,0.4,,26.1,0.8078141499472017,0.8078141499472017,0.14255543822597677,,2.8,0.8,7.5,2.8,1.5,2.9,0.3,5.6,,,,,,,1.0,6.0,
659738,Ronaldo Martínez,Vélez Sarsfield,10079,ST,ST,arg_a,Liga Profesional Argentina,112,1000000477,2026,30.0,Paraguay,178.0,2.408338,1893.0,6.99,10.0,1.0,0.48,0.04754358161648178,7.7,0.37,0.6,0.03,0.4659270998415215,2.2,1.2,11.7,0.9033280507131537,0.9033280507131537,0.14263074484944532,6.0,0.3,0.4,2.0,0.3,0.2,1.3,0.1,1.5,,,,,,,1.1,2.0,
809766,Marcelo Estigarribia,Unión,10096,ST,ST,arg_a,Liga Profesional Argentina,112,1000000477,2026,31.0,Argentina,180.0,1.108647,1890.0,7.0,5.0,2.0,0.24,0.09523809523809523,7.4,0.35,1.4,0.06,0.35714285714285715,3.6,1.2,14.5,0.8095238095238095,0.8095238095238095,0.19047619047619047,8.0,0.2,0.3,2.7,0.9,0.1,1.7,0.0,2.9,,,,,,,1.8,6.0,
981070,Fausto Vera,River Plate,10076,DM,"CDM,CM,CAM",arg_a,Liga Profesional Argentina,112,1000000477,2026,26.0,Argentina,180.0,2.934082,1882.0,7.13,,,,,2.0,0.09,1.1,0.05,0.023910733262486716,1.9,0.4,62.2,0.7651434643995749,0.7651434643995749,0.09564293304994687,3.0,3.9,0.5,4.8,2.1,0.7,1.6,0.4,5.6,,,,,,,1.5,4.0,1.0
978210,Juan Elordi,Independiente Rivadavia,161729,FB,"LB,LWB,LW",arg_a,Liga Profesional Argentina,112,1000000477,2026,32.0,Argentina,176.0,0.524916,1877.0,7.2,2.0,2.0,0.1,0.09589770911028236,2.4,0.12,1.8,0.08,0.1294619072988812,1.2,0.5,25.2,1.3905167820990942,1.3905167820990942,,5.0,1.2,0.2,8.0,2.5,1.5,3.5,0.4,4.4,,,,,,,0.7,3.0,
882933,Adrián Martínez,Racing Club,10080,ST,ST,arg_a,Liga Profesional Argentina,112,1000000477,2026,34.0,Argentina,176.0,2.092383,1877.0,6.42,6.0,1.0,0.29,0.04794885455514118,9.6,0.46,1.0,0.05,0.37879595098561536,2.1,0.7,10.6,0.6712839637719765,0.6712839637719765,0.04794885455514118,15.0,0.3,0.1,1.2,0.4,0.1,0.6,,2.1,,,,,,,1.9,4.0,2.0
889736,Fabio Pereyra,Huracán,10081,CB,CB,arg_a,Liga Profesional Argentina,112,1000000477,2026,36.0,Argentina,185.0,0.510516,1868.0,7.1,,,,,0.4,0.02,0.2,0.01,0.03372591006423983,0.4,0.0,28.4,0.09635974304068523,0.09635974304068523,,2.0,3.1,0.1,12.5,1.0,1.0,9.6,0.9,2.2,,,,,,,0.5,1.0,1.0
150093,Eduardo Salvio,Lanús,10082,W,"RW,LW,RM,CAM,LM",arg_a,Liga Profesional Argentina,112,1000000477,2026,36.0,Argentina,172.0,0.86558,1865.0,7.07,2.0,6.0,0.1,0.289544235924933,4.8,0.23,1.9,0.09,0.22198391420911526,1.8,0.8,28.5,1.3994638069705094,1.3994638069705094,0.24128686327077747,7.0,0.7,1.7,2.9,1.3,0.6,1.1,,5.9,,,,,,,0.7,1.0,
1344767,Leonard Costa,Independiente Rivadavia,161729,CB,"CB,CDM",arg_a,Liga Profesional Argentina,112,1000000477,2026,28.0,Uruguay,185.0,1.012042,1864.0,6.86,1.0,1.0,0.05,0.048283261802575105,0.4,0.02,0.8,0.04,0.019313304721030045,0.4,0.0,24.6,0.24141630901287553,0.24141630901287553,0.048283261802575105,,2.3,,7.3,1.1,1.1,4.8,0.4,3.7,,,,,,,0.5,2.0,
805771,Iván Villalba,Independiente Rivadavia,161729,CB,CB,arg_a,Liga Profesional Argentina,112,1000000477,2026,31.0,Paraguay,182.0,0.805167,1862.0,6.94,,,,,0.6,0.03,0.2,0.01,0.024167561761546726,0.5,0.1,22.3,0.0966702470461869,0.0966702470461869,,1.0,3.2,,10.4,2.2,1.5,6.4,0.4,2.9,,,,,,,0.9,8.0,
793315,Ezequiel Piovi,Estudiantes,10094,DM,"CDM,CM",arg_a,Liga Profesional Argentina,112,1000000477,2026,34.0,Argentina,170.0,0.827766,1849.0,7.14,1.0,1.0,0.05,0.048674959437533805,0.5,0.03,0.8,0.04,0.043807463493780424,0.9,0.2,46.3,0.43807463493780424,0.43807463493780424,0.048674959437533805,1.0,3.7,0.5,6.3,3.1,0.9,1.7,0.6,5.3,,,,,,,1.5,7.0,
1206583,Kevin Lomónaco,,10078,CB,,arg_a,Liga Profesional Argentina,112,1000000477,2026,,,,,1846.0,7.1,,1.0,,0.04875406283856988,0.4,0.02,0.3,0.01,,0.3,,42.4,0.4387865655471289,0.4387865655471289,,,3.3,0.3,6.7,1.4,1.4,3.6,0.3,7.9,,,,,,,0.7,5.0,
823206,Lucas Blondel,Huracán,10081,FB,"RB,RW,RM",arg_a,Liga Profesional Argentina,112,1000000477,2026,30.0,Switzerland,178.0,1.186635,1843.0,7.32,2.0,1.0,0.1,0.048833423765599564,1.7,0.08,0.6,0.03,0.08790016277807922,1.6,0.2,26.5,0.7325013564839935,0.7325013564839935,0.048833423765599564,1.0,1.7,0.4,7.9,2.6,1.5,3.3,0.5,5.1,,,,,,,1.0,4.0,
1520065,Lautaro Vargas,Unión,10096,FB,RB,arg_a,Liga Profesional Argentina,112,1000000477,2026,21.0,Argentina,173.0,5.387021,1840.0,7.13,,2.0,,0.09782608695652174,0.4,0.02,2.1,0.1,0.01956521739130435,0.5,0.1,25.7,1.2228260869565217,1.2228260869565217,0.24456521739130435,,4.0,1.2,5.6,1.9,1.3,2.2,0.2,5.3,,,,,,,0.7,9.0,
362229,Ignacio Malcorra,Unión,10096,AM,"CAM,CM,LW,CDM,LM",arg_a,Liga Profesional Argentina,112,1000000477,2026,39.0,Argentina,170.0,0.344754,1837.0,6.92,2.0,4.0,0.1,0.195971692977681,3.1,0.15,3.0,0.15,0.12738160043549265,2.2,0.6,23.2,2.155688622754491,2.155688622754491,0.34295046271094176,2.0,1.7,0.4,2.4,1.1,0.2,0.9,0.1,3.0,,,,,,,0.5,5.0,
1277345,Román Riquelme,Talleres,10101,CB,CB,arg_a,Liga Profesional Argentina,112,1000000477,2026,24.0,Argentina,186.0,1.418706,1833.0,7.0,1.0,1.0,0.05,0.049099836333878884,1.3,0.06,0.3,0.01,0.03927986906710311,0.6,0.1,58.0,0.14729950900163666,0.14729950900163666,,1.0,5.4,0.3,8.5,0.9,1.3,5.2,1.2,4.0,,,,,,,1.2,7.0,2.0
182159,Dardo Federico Miloc,Barracas Central,213534,CM,"CM,CDM",arg_a,Liga Profesional Argentina,112,1000000477,2026,35.0,Argentina,177.0,0.571064,1827.0,6.92,,,,,0.0,0.0,0.3,0.01,,0.1,,35.0,0.3448275862068966,0.3448275862068966,,,1.4,0.2,5.7,2.1,1.4,2.1,0.1,5.9,,,,,,,0.9,7.0,
1559675,Sheyko Studer,Independiente Rivadavia,161729,CB,CB,arg_a,Liga Profesional Argentina,112,1000000477,2026,23.0,Argentina,192.0,6.619271,1827.0,7.28,2.0,,0.1,,0.6,0.03,0.4,0.02,0.08374384236453201,0.4,0.2,25.5,0.4433497536945813,0.4433497536945813,,,2.7,0.2,8.6,1.4,1.7,5.1,0.4,3.5,,,,,,,0.6,5.0,
427912,Matías Catalán,Talleres,10101,CB,CB,arg_a,Liga Profesional Argentina,112,1000000477,2026,34.0,Chile,182.0,0.390679,1819.0,7.07,,3.0,,0.14843320505772403,0.5,0.03,1.7,0.09,0.004947773501924134,0.7,0.1,43.5,0.6432105552501375,0.6432105552501375,0.19791094007696536,,5.2,0.1,8.4,1.2,0.6,6.1,0.5,3.2,,,,,,,0.6,1.0,
841947,Guido Mainero,Club Atlético Platense,10089,W,"RW,RM,CAM",arg_a,Liga Profesional Argentina,112,1000000477,2026,31.0,Argentina,177.0,1.294075,1813.0,6.75,2.0,,0.1,,1.6,0.08,2.0,0.1,0.06453392167677882,1.1,0.4,19.7,1.2906784335355763,1.2906784335355763,0.09928295642581357,,1.5,0.9,2.7,1.0,0.4,1.2,0.0,5.5,,,,,,,1.0,4.0,
724854,Santiago Ascacíbar,Boca Juniors,10077,CM,"CM,CDM,RM,RW,CAM",arg_a,Liga Profesional Argentina,112,1000000477,2026,29.0,Argentina,169.0,4.364067,1807.0,7.17,5.0,2.0,0.25,0.0996126175982291,5.5,0.27,2.8,0.14,0.29883785279468733,1.8,0.6,31.5,0.9961261759822911,0.9961261759822911,0.1992252351964582,8.0,1.2,0.1,5.5,2.6,1.1,1.5,0.2,4.4,,,,,,,1.3,4.0,
846916,Lucas Carrizo,Newell's Old Boys,10201,CB,CB,arg_a,Liga Profesional Argentina,112,1000000477,2026,29.0,Argentina,180.0,0.987438,1805.0,7.28,,,,,0.1,0.01,1.2,0.06,0.004986149584487534,0.2,0.0,43.1,0.4487534626038781,0.4487534626038781,,,6.6,0.2,8.2,2.2,0.9,4.7,0.4,5.3,,,,,,,0.6,6.0,1.0
958860,Santiago Sosa,,10080,DM,,arg_a,Liga Profesional Argentina,112,1000000477,2026,,,,,1804.0,7.39,1.0,1.0,0.05,0.04988913525498891,0.9,0.04,1.1,0.06,0.05487804878048781,0.8,0.2,45.6,0.6984478935698448,0.6984478935698448,0.04988913525498891,1.0,6.0,0.1,9.2,1.8,2.2,4.9,0.3,4.3,,,,,,,1.3,5.0,
1214100,Gastón Benedetti,Estudiantes,10094,FB,LB,arg_a,Liga Profesional Argentina,112,1000000477,2026,25.0,Argentina,175.0,1.930282,1803.0,7.23,,3.0,,0.1497504159733777,0.2,0.01,2.1,0.11,,0.5,,31.2,0.7986688851913477,0.7986688851913477,0.19966722129783693,,3.0,0.6,6.8,2.3,1.1,3.0,0.4,4.3,,,,,,,1.0,5.0,
1200037,Facundo Sanguinetti,Vélez Sarsfield,10087,GK,GK,arg_a,Liga Profesional Argentina,112,1000000477,2026,25.0,Argentina,184.0,2.151775,1800.0,6.9,,,,,,,0.0,0.0,,,,11.2,0.05,0.05,,,,,0.3,,,0.3,,8.5,,5.0,76.9,4.0,0.135,1.2,,,
743052,Alexis Maldonado,Belgrano,10092,CB,CB,arg_a,Liga Profesional Argentina,112,1000000477,2026,29.0,Argentina,188.0,1.055262,1798.0,6.97,,,,,0.4,0.02,0.1,0.01,0.005005561735261402,0.3,0.1,29.4,0.10011123470522804,0.10011123470522804,0.05005561735261402,,2.0,0.1,9.7,1.8,1.3,6.1,0.6,1.8,,,,,,,0.8,4.0,
1087551,Damián Fernández,Defensa y Justicia,161730,CB,CB,arg_a,Liga Profesional Argentina,112,1000000477,2026,25.0,Argentina,178.0,1.576589,1795.0,7.27,1.0,,0.05,,0.6,0.03,0.2,0.01,0.035097493036211694,0.2,0.1,44.5,0.25069637883008355,0.25069637883008355,,,2.8,0.4,13.6,3.4,1.5,8.0,0.8,5.5,,,,,,,1.1,6.0,
1273505,Matías Fernández,Independiente Rivadavia,161729,AM,"CAM,ST,RW,CM,LM,RM",arg_a,Liga Profesional Argentina,112,1000000477,2026,25.0,Argentina,173.0,0.451578,1794.0,7.1,3.0,6.0,0.15,0.3010033444816054,5.8,0.29,3.0,0.15,0.27090301003344486,2.9,1.1,23.9,1.705685618729097,1.705685618729097,0.4013377926421405,4.0,1.9,1.1,1.7,0.9,0.5,0.3,0.1,4.6,,,,,,,1.3,8.0,
1206830,Ignacio Miramón,Gimnasia LP,10103,DM,"CDM,CM",arg_a,Liga Profesional Argentina,112,1000000477,2026,23.0,Argentina,173.0,1.572308,1794.0,7.0,1.0,,0.05,,1.1,0.05,1.6,0.08,0.03511705685618729,0.7,0.2,35.6,0.7023411371237458,0.7023411371237458,0.20066889632107024,2.0,4.0,1.0,5.5,2.5,1.3,1.6,0.2,6.5,,,,,,,1.9,11.0,
725073,Facundo Waller,Huracán,10081,DM,"CDM,CM,CAM",arg_a,Liga Profesional Argentina,112,1000000477,2026,29.0,Uruguay,173.0,1.209286,1793.0,7.29,2.0,,0.1,,1.8,0.09,1.1,0.05,0.07027328499721137,1.1,0.4,32.3,0.7529280535415505,0.7529280535415505,0.1003904071388734,1.0,3.9,0.5,7.2,3.3,1.5,1.8,0.7,6.5,,,,,,,2.2,6.0,
615932,Jonathan Galván,Instituto,10090,CB,CB,arg_a,Liga Profesional Argentina,112,1000000477,2026,34.0,Argentina,179.0,0.541924,1793.0,7.07,,1.0,,0.0501952035694367,0.3,0.02,1.1,0.06,0.010039040713887339,0.7,0.1,29.8,0.4517568321249303,0.4517568321249303,0.2007808142777468,,4.3,0.2,8.4,1.5,1.3,5.4,0.3,3.4,,,,,,,1.3,6.0,
1462417,Fabrizio Sartori,Independiente Rivadavia,161729,ST,"ST,CAM",arg_a,Liga Profesional Argentina,112,1000000477,2026,24.0,Argentina,178.0,1.445084,1791.0,6.72,8.0,,0.4,,5.1,0.26,1.2,0.06,0.37185929648241206,2.0,0.9,8.4,0.6030150753768844,0.6030150753768844,0.10050251256281408,3.0,0.1,0.9,1.1,0.4,0.3,0.5,,2.0,,,,,,,1.5,2.0,
1021588,Antony Alonso,Deportivo Riestra,298629,CM,"CM,ST,LM,CAM",arg_a,Liga Profesional Argentina,112,1000000477,2026,28.0,Uruguay,190.0,1.040809,1789.0,6.62,4.0,1.0,0.2,0.05030743432084964,5.3,0.27,1.1,0.05,0.3219675796534377,1.8,1.0,8.4,1.0061486864169928,1.0061486864169928,0.10061486864169927,5.0,0.2,0.4,3.1,1.1,0.6,1.3,0.2,3.4,,,,,,,1.2,3.0,
1044317,Rick,Talleres,10101,W,"LW,RW,ST,LM,CAM",arg_a,Liga Profesional Argentina,112,1000000477,2026,27.0,Brazil,170.0,1.766694,1781.0,6.97,4.0,2.0,0.2,0.10106681639528355,3.6,0.18,1.9,0.09,0.2728804042672656,3.4,1.1,17.8,0.9601347557551937,0.9601347557551937,0.25266704098820886,3.0,0.5,2.0,2.5,1.5,0.5,0.5,0.1,5.6,,,,,,,1.0,6.0,
1135677,Juan Saborido,Club Atlético Platense,10089,FB,RB,arg_a,Liga Profesional Argentina,112,1000000477,2026,28.0,Argentina,178.0,1.29354,1779.0,6.76,,,,,0.9,0.05,0.7,0.03,0.02023608768971332,1.1,0.2,19.3,0.5059021922428331,0.5059021922428331,0.050590219224283306,2.0,1.5,0.7,6.5,2.5,0.9,2.7,0.5,4.0,,,,,,,0.9,1.0,
925286,Nicolás Demartini,Barracas Central,213534,CB,CB,arg_a,Liga Profesional Argentina,112,1000000477,2026,26.0,Argentina,,0.996374,1776.0,6.93,,2.0,,0.10135135135135136,0.2,0.01,0.5,0.02,,0.2,,26.2,0.2533783783783784,0.2533783783783784,0.05067567567567568,1.0,1.9,0.2,7.4,1.5,1.6,4.0,0.4,3.2,,,,,,,1.5,6.0,
1205837,Facundo Mansilla Zahir,Central Córdoba de Santiago,213596,CB,CB,arg_a,Liga Profesional Argentina,112,1000000477,2026,27.0,Argentina,190.0,0.363713,1764.0,7.04,1.0,,0.05,,0.2,0.01,0.1,0.01,0.00510204081632653,0.4,0.1,33.9,0.20408163265306123,0.20408163265306123,,,1.6,0.3,11.5,1.6,2.4,6.4,1.0,3.8,,,,,,,1.1,1.0,
1722224,Facundo Samuel Guch,Newell's Old Boys,10201,AM,"CAM,RW,CM",arg_a,Liga Profesional Argentina,112,1000000477,2026,19.0,Argentina,169.0,3.338518,1759.0,6.97,2.0,4.0,0.1,0.20466173962478681,1.2,0.06,2.8,0.14,0.09209778283115407,1.5,0.4,22.7,1.4837976122797043,1.4837976122797043,0.40932347924957363,,2.5,1.5,2.9,2.0,0.6,0.3,,5.3,,,,,,,0.7,4.0,
56829,Fernando Muslera,Estudiantes,10094,GK,GK,arg_a,Liga Profesional Argentina,112,1000000477,2026,40.0,Uruguay,190.0,0.686357,1755.0,7.23,,,,,,,0.0,0.0,,,,21.4,0.05128205128205128,0.05128205128205128,,,,,1.2,,,1.2,,8.2,,10.0,77.2,2.3,0.15384615384615385,0.7,,1.0,
856317,Santiago Moyano,Central Córdoba de Santiago,213596,FB,"RB,RWB,CB",arg_a,Liga Profesional Argentina,112,1000000477,2026,29.0,Argentina,175.0,0.634395,1751.0,6.85,,1.0,,0.05139920045688178,0.6,0.03,0.8,0.04,0.010279840091376356,0.5,0.1,22.6,0.7195888063963449,0.7195888063963449,0.15419760137064534,1.0,1.7,1.1,6.0,1.5,1.3,2.9,0.3,6.3,,,,,,,1.5,5.0,
1299928,Nicolás Meriano,Banfield,10087,CB,CB,arg_a,Liga Profesional Argentina,112,1000000477,2026,25.0,Argentina,190.0,0.68566,1743.0,6.77,,,,,1.0,0.05,0.6,0.03,0.0774526678141136,0.7,0.2,22.6,0.25817555938037867,0.25817555938037867,0.10327022375215146,,3.6,0.2,11.0,1.2,2.2,6.9,0.7,3.5,,,,,,,0.7,3.0,2.0
618716,Rodrigo Aliendro,Vélez Sarsfield,10079,DM,CDM,arg_a,Liga Profesional Argentina,112,1000000477,2026,35.0,Argentina,178.0,0.579251,1734.0,7.05,1.0,,0.05,,1.9,0.1,1.0,0.05,0.10899653979238755,1.5,0.3,38.7,0.41522491349480967,0.41522491349480967,,2.0,2.3,0.8,7.3,3.7,1.6,1.6,0.4,6.6,,,,,,,1.7,1.0,
523417,Emanuel Mammana,Vélez Sarsfield,10079,CB,CB,arg_a,Liga Profesional Argentina,112,1000000477,2026,30.0,Argentina,184.0,1.763106,1728.0,7.11,,,,,0.4,0.02,0.1,0.01,0.005208333333333333,0.3,0.2,37.5,0.10416666666666667,0.10416666666666667,,,3.8,0.1,10.7,1.4,0.9,7.9,0.5,3.8,,,,,,,0.4,1.0,
1054259,Mauro Méndez,Tigre,89396,ST,ST,arg_a,Liga Profesional Argentina,112,1000000477,2026,27.0,Uruguay,179.0,1.972783,1726.0,6.79,7.0,3.0,0.37,0.1564310544611819,6.1,0.32,1.3,0.07,0.23986095017381226,2.2,0.8,10.2,1.1471610660486675,1.1471610660486675,0.05214368482039398,4.0,0.4,0.5,1.5,0.5,,0.9,0.1,2.0,,,,,,,1.4,6.0,
1649321,Lautaro Rivero,River Plate,10076,CB,"CB,LB",arg_a,Liga Profesional Argentina,112,1000000477,2026,22.0,Argentina,185.0,9.292787,1721.0,7.2,1.0,,0.05,,1.3,0.07,0.4,0.02,0.026147588611272515,0.8,0.3,50.4,0.20918070889018012,0.20918070889018012,,3.0,4.3,0.3,7.4,1.4,1.0,4.3,0.6,4.0,,,,,,,0.9,7.0,
1238138,Leandro Lozano,Boca Juniors,10077,FB,"RB,RWB",arg_a,Liga Profesional Argentina,112,1000000477,2026,27.0,Uruguay,170.0,3.058472,1719.0,7.62,1.0,2.0,0.05,0.10471204188481675,0.7,0.04,2.8,0.15,0.07853403141361257,0.9,0.3,38.8,1.6230366492146597,1.6230366492146597,0.31413612565445026,1.0,1.3,0.6,6.0,1.9,1.0,2.8,0.2,5.5,,,,,,,0.7,4.0,
1206543,Fernando Román,Defensa y Justicia,161730,FB,"LB,CB",arg_a,Liga Profesional Argentina,112,1000000477,2026,27.0,Paraguay,186.0,0.787873,1716.0,7.14,1.0,1.0,0.05,0.05244755244755245,1.3,0.07,1.8,0.1,0.08916083916083917,0.5,0.2,21.3,0.6293706293706294,0.6293706293706294,0.05244755244755245,1.0,1.9,0.6,10.1,2.4,1.8,5.1,0.7,4.5,,,,,,,1.4,6.0,
1683391,Orlando Gill,,10083,GK,,arg_a,Liga Profesional Argentina,112,1000000477,2026,,,,,1712.0,7.28,,,,,,,0.0,0.0,,,,11.8,0.10514018691588785,0.10514018691588785,,,,,0.5,0.1,,0.5,,10.0,,10.0,82.5,4.2,0.2102803738317757,0.9,,1.0,1.0
1439529,Santiago Salle,Sarmiento,202757,W,"RM,RB,LM,RW",arg_a,Liga Profesional Argentina,112,1000000477,2026,22.0,Argentina,,1.390096,1710.0,6.68,,1.0,,0.05263157894736842,0.4,0.02,1.6,0.08,0.02631578947368421,0.5,0.2,11.6,0.8421052631578947,0.8421052631578947,0.15789473684210525,,0.9,1.8,4.5,1.4,0.7,2.1,0.3,4.7,,,,,,,1.8,9.0,
805539,Nicolás Zalazar,Aldosivi,161728,CB,CB,arg_a,Liga Profesional Argentina,112,1000000477,2026,29.0,Argentina,184.0,0.436016,1710.0,7.06,,1.0,,0.05263157894736842,0.6,0.03,0.5,0.03,0.02631578947368421,0.8,0.2,28.7,0.5789473684210527,0.5789473684210527,,,4.4,0.2,12.3,1.9,1.5,8.1,0.8,4.8,,,,,,,0.9,,1.0
1033115,Ignacio Vázquez,Club Atlético Platense,10089,CB,CB,arg_a,Liga Profesional Argentina,112,1000000477,2026,29.0,Argentina,188.0,1.789788,1710.0,7.22,1.0,,0.05,,1.4,0.08,0.2,0.01,0.05789473684210527,0.8,0.3,31.7,0.21052631578947367,0.21052631578947367,0.05263157894736842,,4.3,0.3,9.8,2.0,1.7,5.5,0.7,5.2,,,,,,,0.6,5.0,
892174,David Martínez,Defensa y Justicia,161730,CB,"CB,LB",arg_a,Liga Profesional Argentina,112,1000000477,2026,28.0,Paraguay,180.0,0.667536,1699.0,7.4,2.0,1.0,0.11,0.052972336668628606,1.9,0.1,0.9,0.05,0.10064743967039436,1.0,0.2,44.1,0.42377869334902885,0.42377869334902885,0.10594467333725721,,5.7,0.5,12.5,2.2,2.2,7.4,0.7,4.8,,,,,,,1.4,7.0,
1485158,Santiago López,Tigre,89396,W,"LM,LW,ST,RW",arg_a,Liga Profesional Argentina,112,1000000477,2026,20.0,Argentina,,2.098159,1693.0,6.84,1.0,2.0,0.05,0.10632014176018902,2.5,0.13,3.1,0.16,0.09568812758417011,1.6,0.5,18.6,1.6479621972829297,1.6479621972829297,0.31896042528056706,1.0,0.9,2.3,3.9,3.0,0.6,0.3,0.1,6.0,,,,,,,2.1,6.0,
586720,Gabriel Alanís,Estudiantes de Río Cuarto,213591,AM,"CAM,LW,LM,ST,CM",arg_a,Liga Profesional Argentina,112,1000000477,2026,32.0,Argentina,189.0,0.470354,1682.0,6.74,2.0,1.0,0.11,0.0535077288941736,2.9,0.15,1.4,0.08,0.11236623067776456,1.9,0.5,19.6,1.0166468489892984,1.0166468489892984,0.2140309155766944,2.0,0.6,1.1,3.9,1.8,0.6,1.3,0.1,4.4,,,,,,,0.6,,1.0
1634839,Milton Delgado,Boca Juniors,10077,CM,"CM,CDM,CAM",arg_a,Liga Profesional Argentina,112,1000000477,2026,21.0,Argentina,166.0,13.287617,1680.0,7.18,,1.0,,0.05357142857142857,0.5,0.03,1.6,0.08,0.01607142857142857,0.6,0.2,58.8,1.4464285714285714,1.4464285714285714,0.10714285714285714,,2.9,0.6,5.0,2.8,1.0,1.1,0.1,7.0,,,,,,,1.6,5.0,
812450,Walter Mazzantti,Newell's Old Boys,10201,W,RW,arg_a,Liga Profesional Argentina,112,1000000477,2026,30.0,Argentina,,1.570225,1676.0,6.98,2.0,2.0,0.11,0.10739856801909307,2.1,0.11,2.2,0.12,0.16646778042959426,0.9,0.5,16.3,1.2350835322195703,1.2350835322195703,0.48329355608591884,3.0,0.6,1.4,2.6,1.6,0.4,0.5,0.1,4.9,,,,,,,1.1,1.0,
1218334,Agustín Sández,Rosario Central,10084,FB,LB,arg_a,Liga Profesional Argentina,112,1000000477,2026,25.0,Paraguay,184.0,2.335541,1674.0,6.88,,1.0,,0.053763440860215055,1.0,0.05,0.8,0.04,0.053763440860215055,0.9,0.3,27.5,0.8064516129032258,0.8064516129032258,0.053763440860215055,1.0,1.2,0.2,6.3,1.8,1.2,3.0,0.3,3.5,,,,,,,1.4,7.0,
1230316,Ignacio Galván,Atlético Tucumán,161727,FB,LB,arg_a,Liga Profesional Argentina,112,1000000477,2026,24.0,Argentina,177.0,0.448128,1673.0,6.94,,,,,0.5,0.03,0.7,0.04,0.016138673042438732,0.6,0.2,22.1,0.8069336521219367,0.8069336521219367,0.10759115361625822,,2.0,0.9,6.3,1.9,1.0,3.3,0.1,4.8,,,,,,,0.8,2.0,1.0
856200,Agustín Auzmendi,Gimnasia LP,10103,ST,ST,arg_a,Liga Profesional Argentina,112,1000000477,2026,29.0,Argentina,181.0,0.891529,1637.0,6.93,7.0,3.0,0.38,0.1649358582773366,7.8,0.43,2.3,0.13,0.37935247403787414,2.5,1.2,13.2,1.3194868662186927,1.3194868662186927,0.2748930971288943,10.0,0.5,0.4,2.7,0.9,0.3,1.2,0.2,2.6,,,,,,,1.2,3.0,
1552554,Agustín Módica,Gimnasia Mendoza,568727,ST,ST,arg_a,Liga Profesional Argentina,112,1000000477,2026,23.0,Italy,,1.691589,1637.0,6.92,12.0,,0.66,,8.7,0.48,0.5,0.03,0.47281612706169823,2.8,1.3,9.5,0.49480757483200977,0.49480757483200977,,9.0,0.4,1.5,2.5,0.8,0.2,1.4,0.1,1.6,,,,,,,1.9,5.0,
874620,Emanuel Coronel,Rosario Central,10084,FB,RB,arg_a,Liga Profesional Argentina,112,1000000477,2026,29.0,Argentina,174.0,1.714265,1633.0,6.82,,1.0,,0.05511328842620943,0.3,0.01,2.4,0.13,0.005511328842620943,0.5,0.1,36.8,0.5511328842620943,0.5511328842620943,0.44090630740967546,,1.8,0.9,6.5,1.8,1.3,3.1,0.3,3.9,,,,,,,1.7,5.0,2.0
1357993,Santiago Solari,Newell's Old Boys,10201,W,"RW,LW,ST,CAM",arg_a,Liga Profesional Argentina,112,1000000477,2026,28.0,Argentina,178.0,2.123962,1627.0,6.82,3.0,4.0,0.17,0.2212661339889367,4.2,0.23,3.6,0.2,0.16594960049170251,2.0,0.6,15.3,1.548862937922557,1.548862937922557,0.33189920098340503,5.0,0.4,0.9,2.8,1.2,0.3,1.2,0.1,3.5,,,,,,,1.2,4.0,
1374130,Franco Nicola,Atlético Tucumán,161727,AM,"CAM,CDM,LW,RW",arg_a,Liga Profesional Argentina,112,1000000477,2026,24.0,Uruguay,178.0,0.515969,1625.0,6.61,2.0,1.0,0.11,0.055384615384615386,2.0,0.11,2.3,0.13,0.11076923076923077,1.6,0.4,19.6,1.3846153846153846,1.3846153846153846,0.3323076923076923,,0.5,0.8,2.8,1.6,0.5,0.5,0.2,5.2,,,,,,,1.8,1.0,1.0
1440175,Matías Valenti,Estudiantes de Río Cuarto,213591,CB,"CB,LB",arg_a,Liga Profesional Argentina,112,1000000477,2026,24.0,Argentina,184.0,0.450026,1625.0,6.92,,1.0,,0.055384615384615386,1.3,0.07,0.4,0.02,0.044307692307692305,0.9,0.1,25.4,0.27692307692307694,0.27692307692307694,0.11076923076923077,2.0,3.2,0.3,9.6,1.7,1.8,5.3,0.8,3.8,,,,,,,1.6,8.0,
1380869,Facundo Miño,Deportivo Riestra,298629,CB,CB,arg_a,Liga Profesional Argentina,112,1000000477,2026,26.0,Argentina,183.0,0.815259,1620.0,6.77,,,,,0.1,0.01,0.3,0.02,0.011111111111111112,0.1,0.1,10.9,0.16666666666666666,0.16666666666666666,,,2.4,0.2,9.3,2.1,1.6,5.2,0.4,3.2,,,,,,,1.5,9.0,
1208736,Renzo Giampaoli,Gimnasia LP,10103,CB,CB,arg_a,Liga Profesional Argentina,112,1000000477,2026,26.0,Argentina,188.0,1.3237,1615.0,6.9,,,,,1.0,0.06,0.1,0.0,0.0,0.7,0.1,28.1,0.11145510835913312,0.11145510835913312,,2.0,2.3,0.1,13.4,1.7,1.7,8.8,1.2,3.4,,,,,,,0.6,6.0,
237606,Leandro Paredes,Boca Juniors,10077,CM,"CM,CDM,CB",arg_a,Liga Profesional Argentina,112,1000000477,2026,32.0,Argentina,180.0,3.86693,1612.0,7.64,2.0,4.0,0.11,0.22332506203473945,2.4,0.13,4.0,0.22,0.1674937965260546,1.7,0.5,81.8,2.2890818858560795,2.2890818858560795,0.4466501240694789,,9.4,0.4,5.0,2.1,0.9,1.7,0.3,6.5,,,,,,,0.9,9.0,
647992,Jalil Elías,Estudiantes,10094,CM,"CM,CDM",arg_a,Liga Profesional Argentina,112,1000000477,2026,30.0,Syria,173.0,0.970273,1611.0,6.89,1.0,,0.06,,0.6,0.03,0.9,0.05,0.01675977653631285,0.5,0.2,40.4,0.8379888268156425,0.8379888268156425,,,2.0,0.1,4.6,1.6,0.9,1.6,0.6,4.6,,,,,,,0.6,1.0,
1088057,Lucas González,Central Córdoba de Santiago,213596,CM,"CM,CAM,RM,LW",arg_a,Liga Profesional Argentina,112,1000000477,2026,26.0,Argentina,169.0,1.101194,1609.0,6.67,,,,,0.8,0.05,0.9,0.05,0.005593536357986327,1.6,0.1,31.9,1.1746426351771286,1.1746426351771286,0.05593536357986327,,3.5,1.0,3.1,1.8,0.4,0.7,0.1,7.0,,,,,,,1.0,4.0,
623898,Jonathan Herrera,Sarmiento,202757,ST,ST,arg_a,Liga Profesional Argentina,112,1000000477,2026,35.0,Argentina,175.0,0.641506,1606.0,6.39,1.0,,0.06,,5.4,0.3,1.3,0.08,0.21855541718555418,2.1,0.8,8.6,0.6164383561643836,0.6164383561643836,0.11207970112079702,10.0,0.1,0.4,2.2,0.8,0.3,1.0,,2.0,,,,,,,1.6,4.0,
1477849,Rodrigo Auzmendi,San Lorenzo,10083,ST,ST,arg_a,Liga Profesional Argentina,112,1000000477,2026,25.0,Argentina,191.0,2.226989,1599.0,6.65,6.0,,0.34,,6.2,0.35,0.7,0.04,0.3602251407129456,3.3,1.4,10.5,0.7317073170731707,0.7317073170731707,,14.0,0.3,0.5,2.2,0.6,0.2,1.0,0.5,1.9,,,,,,,1.9,5.0,
830954,Diego Mondino,Gimnasia Mendoza,568727,CB,CB,arg_a,Liga Profesional Argentina,112,1000000477,2026,31.0,Argentina,183.0,0.292734,1597.0,6.89,,,,,0.1,0.01,0.3,0.02,,0.4,,31.8,,,,,4.3,0.2,11.0,1.6,1.6,7.1,0.7,3.5,,,,,,,0.4,5.0,
1435714,Santiago Gabriel Montiel,Independiente,10078,W,"RW,CAM",arg_a,Liga Profesional Argentina,112,1000000477,2026,25.0,Argentina,166.0,2.734476,1588.0,7.06,4.0,5.0,0.23,0.28337531486146095,3.7,0.21,2.8,0.16,0.260705289672544,2.7,1.0,17.5,1.81360201511335,1.81360201511335,0.28337531486146095,3.0,1.9,2.3,2.4,1.3,0.6,0.4,0.1,3.3,,,,,,,0.7,4.0,1.0
1435009,Tomás Bottari,Independiente Rivadavia,161729,DM,"CDM,CM,CB",arg_a,Liga Profesional Argentina,112,1000000477,2026,25.0,Argentina,173.0,1.590684,1587.0,6.86,,,,,0.1,0.01,0.2,0.01,,0.2,,31.3,0.34026465028355385,0.34026465028355385,0.05671077504725898,,1.1,0.3,6.5,3.0,1.2,2.0,0.2,5.4,,,,,,,0.9,2.0,
198056,Leandro Díaz,Atlético Tucumán,161727,ST,ST,arg_a,Liga Profesional Argentina,112,1000000477,2026,34.0,Argentina,182.0,0.473475,1587.0,6.77,7.0,1.0,0.4,0.05671077504725898,7.9,0.45,1.9,0.11,0.45935727788279773,2.4,1.2,11.7,0.7372400756143668,0.7372400756143668,0.11342155009451796,9.0,1.1,0.2,1.6,0.3,0.1,1.0,0.3,2.3,,,,,,,1.8,3.0,
256609,Leandro González Pírez,Estudiantes,10094,CB,CB,arg_a,Liga Profesional Argentina,112,1000000477,2026,34.0,Argentina,185.0,0.413209,1586.0,7.31,2.0,,0.11,,0.5,0.03,0.2,0.01,0.05674653215636822,0.5,0.2,44.7,0.11349306431273644,0.11349306431273644,,,4.8,0.6,9.1,1.1,1.3,6.2,0.5,3.7,,,,,,,1.0,11.0,
622269,Joaquín Laso,Tigre,89396,CB,CB,arg_a,Liga Profesional Argentina,112,1000000477,2026,36.0,Argentina,185.0,0.540497,1586.0,7.3,,,,,0.2,0.01,0.8,0.04,,0.4,,34.6,0.2837326607818411,0.2837326607818411,0.05674653215636822,1.0,5.7,0.1,10.3,1.8,1.2,6.7,0.5,5.4,,,,,,,0.4,4.0,
1372927,Luciano Paredes,Gimnasia Mendoza,568727,FB,RB,arg_a,Liga Profesional Argentina,112,1000000477,2026,24.0,Argentina,188.0,0.66204,1582.0,6.79,1.0,,0.06,,0.6,0.03,1.0,0.06,0.039823008849557515,0.7,0.2,21.5,0.5689001264222503,0.5689001264222503,0.11378002528445007,1.0,1.6,0.9,7.2,1.9,1.3,3.7,0.3,4.6,,,,,,,1.0,2.0,
1086839,Ulises Ortegoza,Racing Club,10080,CM,"CM,CDM,CAM,LM",arg_a,Liga Profesional Argentina,112,1000000477,2026,29.0,Chile,180.0,1.261472,1578.0,6.74,1.0,5.0,0.06,0.28517110266159695,1.7,0.1,1.1,0.06,0.057034220532319393,1.5,0.4,29.9,1.2547528517110267,1.2547528517110267,0.22813688212927757,1.0,1.9,0.7,4.7,2.5,0.6,1.1,0.4,5.1,,,,,,,1.9,5.0,
859319,Sebastián Villa,Boca Juniors,10077,ST,"ST,LW,RW",arg_a,Liga Profesional Argentina,112,1000000477,2026,30.0,Colombia,179.0,4.577884,1578.0,7.34,,6.0,,0.34220532319391633,2.8,0.16,6.6,0.38,0.0741444866920152,2.5,0.7,28.1,3.365019011406844,3.365019011406844,0.7984790874524715,3.0,2.9,2.3,1.5,1.1,0.4,,,4.6,,,,,,,1.1,2.0,
675102,Michael Santos,Central Córdoba de Santiago,213596,ST,ST,arg_a,Liga Profesional Argentina,112,1000000477,2026,33.0,Uruguay,175.0,0.520987,1577.0,6.9,8.0,2.0,0.46,0.11414077362079898,6.2,0.36,1.7,0.1,0.5421686746987951,2.2,0.9,10.7,1.4267596702599874,1.4267596702599874,0.2853519340519975,5.0,0.2,0.5,2.1,0.5,0.2,1.3,0.1,1.7,,,,,,,1.5,1.0,
1336846,Mateo Del Blanco,,10096,FB,,arg_a,Liga Profesional Argentina,112,1000000477,2026,,,,,1577.0,7.58,2.0,2.0,0.11,0.11414077362079898,1.8,0.1,3.6,0.21,0.08560558021559923,2.5,0.6,32.7,2.6823081800887763,2.6823081800887763,0.34242232086239693,1.0,4.6,1.8,4.6,1.4,1.2,1.8,0.2,7.3,,,,,,,1.0,4.0,
647245,Mauro Pittón,,10096,CM,,arg_a,Liga Profesional Argentina,112,1000000477,2026,,,,,1577.0,7.04,,,,,1.2,0.07,0.4,0.02,0.011414077362079899,0.9,0.1,37.4,0.2853519340519975,0.2853519340519975,,2.0,3.4,0.5,4.7,1.5,1.0,1.8,0.3,6.4,,,,,,,0.9,5.0,
860890,José Canale,Lanús,10082,CB,CB,arg_a,Liga Profesional Argentina,112,1000000477,2026,30.0,Paraguay,187.0,1.285404,1575.0,7.06,,,,,0.3,0.02,0.3,0.02,0.0,0.3,0.1,39.2,0.17142857142857143,0.17142857142857143,0.05714285714285714,,3.0,0.2,10.1,1.1,1.2,6.7,1.1,4.2,,,,,,,0.6,2.0,
787440,Lucas Robertone,Vélez Sarsfield,10079,DM,CDM,arg_a,Liga Profesional Argentina,112,1000000477,2026,29.0,Argentina,175.0,1.423074,1573.0,7.06,1.0,1.0,0.06,0.05721551176096631,0.9,0.05,2.3,0.13,0.028607755880483154,1.7,0.4,43.3,1.0298792116973936,1.0298792116973936,0.22886204704386523,,3.3,0.3,6.9,2.3,2.0,1.9,0.6,6.4,,,,,,,2.0,6.0,1.0
1037535,Hernán López,Argentinos Juniors,10086,W,"RW,CAM,CM,RM,LW,ST",arg_a,Liga Profesional Argentina,112,1000000477,2026,26.0,Argentina,169.0,2.466285,1573.0,6.91,4.0,3.0,0.23,0.17164653528289892,5.0,0.29,2.9,0.17,0.2574698029243484,2.8,1.1,20.7,1.3731722822631913,1.3731722822631913,0.34329307056579783,3.0,1.5,1.4,2.6,1.8,0.5,0.3,,3.7,,,,,,,1.3,1.0,1.0
787284,Enzo Copetti,Rosario Central,10084,ST,"ST,LW",arg_a,Liga Profesional Argentina,112,1000000477,2026,30.0,Argentina,180.0,1.857457,1557.0,6.8,5.0,1.0,0.29,0.057803468208092484,8.0,0.46,0.8,0.04,0.2832369942196532,2.3,0.9,13.8,1.0404624277456647,1.0404624277456647,0.11560693641618497,12.0,1.0,0.4,2.5,1.0,0.4,1.0,0.1,2.1,,,,,,,1.4,4.0,
1640274,Clever Ferreira,Atlético Tucumán,161727,CB,CB,arg_a,Liga Profesional Argentina,112,1000000477,2026,23.0,Paraguay,,,1553.0,7.43,3.0,1.0,0.17,0.05795235028976175,1.7,0.1,0.7,0.04,0.133290405666452,1.3,0.4,21.7,0.34771410173857054,0.34771410173857054,0.1159047005795235,1.0,3.1,0.3,11.2,1.2,1.4,7.6,1.0,3.0,,,,,,,0.6,4.0,
731939,Fermín Antonini,Gimnasia Mendoza,568727,CM,"CM,CDM",arg_a,Liga Profesional Argentina,112,1000000477,2026,29.0,Argentina,179.0,0.276974,1552.0,6.73,,2.0,,0.11597938144329897,0.6,0.04,0.3,0.02,0.040592783505154634,0.6,0.2,26.7,0.6378865979381443,0.6378865979381443,,,1.4,0.2,6.2,2.8,1.1,1.9,0.4,4.2,,,,,,,2.3,6.0,
1276036,Franco Zapiola,Club Atlético Platense,10089,W,"LW,CAM,CM,LM",arg_a,Liga Profesional Argentina,112,1000000477,2026,25.0,Argentina,173.0,1.441192,1551.0,6.95,3.0,2.0,0.17,0.11605415860735009,2.4,0.14,3.5,0.2,0.16827852998065765,2.6,1.0,28.9,2.495164410058027,2.495164410058027,0.40618955512572535,1.0,2.6,1.6,1.9,0.9,0.9,0.1,0.1,5.1,,,,,,,0.9,3.0,
1201768,Eric Meza,Estudiantes,10094,FB,RB,arg_a,Liga Profesional Argentina,112,1000000477,2026,27.0,Argentina,175.0,1.828578,1546.0,7.05,,2.0,,0.11642949547218628,1.7,0.1,1.6,0.09,0.10478654592496765,1.3,0.5,22.1,1.0478654592496766,1.0478654592496766,0.11642949547218628,3.0,2.0,1.2,4.9,2.2,0.6,1.8,0.3,4.2,,,,,,,1.3,6.0,
566676,Nicolás Fernández,Belgrano,10092,ST,ST,arg_a,Liga Profesional Argentina,112,1000000477,2026,30.0,Argentina,166.0,2.12741,1539.0,6.75,6.0,5.0,0.35,0.29239766081871343,9.0,0.53,1.0,0.06,0.5614035087719298,3.7,1.6,18.4,0.935672514619883,0.935672514619883,0.05847953216374269,10.0,1.1,0.5,1.3,1.1,0.1,0.1,,2.1,,,,,,,0.7,2.0,
1344726,Tomás Palacios,Estudiantes,10094,CB,"CB,LB",arg_a,Liga Profesional Argentina,112,1000000477,2026,23.0,Argentina,196.0,7.006267,1539.0,7.32,1.0,,0.06,,1.4,0.08,0.5,0.03,0.05847953216374269,0.6,0.1,48.6,0.4093567251461988,0.4093567251461988,,1.0,3.7,1.2,8.2,1.6,1.3,4.7,0.5,5.1,,,,,,,0.7,6.0,1.0
450769,Federico Álvarez,Tigre,89396,FB,LB,arg_a,Liga Profesional Argentina,112,1000000477,2026,32.0,Argentina,183.0,0.577109,1536.0,7.31,,1.0,,0.05859375,0.8,0.05,0.6,0.03,0.005859375,1.0,0.1,22.6,0.64453125,0.64453125,,,2.5,0.8,8.2,2.2,1.9,4.0,0.2,4.8,,,,,,,0.7,2.0,
561187,Marcos Acuña,River Plate,10076,FB,LB,arg_a,Liga Profesional Argentina,112,1000000477,2026,34.0,Argentina,172.0,0.928452,1534.0,7.36,1.0,1.0,0.06,0.05867014341590613,0.5,0.03,2.8,0.16,0.04106910039113428,0.9,0.2,54.6,1.5254237288135593,1.5254237288135593,0.29335071707953064,,4.9,0.9,4.9,2.2,1.0,1.7,,6.6,,,,,,,0.8,8.0,
1243610,Fernando Martínez,Central Córdoba de Santiago,213596,W,"RM,RW,RB,LB",arg_a,Liga Profesional Argentina,112,1000000477,2026,26.0,Argentina,173.0,0.362791,1531.0,6.68,1.0,2.0,0.06,0.11757021554539517,0.4,0.02,1.4,0.08,0.005878510777269758,0.7,0.2,21.9,0.7642064010450685,0.7642064010450685,0.17635532331809275,,0.9,1.0,5.9,2.8,0.8,1.9,0.4,5.3,,,,,,,1.1,4.0,
1605853,Pablo Monje,Deportivo Riestra,298629,CM,CM,arg_a,Liga Profesional Argentina,112,1000000477,2026,29.0,Argentina,171.0,0.641576,1531.0,6.71,,,,,0.1,0.01,2.5,0.15,,0.3,,17.0,1.4696276943174396,1.4696276943174396,0.29392553886348793,,1.5,0.2,4.7,1.7,1.3,1.7,,4.4,,,,,,,0.9,1.0,
356438,Axel Werner,Rosario Central,10084,GK,GK,arg_a,Liga Profesional Argentina,112,1000000477,2026,30.0,Argentina,192.0,0.456259,1530.0,6.99,,,,,,,0.0,0.0,,,,15.1,,,,,,,0.5,,,0.5,,7.1,,6.0,73.5,2.9,0.09411764705882353,1.1,,3.0,
322966,Guido Herrera,,10101,GK,,arg_a,Liga Profesional Argentina,112,1000000477,2026,,,,,1530.0,7.14,,,,,,,0.0,0.0,,,,20.0,0.058823529411764705,0.058823529411764705,,,,,1.4,0.1,,1.4,,8.8,,6.0,77.4,2.8,0.18235294117647058,0.8,,1.0,1.0
167569,Víctor Cuesta,Club Atlético Platense,10089,CB,CB,arg_a,Liga Profesional Argentina,112,1000000477,2026,37.0,Argentina,187.0,0.398832,1530.0,7.07,,,,,0.6,0.03,0.1,0.01,0.04117647058823529,0.5,0.1,31.9,0.058823529411764705,0.058823529411764705,,1.0,1.9,0.2,11.6,1.5,2.4,7.1,0.6,2.8,,,,,,,0.8,6.0,
826418,Miguel Merentiel,Boca Juniors,10077,ST,ST,arg_a,Liga Profesional Argentina,112,1000000477,2026,30.0,Uruguay,176.0,2.65379,1522.0,6.99,8.0,2.0,0.47,0.11826544021024968,10.0,0.59,3.2,0.19,0.4671484888304862,2.8,1.2,17.7,1.419185282522996,1.419185282522996,0.354796320630749,15.0,0.6,0.5,0.5,0.3,0.1,0.1,,2.1,,,,,,,0.3,1.0,
917619,Gastón Lodico,Racing Club,10080,CM,"CM,CDM,RM",arg_a,Liga Profesional Argentina,112,1000000477,2026,28.0,Argentina,173.0,2.291409,1522.0,7.29,,2.0,,0.11826544021024968,1.7,0.1,4.5,0.27,0.017739816031537452,0.9,0.3,48.8,3.193166885676741,3.193166885676741,0.354796320630749,3.0,4.1,0.8,3.2,1.5,0.7,0.8,0.2,5.3,,,,,,,0.5,1.0,
1315102,Santiago Núñez,Estudiantes,10094,CB,CB,arg_a,Liga Profesional Argentina,112,1000000477,2026,26.0,Argentina,186.0,1.758464,1516.0,7.23,1.0,1.0,0.06,0.059366754617414245,1.3,0.08,1.2,0.07,0.13060686015831136,1.2,0.4,45.2,0.3562005277044855,0.3562005277044855,0.17810026385224276,2.0,3.4,0.1,12.1,1.5,1.5,8.1,1.0,3.6,,,,,,,1.1,4.0,1.0
1437367,Santiago Fernández,Talleres,10101,CB,CB,arg_a,Liga Profesional Argentina,112,1000000477,2026,21.0,Argentina,181.0,4.879357,1511.0,6.88,1.0,,0.06,,0.4,0.02,0.1,0.01,0.053606882859033755,0.4,0.2,41.6,0.11912640635340833,0.11912640635340833,0.05956320317670417,,3.2,0.3,9.8,1.5,1.1,6.3,1.0,3.2,,,,,,,0.8,2.0,
954660,Matías Pellegrini,Vélez Sarsfield,10079,W,"RW,LW",arg_a,Liga Profesional Argentina,112,1000000477,2026,26.0,Argentina,180.0,1.019691,1508.0,7.22,3.0,5.0,0.18,0.2984084880636605,3.9,0.23,2.6,0.15,0.17904509283819628,1.8,0.7,24.6,1.6710875331564987,1.6710875331564987,0.5371352785145889,5.0,1.0,1.3,3.9,2.3,0.5,1.0,0.2,4.4,,,,,,,1.8,7.0,
847979,Marcelo Torres,Gimnasia LP,10103,ST,ST,arg_a,Liga Profesional Argentina,112,1000000477,2026,28.0,Argentina,180.0,1.726311,1507.0,6.78,7.0,2.0,0.42,0.11944260119442601,7.2,0.43,0.9,0.06,0.5315195753151958,1.6,0.9,14.0,0.7166556071665561,0.7166556071665561,0.17916390179163902,6.0,0.5,0.3,0.9,0.4,0.2,0.2,,1.8,,,,,,,1.3,1.0,
793799,Augusto Max,Gimnasia LP,10103,DM,"CDM,CM,CB",arg_a,Liga Profesional Argentina,112,1000000477,2026,34.0,Argentina,168.0,0.349897,1502.0,6.87,,1.0,,0.05992010652463382,0.2,0.01,0.3,0.02,0.0,0.2,0.1,30.5,0.11984021304926765,0.11984021304926765,0.05992010652463382,,1.7,0.7,7.3,3.5,1.2,2.0,0.6,5.3,,,,,,,1.4,8.0,
1213003,Rodrigo Herrera,Newell's Old Boys,10201,DM,"CDM,CM",arg_a,Liga Profesional Argentina,112,1000000477,2026,26.0,Argentina,,1.316648,1500.0,6.66,,,,,0.8,0.05,0.7,0.04,0.018,0.8,0.1,22.0,0.66,0.66,0.06,2.0,1.8,0.5,6.3,2.8,1.0,2.4,0.1,5.5,,,,,,,2.5,3.0,
1216361,Lucas Souto,Defensa y Justicia,161730,CB,"CB,RB,RM",arg_a,Liga Profesional Argentina,112,1000000477,2026,27.0,Argentina,,0.426534,1499.0,6.88,1.0,,0.06,,1.1,0.07,0.4,0.02,0.0780520346897932,0.4,0.1,31.3,0.06004002668445631,0.06004002668445631,,1.0,1.2,0.5,10.1,1.1,2.3,6.6,0.1,3.3,,,,,,,1.1,1.0,1.0
615788,Mauricio Martínez,Sarmiento,202757,CM,"CM,CDM",arg_a,Liga Profesional Argentina,112,1000000477,2026,33.0,Argentina,186.0,0.334091,1490.0,7.02,2.0,,0.12,,0.9,0.06,0.7,0.04,0.05436241610738255,1.7,0.4,30.7,0.7248322147651006,0.7248322147651006,0.12080536912751678,2.0,4.3,1.0,4.9,1.8,0.9,1.8,0.4,5.6,,,,,,,0.4,5.0,
1520633,Valentín Moreno,Tigre,89396,FB,RB,arg_a,Liga Profesional Argentina,112,1000000477,2026,23.0,Argentina,172.0,1.127885,1482.0,7.06,,1.0,,0.06072874493927125,0.3,0.02,1.4,0.09,0.024291497975708502,0.5,0.2,17.4,0.9109311740890689,0.9109311740890689,0.1214574898785425,1.0,1.5,0.2,7.3,2.5,1.3,3.3,0.2,3.5,,,,,,,0.9,5.0,
1517524,Rafael Profini,,10096,CM,,arg_a,Liga Profesional Argentina,112,1000000477,2026,,,,,1479.0,7.28,1.0,5.0,0.06,0.30425963488843816,0.9,0.05,1.6,0.1,0.09127789046653144,0.8,0.2,34.2,1.5821501014198782,1.5821501014198782,0.12170385395537525,1.0,2.9,0.9,3.2,1.4,0.7,0.9,0.2,5.7,,,,,,,0.9,1.0,
1521000,Nicolás Barros Schelotto,Gimnasia LP,10103,DM,"CDM,CAM,CM,LM",arg_a,Liga Profesional Argentina,112,1000000477,2026,20.0,Argentina,,3.702646,1468.0,7.21,4.0,3.0,0.25,0.18392370572207084,0.8,0.05,3.3,0.2,0.07970027247956403,1.3,0.6,37.0,2.20708446866485,2.20708446866485,0.42915531335149865,,3.6,0.4,4.3,2.2,0.9,1.1,0.1,4.0,,,,,,,1.3,5.0,1.0
543317,Franco Cristaldo,Talleres,10101,AM,"CAM,RW",arg_a,Liga Profesional Argentina,112,1000000477,2026,30.0,Argentina,175.0,1.765375,1459.0,6.9,1.0,2.0,0.06,0.12337217272104181,1.4,0.09,2.3,0.14,0.08636052090472926,0.9,0.3,30.6,2.4674434544208363,2.4674434544208363,0.12337217272104181,,1.4,0.6,2.3,1.2,0.2,0.7,0.1,4.1,,,,,,,0.9,1.0,
1778729,Tiziano Perrotta,Defensa y Justicia,161730,ST,ST,arg_a,Liga Profesional Argentina,112,1000000477,2026,19.0,Argentina,,2.488557,1454.0,6.78,6.0,1.0,0.37,0.061898211829436035,4.4,0.27,2.1,0.13,0.24140302613480055,2.5,0.9,14.8,1.1760660247592847,1.1760660247592847,0.1856946354883081,4.0,0.4,0.7,2.5,1.2,0.2,0.9,0.2,2.9,,,,,,,1.0,1.0,
267894,Guido Carrillo,Estudiantes,10094,ST,ST,arg_a,Liga Profesional Argentina,112,1000000477,2026,35.0,Argentina,187.0,0.48853,1440.0,6.86,3.0,2.0,0.19,0.125,6.7,0.42,1.5,0.09,0.4125,3.6,1.6,14.1,1.375,1.375,0.1875,16.0,0.5,0.3,2.0,0.4,0.2,1.4,0.1,1.4,,,,,,,1.1,,
1268082,Matías Recalde,Gimnasia Mendoza,568727,FB,LB,arg_a,Liga Profesional Argentina,112,1000000477,2026,29.0,Argentina,,,1440.0,6.93,,,,,0.4,0.02,0.5,0.03,0.00625,0.7,0.3,33.9,0.6875,0.6875,0.125,1.0,2.6,0.5,7.4,2.8,1.8,2.7,0.2,5.8,,,,,,,1.2,3.0,
864978,Enzo Giménez,,10084,W,,arg_a,Liga Profesional Argentina,112,1000000477,2026,,,,,1440.0,7.11,1.0,1.0,0.06,0.0625,2.7,0.17,2.2,0.14,0.05625,1.3,0.4,30.9,0.9375,0.9375,0.3125,6.0,1.3,0.6,5.4,2.0,1.1,2.1,0.3,4.0,,,,,,,1.7,5.0,
1195101,Cristopher Fiermarín,,161730,GK,,arg_a,Liga Profesional Argentina,112,1000000477,2026,,,,,1440.0,6.84,,,,,,,0.0,0.0,,,,16.6,,,,,,,0.8,0.1,,0.8,,9.0,,5.0,65.6,2.5,0.075,1.3,,,
262597,Javier Burrai,,202757,GK,,arg_a,Liga Profesional Argentina,112,1000000477,2026,,,,,1440.0,7.06,,,,,,,0.0,0.0,,,,17.3,,,,,,,0.8,,,0.8,,8.9,,5.0,77.3,4.3,0.08125,1.3,,3.0,
1643843,Josué Reinatti,Newell's Old Boys,10201,GK,GK,arg_a,Liga Profesional Argentina,112,1000000477,2026,23.0,Argentina,186.0,1.183784,1440.0,7.33,,,,,,,0.0,0.0,,,,17.8,,,,,,0.1,0.9,,,0.9,,7.8,,6.0,79.7,3.2,0.325,0.8,,,
847982,Manuel Roffo,,10090,GK,,arg_a,Liga Profesional Argentina,112,1000000477,2026,,,,,1440.0,6.79,,,,,,,0.0,0.0,,,,13.4,,,,,,,0.8,,,0.8,,9.1,,4.0,67.9,2.3,-0.0125,1.1,,1.0,
1029192,Rodrigo González,Aldosivi,161728,FB,"RB,RM,RWB",arg_a,Liga Profesional Argentina,112,1000000477,2026,26.0,Argentina,175.0,0.333949,1435.0,6.86,,1.0,,0.0627177700348432,0.5,0.03,1.2,0.08,0.012543554006968641,0.6,0.2,14.9,1.1289198606271778,1.1289198606271778,0.0627177700348432,,1.8,1.4,6.5,2.4,0.8,2.6,0.7,6.1,,,,,,,1.8,6.0,
1478196,Mathías de Ritis,San Lorenzo,10083,FB,"LB,LWB,LW",arg_a,Liga Profesional Argentina,112,1000000477,2026,23.0,Uruguay,183.0,1.079629,1432.0,6.93,,2.0,,0.12569832402234637,0.1,0.01,1.2,0.07,0.006284916201117319,0.4,0.1,19.7,0.8798882681564246,0.8798882681564246,0.18854748603351956,,1.8,0.7,9.1,2.3,1.7,4.9,0.1,4.3,,,,,,,1.2,6.0,
1695062,Máximo Palazzo,Huracán,10081,CB,"CB,LB",arg_a,Liga Profesional Argentina,112,1000000477,2026,21.0,Argentina,183.0,1.145672,1424.0,6.89,,,,,0.1,0.01,0.3,0.02,0.006320224719101123,0.3,0.1,42.2,0.44241573033707865,0.44241573033707865,0.06320224719101124,1.0,2.7,0.4,7.3,1.2,0.7,4.7,0.6,3.5,,,,,,,0.9,3.0,
1390351,Jhon Córdoba,Instituto,10090,AM,"CAM,RW,ST",arg_a,Liga Profesional Argentina,112,1000000477,2026,26.0,Colombia,,1.115625,1423.0,6.62,1.0,,0.06,,2.5,0.16,1.8,0.11,0.11384399156711174,1.5,0.6,9.4,0.8854532677442024,0.8854532677442024,0.25298664792691494,,0.2,0.3,3.5,2.1,0.4,0.9,0.1,3.9,,,,,,,2.2,3.0,
1732714,Alcides Benítez,Belgrano,10092,FB,"RB,RW,RWB",arg_a,Liga Profesional Argentina,112,1000000477,2026,24.0,Paraguay,168.0,1.763264,1422.0,6.86,,,,,1.0,0.06,0.8,0.05,0.044303797468354424,0.6,0.1,22.7,0.4430379746835443,0.4430379746835443,,2.0,1.7,0.9,7.8,3.5,1.5,2.8,0.1,4.2,,,,,,,1.3,7.0,
971264,Facundo Bruera,Barracas Central,213534,ST,ST,arg_a,Liga Profesional Argentina,112,1000000477,2026,28.0,Argentina,194.0,1.598904,1421.0,6.29,1.0,1.0,0.06,0.0633356790992259,2.9,0.18,1.0,0.07,0.1203377902885292,2.3,0.9,11.1,1.3933849401829697,1.3933849401829697,0.1266713581984518,4.0,0.3,0.4,2.3,0.8,0.1,1.2,0.1,2.1,,,,,,,2.6,7.0,
529109,Gastón Suso,Atlético Tucumán,161727,CB,CB,arg_a,Liga Profesional Argentina,112,1000000477,2026,35.0,Argentina,190.0,0.625709,1418.0,6.74,,,,,0.4,0.02,0.1,0.01,0.0,0.4,0.1,21.1,0.06346967559943582,0.06346967559943582,,1.0,2.8,0.1,8.4,1.3,1.3,5.1,0.8,1.8,,,,,,,0.7,2.0,
800716,Emmanuel Ojeda,Huracán,10081,DM,"CDM,CM",arg_a,Liga Profesional Argentina,112,1000000477,2026,28.0,Argentina,180.0,0.603868,1415.0,6.91,,2.0,,0.127208480565371,0.6,0.04,0.8,0.05,0.025441696113074206,0.5,0.1,36.4,1.2084805653710247,1.2084805653710247,0.127208480565371,,2.5,0.3,5.0,2.2,0.7,1.6,0.5,4.8,,,,,,,0.6,2.0,
837870,Jáminton Campaz,Rosario Central,10084,W,"LW,CAM",arg_a,Liga Profesional Argentina,112,1000000477,2026,26.0,Colombia,166.0,2.77759,1414.0,7.34,3.0,4.0,0.19,0.2545968882602546,3.4,0.21,5.0,0.32,0.19731258840169733,3.5,1.5,23.3,2.4186704384724185,2.4186704384724185,0.5091937765205092,4.0,1.0,2.7,2.0,1.7,0.2,0.2,,4.1,,,,,,,1.1,,
1213769,Ayrton Costa,Boca Juniors,10077,CB,CB,arg_a,Liga Profesional Argentina,112,1000000477,2026,27.0,Argentina,179.0,5.475883,1410.0,7.16,,,,,0.7,0.04,0.1,0.01,,0.4,,46.0,0.3191489361702128,0.3191489361702128,,,1.5,0.3,10.1,1.7,2.0,6.3,0.1,4.1,,,,,,,0.8,5.0,
1661711,Lautaro Godoy,Atlético Tucumán,161727,AM,"CAM,CDM",arg_a,Liga Profesional Argentina,112,1000000477,2026,23.0,Argentina,169.0,0.661616,1405.0,7.04,1.0,2.0,0.06,0.12811387900355872,1.2,0.08,2.1,0.14,0.10249110320284698,2.2,0.7,31.1,1.4733096085409252,1.4733096085409252,0.25622775800711745,1.0,1.5,2.4,4.4,2.2,1.5,0.4,0.2,8.8,,,,,,,1.5,1.0,1.0
1200743,Juan Sforza,Talleres,10101,DM,"CDM,CM",arg_a,Liga Profesional Argentina,112,1000000477,2026,24.0,Argentina,179.0,1.31196,1405.0,6.97,,,,,0.8,0.05,1.0,0.06,0.006405693950177936,0.7,0.1,52.5,0.7046263345195729,0.7046263345195729,0.12811387900355872,1.0,3.3,0.3,5.7,2.4,1.3,1.7,0.3,5.4,,,,,,,1.2,6.0,
1277904,Bruno Leyes,Tigre,89396,CM,"CM,CDM",arg_a,Liga Profesional Argentina,112,1000000477,2026,24.0,Argentina,173.0,1.606005,1403.0,7.02,,,,,0.3,0.02,0.5,0.03,,0.6,,35.9,0.5131860299358517,0.5131860299358517,,,2.5,0.4,6.9,2.4,2.1,2.2,0.2,6.6,,,,,,,2.1,5.0,
1139354,Renzo Orihuela,Sarmiento,202757,CB,CB,arg_a,Liga Profesional Argentina,112,1000000477,2026,25.0,Uruguay,183.0,0.543931,1395.0,6.68,1.0,,0.06,,0.9,0.06,0.1,0.01,0.04516129032258064,0.5,0.3,19.9,0.1935483870967742,0.1935483870967742,,,2.5,0.1,9.9,1.8,1.5,6.0,0.6,2.1,,,,,,,1.3,2.0,
1609268,Kevin Jappert,Barracas Central,213534,CB,CB,arg_a,Liga Profesional Argentina,112,1000000477,2026,22.0,Argentina,,1.772258,1388.0,7.37,1.0,,0.06,,0.7,0.05,0.3,0.02,0.08429394812680115,0.8,0.3,26.2,0.25936599423631124,0.25936599423631124,0.06484149855907781,,2.5,0.6,11.7,2.5,2.4,6.7,0.1,5.9,,,,,,,1.0,2.0,
115671,Fernando Tobio,Barracas Central,213534,CB,CB,arg_a,Liga Profesional Argentina,112,1000000477,2026,36.0,Argentina,190.0,0.529641,1382.0,6.86,2.0,,0.13,,1.0,0.07,0.1,0.0,0.13024602026049203,0.4,0.2,17.3,0.13024602026049203,0.13024602026049203,,1.0,2.5,0.1,8.3,1.2,0.7,6.2,0.3,2.1,,,,,,,0.2,1.0,
1256244,Felipe Peña Biafore,Lanús,10082,DM,"CDM,CM",arg_a,Liga Profesional Argentina,112,1000000477,2026,25.0,Argentina,185.0,1.427249,1374.0,6.97,3.0,,0.2,,2.5,0.16,0.9,0.06,0.1965065502183406,1.4,0.5,45.0,0.5240174672489083,0.5240174672489083,0.06550218340611354,5.0,2.8,0.2,6.1,2.3,1.6,1.8,0.5,5.9,,,,,,,0.9,2.0,
892697,Maximiliano Villa,Atlético Tucumán,161727,FB,"RB,LB",arg_a,Liga Profesional Argentina,112,1000000477,2026,29.0,Uruguay,183.0,0.472771,1370.0,6.95,2.0,1.0,0.13,0.06569343065693431,1.5,0.1,1.1,0.07,0.09197080291970802,0.7,0.3,24.0,0.8540145985401459,0.8540145985401459,0.13138686131386862,1.0,2.7,0.1,5.8,1.5,2.0,1.9,0.3,3.6,,,,,,,1.4,4.0,
1477837,Jerónimo Russo,Newell's Old Boys,10201,FB,LB,arg_a,Liga Profesional Argentina,112,1000000477,2026,21.0,Argentina,,1.236948,1366.0,7.13,1.0,2.0,0.07,0.13177159590043924,0.4,0.03,2.0,0.13,0.09224011713030746,0.7,0.2,24.8,0.7906295754026355,0.7906295754026355,0.2635431918008785,1.0,2.6,1.4,6.7,2.6,1.7,2.1,0.3,7.2,,,,,,,1.0,3.0,1.0
161035,Marcos Rojo,Racing Club,10080,CB,CB,arg_a,Liga Profesional Argentina,112,1000000477,2026,36.0,Argentina,186.0,0.387757,1361.0,6.95,1.0,1.0,0.07,0.06612784717119764,0.9,0.06,0.6,0.04,0.05290227773695812,0.7,0.1,50.7,0.5951506245407788,0.5951506245407788,0.06612784717119764,,5.6,0.3,8.9,1.5,1.5,5.6,0.4,3.0,,,,,,,0.7,5.0,1.0
1209398,Marco Di Césare,Racing Club,10080,CB,CB,arg_a,Liga Profesional Argentina,112,1000000477,2026,24.0,Argentina,186.0,6.412964,1359.0,7.08,2.0,,0.13,,1.0,0.07,0.3,0.02,0.09271523178807946,0.7,0.2,38.6,0.26490066225165565,0.26490066225165565,,,3.8,0.3,11.0,1.7,1.7,6.9,0.7,3.8,,,,,,,1.3,6.0,2.0
510698,Sebastián Driussi,River Plate,10076,ST,ST,arg_a,Liga Profesional Argentina,112,1000000477,2026,30.0,Argentina,179.0,2.720053,1355.0,7.07,6.0,,0.4,,6.0,0.4,1.8,0.12,0.44501845018450187,2.8,1.1,24.2,0.996309963099631,0.996309963099631,0.13284132841328414,9.0,0.7,0.5,1.9,0.8,0.3,0.8,,3.6,,,,,,,0.9,,
469007,Ramiro Carrera,Lanús,10082,W,"LW,ST,CAM,CDM",arg_a,Liga Profesional Argentina,112,1000000477,2026,32.0,Argentina,182.0,0.723816,1350.0,6.9,2.0,4.0,0.13,0.26666666666666666,2.5,0.17,1.7,0.11,0.18666666666666665,2.7,0.7,20.5,1.2,1.2,0.26666666666666666,2.0,1.2,0.5,3.5,1.8,0.5,0.7,0.5,3.6,,,,,,,1.7,9.0,1.0
1186693,Aarón Molinas,Defensa y Justicia,161730,DM,"CDM,CM,CAM",arg_a,Liga Profesional Argentina,112,1000000477,2026,26.0,Argentina,175.0,2.46112,1348.0,7.66,3.0,4.0,0.2,0.26706231454005935,3.2,0.21,2.7,0.18,0.2403560830860534,1.3,0.5,51.3,2.06973293768546,2.06973293768546,0.26706231454005935,1.0,4.9,0.7,3.3,1.3,0.7,1.1,0.1,6.9,,,,,,,0.4,3.0,
1133142,Jhohan Romaña,,10083,CB,,arg_a,Liga Profesional Argentina,112,1000000477,2026,,,,,1335.0,6.99,,,,,0.3,0.02,0.1,0.0,,0.3,,28.4,0.06741573033707865,0.06741573033707865,,,1.4,0.1,9.7,1.4,1.3,6.4,0.5,3.9,,,,,,,0.7,4.0,
1504098,Julián Contrera,Sarmiento,202757,W,"RM,RW,CM",arg_a,Liga Profesional Argentina,112,1000000477,2026,23.0,Argentina,167.0,0.979477,1329.0,6.48,,3.0,,0.20316027088036118,1.1,0.08,2.9,0.2,0.040632054176072234,1.1,0.4,12.5,1.8284424379232507,1.8284424379232507,0.40632054176072235,1.0,0.9,0.9,3.3,1.7,0.6,0.9,0.1,4.3,,,,,,,2.9,8.0,
1710298,Luciano Vallejo,Atlético Tucumán,161727,CB,"CB,LB",arg_a,Liga Profesional Argentina,112,1000000477,2026,22.0,Argentina,,0.498398,1329.0,6.86,1.0,,0.07,,0.5,0.03,0.1,0.01,0.020316027088036117,0.4,0.1,21.0,0.13544018058690746,0.13544018058690746,,,1.9,0.1,10.4,2.0,0.8,6.8,0.7,2.2,,,,,,,0.7,1.0,1.0
688827,Tomás Conechny,Racing Club,10080,W,"LW,ST,LM,RW",arg_a,Liga Profesional Argentina,112,1000000477,2026,28.0,Argentina,176.0,1.79046,1327.0,6.66,4.0,2.0,0.27,0.1356443104747551,3.6,0.25,2.1,0.14,0.2509419743782969,1.6,0.5,21.1,1.492087415222306,1.492087415222306,0.33911077618688773,2.0,0.3,0.1,3.7,1.7,0.7,1.2,0.1,3.6,,,,,,,1.8,2.0,
1086733,Sebastián Valdéz,Independiente,10078,CB,CB,arg_a,Liga Profesional Argentina,112,1000000477,2026,30.0,Argentina,,1.173117,1326.0,6.99,,,,,0.7,0.04,0.2,0.01,0.013574660633484163,0.5,0.1,35.5,0.20361990950226244,0.20361990950226244,,2.0,1.8,0.2,11.8,1.8,1.5,8.1,0.3,4.8,,,,,,,0.7,1.0,1.0
528063,Lucas Suárez,Sarmiento,202757,FB,"LB,CB",arg_a,Liga Profesional Argentina,112,1000000477,2026,31.0,Argentina,184.0,0.316305,1319.0,6.61,1.0,,0.07,,0.5,0.03,0.7,0.05,0.04776345716451857,0.6,0.3,16.1,0.6141015921152388,0.6141015921152388,0.2047005307050796,,2.1,0.5,8.9,2.5,1.4,4.6,0.4,3.1,,,,,,,1.3,3.0,
1314171,Gonzalo Ríos,Independiente Rivadavia,161729,CM,"CM,CDM,RW,RM,CAM",arg_a,Liga Profesional Argentina,112,1000000477,2026,27.0,Argentina,172.0,1.282108,1314.0,6.64,3.0,3.0,0.21,0.2054794520547945,1.1,0.08,1.6,0.11,0.0958904109589041,1.4,0.6,22.7,1.5068493150684932,1.5068493150684932,0.410958904109589,,2.1,1.2,2.5,1.1,0.8,0.7,,5.0,,,,,,,1.2,2.0,
1242942,Nacho Pais,Banfield,10087,CM,"CM,RM,CDM",arg_a,Liga Profesional Argentina,112,1000000477,2026,26.0,Argentina,175.0,,1314.0,6.71,,,,,0.8,0.06,0.5,0.03,0.06164383561643835,1.2,0.3,28.6,0.684931506849315,0.684931506849315,,,2.7,0.4,7.3,3.6,1.4,1.6,0.6,6.4,,,,,,,2.4,3.0,
1231183,Juan Antonini,Estudiantes de Río Cuarto,213591,CB,"CB,RB",arg_a,Liga Profesional Argentina,112,1000000477,2026,27.0,Argentina,,0.301878,1313.0,6.52,,,,,0.3,0.02,0.2,0.02,0.03427265803503427,0.5,0.1,20.8,0.3427265803503427,0.3427265803503427,,1.0,2.2,0.1,9.8,1.6,2.3,5.5,0.4,2.8,,,,,,,0.5,1.0,1.0
1339423,Juan Bisanz,Huracán,10081,ST,"ST,RW,LW",arg_a,Liga Profesional Argentina,112,1000000477,2026,25.0,Argentina,180.0,1.24057,1309.0,6.68,2.0,2.0,0.14,0.13750954927425516,4.1,0.28,1.0,0.07,0.2131398013750955,2.9,1.0,13.1,1.1000763941940412,1.1000763941940412,0.20626432391138275,4.0,0.3,1.2,2.3,0.9,0.5,0.8,0.1,3.8,,,,,,,1.7,3.0,
949735,Facundo Colidio,,10076,W,,arg_a,Liga Profesional Argentina,112,1000000477,2026,,,,,1294.0,6.93,5.0,3.0,0.35,0.20865533230293662,6.0,0.42,1.7,0.12,0.3408037094281299,2.2,1.0,19.2,1.669242658423493,1.669242658423493,0.1391035548686244,2.0,0.9,0.9,1.5,0.8,0.2,0.4,0.1,3.3,,,,,,,1.3,2.0,1.0
430682,Sergio Ojeda,Estudiantes de Río Cuarto,213591,CB,CB,arg_a,Liga Profesional Argentina,112,1000000477,2026,34.0,Argentina,183.0,0.167954,1294.0,6.71,1.0,,0.07,,0.4,0.03,0.2,0.01,0.04868624420401854,0.2,0.1,24.0,0.0695517774343122,0.0695517774343122,,,3.2,0.3,8.9,1.5,1.0,5.6,0.7,2.4,,,,,,,0.7,4.0,
1057439,Nicolás Retamar,Club Atlético Platense,10089,AM,"CAM,LW,RW,ST",arg_a,Liga Profesional Argentina,112,1000000477,2026,27.0,Argentina,,0.747488,1293.0,6.82,3.0,2.0,0.21,0.13921113689095127,4.1,0.29,2.4,0.16,0.2505800464037123,2.0,0.7,19.6,1.322505800464037,1.322505800464037,0.06960556844547564,2.0,0.9,0.9,2.9,1.0,0.6,1.0,0.2,4.8,,,,,,,0.7,,
805540,Gabriel Rojas,,10080,FB,,arg_a,Liga Profesional Argentina,112,1000000477,2026,,,,,1290.0,,1.0,4.0,0.07,0.27906976744186046,0.3,0.02,3.3,,0.020930232558139535,0.5,0.2,,1.9534883720930232,1.9534883720930232,0.4186046511627907,,1.9,0.9,,,1.3,,0.3,,,,,,,,0.8,3.0,
1200663,Pedro Ramírez,Deportivo Riestra,298629,FB,"LWB,RWB,LM",arg_a,Liga Profesional Argentina,112,1000000477,2026,26.0,Argentina,174.0,1.18938,1286.0,6.79,1.0,,0.07,,1.3,0.09,0.9,0.06,0.05598755832037325,1.3,0.2,13.1,0.7698289269051322,0.7698289269051322,,1.0,1.8,1.0,6.0,2.3,1.0,2.4,0.2,5.9,,,,,,,1.3,3.0,
902983,Yonatan Goitía,Deportivo Riestra,298629,CM,"CM,LM,RWB,CDM",arg_a,Liga Profesional Argentina,112,1000000477,2026,32.0,Argentina,176.0,0.395171,1283.0,6.62,,1.0,,0.0701480904130943,0.6,0.04,0.7,0.05,0.04910366328916601,1.4,0.1,14.0,0.21044427123928294,0.21044427123928294,0.0701480904130943,,1.3,0.3,5.8,2.3,1.3,1.9,0.2,4.1,,,,,,,2.5,7.0,1.0
889715,Brahian Cuello,Unión,10096,W,"LM,LW,RM,RW",arg_a,Liga Profesional Argentina,112,1000000477,2026,29.0,Argentina,172.0,0.387976,1281.0,6.83,4.0,1.0,0.28,0.0702576112412178,2.7,0.19,0.9,0.06,0.2810304449648712,1.7,0.6,21.1,1.053864168618267,1.053864168618267,,4.0,0.6,0.7,3.3,1.5,0.8,0.8,0.1,5.0,,,,,,,1.8,5.0,
1624107,Alejo Osella,Independiente Rivadavia,161729,CB,"CB,RWB,RB",arg_a,Liga Profesional Argentina,112,1000000477,2026,26.0,Argentina,190.0,0.680412,1279.0,7.07,4.0,,0.28,,1.9,0.14,0.3,0.02,0.26739640344018767,1.6,0.6,22.1,0.3518373729476153,0.3518373729476153,0.07036747458952307,2.0,1.9,0.7,7.3,1.6,1.1,4.0,0.6,3.9,,,,,,,0.5,1.0,
1737756,Ignacio Perruzzi,San Lorenzo,10083,DM,"CDM,CM",arg_a,Liga Profesional Argentina,112,1000000477,2026,21.0,Argentina,178.0,2.467809,1275.0,6.69,,,,,0.4,0.03,0.3,0.02,0.01411764705882353,0.4,0.1,30.9,0.4235294117647059,0.4235294117647059,,1.0,0.9,0.1,5.7,2.2,1.1,2.4,0.1,5.0,,,,,,,2.0,6.0,
1413189,Jabes Saralegui,Tigre,89396,W,"RM,RW,CM,CDM,CAM",arg_a,Liga Profesional Argentina,112,1000000477,2026,23.0,Argentina,181.0,3.885667,1272.0,6.87,,4.0,,0.2830188679245283,1.8,0.13,1.7,0.12,0.0990566037735849,1.1,0.4,19.4,1.3443396226415094,1.3443396226415094,0.35377358490566035,3.0,1.6,0.8,3.5,1.4,0.7,1.1,0.2,5.0,,,,,,,0.7,1.0,1.0
207642,Santiago Arias,Independiente,10078,FB,RB,arg_a,Liga Profesional Argentina,112,1000000477,2026,34.0,Colombia,177.0,0.857668,1269.0,6.98,,2.0,,0.14184397163120568,0.1,0.01,1.0,0.07,0.0070921985815602835,0.2,0.1,31.2,0.6382978723404256,0.6382978723404256,,,1.6,0.1,6.9,2.5,1.8,2.4,0.2,5.0,,,,,,,0.9,3.0,
564614,Lucas Passerini,Belgrano,10092,ST,ST,arg_a,Liga Profesional Argentina,112,1000000477,2026,32.0,Argentina,189.0,1.287315,1266.0,6.52,3.0,7.0,0.21,0.4976303317535545,6.4,0.45,2.1,0.15,0.24881516587677724,2.8,0.9,14.9,1.5639810426540284,1.5639810426540284,0.4976303317535545,9.0,0.5,0.9,2.3,0.5,0.3,1.5,0.1,2.8,,,,,,,2.6,3.0,1.0
724317,Saúl Salcedo,Newell's Old Boys,10201,CB,CB,arg_a,Liga Profesional Argentina,112,1000000477,2026,29.0,Paraguay,183.0,0.918371,1260.0,,,,,,0.3,0.02,0.3,,0.014285714285714285,0.6,0.2,,0.14285714285714285,0.14285714285714285,,,4.0,0.2,,,0.9,,0.6,,,,,,,,0.6,4.0,
1020747,Nicolás Cordero,Aldosivi,161728,ST,ST,arg_a,Liga Profesional Argentina,112,1000000477,2026,27.0,Argentina,184.0,0.580928,1259.0,6.45,2.0,,0.14,,2.9,0.2,1.0,0.07,0.21445591739475775,2.5,0.8,14.4,1.0722795869737887,1.0722795869737887,0.07148530579825259,2.0,0.4,0.4,3.1,1.7,0.3,0.8,0.4,2.1,,,,,,,2.0,1.0,
1299451,Juan Fedorco,Independiente,10078,CB,CB,arg_a,Liga Profesional Argentina,112,1000000477,2026,25.0,Argentina,,0.69257,1258.0,6.92,1.0,,0.07,,0.4,0.03,0.6,0.04,0.04292527821939587,0.8,0.2,31.1,0.21462639109697934,0.21462639109697934,0.07154213036565978,1.0,2.0,0.1,10.9,2.0,2.1,5.8,1.0,3.2,,,,,,,0.9,3.0,
1821854,Mateo Pérez Curci,Independiente,10078,DM,"CDM,CM,CAM",arg_a,Liga Profesional Argentina,112,1000000477,2026,20.0,Argentina,179.0,1.631492,1256.0,6.66,,1.0,,0.07165605095541401,0.5,0.03,0.6,0.04,0.0,0.7,0.1,22.0,1.0748407643312101,1.0748407643312101,0.14331210191082802,,0.5,0.9,4.6,2.0,0.8,1.8,,5.4,,,,,,,1.2,3.0,
623986,Alexis Castro,Estudiantes,10094,DM,"CDM,CM,CAM,RW",arg_a,Liga Profesional Argentina,112,1000000477,2026,31.0,Argentina,183.0,0.620104,1252.0,6.98,4.0,,0.29,,2.8,0.2,1.9,0.13,0.22284345047923323,1.8,0.4,36.2,1.5095846645367412,1.5095846645367412,0.5031948881789138,1.0,1.9,0.9,5.1,2.8,1.0,1.2,0.1,6.0,,,,,,,1.5,3.0,
930564,Alejandro Cabrera,Estudiantes de Río Cuarto,213591,CM,"CM,CDM",arg_a,Liga Profesional Argentina,112,1000000477,2026,34.0,Argentina,185.0,0.437869,1252.0,7.21,,,,,0.6,0.04,0.5,0.03,,1.1,,53.7,0.7907348242811502,0.7907348242811502,0.07188498402555911,,4.5,0.4,7.7,3.5,1.5,2.5,0.2,9.3,,,,,,,1.9,5.0,
1218336,Juan Gauto,Club Atlético Platense,10089,W,LW,arg_a,Liga Profesional Argentina,112,1000000477,2026,22.0,Argentina,172.0,1.379568,1248.0,6.61,,2.0,,0.14423076923076922,1.2,0.09,2.4,0.17,0.050480769230769225,1.9,0.6,26.0,1.9471153846153846,1.9471153846153846,0.28846153846153844,3.0,1.2,1.3,1.8,1.1,0.6,0.1,,6.3,,,,,,,1.1,1.0,
693430,Alexis Soto,Rosario Central,10084,FB,"LB,LM,CB",arg_a,Liga Profesional Argentina,112,1000000477,2026,32.0,Argentina,176.0,0.638147,1241.0,6.94,1.0,,0.07,,0.7,0.05,1.7,0.12,0.021756647864625302,0.5,0.1,40.0,0.7252215954875101,0.7252215954875101,0.290088638195004,,2.1,0.5,6.8,2.0,1.1,3.3,0.5,5.3,,,,,,,0.9,3.0,
360799,Claudio Baeza,Vélez Sarsfield,10079,DM,CDM,arg_a,Liga Profesional Argentina,112,1000000477,2026,32.0,Chile,171.0,1.134091,1241.0,7.06,,,,,0.2,0.01,0.7,0.05,,0.4,,48.7,0.36261079774375504,0.36261079774375504,,,3.3,0.5,7.2,2.5,1.5,3.0,0.2,6.4,,,,,,,1.2,5.0,
1441888,Mariano Bracamonte,Deportivo Riestra,298629,FB,"RWB,CB,LB",arg_a,Liga Profesional Argentina,112,1000000477,2026,27.0,Argentina,,0.493494,1240.0,7.11,1.0,1.0,0.07,0.07258064516129033,1.0,0.07,1.1,0.08,0.05806451612903226,1.2,0.3,12.0,0.9435483870967742,0.9435483870967742,0.14516129032258066,,3.0,0.4,6.8,2.5,1.6,2.3,0.3,5.2,,,,,,,2.0,5.0,
921749,Matías Cóccaro,Newell's Old Boys,10201,ST,"ST,CAM",arg_a,Liga Profesional Argentina,112,1000000477,2026,28.0,Uruguay,178.0,1.594547,1239.0,6.77,6.0,,0.44,,4.8,0.35,0.4,0.03,0.4067796610169491,2.3,1.0,13.4,0.4358353510895884,0.4358353510895884,,4.0,0.2,0.5,3.1,0.9,0.4,1.7,0.1,1.7,,,,,,,2.0,3.0,
630500,Leonardo Godoy,Independiente,10078,FB,RB,arg_a,Liga Profesional Argentina,112,1000000477,2026,31.0,Argentina,173.0,0.906643,1234.0,6.65,1.0,1.0,0.07,0.07293354943273905,0.6,0.04,1.0,0.07,0.04376012965964344,0.9,0.1,22.2,0.8752025931928687,0.8752025931928687,0.1458670988654781,,2.5,0.1,6.0,1.5,0.5,3.6,0.4,2.7,,,,,,,1.3,5.0,
1200720,Florián Monzón,,10079,ST,,arg_a,Liga Profesional Argentina,112,1000000477,2026,,,,,1229.0,6.88,6.0,,0.44,,4.8,0.35,0.4,0.03,0.5052888527257934,2.6,1.2,14.9,0.5858421480878763,0.5858421480878763,,6.0,0.4,0.8,2.2,0.7,0.3,1.2,0.1,2.2,,,,,,,1.7,3.0,
1458737,Ronaldo Dejesús,Lanús,10082,CB,CB,arg_a,Liga Profesional Argentina,112,1000000477,2026,25.0,Paraguay,190.0,1.152744,1222.0,,,,,,0.6,0.04,0.6,0.04,0.007364975450081833,0.7,0.1,43.3,0.44189852700491,0.44189852700491,0.14729950900163666,1.0,3.5,0.4,11.2,1.4,1.3,7.8,0.7,4.1,,,,,,,1.0,4.0,
1386069,Maximiliano Amarfil,Club Atlético Platense,10089,DM,"CDM,CM",arg_a,Liga Profesional Argentina,112,1000000477,2026,25.0,Argentina,,1.378766,1220.0,6.98,,1.0,,0.07377049180327869,0.3,0.02,0.6,0.04,0.007377049180327869,0.8,0.1,43.2,1.1065573770491803,1.1065573770491803,0.14754098360655737,,4.4,0.3,7.1,2.7,1.5,2.7,0.2,8.0,,,,,,,2.4,8.0,
426353,Leonel Di Plácido,Atlético Tucumán,161727,FB,RB,arg_a,Liga Profesional Argentina,112,1000000477,2026,32.0,Argentina,176.0,0.441612,1219.0,6.96,,1.0,,0.07383100902378999,0.2,0.01,1.3,0.09,0.029532403609515995,0.7,0.1,22.6,0.9598031173092699,0.9598031173092699,0.22149302707136997,,2.5,0.8,7.1,2.3,1.2,3.5,0.1,3.5,,,,,,,1.3,5.0,
647991,Gabriel Báez,Talleres,10101,FB,"LB,LWB",arg_a,Liga Profesional Argentina,112,1000000477,2026,31.0,Argentina,178.0,0.453752,1218.0,6.93,,,,,0.3,0.02,1.7,0.12,0.0,0.7,0.1,34.4,1.2561576354679802,1.2561576354679802,0.07389162561576355,,1.7,0.6,5.5,1.7,0.7,2.7,0.3,4.4,,,,,,,0.5,1.0,
787262,Matías Zaracho,Racing Club,10080,CM,"CM,CDM,RW,CAM,RWB",arg_a,Liga Profesional Argentina,112,1000000477,2026,28.0,Argentina,171.0,2.25539,1217.0,6.68,3.0,1.0,0.22,0.07395234182415776,2.7,0.2,1.6,0.12,0.11092851273623665,1.8,0.6,32.0,1.257189811010682,1.257189811010682,0.07395234182415776,3.0,1.6,0.4,5.0,2.6,1.5,0.7,0.1,4.3,,,,,,,1.3,4.0,
962674,Alexander Díaz,Deportivo Riestra,298629,ST,"ST,CM",arg_a,Liga Profesional Argentina,112,1000000477,2026,26.0,Argentina,172.0,1.117374,1215.0,6.48,2.0,,0.15,,1.6,0.12,1.6,0.12,0.11851851851851852,1.4,0.6,12.7,1.2592592592592593,1.2592592592592593,0.07407407407407407,2.0,0.7,0.7,1.9,1.3,0.2,0.1,0.2,4.1,,,,,,,2.0,1.0,
529092,Rafael Barrios,Barracas Central,213534,FB,"RWB,RM",arg_a,Liga Profesional Argentina,112,1000000477,2026,33.0,Argentina,178.0,0.407406,1213.0,6.73,,,,,0.1,0.01,0.5,0.03,,0.1,,20.6,0.6677658697444353,0.6677658697444353,0.1483924154987634,,1.1,0.7,5.9,2.4,1.6,1.9,,5.6,,,,,,,1.7,2.0,
1575797,Kevin Coronel,Argentinos Juniors,10086,FB,RB,arg_a,Liga Profesional Argentina,112,1000000477,2026,22.0,Argentina,168.0,1.008349,1213.0,7.02,,,,,0.5,0.04,1.9,0.14,0.03709810387469085,1.3,0.5,43.9,1.4097279472382522,1.4097279472382522,0.37098103874690846,,1.7,0.6,5.7,2.6,1.1,1.9,0.1,4.2,,,,,,,1.1,2.0,
939965,Martín Garay,Tigre,89396,CM,"CM,RB,RM,CDM",arg_a,Liga Profesional Argentina,112,1000000477,2026,27.0,Argentina,170.0,0.563617,1210.0,6.83,1.0,1.0,0.07,0.0743801652892562,0.2,0.02,0.9,0.07,0.0371900826446281,0.5,0.3,38.5,0.5950413223140496,0.5950413223140496,0.0743801652892562,,3.6,0.1,5.9,1.9,1.3,2.5,0.1,6.0,,,,,,,1.4,1.0,
981079,Matko Miljevic,Racing Club,10080,CM,"CM,CAM,LM,CDM,LW",arg_a,Liga Profesional Argentina,112,1000000477,2026,25.0,USA,176.0,2.657029,1207.0,6.72,2.0,1.0,0.15,0.07456503728251865,2.1,0.15,1.9,0.14,0.1491300745650373,4.0,1.2,45.3,1.4913007456503728,1.4913007456503728,0.07456503728251865,,4.5,1.1,1.4,0.4,0.7,0.2,0.1,5.7,,,,,,,2.1,4.0,1.0
1680411,Fabricio Pérez,Estudiantes,10094,W,"RW,LW,CAM,RM",arg_a,Liga Profesional Argentina,112,1000000477,2026,20.0,Argentina,180.0,3.023551,1204.0,6.77,5.0,,0.37,,4.0,0.3,1.0,0.07,0.24667774086378738,2.2,1.1,17.0,1.1212624584717608,1.1212624584717608,0.22425249169435216,5.0,0.4,1.6,3.0,1.7,0.5,0.6,0.1,4.0,,,,,,,1.6,3.0,
1899032,Tomás Aranda,Boca Juniors,10077,W,"LM,LW,CAM",arg_a,Liga Profesional Argentina,112,1000000477,2026,19.0,Argentina,172.0,3.300872,1201.0,7.23,1.0,3.0,0.07,0.2248126561199001,1.9,0.14,4.0,0.3,0.08243130724396337,2.6,0.5,42.9,1.5736885928393005,1.5736885928393005,0.37468776019983346,2.0,2.1,3.1,2.8,1.6,0.5,0.7,0.1,7.9,,,,,,,1.1,2.0,
861785,Rodrigo Fernández,Huracán,10081,DM,"CDM,CM",arg_a,Liga Profesional Argentina,112,1000000477,2026,30.0,Uruguay,172.0,0.549642,1190.0,6.98,,,,,0.3,0.02,0.5,0.04,0.05294117647058823,0.8,0.1,38.5,0.680672268907563,0.680672268907563,,,4.8,1.1,7.6,2.7,1.0,3.6,0.4,7.2,,,,,,,2.1,3.0,
1662972,Thiago Silvero,Vélez Sarsfield,10079,CB,"CB,RB",arg_a,Liga Profesional Argentina,112,1000000477,2026,20.0,Argentina,188.0,1.182276,1184.0,,1.0,1.0,0.08,0.07601351351351351,0.6,0.05,0.5,0.04,0.12162162162162163,0.9,0.5,34.4,0.30405405405405406,0.30405405405405406,0.15202702702702703,,3.6,0.4,11.0,1.9,1.3,7.1,0.8,5.6,,,,,,,0.5,4.0,
1320444,Álex Arce,Independiente Rivadavia,161729,ST,ST,arg_a,Liga Profesional Argentina,112,1000000477,2026,31.0,Paraguay,188.0,2.320194,1180.0,7.08,9.0,1.0,0.69,0.07627118644067797,8.0,0.61,1.0,0.08,0.6254237288135592,2.9,1.3,15.1,1.3728813559322033,1.3728813559322033,0.07627118644067797,5.0,0.4,0.7,2.2,0.7,0.2,1.2,0.2,2.4,,,,,,,1.8,6.0,
1652019,Ramiro Hernandes,Belgrano,10092,W,LW,arg_a,Liga Profesional Argentina,112,1000000477,2026,21.0,Argentina,172.0,0.955118,1179.0,6.81,4.0,2.0,0.31,0.15267175572519084,2.1,0.16,2.5,0.19,0.21374045801526714,1.9,0.5,39.5,1.83206106870229,1.83206106870229,0.22900763358778625,1.0,1.5,2.1,4.3,2.4,1.1,0.8,,6.6,,,,,,,1.3,5.0,
1093699,Armando Méndez,,10201,FB,,arg_a,Liga Profesional Argentina,112,1000000477,2026,,,,,1176.0,,,,,,0.3,0.02,1.1,,0.0,0.6,0.1,,0.8418367346938775,0.8418367346938775,0.07653061224489796,,1.1,0.7,,,1.2,,0.1,,,,,,,,1.2,4.0,1.0
1249664,Eros Mancuso,Estudiantes,10094,FB,"RB,LB",arg_a,Liga Profesional Argentina,112,1000000477,2026,27.0,Argentina,171.0,2.306651,1171.0,6.89,1.0,,0.08,,0.4,0.03,1.4,0.11,0.05380017079419299,0.8,0.3,36.4,0.9991460290350128,0.9991460290350128,0.1537147736976943,,3.8,0.5,5.1,2.1,0.5,2.2,0.4,5.7,,,,,,,1.0,5.0,
785840,Iván Morales,Independiente,10078,ST,"ST,RW",arg_a,Liga Profesional Argentina,112,1000000477,2026,27.0,Chile,180.0,1.07964,1164.0,6.48,2.0,1.0,0.15,0.07731958762886598,4.2,0.33,0.6,0.05,0.20103092783505155,1.5,0.5,9.9,1.0051546391752577,1.0051546391752577,,4.0,0.5,0.5,0.5,0.3,,0.2,0.1,2.8,,,,,,,1.9,2.0,
841231,Francisco Romero,,213591,CM,,arg_a,Liga Profesional Argentina,112,1000000477,2026,,,,,1163.0,7.08,,,,,0.1,0.01,0.9,0.07,,0.4,,36.4,1.3155631986242475,1.3155631986242475,,,3.6,0.3,7.0,1.6,2.3,2.9,0.2,4.8,,,,,,,0.5,1.0,
1457716,Agustín Quiroga,Estudiantes de Río Cuarto,213591,CB,"CB,LB,LWB",arg_a,Liga Profesional Argentina,112,1000000477,2026,24.0,Argentina,179.0,0.595523,1162.0,6.76,,,,,0.5,0.04,0.3,0.02,0.04647160068846816,1.5,0.3,21.5,0.5421686746987951,0.5421686746987951,,,2.7,0.4,8.9,1.6,1.4,5.5,0.4,4.5,,,,,,,1.4,4.0,
1336106,David Zalazar,Banfield,10087,W,"RM,CM,CAM,RW",arg_a,Liga Profesional Argentina,112,1000000477,2026,24.0,Argentina,177.0,0.627694,1160.0,6.98,2.0,4.0,0.16,0.3103448275862069,1.9,0.14,2.9,0.23,0.14741379310344827,3.1,0.9,15.1,1.8620689655172413,1.8620689655172413,0.5431034482758621,,1.7,1.9,3.9,1.4,0.9,1.6,,6.0,,,,,,,0.4,4.0,
1781586,Facundo Gulli,San Lorenzo,10083,AM,"CAM,RW,CDM,LM,RM,CM",arg_a,Liga Profesional Argentina,112,1000000477,2026,21.0,Argentina,178.0,3.938266,1156.0,6.59,,3.0,,0.23356401384083045,1.0,0.08,1.9,0.14,0.05449826989619377,1.4,0.5,30.3,1.0121107266435987,1.0121107266435987,0.15570934256055363,,1.7,2.0,2.0,1.2,0.4,0.4,,4.5,,,,,,,0.9,4.0,
1844361,Leonel Vega,Atlético Tucumán,161727,DM,CDM,arg_a,Liga Profesional Argentina,112,1000000477,2026,22.0,Argentina,176.0,0.634062,1156.0,,,,,,0.0,0.0,0.2,0.02,,0.2,,20.4,0.23356401384083045,0.23356401384083045,,,1.3,0.5,9.3,5.5,2.1,1.6,0.2,5.8,,,,,,,2.3,7.0,
1447884,Tomás Adoryán,Banfield,10087,AM,"CAM,RM,CM,CDM",arg_a,Liga Profesional Argentina,112,1000000477,2026,25.0,Armenia,177.0,0.604592,1153.0,6.96,1.0,2.0,0.08,0.15611448395490027,2.3,0.18,1.3,0.1,0.062445793581960105,2.8,0.8,25.6,1.7172593235039029,1.7172593235039029,0.15611448395490027,2.0,2.5,1.4,5.7,4.1,0.5,0.8,0.2,7.5,,,,,,,3.1,10.0,
166509,Lucas Nahuel Castro,Aldosivi,161728,CM,"CM,CAM,CDM",arg_a,Liga Profesional Argentina,112,1000000477,2026,37.0,Argentina,182.0,0.459351,1149.0,6.9,1.0,,0.08,,1.1,0.09,0.7,0.06,0.10966057441253263,1.8,0.4,28.4,1.0966057441253263,1.0966057441253263,0.1566579634464752,1.0,1.9,1.8,5.6,2.3,1.1,1.9,0.2,6.5,,,,,,,1.1,2.0,
1097396,Marco Iacobellis,Central Córdoba de Santiago,213596,AM,"CAM,ST,RW,RM",arg_a,Liga Profesional Argentina,112,1000000477,2026,26.0,Argentina,172.0,0.342833,1146.0,6.73,1.0,1.0,0.08,0.07853403141361257,1.8,0.14,1.4,0.11,0.05497382198952879,2.9,0.6,26.8,1.806282722513089,1.806282722513089,0.2356020942408377,,3.3,2.1,3.0,2.2,0.6,0.2,,4.8,,,,,,,2.0,4.0,
745206,Jhonatan Candia,Barracas Central,213534,ST,ST,arg_a,Liga Profesional Argentina,112,1000000477,2026,31.0,Uruguay,171.0,0.450544,1142.0,6.53,1.0,,0.08,,2.0,0.16,0.4,0.03,0.15761821366024517,1.9,0.8,16.6,0.8669001751313485,0.8669001751313485,0.07880910683012259,5.0,1.4,1.1,2.2,0.6,0.4,1.2,0.1,2.9,,,,,,,2.4,4.0,
741193,Nicolás Talpone,Estudiantes de Río Cuarto,213591,AM,"CAM,CM,CDM",arg_a,Liga Profesional Argentina,112,1000000477,2026,30.0,Argentina,165.0,0.270792,1133.0,6.55,,,,,0.7,0.05,2.0,0.16,0.01588702559576346,1.4,0.3,34.8,1.588702559576346,1.588702559576346,0.1588702559576346,1.0,2.5,0.9,3.7,1.7,0.7,1.0,0.3,5.3,,,,,,,1.0,1.0,
1661207,Mikel Amondarain,,10094,DM,,arg_a,Liga Profesional Argentina,112,1000000477,2026,,,,,1133.0,6.79,2.0,1.0,0.16,0.0794351279788173,2.3,0.18,0.8,0.06,0.19858781994704325,1.1,0.5,30.4,0.9532215357458076,0.9532215357458076,0.0794351279788173,5.0,1.2,1.0,4.0,1.8,0.4,1.4,0.4,6.2,,,,,,,0.9,2.0,
1111071,Nicolás Capraro,Barracas Central,213534,CB,CB,arg_a,Liga Profesional Argentina,112,1000000477,2026,28.0,Argentina,183.0,0.95756,1130.0,6.82,,,,,0.2,0.01,0.2,0.02,0.03982300884955752,0.3,0.2,21.6,0.23893805309734514,0.23893805309734514,,,3.3,0.3,9.2,2.0,1.3,5.3,0.7,4.0,,,,,,,1.5,2.0,
1250658,Alejo Véliz,,10084,ST,,arg_a,Liga Profesional Argentina,112,1000000477,2026,,,,,1130.0,6.66,4.0,,0.32,,5.2,0.41,0.2,0.01,0.3345132743362832,3.0,1.0,8.6,0.39823008849557523,0.39823008849557523,,9.0,0.3,0.6,1.2,0.2,,0.9,0.1,1.9,,,,,,,1.0,1.0,
1226758,Ayrton Portillo,Defensa y Justicia,161730,FB,"RB,RWB,CM,RM,RW",arg_a,Liga Profesional Argentina,112,1000000477,2026,26.0,Argentina,182.0,0.99353,1130.0,6.77,3.0,1.0,0.24,0.07964601769911504,1.0,0.08,0.9,0.07,0.11946902654867257,1.0,0.4,16.4,0.7964601769911505,0.7964601769911505,0.07964601769911504,1.0,0.9,0.3,4.1,1.4,0.7,2.0,0.1,3.7,,,,,,,0.9,5.0,
924959,Edwuin Cetré,Estudiantes,10094,W,"LW,ST,LM,RW",arg_a,Liga Profesional Argentina,112,1000000477,2026,28.0,Colombia,174.0,2.350174,1125.0,6.73,1.0,2.0,0.08,0.16,2.0,0.16,2.3,0.18,0.21600000000000003,2.5,1.0,17.4,2.08,2.08,0.4,1.0,1.1,1.0,2.2,0.9,0.3,1.0,,3.0,,,,,,,0.9,3.0,
1645972,Lautaro Gómez,Banfield,10087,W,"LM,CM,RM,CAM",arg_a,Liga Profesional Argentina,112,1000000477,2026,23.0,Argentina,170.0,0.581499,1117.0,6.64,5.0,,0.4,,1.0,0.08,1.4,0.11,0.1692032229185318,1.4,0.7,13.5,0.9668755595344674,0.9668755595344674,,,0.8,1.9,4.5,3.2,0.7,0.6,,5.4,,,,,,,1.5,3.0,
1562792,Esteban Fernández,Gimnasia Mendoza,568727,AM,"CAM,CM,CDM",arg_a,Liga Profesional Argentina,112,1000000477,2026,24.0,Argentina,172.0,0.45644,1117.0,7.06,2.0,3.0,0.16,0.24171888988361684,0.8,0.06,2.1,0.17,0.08863025962399285,0.9,0.4,35.9,2.2560429722470903,2.2560429722470903,0.24171888988361684,1.0,1.9,2.0,3.5,2.2,0.8,0.5,,5.3,,,,,,,1.0,4.0,
609985,David Barbona,Defensa y Justicia,161730,AM,"CAM,CM",arg_a,Liga Profesional Argentina,112,1000000477,2026,31.0,Argentina,174.0,0.276974,1108.0,7.06,5.0,3.0,0.41,0.24368231046931407,3.3,0.27,3.0,0.24,0.3574007220216607,1.8,1.0,38.8,2.5992779783393503,2.5992779783393503,0.5685920577617328,1.0,1.9,0.6,0.9,0.5,,0.4,,5.2,,,,,,,0.6,1.0,
1667732,Agustín Medina,Lanús,10082,DM,"CDM,CM",arg_a,Liga Profesional Argentina,112,1000000477,2026,19.0,Argentina,175.0,,1091.0,6.77,,,,,0.3,0.02,0.4,0.04,0.0,0.7,0.1,46.5,0.6599450045829515,0.6599450045829515,,,2.8,0.8,5.4,3.0,1.2,1.0,0.2,6.3,,,,,,,2.6,6.0,
1647589,Lautaro Millán,Independiente,10078,AM,"CAM,CDM",arg_a,Liga Profesional Argentina,112,1000000477,2026,21.0,Chile,169.0,,1090.0,6.81,3.0,1.0,0.25,0.08256880733944955,1.9,0.16,1.2,0.1,0.13211009174311927,1.9,0.7,28.7,1.8990825688073394,1.8990825688073394,0.08256880733944955,3.0,1.2,0.7,3.1,2.2,0.5,0.2,0.2,4.9,,,,,,,1.1,4.0,
1847899,Joaquín Freitas,,10076,ST,,arg_a,Liga Profesional Argentina,112,1000000477,2026,,,,,1089.0,6.7,1.0,2.0,0.08,0.1652892561983471,1.8,0.15,1.9,0.16,0.11570247933884296,1.7,0.4,20.9,1.9834710743801653,1.9834710743801653,0.49586776859504134,1.0,0.3,1.5,2.2,1.4,0.2,0.4,0.2,3.9,,,,,,,2.4,2.0,
1281396,Agustín Lastra,Estudiantes de Río Cuarto,213591,GK,GK,arg_a,Liga Profesional Argentina,112,1000000477,2026,25.0,Argentina,194.0,0.550975,1080.0,,,,,,,,0.0,,,,,,,,,,,,,,,,,,,2.0,,,,,,,
1311635,Agustín Palavecino,Aldosivi,161728,W,"LW,CM,RW",arg_a,Liga Profesional Argentina,112,1000000477,2026,23.0,Argentina,194.0,0.629872,1079.0,6.5,,,,,1.0,0.08,0.9,0.08,0.008341056533827619,1.6,0.3,15.5,0.6672845227062094,0.6672845227062094,0.16682113067655235,1.0,0.8,1.7,3.4,1.5,0.9,0.9,0.1,3.9,,,,,,,1.4,5.0,
1039683,Martín Garnerone,Estudiantes de Río Cuarto,213591,ST,"ST,LW,RW,RM",arg_a,Liga Profesional Argentina,112,1000000477,2026,28.0,Argentina,,0.30256,1074.0,6.5,2.0,,0.17,,3.3,0.28,1.0,0.08,0.20949720670391062,1.8,0.5,20.6,1.2569832402234637,1.2569832402234637,0.16759776536312848,3.0,0.8,1.3,1.8,0.8,0.4,0.6,,4.0,,,,,,,1.0,2.0,
164020,Agustín Marchesín,Boca Juniors,10077,GK,GK,arg_a,Liga Profesional Argentina,112,1000000477,2026,38.0,Argentina,188.0,0.563925,1072.0,,,,,,,,0.0,,,,,,,,,,,,,,,,,,,5.0,,,,,,,
683535,Esteban Rolón,Barracas Central,213534,CM,"CM,CAM",arg_a,Liga Profesional Argentina,112,1000000477,2026,31.0,Argentina,175.0,0.25485,1070.0,6.75,,,,,0.4,0.04,1.8,0.15,0.05046728971962617,0.7,0.2,24.2,1.4299065420560748,1.4299065420560748,0.16822429906542055,,1.5,0.8,5.8,2.7,0.9,1.9,0.3,6.6,,,,,,,1.7,6.0,
748843,Francisco González Metilli,Belgrano,10092,DM,"CDM,CM,RW,ST,LM,LW,CAM",arg_a,Liga Profesional Argentina,112,1000000477,2026,29.0,Argentina,178.0,1.143025,1066.0,6.97,4.0,1.0,0.34,0.08442776735459662,2.6,0.22,2.1,0.18,0.23639774859287052,2.0,0.7,33.8,1.4352720450281427,1.4352720450281427,0.25328330206378985,1.0,1.9,0.3,4.5,2.3,1.0,0.9,0.3,5.1,,,,,,,0.9,,
1231195,Tiago Palacios,Estudiantes,10094,W,"RW,CAM,ST",arg_a,Liga Profesional Argentina,112,1000000477,2026,25.0,Uruguay,167.0,2.915071,1060.0,7.04,4.0,2.0,0.34,0.16981132075471697,2.5,0.21,2.6,0.22,0.3141509433962264,2.4,0.8,31.1,2.1226415094339623,2.1226415094339623,0.6792452830188679,3.0,2.7,1.7,2.1,1.0,0.7,0.4,,5.1,,,,,,,1.5,4.0,
1729352,Teo Pagano,San Lorenzo,10083,FB,"LB,LWB",arg_a,Liga Profesional Argentina,112,1000000477,2026,20.0,Argentina,178.0,0.904336,1055.0,6.71,,,,,0.2,0.01,0.8,0.07,0.017061611374407582,0.7,0.1,22.1,0.5118483412322274,0.5118483412322274,0.17061611374407584,,2.0,1.6,5.5,1.5,0.8,3.0,0.3,3.8,,,,,,,0.9,1.0,
940001,Martín Barrios,Club Atlético Platense,10089,DM,"CDM,CM",arg_a,Liga Profesional Argentina,112,1000000477,2026,27.0,Uruguay,177.0,0.473089,1052.0,6.73,,,,,0.3,0.02,0.5,0.05,0.017110266159695818,1.1,0.2,41.0,0.6844106463878327,0.6844106463878327,0.08555133079847908,,3.8,0.6,4.5,2.2,0.9,1.5,,6.3,,,,,,,1.5,2.0,
655751,Horacio Tijanovich,Central Córdoba de Santiago,213596,W,"LW,CDM,LM,CM,ST",arg_a,Liga Profesional Argentina,112,1000000477,2026,30.0,Argentina,176.0,0.322652,1045.0,6.56,,2.0,,0.1722488038277512,1.4,0.12,0.5,0.05,0.14641148325358852,1.2,0.7,16.0,0.9473684210526315,0.9473684210526315,0.1722488038277512,3.0,0.7,0.4,4.9,1.2,0.9,2.4,0.4,3.5,,,,,,,1.3,5.0,
1783627,Jerónimo Gómez Mattar,Newell's Old Boys,10201,DM,"CDM,CM",arg_a,Liga Profesional Argentina,112,1000000477,2026,18.0,Argentina,,2.284728,1042.0,6.64,,1.0,,0.08637236084452975,0.8,0.07,1.1,0.1,0.12092130518234163,1.4,0.4,29.5,1.2092130518234165,1.2092130518234165,0.2591170825335892,1.0,2.9,0.5,5.2,2.3,0.8,1.6,0.4,6.2,,,,,,,1.1,5.0,
170432,Hugo Nervo,Huracán,10081,CB,CB,arg_a,Liga Profesional Argentina,112,1000000477,2026,35.0,Argentina,184.0,0.268444,1041.0,6.91,1.0,,0.09,,0.2,0.02,0.1,0.01,0.060518731988472615,0.5,0.3,39.3,0.1729106628242075,0.1729106628242075,,,2.6,,11.6,1.0,1.6,8.5,0.6,1.7,,,,,,,0.1,1.0,
788656,Norberto Briasco,Barracas Central,213534,ST,"ST,CAM,RW",arg_a,Liga Profesional Argentina,112,1000000477,2026,30.0,Armenia,179.0,0.356907,1036.0,6.57,1.0,,0.09,,1.7,0.14,1.1,0.1,0.18243243243243243,2.0,0.8,18.2,1.1293436293436294,1.1293436293436294,,4.0,0.3,0.9,2.8,1.2,0.3,1.1,0.1,2.9,,,,,,,2.2,5.0,
1242180,Nicolás Goitea,Newell's Old Boys,10201,CB,CB,arg_a,Liga Profesional Argentina,112,1000000477,2026,29.0,Argentina,185.0,,1035.0,,,,,,0.2,,0.2,,0.008695652173913044,,,,0.08695652173913043,0.08695652173913043,,,,,,,,,,,,,,,,,,1.0,
1343369,Franco Saavedra,Gimnasia Mendoza,568727,FB,LB,arg_a,Liga Profesional Argentina,112,1000000477,2026,23.0,Argentina,,,1030.0,,,1.0,,0.08737864077669903,0.4,,1.1,,0.03495145631067961,,,,1.0485436893203883,1.0485436893203883,0.17475728155339806,,,,,,,,,,,,,,,,,2.0,2.0
429987,Federico Gino,Aldosivi,161728,CM,"CM,CDM,CAM",arg_a,Liga Profesional Argentina,112,1000000477,2026,33.0,Uruguay,176.0,0.25485,1029.0,,2.0,,,,1.5,,0.2,,0.1749271137026239,,,,0.26239067055393583,0.26239067055393583,,,,,,,,,,,,,,,,,,6.0,
964376,Mauro Valiente,Estudiantes de Río Cuarto,213591,ST,"ST,LM,LW",arg_a,Liga Profesional Argentina,112,1000000477,2026,26.0,Argentina,180.0,0.348826,1028.0,6.4,2.0,,0.18,,1.8,0.16,0.8,0.07,0.10505836575875487,2.0,0.4,12.7,1.0505836575875487,1.0505836575875487,0.17509727626459143,4.0,0.7,1.1,2.3,1.2,0.4,0.5,0.2,3.3,,,,,,,1.3,3.0,
1338317,César Pérez,Defensa y Justicia,161730,DM,"CDM,CAM,CM",arg_a,Liga Profesional Argentina,112,1000000477,2026,23.0,Chile,176.0,2.221481,1028.0,,1.0,3.0,,0.26264591439688717,2.2,,0.6,,0.10505836575875487,,,,0.6128404669260701,0.6128404669260701,0.26264591439688717,2.0,,,,,,,,,,,,,,,,4.0,
492640,Juan Cruz Randazzo,Deportivo Riestra,298629,CB,CB,arg_a,Liga Profesional Argentina,112,1000000477,2026,31.0,Argentina,184.0,0.274005,1021.0,,,,,,0.2,,0.1,,0.06170421155729676,,,,0.2644466209598433,0.2644466209598433,,,,,,,,,,,,,,,,,,3.0,
1664756,Martín García,Aldosivi,161728,CM,"CM,RM,CDM",arg_a,Liga Profesional Argentina,112,1000000477,2026,21.0,Argentina,182.0,0.787637,1020.0,6.57,,1.0,,0.08823529411764706,1.1,0.1,0.5,0.04,0.03529411764705882,2.4,0.6,11.0,0.8823529411764706,0.8823529411764706,0.08823529411764706,2.0,1.0,0.9,5.9,3.2,1.0,1.5,0.3,5.8,,,,,,,3.1,7.0,
1276035,Ezequiel Naya,Central Córdoba de Santiago,213596,ST,ST,arg_a,Liga Profesional Argentina,112,1000000477,2026,25.0,Argentina,191.0,0.456744,1019.0,6.36,2.0,,0.18,,2.3,0.2,0.2,0.02,0.2914622178606477,1.9,1.0,10.9,0.44160942100098133,0.44160942100098133,,4.0,0.8,0.2,1.8,0.5,0.3,0.9,0.1,2.2,,,,,,,2.0,1.0,
1338015,Julián Fernández,Rosario Central,10084,W,"LW,RW,CAM",arg_a,Liga Profesional Argentina,112,1000000477,2026,22.0,Argentina,183.0,3.896972,1018.0,7.1,2.0,2.0,0.18,0.17681728880157171,1.7,0.15,1.8,0.16,0.21218074656188604,1.7,0.4,33.7,1.3261296660117878,1.3261296660117878,0.17681728880157171,,1.5,2.1,2.3,1.2,0.4,0.5,0.1,5.5,,,,,,,0.6,2.0,
158533,Sergio Vittor,,10087,CB,,arg_a,Liga Profesional Argentina,112,1000000477,2026,,,,,1013.0,,,,,,0.2,,0.1,,0.008884501480750246,,,,0.17769002961500494,0.17769002961500494,,,,,,,,,,,,,,,,,,3.0,
1607567,Thiago Santamaría,Sarmiento,202757,FB,"RB,RWB",arg_a,Liga Profesional Argentina,112,1000000477,2026,23.0,Argentina,179.0,1.163463,1012.0,,,1.0,,0.08893280632411067,0.5,0.05,0.7,0.06,0.0266798418972332,1.1,0.3,22.6,1.0671936758893281,1.0671936758893281,0.17786561264822134,1.0,1.9,0.4,6.4,2.0,1.9,2.5,0.1,4.4,,,,,,,1.0,3.0,
246408,Lucas Menossi,Unión,10096,CM,"CM,CDM",arg_a,Liga Profesional Argentina,112,1000000477,2026,34.0,Argentina,165.0,0.301586,1003.0,,4.0,1.0,0.36,0.0897308075772682,0.9,0.08,0.8,0.07,0.2691924227318046,1.2,0.7,34.8,0.8973080757726819,0.8973080757726819,0.2691924227318046,,2.2,0.4,4.8,2.2,1.5,1.1,0.1,5.0,,,,,,,1.1,4.0,
1362433,Baltasar Rodríguez,Estudiantes,10094,CM,"CM,RW,CDM,LW,LM,CAM",arg_a,Liga Profesional Argentina,112,1000000477,2026,23.0,Argentina,173.0,4.569089,1000.0,6.73,,1.0,,0.09,1.6,0.14,0.7,0.06,0.027,2.0,0.3,24.2,0.9,0.9,,2.0,1.8,1.7,4.5,2.5,1.2,0.8,,6.3,,,,,,,3.0,6.0,
1088084,Valentín Depietri,Talleres,10101,W,"LW,ST,RW",arg_a,Liga Profesional Argentina,112,1000000477,2026,25.0,Argentina,178.0,0.366774,999.0,6.84,4.0,1.0,0.36,0.09009009009009009,3.8,0.34,2.2,0.2,0.39639639639639646,3.2,1.2,25.6,2.2522522522522523,2.2522522522522523,0.09009009009009009,3.0,1.5,3.2,1.5,1.2,0.2,0.2,,4.3,,,,,,,2.3,5.0,
1340223,Mateo Seoane,Gimnasia LP,10103,DM,"CDM,RM",arg_a,Liga Profesional Argentina,112,1000000477,2026,22.0,Argentina,178.0,0.548116,997.0,,,,,,0.1,0.01,0.2,0.02,0.0,0.5,0.2,26.4,0.2708124373119358,0.2708124373119358,,,2.3,0.3,5.2,2.3,1.3,1.5,0.1,3.1,,,,,,,1.3,3.0,
618946,Ezequiel Unsain,Talleres,10101,GK,GK,arg_a,Liga Profesional Argentina,112,1000000477,2026,31.0,Argentina,191.0,1.441069,990.0,,,,,,,,0.0,,,,,,,,,,,,,,,,,,,2.0,,,,,,,
591557,Marcos Ledesma,Instituto,10090,GK,GK,arg_a,Liga Profesional Argentina,112,1000000477,2026,30.0,Argentina,191.0,0.859788,990.0,,,,,,,,0.0,,,,,,,,,,,,,,,,,,,5.0,,,,,,1.0,
394125,Milton Céliz,Deportivo Riestra,298629,CM,"CM,CDM,CAM",arg_a,Liga Profesional Argentina,112,1000000477,2026,34.0,Argentina,183.0,0.402704,990.0,,2.0,,,,2.7,,0.7,,0.3181818181818182,,,,0.6363636363636364,0.6363636363636364,,2.0,,,,,,,,,,,,,,,,3.0,
886331,Tomás Marchiori,Vélez Sarsfield,10079,GK,GK,arg_a,Liga Profesional Argentina,112,1000000477,2026,31.0,Argentina,186.0,1.482328,990.0,,,,,,,,0.0,,,,,,,,,,,,,,,,,,,3.0,,,,,,,
1609504,Tiago Serrago,Tigre,89396,W,"RM,RW,LM,LW",arg_a,Liga Profesional Argentina,112,1000000477,2026,22.0,Argentina,175.0,1.184624,988.0,6.37,1.0,,0.09,,0.5,0.05,1.3,0.12,0.08198380566801619,1.4,0.4,14.6,0.6376518218623481,0.6376518218623481,0.18218623481781376,,0.4,1.2,3.1,1.6,0.5,0.8,0.1,4.5,,,,,,,1.9,1.0,
1200765,Siro Rosané,Estudiantes de Río Cuarto,213591,CM,"CM,CDM,CAM",arg_a,Liga Profesional Argentina,112,1000000477,2026,26.0,Argentina,177.0,0.367618,987.0,6.65,,1.0,,0.0911854103343465,0.6,0.05,1.0,0.09,0.04559270516717325,1.4,0.2,31.8,1.094224924012158,1.094224924012158,0.2735562310030395,1.0,2.6,1.1,6.1,2.6,1.2,2.2,0.1,5.2,,,,,,,1.2,1.0,
1085213,Mateo Bajamich,Estudiantes de Río Cuarto,213591,ST,"ST,RW",arg_a,Liga Profesional Argentina,112,1000000477,2026,27.0,Argentina,178.0,0.41631,987.0,6.15,1.0,,0.09,,2.7,0.24,0.4,0.04,0.17325227963525835,1.9,0.8,13.3,1.094224924012158,1.094224924012158,0.0911854103343465,4.0,0.4,0.2,1.6,0.6,0.2,0.6,0.1,2.4,,,,,,,0.5,,
1432908,Nicólas Watson,Deportivo Riestra,298629,CM,"CM,CDM,RWB",arg_a,Liga Profesional Argentina,112,1000000477,2026,28.0,Argentina,175.0,0.305626,985.0,6.71,,1.0,,0.09137055837563451,0.2,0.01,1.1,0.1,0.0,0.5,0.1,19.8,0.9137055837563451,0.9137055837563451,0.09137055837563451,,1.1,0.3,6.1,3.7,1.1,1.3,0.1,5.8,,,,,,,2.8,6.0,
1128740,Agustín Hausch,Defensa y Justicia,161730,W,"RW,LW,RWB",arg_a,Liga Profesional Argentina,112,1000000477,2026,23.0,Argentina,177.0,0.625755,984.0,6.61,1.0,,0.09,,1.5,0.14,1.3,0.12,0.15548780487804878,1.6,1.0,20.3,1.0975609756097562,1.0975609756097562,0.5487804878048781,,0.5,1.1,2.7,1.5,0.5,0.7,,3.5,,,,,,,0.5,1.0,
1132245,Santiago Longo,Belgrano,10092,DM,"CDM,CM",arg_a,Liga Profesional Argentina,112,1000000477,2026,28.0,Argentina,177.0,1.617096,983.0,6.66,,,,,0.2,0.02,0.2,0.02,0.009155645981688708,0.6,0.2,40.0,0.4577822990844354,0.4577822990844354,,,1.9,0.3,5.8,3.2,0.7,1.6,0.2,5.5,,,,,,,1.6,3.0,1.0
770895,Iván Gómez,Club Atlético Platense,10089,DM,"CDM,CM",arg_a,Liga Profesional Argentina,112,1000000477,2026,29.0,Argentina,167.0,0.892534,980.0,,,,,,0.5,0.04,0.2,0.02,0.018367346938775512,0.9,0.2,38.8,0.3673469387755102,0.3673469387755102,,,1.4,0.6,5.8,2.2,1.8,1.5,0.3,6.2,,,,,,,1.6,3.0,
957219,Elías Pereyra,Barracas Central,213534,FB,"LWB,LM",arg_a,Liga Profesional Argentina,112,1000000477,2026,27.0,Argentina,172.0,0.456902,979.0,6.62,2.0,,0.18,,1.3,0.12,0.7,0.06,0.11031664964249234,0.6,0.4,25.0,0.7354443309499489,0.7354443309499489,0.09193054136874361,,0.8,0.3,4.5,1.9,1.0,1.6,,3.0,,,,,,,0.8,1.0,
1246078,Lautaro Villegas,Banfield,10087,CM,CM,arg_a,Liga Profesional Argentina,112,1000000477,2026,22.0,Argentina,171.0,0.73814,978.0,6.53,,,,,0.4,0.04,0.5,0.04,0.06441717791411042,0.4,0.1,23.9,0.7361963190184049,0.7361963190184049,,1.0,1.5,0.7,5.6,2.9,0.8,1.7,0.2,5.8,,,,,,,1.0,3.0,
390758,Diego Valdés,Vélez Sarsfield,10079,AM,"CAM,RW",arg_a,Liga Profesional Argentina,112,1000000477,2026,32.0,Chile,179.0,1.705572,977.0,7.02,3.0,6.0,0.28,0.5527123848515865,3.1,0.28,3.4,0.32,0.2210849539406346,2.6,0.6,37.7,2.7635619242579326,2.7635619242579326,0.736949846468782,4.0,2.8,2.0,2.5,1.4,0.6,0.4,0.1,5.0,,,,,,,0.7,,
1736527,Alexandro Maidana,Talleres,10101,FB,"LB,LWB,LM",arg_a,Liga Profesional Argentina,112,1000000477,2026,21.0,Paraguay,178.0,3.231196,976.0,,3.0,,0.28,,0.5,0.05,0.2,,0.16598360655737704,0.9,0.4,,0.5532786885245902,0.5532786885245902,,,1.8,0.1,,,1.5,,0.1,,,,,,,,1.1,3.0,1.0
1653420,Matías Gallardo,Instituto,10090,CM,"CM,CDM",arg_a,Liga Profesional Argentina,112,1000000477,2026,22.0,Argentina,176.0,0.623183,964.0,7.18,2.0,1.0,0.19,0.09336099585062241,0.6,0.06,0.5,0.05,0.06535269709543567,1.5,0.3,40.3,0.8402489626556017,0.8402489626556017,,,3.3,0.8,7.2,4.9,1.2,0.8,0.3,6.8,,,,,,,1.5,3.0,1.0
1436221,Alan Sosa,Aldosivi,161728,CM,"CM,CDM,CAM",arg_a,Liga Profesional Argentina,112,1000000477,2026,23.0,Argentina,183.0,0.624406,964.0,7.03,1.0,1.0,0.09,0.09336099585062241,0.6,0.05,1.2,0.11,0.06535269709543567,2.3,0.6,38.6,1.3070539419087137,1.3070539419087137,0.09336099585062241,,3.1,1.8,6.4,2.6,2.3,1.3,0.2,9.6,,,,,,,0.7,2.0,1.0
1304246,Emiliano Viveros,Argentinos Juniors,10086,W,"LW,RW",arg_a,Liga Profesional Argentina,112,1000000477,2026,24.0,Argentina,178.0,1.058734,952.0,6.73,1.0,2.0,0.09,0.18907563025210083,0.6,0.06,1.1,0.11,0.07563025210084033,1.3,0.4,30.9,1.0399159663865547,1.0399159663865547,0.18907563025210083,,1.3,0.8,3.3,2.2,0.7,0.5,,4.6,,,,,,,1.4,1.0,
1685812,Joaquín Tobio Burgos,Estudiantes,10094,W,"LW,LM,RW",arg_a,Liga Profesional Argentina,112,1000000477,2026,21.0,Argentina,177.0,1.390004,951.0,6.97,1.0,3.0,0.09,0.28391167192429023,1.8,0.17,2.0,0.19,0.10410094637223977,2.0,0.9,22.1,2.8391167192429023,2.8391167192429023,0.47318611987381703,3.0,0.8,1.2,2.6,0.9,0.8,0.8,0.2,4.3,,,,,,,0.8,,
859754,Gabriel Neves,Estudiantes,10094,DM,"CDM,CM",arg_a,Liga Profesional Argentina,112,1000000477,2026,29.0,Uruguay,171.0,0.946467,939.0,7.03,,,,,0.4,0.04,0.7,0.07,0.11501597444089456,0.7,0.2,59.1,1.8210862619808306,1.8210862619808306,0.19169329073482427,,5.9,0.3,6.8,3.4,0.8,2.6,0.1,7.8,,,,,,,0.5,2.0,
1372218,Walter Núñez,Newell's Old Boys,10201,W,"LW,ST",arg_a,Liga Profesional Argentina,112,1000000477,2026,23.0,Argentina,177.0,0.961431,937.0,6.43,1.0,1.0,0.1,0.096051227321238,1.4,0.13,1.1,0.11,0.10565635005336181,1.6,0.4,15.3,1.152614727854856,1.152614727854856,0.384204909284952,,1.2,2.1,3.7,2.3,0.7,0.7,0.1,5.6,,,,,,,1.7,2.0,
306126,Leandro Fernández,Defensa y Justicia,161730,ST,ST,arg_a,Liga Profesional Argentina,112,1000000477,2026,35.0,Argentina,179.0,0.456954,933.0,6.89,3.0,1.0,0.29,0.09646302250803858,2.8,0.27,1.1,0.1,0.1639871382636656,3.3,1.0,13.9,1.7363344051446945,1.7363344051446945,0.28938906752411575,4.0,2.0,1.4,2.0,0.8,0.2,1.1,,3.1,,,,,,,1.4,3.0,
495383,Yonatthan Rak,Barracas Central,213534,CB,CB,arg_a,Liga Profesional Argentina,112,1000000477,2026,33.0,Uruguay,188.0,0.281443,931.0,,,,,,0.0,,0.2,,,,,,0.2900107411385607,0.2900107411385607,0.0966702470461869,,,,,,,,,,,,,,,,,,
1098367,Nahuel Banegas,Independiente,10078,FB,LB,arg_a,Liga Profesional Argentina,112,1000000477,2026,30.0,Argentina,,0.761977,930.0,,,,,,1.7,0.17,1.0,,0.05806451612903226,1.2,0.4,,1.064516129032258,1.064516129032258,0.0967741935483871,1.0,1.1,1.0,,,1.1,,0.3,,,,,,,,1.4,3.0,
1219709,Joaquín Pombo,Aldosivi,161728,CB,CB,arg_a,Liga Profesional Argentina,112,1000000477,2026,25.0,Argentina,192.0,0.709387,929.0,,1.0,,,,0.5,,0.0,,0.0968783638320775,,,,,,,,,,,,,,,,,,,,,,,2.0,1.0
1606009,Valentín Fascendini,Talleres,10101,CB,CB,arg_a,Liga Profesional Argentina,112,1000000477,2026,23.0,Argentina,184.0,1.374316,919.0,,,,,,0.2,,0.1,,,,,,0.29379760609357997,0.29379760609357997,,,,,,,,,,,,,,,,,,4.0,1.0
1219978,Ulises Sánchez,Gimnasia Mendoza,568727,CM,"CM,CDM,RM,CAM",arg_a,Liga Profesional Argentina,112,1000000477,2026,28.0,Argentina,167.0,0.911777,918.0,,,,,,0.5,0.05,1.1,0.11,0.0392156862745098,2.1,0.6,26.2,1.4705882352941178,1.4705882352941178,0.09803921568627451,,6.0,1.2,4.2,2.6,0.1,1.2,0.3,5.6,,,,,,,1.4,3.0,
1843096,Facundo Jainikoski,Argentinos Juniors,10086,W,LW,arg_a,Liga Profesional Argentina,112,1000000477,2026,18.0,Argentina,178.0,2.294413,917.0,6.47,1.0,2.0,0.1,0.19629225736095965,2.0,0.2,1.8,0.18,0.19629225736095965,2.6,0.6,17.2,1.2758996728462377,1.2758996728462377,0.19629225736095965,,0.5,1.8,2.5,1.8,0.4,0.2,0.1,5.8,,,,,,,1.2,,
1685811,Santiago Esquivel,Banfield,10087,CM,"CM,CDM",arg_a,Liga Profesional Argentina,112,1000000477,2026,22.0,Argentina,,0.836643,913.0,6.6,,,,,0.1,0.01,0.8,0.08,,0.5,,28.6,0.6900328587075575,0.6900328587075575,0.09857612267250822,,2.2,0.7,7.0,3.3,2.0,1.5,0.3,6.2,,,,,,,1.9,3.0,1.0
730647,Maximiliano Salas,Independiente Rivadavia,161729,ST,ST,arg_a,Liga Profesional Argentina,112,1000000477,2026,28.0,Argentina,174.0,2.346024,911.0,6.68,1.0,1.0,0.1,0.09879253567508232,3.5,0.35,1.2,0.12,0.1778265642151482,3.5,1.2,20.8,1.481888035126235,1.481888035126235,0.3951701427003293,5.0,2.3,1.1,2.6,1.0,0.3,1.3,,4.2,,,,,,,2.0,4.0,
1221037,Bautista Barros Schelotto,Gimnasia LP,10103,FB,"RB,LB",arg_a,Liga Profesional Argentina,112,1000000477,2026,26.0,Argentina,181.0,0.311071,904.0,,1.0,1.0,0.1,0.09955752212389381,0.9,0.09,1.3,,0.09955752212389381,0.5,0.1,,1.4933628318584071,1.4933628318584071,0.29867256637168144,,1.6,0.1,,,1.5,,,,,,,,,,0.9,3.0,
905265,Kevin Gutiérrez,Argentinos Juniors,10086,DM,"CDM,CM,CB",arg_a,Liga Profesional Argentina,112,1000000477,2026,29.0,Argentina,168.0,2.07265,902.0,,1.0,,,,0.2,,0.5,,0.02993348115299335,,,,0.6984478935698448,0.6984478935698448,0.09977827050997783,,,,,,,,,,,,,,,,,1.0,
1206551,Manuel Panaro,Gimnasia LP,10103,W,"LW,RW",arg_a,Liga Profesional Argentina,112,1000000477,2026,23.0,Argentina,181.0,1.814527,901.0,6.4,1.0,1.0,0.1,0.09988901220865705,1.8,0.18,0.8,0.08,0.1598224195338513,2.3,0.7,13.4,0.5993340732519423,0.5993340732519423,0.09988901220865705,5.0,0.6,1.4,3.4,1.2,0.5,1.5,0.2,4.4,,,,,,,1.3,3.0,1.0
955274,Gianluca Ferrari,Atlético Tucumán,161727,CB,CB,arg_a,Liga Profesional Argentina,112,1000000477,2026,29.0,Argentina,181.0,0.439833,901.0,,,1.0,,0.09988901220865705,0.8,,0.7,,0.03995560488346282,,,,0.5993340732519423,0.5993340732519423,0.09988901220865705,2.0,,,,,,,,,,,,,,,,2.0,
1582679,Ian Subiabre,Tigre,89396,W,"LW,RW,LM,RM",arg_a,Liga Profesional Argentina,112,1000000477,2026,19.0,Argentina,174.0,,900.0,6.62,1.0,2.0,0.1,0.2,1.6,0.16,1.8,0.18,0.16,2.2,0.7,24.0,1.7,1.7,0.2,2.0,0.9,2.1,2.4,1.1,0.7,0.5,0.1,4.5,,,,,,,2.3,4.0,
926330,Juan Cozzani,Club Atlético Platense,10089,GK,GK,arg_a,Liga Profesional Argentina,112,1000000477,2026,28.0,Argentina,184.0,2.055922,900.0,,,,,,,,0.0,,,,,,,,,,,,,,,,,,,1.0,,,,,,,
1644153,Mateo Mendía,Club Atlético Platense,10089,CB,CB,arg_a,Liga Profesional Argentina,112,1000000477,2026,22.0,Argentina,191.0,0.573537,900.0,,,,,,0.4,,0.1,,0.03,,,,0.3,0.3,,1.0,,,,,,,,,,,,,,,,3.0,
174321,Nicolás Otamendi,River Plate,10076,CB,CB,arg_a,Liga Profesional Argentina,112,1000000477,2026,38.0,Argentina,183.0,1.194681,900.0,,,,,,0.3,,0.1,,0.03,,,,0.1,0.1,,,,,,,,,,,,,,,,,,2.0,
1509418,Julián Mavilla,Sarmiento,202757,W,"LM,CAM",arg_a,Liga Profesional Argentina,112,1000000477,2026,26.0,Argentina,179.0,0.534322,899.0,,4.0,1.0,0.4,0.10011123470522804,1.5,0.15,0.7,0.07,0.26028921023359286,1.4,0.8,18.3,1.6017797552836486,1.6017797552836486,0.20022246941045607,,1.7,1.9,3.8,1.8,0.7,1.1,0.2,5.0,,,,,,,0.4,1.0,
1898458,Facundo Kalinger,Huracán,10081,W,"LW,RW,CAM,CM",arg_a,Liga Profesional Argentina,112,1000000477,2026,21.0,Argentina,176.0,0.863866,898.0,6.68,,1.0,,0.10022271714922049,1.7,0.17,0.3,0.03,0.14031180400890866,1.7,0.6,23.7,0.8017817371937639,0.8017817371937639,0.10022271714922049,3.0,0.7,0.7,4.4,2.4,1.2,0.8,,4.1,,,,,,,1.5,1.0,
922919,Darío Cáceres,Central Córdoba de Santiago,213596,FB,"LB,LWB",arg_a,Liga Profesional Argentina,112,1000000477,2026,28.0,Paraguay,176.0,0.450014,898.0,,,,,,0.3,0.03,1.3,0.13,0.01002227171492205,0.8,0.1,33.3,2.2048997772828507,2.2048997772828507,,,2.1,1.1,6.3,1.5,2.0,2.3,0.5,4.0,,,,,,,0.4,1.0,
1499651,Dylan Aquino,,10082,W,,arg_a,Liga Profesional Argentina,112,1000000477,2026,,,,,894.0,6.95,6.0,2.0,0.6,0.20134228187919462,3.7,0.37,2.0,0.2,0.5134228187919463,3.4,1.3,25.2,2.0134228187919465,2.0134228187919465,0.40268456375838924,2.0,1.2,2.3,3.7,2.3,0.9,0.4,0.1,5.1,,,,,,,1.7,5.0,
1644112,Juan Velázquez,Belgrano,10092,W,"LW,LM",arg_a,Liga Profesional Argentina,112,1000000477,2026,21.0,Argentina,177.0,1.629787,894.0,6.68,,,,,0.3,0.03,1.7,0.17,,0.6,,28.0,1.2080536912751678,1.2080536912751678,0.20134228187919462,,0.6,0.4,4.4,2.1,1.4,0.9,,5.0,,,,,,,0.4,1.0,
832032,Matías Sepúlveda,Lanús,10082,W,"RW,LM,RM,CM",arg_a,Liga Profesional Argentina,112,1000000477,2026,27.0,Chile,185.0,0.896933,892.0,6.71,,2.0,,0.20179372197309417,0.6,0.06,2.3,0.23,0.020179372197309416,1.5,0.3,31.1,2.8251121076233185,2.8251121076233185,0.5044843049327354,1.0,1.4,0.7,4.5,1.3,1.1,1.8,0.3,4.6,,,,,,,1.4,4.0,
1783366,Giovanni Baroni,Talleres,10101,AM,"CAM,RW,RM,CDM",arg_a,Liga Profesional Argentina,112,1000000477,2026,17.0,Argentina,186.0,,891.0,6.66,,3.0,,0.30303030303030304,1.0,0.1,1.4,0.14,0.04040404040404041,1.8,0.6,26.6,1.6161616161616161,1.6161616161616161,0.30303030303030304,1.0,1.6,1.0,2.5,1.8,0.1,0.5,0.1,4.3,,,,,,,1.0,1.0,
1266877,Martín Ortega,Newell's Old Boys,10201,FB,RB,arg_a,Liga Profesional Argentina,112,1000000477,2026,27.0,Argentina,183.0,0.620651,890.0,,,2.0,,0.20224719101123595,0.7,,0.6,,0.07078651685393257,,,,0.8089887640449438,0.8089887640449438,0.10112359550561797,1.0,,,,,,,,,,,,,,,,2.0,
994918,Tomás Fernández,Aldosivi,161728,W,"RW,ST,CAM",arg_a,Liga Profesional Argentina,112,1000000477,2026,28.0,Argentina,176.0,0.3173,887.0,6.73,3.0,3.0,0.3,0.3043968432919955,2.8,0.28,0.8,0.08,0.2638105975197294,2.3,1.0,11.0,1.5219842164599775,1.5219842164599775,0.40586245772266066,5.0,0.7,0.8,3.2,2.4,0.3,0.5,,4.2,,,,,,,1.9,4.0,
1404859,Maximiliano Gutiérrez,,10078,W,,arg_a,Liga Profesional Argentina,112,1000000477,2026,,,,,880.0,,3.0,2.0,0.31,0.20454545454545456,1.8,0.18,2.4,0.24,0.11250000000000002,2.5,0.6,12.9,1.3295454545454546,1.3295454545454546,0.5113636363636364,4.0,0.3,1.9,2.9,1.2,0.7,0.9,,3.2,,,,,,,1.0,1.0,
832836,Matías Tissera,Instituto,10090,ST,ST,arg_a,Liga Profesional Argentina,112,1000000477,2026,30.0,Argentina,174.0,0.376916,874.0,6.45,2.0,1.0,0.21,0.10297482837528604,4.4,0.45,0.3,0.03,0.40160183066361554,2.4,0.9,11.6,0.8237986270022883,0.8237986270022883,,8.0,0.5,0.1,1.1,0.4,,0.6,0.1,2.4,,,,,,,0.9,2.0,
1238746,Manuel García,Sarmiento,202757,CM,"CM,CDM,CB",arg_a,Liga Profesional Argentina,112,1000000477,2026,27.0,Argentina,,0.712425,873.0,,,,,,0.0,0.0,0.2,,,0.2,,,0.30927835051546393,0.30927835051546393,,,2.2,0.5,,,0.9,,,,,,,,,,2.8,3.0,
1362517,Rodrigo Atencio,Independiente Rivadavia,161729,AM,"CAM,RM",arg_a,Liga Profesional Argentina,112,1000000477,2026,24.0,Argentina,175.0,1.734874,872.0,6.75,,4.0,,0.41284403669724773,0.8,0.08,2.2,0.23,0.010321100917431193,1.7,0.2,34.9,1.7545871559633028,1.7545871559633028,0.5160550458715596,1.0,3.8,1.5,1.0,0.8,0.1,0.1,,5.7,,,,,,,0.9,,
725483,Luciano Gómez,Independiente Rivadavia,161729,FB,"LB,LWB,RWB,RB",arg_a,Liga Profesional Argentina,112,1000000477,2026,30.0,Argentina,164.0,0.334596,871.0,7.02,1.0,3.0,0.1,0.3099885189437428,0.2,0.02,1.5,0.15,0.10332950631458095,0.6,0.3,27.8,1.5499425947187142,1.5499425947187142,0.4133180252583238,,2.5,1.7,3.8,1.7,0.6,1.3,0.2,5.8,,,,,,,1.4,2.0,
972814,Manuel Insaurralde,San Lorenzo,10083,DM,"CDM,CM",arg_a,Liga Profesional Argentina,112,1000000477,2026,27.0,Argentina,176.0,0.603271,870.0,,1.0,,,,0.2,,0.2,,0.020689655172413793,,,,0.6206896551724138,0.6206896551724138,,,,,,,,,,,,,,,,,,1.0,1.0
874622,Nicolás Linares,Aldosivi,161728,CM,"CM,CB",arg_a,Liga Profesional Argentina,112,1000000477,2026,30.0,Argentina,175.0,0.435571,870.0,,,,,,0.1,,0.1,,0.020689655172413793,,,,0.10344827586206896,0.10344827586206896,,,,,,,,,,,,,,,,,,2.0,
751138,Gonzalo Maroni,Barracas Central,213534,ST,"ST,CAM,LW,CM",arg_a,Liga Profesional Argentina,112,1000000477,2026,27.0,Argentina,175.0,1.091717,869.0,6.55,2.0,,0.21,,1.7,0.18,0.9,0.1,0.21749136939010358,2.1,0.8,28.7,1.4499424626006905,1.4499424626006905,0.20713463751438435,3.0,1.3,2.5,1.7,1.0,0.4,0.2,,5.1,,,,,,,2.4,7.0,
1660382,Santiago Daniele,Banfield,10087,CB,CB,arg_a,Liga Profesional Argentina,112,1000000477,2026,20.0,Argentina,183.0,0.619816,865.0,,,1.0,,0.10404624277456648,0.9,,0.1,,0.07283236994219652,,,,0.10404624277456648,0.10404624277456648,,2.0,,,,,,,,,,,,,,,,1.0,
740126,Bautista Merlini,Club Atlético Platense,10089,AM,"CAM,ST,CM,CDM",arg_a,Liga Profesional Argentina,112,1000000477,2026,31.0,Argentina,179.0,0.266141,863.0,6.64,3.0,1.0,0.31,0.10428736964078796,2.7,0.28,2.3,0.24,0.3128621089223638,2.0,0.8,40.3,1.772885283893395,1.772885283893395,0.3128621089223638,2.0,1.1,1.1,1.6,1.3,0.3,,,5.9,,,,,,,1.0,,
1765407,Dilan Godoy,Vélez Sarsfield,10079,ST,"ST,LW",arg_a,Liga Profesional Argentina,112,1000000477,2026,20.0,Argentina,,1.415158,862.0,6.66,,3.0,,0.31322505800464034,3.4,0.36,0.8,0.08,0.16705336426914152,2.7,0.8,17.0,1.4617169373549883,1.4617169373549883,0.31322505800464034,7.0,0.5,0.6,3.2,1.5,0.7,0.8,0.2,3.1,,,,,,,1.4,2.0,
168390,Rubén Botta,,161730,AM,,arg_a,Liga Profesional Argentina,112,1000000477,2026,,,,,859.0,,1.0,1.0,,0.10477299185098952,2.0,,1.4,,0.2619324796274738,,,,1.7811408614668218,1.7811408614668218,0.31431897555296856,1.0,,,,,,,,,,,,,,,,3.0,1.0
522203,Federico Ricca,Belgrano,10092,FB,"LB,CB",arg_a,Liga Profesional Argentina,112,1000000477,2026,31.0,Uruguay,179.0,0.353567,851.0,,,,,,0.3,,0.5,,0.010575793184488837,,,,0.42303172737955347,0.42303172737955347,0.10575793184488837,,,,,,,,,,,,,,,,,1.0,1.0
113608,Diego Churín,Sarmiento,202757,ST,ST,arg_a,Liga Profesional Argentina,112,1000000477,2026,36.0,Argentina,187.0,0.364973,849.0,6.52,2.0,,0.21,,2.5,0.27,0.3,0.03,0.2226148409893993,1.9,0.6,17.0,0.8480565371024735,0.8480565371024735,,4.0,0.7,1.0,4.0,1.7,0.1,2.2,,3.1,,,,,,,1.9,2.0,1.0
1336567,Kevin Ortíz,Atlético Tucumán,161727,CM,"CM,CDM",arg_a,Liga Profesional Argentina,112,1000000477,2026,26.0,Argentina,175.0,0.836228,842.0,,,1.0,,0.10688836104513064,0.2,0.02,0.6,0.06,0.0,0.6,0.1,32.0,0.7482185273159145,0.7482185273159145,0.10688836104513064,,3.4,0.5,6.5,3.4,1.6,1.3,0.2,5.9,,,,,,,1.4,1.0,1.0
1217961,Luciano Cingolani,Gimnasia Mendoza,568727,W,"RW,LW",arg_a,Liga Profesional Argentina,112,1000000477,2026,25.0,Argentina,172.0,0.436258,840.0,6.77,1.0,1.0,0.11,0.10714285714285714,1.1,0.11,1.3,0.14,0.18214285714285713,2.1,1.1,18.1,2.0357142857142856,2.0357142857142856,0.42857142857142855,2.0,1.2,1.0,2.6,1.8,0.5,0.2,,3.2,,,,,,,1.3,5.0,
727099,Facundo Mallo,Rosario Central,10084,CB,CB,arg_a,Liga Profesional Argentina,112,1000000477,2026,31.0,Uruguay,186.0,0.637782,837.0,,,,,,0.0,0.0,0.1,,,0.1,,,0.3225806451612903,0.3225806451612903,,,2.5,0.2,,,1.4,,1.3,,,,,,,,1.0,3.0,
561146,José Devecchi,San Lorenzo,10083,GK,GK,arg_a,Liga Profesional Argentina,112,1000000477,2026,31.0,Argentina,189.0,0.279206,837.0,,,,,,,,0.0,,,,,,,,,,,,,,,,,,,3.0,,,,,,2.0,
315235,Lautaro Giannetti,Newell's Old Boys,10201,CB,CB,arg_a,Liga Profesional Argentina,112,1000000477,2026,32.0,Argentina,184.0,0.864553,836.0,,,,,,0.2,,0.1,,,,,,0.1076555023923445,0.1076555023923445,,,,,,,,,,,,,,,,,,1.0,
561038,Néstor Breitenbruch,Aldosivi,161728,CB,CB,arg_a,Liga Profesional Argentina,112,1000000477,2026,31.0,Argentina,183.0,0.25952,835.0,,,,,,0.0,,0.3,,,,,,0.4311377245508982,0.4311377245508982,,,,,,,,,,,,,,,,,,1.0,
1244348,Ignacio Rodríguez,Racing Club,10080,FB,"LB,LWB",arg_a,Liga Profesional Argentina,112,1000000477,2026,24.0,Argentina,176.0,,834.0,,1.0,,,,0.5,,2.2,,0.02158273381294964,,,,1.4028776978417266,1.4028776978417266,0.2158273381294964,1.0,,,,,,,,,,,,,,,,2.0,
1237690,Marco Pellegrino,Boca Juniors,10077,CB,CB,arg_a,Liga Profesional Argentina,112,1000000477,2026,24.0,Argentina,184.0,4.210677,833.0,,,,,,0.2,,0.0,,,,,,0.10804321728691477,0.10804321728691477,,,,,,,,,,,,,,,,,,1.0,
1250316,Santiago Moya,Aldosivi,161728,CB,"CB,RB",arg_a,Liga Profesional Argentina,112,1000000477,2026,23.0,Argentina,187.0,0.823376,833.0,,1.0,1.0,,0.10804321728691477,0.4,,0.1,,0.06482593037214886,,,,0.5402160864345739,0.5402160864345739,0.21608643457382953,1.0,,,,,,,,,,,,,,,,2.0,
1200664,Lucas Besozzi,Lanús,10082,W,"LW,RW",arg_a,Liga Profesional Argentina,112,1000000477,2026,23.0,Argentina,176.0,0.770551,830.0,6.57,,2.0,,0.21686746987951808,0.6,0.07,1.3,0.15,0.08674698795180723,0.7,0.3,34.8,1.5180722891566265,1.5180722891566265,0.3253012048192771,,0.8,2.4,3.8,1.7,0.9,1.2,,6.8,,,,,,,0.4,2.0,
892643,Luciano Herrera,,10201,ST,,arg_a,Liga Profesional Argentina,112,1000000477,2026,,,,,830.0,6.36,,1.0,,0.10843373493975904,2.1,0.23,0.6,0.06,0.3253012048192771,2.1,0.8,9.1,0.43373493975903615,0.43373493975903615,0.10843373493975904,3.0,0.3,2.0,3.7,1.0,0.7,2.0,0.1,5.0,,,,,,,3.6,4.0,
1271801,Matías Reali,San Lorenzo,10083,AM,"CAM,LM,LW",arg_a,Liga Profesional Argentina,112,1000000477,2026,28.0,Argentina,165.0,1.110012,825.0,6.73,,1.0,,0.10909090909090909,1.2,0.13,1.9,0.21,0.14181818181818182,1.6,0.8,17.1,3.272727272727273,3.272727272727273,0.21818181818181817,3.0,0.7,0.7,4.1,2.3,1.3,0.4,0.1,3.2,,,,,,,1.2,2.0,1.0
1274326,Adrián Fernández,Racing Club,10080,CM,"CM,CAM,LW",arg_a,Liga Profesional Argentina,112,1000000477,2026,25.0,Argentina,183.0,,824.0,,1.0,1.0,0.11,0.10922330097087378,0.8,0.09,1.4,0.16,0.1529126213592233,1.6,0.4,23.6,1.2014563106796117,1.2014563106796117,0.21844660194174756,,1.9,1.9,4.3,2.6,0.7,0.9,0.1,6.2,,,,,,,2.1,4.0,1.0
1516002,Tiago Cravero,Central Córdoba de Santiago,213596,CM,"CM,CDM",arg_a,Liga Profesional Argentina,112,1000000477,2026,24.0,Argentina,176.0,0.534195,821.0,6.51,,,,,0.1,0.01,0.1,0.01,,0.3,,26.3,0.10962241169305725,0.10962241169305725,,,2.7,0.1,8.2,3.0,2.9,2.4,,4.2,,,,,,,1.4,2.0,
1373618,Gonzalo González,Estudiantes de Río Cuarto,213591,W,"RW,RWB,RM",arg_a,Liga Profesional Argentina,112,1000000477,2026,23.0,Argentina,,0.577395,821.0,,,,,,0.3,,0.1,,,,,,0.10962241169305725,0.10962241169305725,,,,,,,,,,,,,,,,,,1.0,
742643,Nicolás Benegas,Deportivo Riestra,298629,ST,ST,arg_a,Liga Profesional Argentina,112,1000000477,2026,30.0,Argentina,186.0,0.492781,819.0,6.31,1.0,,0.11,,3.0,0.33,1.0,0.11,0.32967032967032966,3.6,1.6,10.9,0.8791208791208791,0.8791208791208791,0.10989010989010989,2.0,0.7,1.0,3.5,1.4,0.3,1.2,0.5,3.5,,,,,,,3.4,6.0,
957220,Adolfo Gaich,Estudiantes,10094,ST,ST,arg_a,Liga Profesional Argentina,112,1000000477,2026,27.0,Argentina,190.0,0.985279,811.0,,4.0,2.0,0.44,0.2219482120838471,3.3,0.36,0.4,0.05,0.33292231812577067,2.9,1.0,12.1,1.1097410604192355,1.1097410604192355,0.2219482120838471,5.0,0.1,0.4,1.3,0.7,0.1,0.6,,1.9,,,,,,,2.3,1.0,
800702,Lucas Bruera,Estudiantes de Río Cuarto,213591,GK,GK,arg_a,Liga Profesional Argentina,112,1000000477,2026,28.0,Argentina,184.0,0.283086,810.0,,,,,,,,0.0,,,,,,,,,,,,,,,,,,,3.0,,,,,,1.0,
1112939,Bruno Cabrera,Newell's Old Boys,10201,CB,CB,arg_a,Liga Profesional Argentina,112,1000000477,2026,29.0,Argentina,180.0,0.557141,809.0,,1.0,,0.11,,0.3,0.04,0.1,,0.0,0.9,0.1,,0.11124845488257108,0.11124845488257108,0.11124845488257108,,3.7,,,,1.2,,0.4,,,,,,,,1.1,,1.0
1383667,Franco Watson,Lanús,10082,AM,"CAM,RW",arg_a,Liga Profesional Argentina,112,1000000477,2026,24.0,Argentina,,0.669754,807.0,6.55,,,,,1.8,0.2,1.2,0.14,0.13382899628252787,2.2,0.7,35.5,1.6728624535315986,1.6728624535315986,0.11152416356877323,3.0,1.6,0.8,2.5,1.2,0.3,0.6,0.3,3.9,,,,,,,1.0,1.0,
1683398,Ignacio Campo,Huracán,10081,FB,RB,arg_a,Liga Profesional Argentina,112,1000000477,2026,21.0,Argentina,179.0,0.931439,806.0,,1.0,1.0,,0.11166253101736973,0.2,,0.2,,0.011166253101736972,,,,0.3349875930521092,0.3349875930521092,,,,,,,,,,,,,,,,,,5.0,
847984,Tomás Belmonte,Boca Juniors,10077,CM,"CM,CDM,RM",arg_a,Liga Profesional Argentina,112,1000000477,2026,28.0,Argentina,181.0,2.018972,801.0,,1.0,1.0,0.11,0.11235955056179775,1.1,0.12,0.3,0.04,0.06741573033707865,1.2,0.2,41.5,0.33707865168539325,0.33707865168539325,,1.0,1.7,0.2,5.7,1.5,2.0,2.0,0.2,3.5,,,,,,,1.5,4.0,
1108622,Facundo Farías,San Lorenzo,10083,AM,"CAM,ST,RW",arg_a,Liga Profesional Argentina,112,1000000477,2026,24.0,Argentina,175.0,2.13557,799.0,,1.0,,0.11,,2.2,0.25,1.1,0.12,0.20275344180225283,2.8,1.0,29.7,2.0275344180225283,2.0275344180225283,0.22528160200250313,2.0,1.8,1.8,1.6,1.1,0.2,0.2,,4.3,,,,,,,0.9,,
1144961,Gastón Hernández,San Lorenzo,10083,CB,CB,arg_a,Liga Profesional Argentina,112,1000000477,2026,28.0,Argentina,185.0,2.463678,799.0,,,,,,0.2,,0.1,,,,,,,,,1.0,,,,,,,,,,,,,,,,2.0,
1233748,David Romero,,89396,ST,,arg_a,Liga Profesional Argentina,112,1000000477,2026,,,,,798.0,,7.0,2.0,,0.22556390977443608,4.3,,0.2,,0.6879699248120301,,,,0.9022556390977443,0.9022556390977443,0.22556390977443608,6.0,,,,,,,,,,,,,,,,1.0,
1242173,Tobías Ostchega,,213591,FB,,arg_a,Liga Profesional Argentina,112,1000000477,2026,,,,,797.0,,,,,,0.6,,0.5,,0.02258469259723965,,,,0.33877038895859474,0.33877038895859474,,,,,,,,,,,,,,,,,,2.0,
1609545,Jeremías Lázaro,Instituto,10090,AM,"CAM,RW",arg_a,Liga Profesional Argentina,112,1000000477,2026,22.0,Argentina,,0.747993,794.0,6.84,2.0,4.0,0.23,0.4534005037783375,2.0,0.23,2.8,0.32,0.1586901763224181,2.4,0.5,23.7,2.720403022670025,2.720403022670025,0.7934508816120907,1.0,1.1,2.0,3.9,2.5,0.7,0.7,,6.2,,,,,,,0.9,2.0,
809620,Leonardo Heredia,Club Atlético Platense,10089,ST,"ST,CAM",arg_a,Liga Profesional Argentina,112,1000000477,2026,30.0,Argentina,185.0,1.014164,793.0,6.27,,,,,1.3,0.15,0.2,0.02,0.1021437578814628,2.3,0.7,12.1,0.6809583858764187,0.6809583858764187,,2.0,0.5,0.5,2.5,0.5,1.0,1.0,,2.3,,,,,,,1.5,3.0,
438183,Germán Conti,Gimnasia LP,10103,CB,CB,arg_a,Liga Profesional Argentina,112,1000000477,2026,32.0,Argentina,193.0,0.275462,781.0,,1.0,,,,0.8,,0.2,,0.09218950064020487,,,,0.23047375160051217,0.23047375160051217,,,,,,,,,,,,,,,,,,1.0,1.0
974894,Marcelo Weigandt,,10077,FB,,arg_a,Liga Profesional Argentina,112,1000000477,2026,,,,,772.0,,,,,,0.2,,1.3,,0.0,,,,1.6321243523316062,1.6321243523316062,0.11658031088082901,,,,,,,,,,,,,,,,,1.0,
845263,Franco Pardo,,10080,CB,,arg_a,Liga Profesional Argentina,112,1000000477,2026,,,,,770.0,,,,,,0.3,0.03,0.0,,0.046753246753246755,0.4,0.1,,,,,,4.4,0.2,,,1.1,,0.4,,,,,,,,0.7,3.0,
1364125,Fabricio Iacovich,Estudiantes,10094,GK,GK,arg_a,Liga Profesional Argentina,112,1000000477,2026,24.0,Argentina,198.0,0.678536,765.0,,,,,,,,0.0,,,,,,,,,,,,,,,,,,,3.0,,,,,,,
723495,Facundo Cobos,Estudiantes de Río Cuarto,213591,FB,"LB,LWB",arg_a,Liga Profesional Argentina,112,1000000477,2026,33.0,Argentina,178.0,0.242708,764.0,,1.0,,,,0.5,,0.5,,0.10602094240837696,,,,1.0602094240837696,1.0602094240837696,,,,,,,,,,,,,,,,,,1.0,
727095,Ignacio Ramírez,Newell's Old Boys,10201,ST,ST,arg_a,Liga Profesional Argentina,112,1000000477,2026,29.0,Uruguay,180.0,1.163062,763.0,6.55,4.0,1.0,0.47,0.11795543905635648,3.2,0.38,0.5,0.05,0.4836173001310615,2.2,1.1,9.8,0.47182175622542594,0.47182175622542594,0.11795543905635648,4.0,0.1,0.2,2.2,1.2,,0.9,0.1,2.2,,,,,,,1.5,,
1644461,Yoshan Valois,Lanús,10082,ST,ST,arg_a,Liga Profesional Argentina,112,1000000477,2026,22.0,Colombia,188.0,1.544845,761.0,6.37,4.0,1.0,0.47,0.11826544021024968,2.9,0.34,0.5,0.06,0.2483574244415243,1.9,0.7,13.4,1.1826544021024967,1.1826544021024967,0.23653088042049936,3.0,0.4,0.6,1.5,0.2,,0.9,0.4,2.4,,,,,,,3.1,2.0,
1213652,Juan Barinaga,Racing Club,10080,FB,RB,arg_a,Liga Profesional Argentina,112,1000000477,2026,25.0,Argentina,176.0,2.216143,759.0,,,,,,0.0,,0.8,,0.0,,,,0.4743083003952569,0.4743083003952569,0.11857707509881422,,,,,,,,,,,,,,,,,1.0,
529351,Ezequiel Ham,Atlético Tucumán,161727,DM,"CDM,CM,CAM",arg_a,Liga Profesional Argentina,112,1000000477,2026,32.0,Syria,173.0,0.25428,757.0,6.54,,1.0,,0.11889035667107001,1.2,0.14,1.6,0.19,0.011889035667107,1.4,0.1,29.4,1.3077939233817701,1.3077939233817701,0.23778071334214002,1.0,1.8,0.6,3.4,1.2,1.1,1.1,0.1,4.3,,,,,,,0.4,3.0,
1398373,Ignacio Sabatini,Gimnasia Mendoza,568727,W,"RW,ST",arg_a,Liga Profesional Argentina,112,1000000477,2026,27.0,Argentina,,0.500632,757.0,,1.0,2.0,0.12,0.23778071334214002,2.1,0.25,1.3,,0.23778071334214002,2.4,0.7,,1.1889035667107002,1.1889035667107002,0.23778071334214002,3.0,0.4,0.7,,,,,0.2,,,,,,,,1.7,1.0,1.0
1437343,Nahuel Barboza,Gimnasia Mendoza,568727,CM,"CM,CDM",arg_a,Liga Profesional Argentina,112,1000000477,2026,27.0,Argentina,,0.314646,755.0,6.36,,,,,0.0,0.0,0.1,0.02,,0.1,,42.1,0.5960264900662252,0.5960264900662252,,,2.7,0.1,5.0,1.2,1.9,1.5,0.4,5.8,,,,,,,2.1,3.0,
1675394,Lisandro Piñero,Banfield,10087,W,LM,arg_a,Liga Profesional Argentina,112,1000000477,2026,19.0,Argentina,169.0,1.122676,753.0,6.48,,1.0,,0.11952191235059761,1.1,0.13,0.8,0.1,,1.3,,15.4,1.0756972111553784,1.0756972111553784,0.23904382470119523,,1.1,2.2,4.1,1.8,0.8,1.4,,4.9,,,,,,,1.2,3.0,
193937,Bruno Zuculini,,10080,DM,,arg_a,Liga Profesional Argentina,112,1000000477,2026,,,,,753.0,6.64,,1.0,,0.11952191235059761,0.3,0.04,0.5,0.06,,0.5,,26.5,0.47808764940239046,0.47808764940239046,0.11952191235059761,,1.0,0.5,6.0,3.7,1.0,1.1,0.2,5.3,,,,,,,1.3,3.0,
113615,Carlos Quintana,Deportivo Riestra,298629,CB,CB,arg_a,Liga Profesional Argentina,112,1000000477,2026,38.0,Argentina,190.0,0.559677,751.0,,,2.0,,0.2396804260985353,0.4,,0.3,,0.03595206391478029,,,,0.3595206391478029,0.3595206391478029,0.2396804260985353,1.0,,,,,,,,,,,,,,,,4.0,
741669,Bruno Sepúlveda,Club Atlético Platense,10089,ST,ST,arg_a,Liga Profesional Argentina,112,1000000477,2026,34.0,Argentina,188.0,0.316909,750.0,6.52,4.0,1.0,0.48,0.12,4.5,0.54,0.5,0.06,0.432,2.0,0.8,15.8,1.08,1.08,0.12,5.0,0.4,0.5,1.9,0.6,0.5,0.8,,3.5,,,,,,,1.7,2.0,
1899030,Leonel Flores,Boca Juniors,10077,W,"RW,ST",arg_a,Liga Profesional Argentina,112,1000000477,2026,19.0,Argentina,175.0,,748.0,,2.0,2.0,,0.24064171122994651,2.0,,1.1,,0.24064171122994651,,,,1.5641711229946524,1.5641711229946524,0.24064171122994651,5.0,,,,,,,,,,,,,,,,2.0,
1634835,Julián Ceballos,Gimnasia Mendoza,568727,W,"RM,CAM",arg_a,Liga Profesional Argentina,112,1000000477,2026,22.0,Argentina,161.0,0.851928,746.0,,,1.0,,0.12064343163538874,0.4,,0.4,,0.04825737265415549,,,,0.7238605898123325,0.7238605898123325,0.12064343163538874,,,,,,,,,,,,,,,,,2.0,
274528,Óscar Romero,Huracán,10081,AM,CAM,arg_a,Liga Profesional Argentina,112,1000000477,2026,34.0,Paraguay,176.0,0.270457,743.0,,2.0,,0.24,,2.2,0.27,1.1,0.13,0.24226110363391656,2.3,0.7,34.5,1.695827725437416,1.695827725437416,0.12113055181695828,,3.5,0.7,4.4,1.7,0.8,1.7,0.1,4.5,,,,,,,1.3,2.0,
1695058,Brandon Oviedo,Banfield,10087,CB,"CB,CM",arg_a,Liga Profesional Argentina,112,1000000477,2026,21.0,Argentina,183.0,0.786412,739.0,,,,,,0.1,,0.1,,,,,,,,,,,,,,,,,,,,,,,,,,
847986,Ignacio Méndez,Instituto,10090,DM,"CDM,CM",arg_a,Liga Profesional Argentina,112,1000000477,2026,29.0,Argentina,175.0,0.437834,738.0,,,1.0,,0.12195121951219512,0.3,0.04,0.6,0.07,,0.9,,38.7,0.6097560975609756,0.6097560975609756,,,3.4,1.1,4.5,1.6,1.1,1.6,0.2,4.6,,,,,,,1.2,3.0,
2099285,Lucas Ayala,Unión,10096,FB,LB,arg_a,Liga Profesional Argentina,112,1000000477,2026,19.0,Argentina,,,734.0,,,1.0,,0.1226158038147139,0.0,,0.3,,,,,,0.8583106267029973,0.8583106267029973,,,,,,,,,,,,,,,,,,2.0,
1648045,Franco Vázquez,Argentinos Juniors,10086,CB,CB,arg_a,Liga Profesional Argentina,112,1000000477,2026,21.0,Argentina,183.0,0.703918,733.0,,,,,,1.0,,0.4,,0.01227830832196453,,,,0.7366984993178718,0.7366984993178718,,2.0,,,,,,,,,,,,,,,,1.0,
1695460,Valentín Dávila,Talleres,10101,ST,ST,arg_a,Liga Profesional Argentina,112,1000000477,2026,19.0,Argentina,185.0,2.091897,731.0,6.63,4.0,,0.49,,3.8,0.46,0.2,0.02,0.5047879616963064,3.0,1.7,11.9,1.231190150478796,1.231190150478796,0.12311901504787962,3.0,0.9,0.6,3.7,1.5,,2.1,0.1,2.8,,,,,,,2.1,,
1276546,Franco Torres,Gimnasia LP,10103,W,"LW,RW",arg_a,Liga Profesional Argentina,112,1000000477,2026,27.0,Argentina,,0.352789,728.0,6.52,3.0,,0.37,,2.9,0.35,0.8,0.09,0.3585164835164835,2.3,1.0,15.0,1.8543956043956045,1.8543956043956045,0.4945054945054945,2.0,0.9,1.6,2.6,1.6,0.4,0.6,,4.0,,,,,,,1.9,4.0,
306504,Damián Martínez,Barracas Central,213534,FB,"RWB,RM,RB",arg_a,Liga Profesional Argentina,112,1000000477,2026,36.0,Argentina,177.0,0.345458,728.0,,1.0,,0.12,,0.7,0.09,0.5,,0.024725274725274724,0.9,0.1,,0.7417582417582418,0.7417582417582418,0.12362637362637363,3.0,1.2,0.1,,,0.9,,,,,,,,,,1.4,2.0,
1195812,Gonzalo Pérez,Lanús,10082,FB,"RB,CDM",arg_a,Liga Profesional Argentina,112,1000000477,2026,25.0,Uruguay,178.0,1.237388,725.0,,,1.0,,0.12413793103448276,0.1,0.02,1.2,,0.0,0.6,0.1,,0.7448275862068966,0.7448275862068966,0.2482758620689655,,3.4,0.1,,,0.5,,,,,,,,,,1.1,2.0,
209304,Lucas Rodríguez,Aldosivi,161728,FB,"LWB,LM,LB",arg_a,Liga Profesional Argentina,112,1000000477,2026,33.0,Argentina,169.0,0.25952,722.0,,,1.0,,0.12465373961218837,0.3,,1.0,,0.024930747922437674,,,,1.6204986149584488,1.6204986149584488,0.12465373961218837,,,,,,,,,,,,,,,,,1.0,
1439476,Eugenio Raggio,Club Atlético Platense,10089,CB,CB,arg_a,Liga Profesional Argentina,112,1000000477,2026,25.0,Argentina,,0.718787,720.0,,,,,,0.0,,0.0,,,,,,,,,,,,,,,,,,,,,,,,,2.0,
492209,Lucas Acosta,Aldosivi,161728,GK,GK,arg_a,Liga Profesional Argentina,112,1000000477,2026,31.0,Argentina,187.0,0.504347,720.0,,,,,,,,0.0,,,,,,0.125,0.125,,,,,,,,,,,,2.0,,,,,,,
1513003,Thyago Ayala,Sarmiento,202757,GK,GK,arg_a,Liga Profesional Argentina,112,1000000477,2026,25.0,Argentina,,,720.0,,,,,,,,0.1,,,,,,,,,,,,,,,,,,,3.0,,,,,,,
1643789,Agustín Seyral,Sarmiento,202757,CB,CB,arg_a,Liga Profesional Argentina,112,1000000477,2026,21.0,Argentina,191.0,0.664719,719.0,,,,,,0.2,,0.0,,,,,,,,,,,,,,,,,,,,,,,,,2.0,
1053392,Alan Velasco,Boca Juniors,10077,W,"LW,RW,CAM",arg_a,Liga Profesional Argentina,112,1000000477,2026,24.0,Argentina,167.0,2.100567,718.0,7.04,4.0,1.0,0.5,0.12534818941504178,2.2,0.28,1.0,0.13,0.26323119777158777,3.4,0.9,33.3,2.256267409470752,2.256267409470752,0.6267409470752089,2.0,1.8,1.8,3.4,2.5,0.5,0.4,,5.4,,,,,,,1.1,1.0,
1400295,Elías Cabrera,,89396,W,,arg_a,Liga Profesional Argentina,112,1000000477,2026,,,,,716.0,,,,,,1.6,,1.5,,0.08798882681564245,,,,1.8854748603351956,1.8854748603351956,0.3770949720670391,2.0,,,,,,,,,,,,,,,,2.0,
521334,Junior Arias,,161728,ST,,arg_a,Liga Profesional Argentina,112,1000000477,2026,,,,,715.0,,,,,,1.9,,0.4,,0.06293706293706294,,,,0.8811188811188811,0.8811188811188811,,2.0,,,,,,,,,,,,,,,,2.0,
129326,Franco Jara,,10090,ST,,arg_a,Liga Profesional Argentina,112,1000000477,2026,,,,,712.0,,1.0,1.0,,0.12640449438202248,3.6,,0.2,,0.30337078651685395,,,,0.7584269662921348,0.7584269662921348,0.12640449438202248,6.0,,,,,,,,,,,,,,,,2.0,
1083898,Agustín Lagos,Club Atlético Platense,10089,FB,RB,arg_a,Liga Profesional Argentina,112,1000000477,2026,25.0,Argentina,191.0,0.615044,710.0,,,1.0,,0.1267605633802817,0.9,0.11,0.6,,0.038028169014084505,0.6,0.1,,0.7605633802816901,0.7605633802816901,0.1267605633802817,1.0,2.0,1.6,,,1.8,,,,,,,,,,2.0,2.0,
1074976,Nazareno Colombo,Racing Club,10080,CB,CB,arg_a,Liga Profesional Argentina,112,1000000477,2026,27.0,Argentina,182.0,1.89045,708.0,,1.0,,0.13,,0.4,0.05,0.2,,0.05084745762711865,1.0,0.1,,0.3813559322033898,0.3813559322033898,,,6.2,0.4,,,0.9,,0.4,,,,,,,,1.4,4.0,
918846,Gastón Verón,Argentinos Juniors,10086,ST,ST,arg_a,Liga Profesional Argentina,112,1000000477,2026,25.0,Argentina,184.0,1.144769,703.0,,5.0,,,,3.8,,0.3,,0.46088193456614507,,,,0.6401137980085349,0.6401137980085349,,6.0,,,,,,,,,,,,,,,,,
432950,Ángel Correa,River Plate,10076,AM,"CAM,RW,ST,LW,LM",arg_a,Liga Profesional Argentina,112,1000000477,2026,31.0,Argentina,173.0,5.60693,702.0,,3.0,2.0,,0.2564102564102564,2.9,,2.0,,0.2948717948717948,,,,2.1794871794871793,2.1794871794871793,0.5128205128205128,2.0,,,,,,,,,,,,,,,,,
1565749,Yuri Casermeiro,Central Córdoba de Santiago,213596,CB,CB,arg_a,Liga Profesional Argentina,112,1000000477,2026,24.0,Argentina,190.0,0.353349,701.0,,,,,,0.6,,0.1,,0.012838801711840228,,,,,,,1.0,,,,,,,,,,,,,,,,5.0,
845370,Adam Bareiro,Boca Juniors,10077,ST,ST,arg_a,Liga Profesional Argentina,112,1000000477,2026,30.0,Paraguay,180.0,2.388549,701.0,,3.0,1.0,,0.12838801711840228,4.1,,0.6,,0.5263908701854493,,,,0.8987161198288159,0.8987161198288159,,5.0,,,,,,,,,,,,,,,,4.0,
1030998,Gonzalo Lencina,Club Atlético Platense,10089,ST,ST,arg_a,Liga Profesional Argentina,112,1000000477,2026,28.0,Argentina,,0.592012,698.0,6.37,1.0,,0.13,,2.9,0.38,0.3,0.04,0.2707736389684814,3.1,1.0,11.9,1.2893982808022924,1.2893982808022924,,5.0,0.5,0.6,1.4,1.0,,0.3,0.1,1.5,,,,,,,1.4,1.0,
1648046,Diego Porcel,Argentinos Juniors,10086,W,"LW,ST,LM",arg_a,Liga Profesional Argentina,112,1000000477,2026,21.0,Argentina,177.0,1.198344,691.0,6.26,1.0,,0.13,,1.5,0.19,1.0,0.14,0.06512301013024602,2.3,0.5,17.7,1.3024602026049203,1.3024602026049203,,1.0,0.8,0.9,3.0,1.8,0.3,0.9,,3.3,,,,,,,3.4,3.0,1.0
1200746,Brian Aguirre,Estudiantes,10094,W,LW,arg_a,Liga Profesional Argentina,112,1000000477,2026,23.0,Argentina,175.0,4.227238,690.0,6.49,1.0,2.0,0.13,0.2608695652173913,0.7,0.1,0.7,0.09,0.10434782608695652,2.5,1.0,16.6,1.0434782608695652,1.0434782608695652,0.391304347826087,2.0,1.6,2.2,2.0,0.9,0.5,0.4,0.1,2.5,,,,,,,2.5,2.0,
1200656,Javier Domínguez,,161727,DM,,arg_a,Liga Profesional Argentina,112,1000000477,2026,,,,,690.0,,,,,,0.2,,0.6,,0.0,,,,0.782608695652174,0.782608695652174,,,,,,,,,,,,,,,,,,3.0,
566259,Ezequiel Bonifacio,Independiente Rivadavia,161729,FB,"RB,RWB",arg_a,Liga Profesional Argentina,112,1000000477,2026,32.0,Argentina,168.0,0.296681,689.0,,,1.0,,0.13062409288824384,0.5,0.07,0.4,0.05,0.0,0.8,0.1,17.8,0.3918722786647315,0.3918722786647315,0.13062409288824384,1.0,1.6,0.1,5.7,2.7,0.4,2.4,0.3,3.5,,,,,,,1.6,3.0,
571621,Roberto Bochi,Aldosivi,161728,CM,"CM,CDM",arg_a,Liga Profesional Argentina,112,1000000477,2026,39.0,Argentina,175.0,0.351309,675.0,,,,,,0.1,,0.0,,,,,,0.5333333333333333,0.5333333333333333,,,,,,,,,,,,,,,,,,3.0,
1437025,Pablo Ferreira,Club Atlético Platense,10089,DM,"CDM,CM",arg_a,Liga Profesional Argentina,112,1000000477,2026,21.0,Argentina,,0.927254,673.0,,,,,,0.5,,0.2,,,,,,0.8023774145616642,0.8023774145616642,0.1337295690936107,,,,,,,,,,,,,,,,,,1.0
1738033,Giovanni Cantizano,Rosario Central,10084,W,"RW,LW",arg_a,Liga Profesional Argentina,112,1000000477,2026,19.0,Argentina,168.0,1.733459,670.0,,2.0,1.0,,0.13432835820895522,2.1,,0.8,,0.32238805970149254,,,,1.4776119402985075,1.4776119402985075,0.13432835820895522,3.0,,,,,,,,,,,,,,,,1.0,
1295032,Mateo Cáceres,Talleres,10101,DM,"CDM,CM,RW,CAM,RM",arg_a,Liga Profesional Argentina,112,1000000477,2026,24.0,Argentina,170.0,,668.0,6.55,,,,,0.1,0.01,0.3,0.03,0.02694610778443114,0.7,0.4,23.8,0.9431137724550899,0.9431137724550899,,,0.9,0.9,3.6,1.3,1.1,1.2,,3.8,,,,,,,0.8,2.0,
1353756,Leandro Brey,Boca Juniors,10077,GK,GK,arg_a,Liga Profesional Argentina,112,1000000477,2026,24.0,Argentina,191.0,1.527199,668.0,,,,,,,,0.0,,,,,,,,,,,,,,,,,,,4.0,,,,,,,
690398,Santiago Rodríguez,Gimnasia Mendoza,568727,ST,ST,arg_a,Liga Profesional Argentina,112,1000000477,2026,29.0,Argentina,171.0,0.43242,665.0,,1.0,1.0,0.14,0.13533834586466165,1.1,0.15,0.2,0.03,0.05413533834586466,2.2,0.4,15.7,0.8120300751879699,0.8120300751879699,0.13533834586466165,,0.8,1.1,1.5,0.8,0.1,0.5,,3.4,,,,,,,1.1,1.0,
309693,Pol Fernández,Rosario Central,10084,CM,"CM,CAM,CDM",arg_a,Liga Profesional Argentina,112,1000000477,2026,34.0,Argentina,180.0,0.266842,663.0,,,1.0,,0.13574660633484162,0.5,0.06,1.1,0.14,0.09502262443438914,0.7,0.3,56.6,2.0361990950226243,2.0361990950226243,0.5429864253393665,1.0,3.3,0.8,3.3,1.2,1.1,0.8,0.1,5.8,,,,,,,0.8,3.0,
1000411,Joaquín Novillo,,161728,CB,,arg_a,Liga Profesional Argentina,112,1000000477,2026,,,,,655.0,,,,,,0.2,,0.0,,0.12366412213740458,,,,0.13740458015267176,0.13740458015267176,,,,,,,,,,,,,,,,,,,
561737,Marcelino Moreno,Lanús,10082,AM,"CAM,ST",arg_a,Liga Profesional Argentina,112,1000000477,2026,31.0,Argentina,168.0,2.283126,654.0,,3.0,1.0,,0.13761467889908258,3.3,,1.4,,0.4541284403669725,,,,2.7522935779816513,2.7522935779816513,0.41284403669724773,4.0,,,,,,,,,,,,,,,,1.0,
489072,Gastón Campi,Barracas Central,213534,CB,CB,arg_a,Liga Profesional Argentina,112,1000000477,2026,35.0,Argentina,193.0,0.273894,653.0,,,,,,0.0,,0.0,,,,,,,,,,,,,,,,,,,,,,,,,2.0,
1017707,Alex Vigo,Independiente Rivadavia,161729,FB,RB,arg_a,Liga Profesional Argentina,112,1000000477,2026,27.0,Argentina,175.0,0.601444,652.0,,,,,,0.5,0.07,0.1,0.01,0.0,0.4,0.1,26.9,0.41411042944785276,0.41411042944785276,,2.0,1.1,0.3,8.1,2.5,1.9,3.6,0.1,5.7,,,,,,,1.5,4.0,
416311,Juan Franco,Gimnasia Mendoza,568727,FB,"RB,RWB",arg_a,Liga Profesional Argentina,112,1000000477,2026,34.0,Paraguay,176.0,0.29932,650.0,,,,,,0.0,,0.5,,,,,,0.4153846153846154,0.4153846153846154,0.13846153846153847,,,,,,,,,,,,,,,,,3.0,1.0
1727696,Juan Villalba,Tigre,89396,CB,CB,arg_a,Liga Profesional Argentina,112,1000000477,2026,20.0,Argentina,173.0,0.652268,645.0,,,1.0,,0.13953488372093023,0.2,,0.1,,,,,,0.5581395348837209,0.5581395348837209,0.13953488372093023,,,,,,,,,,,,,,,,,2.0,
316878,Érik Godoy,Argentinos Juniors,10086,CB,CB,arg_a,Liga Profesional Argentina,112,1000000477,2026,33.0,Argentina,185.0,0.496219,642.0,,1.0,,0.14,,1.1,0.15,0.1,,0.11214953271028037,0.8,0.1,,,,,1.0,4.6,0.1,,,1.8,,1.0,,,,,,,,1.3,,
1410456,Esteban Lucero,Defensa y Justicia,161730,FB,"LB,LM,CB",arg_a,Liga Profesional Argentina,112,1000000477,2026,21.0,Argentina,179.0,0.868847,642.0,,,,,,0.1,,0.1,,,,,,0.4205607476635514,0.4205607476635514,,,,,,,,,,,,,,,,,,1.0,
1111937,Lautaro Díaz,Racing Club,10080,ST,"ST,RW,LW",arg_a,Liga Profesional Argentina,112,1000000477,2026,28.0,Argentina,181.0,1.404596,642.0,,,,,,0.9,,0.7,,0.04205607476635514,,,,1.1214953271028036,1.1214953271028036,0.2803738317757009,3.0,,,,,,,,,,,,,,,,1.0,
1752409,Valentino Simoni,Gimnasia Mendoza,568727,ST,ST,arg_a,Liga Profesional Argentina,112,1000000477,2026,22.0,Argentina,185.0,0.8291,641.0,,1.0,,0.14,,0.9,0.13,0.3,0.05,0.1684867394695788,1.1,1.0,14.7,1.2636505460218408,1.2636505460218408,,1.0,0.6,0.7,3.1,1.0,0.3,1.7,0.1,2.1,,,,,,,0.7,1.0,
207617,Juan Quintero,,10076,AM,,arg_a,Liga Profesional Argentina,112,1000000477,2026,,,,,639.0,,3.0,3.0,0.42,0.4225352112676056,2.2,0.31,3.3,0.46,0.49295774647887325,4.2,2.0,63.9,4.084507042253521,4.084507042253521,0.9859154929577465,2.0,10.7,0.7,1.4,0.4,0.4,0.6,,4.2,,,,,,,,,
470847,Ignacio Pussetto,Huracán,10081,ST,"ST,RW",arg_a,Liga Profesional Argentina,112,1000000477,2026,30.0,Argentina,180.0,1.01727,638.0,,2.0,,0.28,,2.0,0.28,1.1,0.15,0.2115987460815047,2.1,0.6,15.8,1.2695924764890283,1.2695924764890283,,2.0,0.6,2.0,3.9,1.7,0.3,2.0,,3.4,,,,,,,2.1,2.0,
980062,Federico Navarro,Rosario Central,10084,DM,"CDM,CM",arg_a,Liga Profesional Argentina,112,1000000477,2026,26.0,Argentina,171.0,1.50011,636.0,6.39,,,,,0.1,0.02,0.1,0.02,,0.4,,44.3,0.14150943396226415,0.14150943396226415,,,1.4,0.4,6.8,3.5,0.8,2.0,0.4,6.8,,,,,,,1.8,4.0,
1458521,Allan Wlk,Lanús,10082,ST,ST,arg_a,Liga Profesional Argentina,112,1000000477,2026,23.0,Paraguay,186.0,0.879868,636.0,,3.0,,,,2.5,,0.2,,0.33962264150943394,,,,0.42452830188679247,0.42452830188679247,,1.0,,,,,,,,,,,,,,,,,
799678,Juan Pintado,Unión,10096,FB,RB,arg_a,Liga Profesional Argentina,112,1000000477,2026,29.0,Uruguay,172.0,0.638147,635.0,,,1.0,,0.14173228346456693,0.0,,0.6,,,,,,0.9921259842519685,0.9921259842519685,0.4251968503937008,,,,,,,,,,,,,,,,,1.0,
977824,Ibrahim Hesar,Estudiantes de Río Cuarto,213591,ST,ST,arg_a,Liga Profesional Argentina,112,1000000477,2026,32.0,Syria,182.0,0.306981,633.0,,1.0,,,,1.1,,0.7,,0.11374407582938388,,,,1.4218009478672986,1.4218009478672986,0.2843601895734597,,,,,,,,,,,,,,,,,3.0,
561037,Nicolás Figal,Boca Juniors,10077,CB,CB,arg_a,Liga Profesional Argentina,112,1000000477,2026,32.0,Argentina,180.0,0.44004,630.0,,,,,,0.3,,0.1,,0.0,,,,0.14285714285714285,0.14285714285714285,,,,,,,,,,,,,,,,,,1.0,
360797,Lucas Janson,Gimnasia LP,10103,W,"LW,ST",arg_a,Liga Profesional Argentina,112,1000000477,2026,32.0,Argentina,171.0,0.443077,627.0,,,1.0,,0.14354066985645933,3.1,,1.1,,0.3301435406698564,,,,0.861244019138756,0.861244019138756,0.14354066985645933,6.0,,,,,,,,,,,,,,,,1.0,
1451719,Gabriel Obredor,Deportivo Riestra,298629,CM,"CM,ST",arg_a,Liga Profesional Argentina,112,1000000477,2026,29.0,Argentina,,0.295801,624.0,6.25,,,,,0.9,0.12,0.8,0.12,0.07211538461538461,1.7,0.4,10.7,1.4423076923076923,1.4423076923076923,0.14423076923076922,3.0,0.3,1.2,4.3,2.3,0.4,1.3,0.3,3.0,,,,,,,3.2,2.0,
1408244,Gonzalo Morales,Barracas Central,213534,ST,ST,arg_a,Liga Profesional Argentina,112,1000000477,2026,23.0,Argentina,178.0,0.838118,618.0,,2.0,,,,0.8,,0.2,,0.3058252427184466,,,,0.4368932038834951,0.4368932038834951,,,,,,,,,,,,,,,,,,1.0,
1630645,Santiago González,Tigre,89396,CM,"CM,CDM",arg_a,Liga Profesional Argentina,112,1000000477,2026,23.0,Argentina,183.0,1.688791,615.0,,,,,,0.4,,0.3,,0.0,,,,0.43902439024390244,0.43902439024390244,,,,,,,,,,,,,,,,,,,
210706,Gabriel Arias,Newell's Old Boys,10201,GK,GK,arg_a,Liga Profesional Argentina,112,1000000477,2026,39.0,Chile,189.0,0.189132,613.0,,,,,,,,0.0,,,,,,0.1468189233278956,0.1468189233278956,,,,,,,,,,,,,,,,,,1.0,
939335,Ramiro Ruíz,Atlético Tucumán,161727,ST,"ST,LW",arg_a,Liga Profesional Argentina,112,1000000477,2026,26.0,Argentina,185.0,0.341057,609.0,,1.0,1.0,0.15,0.1477832512315271,2.1,0.32,0.5,0.07,0.35467980295566504,2.5,0.9,10.9,0.8866995073891626,0.8866995073891626,0.1477832512315271,3.0,0.3,0.7,2.4,1.0,0.3,1.0,,3.1,,,,,,,1.2,,
566260,Walter Bou,,10082,ST,,arg_a,Liga Profesional Argentina,112,1000000477,2026,,,,,609.0,,2.0,,,,1.7,,0.7,,0.23645320197044334,,,,0.7389162561576355,0.7389162561576355,0.4433497536945813,1.0,,,,,,,,,,,,,,,,2.0,
414440,Nicolás Pasquini,Sarmiento,202757,FB,LB,arg_a,Liga Profesional Argentina,112,1000000477,2026,35.0,Argentina,172.0,0.250237,609.0,,1.0,,,,0.5,,0.2,,0.11822660098522167,,,,0.4433497536945813,0.4433497536945813,0.2955665024630542,1.0,,,,,,,,,,,,,,,,,
1402346,Maximiliano Zalazar,Gimnasia LP,10103,W,RW,arg_a,Liga Profesional Argentina,112,1000000477,2026,25.0,Argentina,172.0,0.524509,607.0,,1.0,1.0,0.15,0.14827018121911037,1.8,0.27,1.2,,0.17792421746293247,4.4,1.2,,1.186161449752883,1.186161449752883,0.29654036243822074,2.0,0.4,2.2,,,1.0,,,,,,,,,,1.0,3.0,
1616638,Lautaro Carrera,Gimnasia Mendoza,568727,CB,CB,arg_a,Liga Profesional Argentina,112,1000000477,2026,23.0,Argentina,188.0,0.400838,604.0,,,,,,0.3,,0.0,,,,,,,,,1.0,,,,,,,,,,,,,,,,1.0,
1337229,Juan Pablo Pignani,Central Córdoba de Santiago,213596,CB,CB,arg_a,Liga Profesional Argentina,112,1000000477,2026,25.0,Argentina,190.0,0.564356,602.0,,,,,,0.1,,0.0,,,,,,0.14950166112956811,0.14950166112956811,,,,,,,,,,,,,,,,,,2.0,1.0
164031,Nicolás Gaitán,Aldosivi,161728,AM,"CAM,RW",arg_a,Liga Profesional Argentina,112,1000000477,2026,38.0,Argentina,173.0,,601.0,,1.0,1.0,,0.1497504159733777,1.2,,1.2,,0.17970049916805325,,,,2.0965058236272878,2.0965058236272878,0.7487520798668885,2.0,,,,,,,,,,,,,,,,,
731802,Duván Vergara,Racing Club,10080,W,LW,arg_a,Liga Profesional Argentina,112,1000000477,2026,30.0,Colombia,177.0,1.585113,599.0,6.61,3.0,,0.45,,1.2,0.17,0.4,0.07,0.39065108514190316,2.9,1.7,24.5,0.7512520868113522,0.7512520868113522,0.15025041736227046,,0.6,1.7,2.3,1.1,1.1,0.2,,4.1,,,,,,,1.4,2.0,
1310319,Fernando Rodríguez,Estudiantes de Río Cuarto,213591,W,LW,arg_a,Liga Profesional Argentina,112,1000000477,2026,26.0,Argentina,182.0,0.344305,599.0,,,,,,0.2,,1.0,,0.015025041736227046,,,,0.7512520868113522,0.7512520868113522,0.15025041736227046,,,,,,,,,,,,,,,,,3.0,
845709,Yair Arismendi,Sarmiento,202757,W,"LM,LB",arg_a,Liga Profesional Argentina,112,1000000477,2026,28.0,Argentina,,0.276402,596.0,,,,,,0.3,,0.3,,,,,,0.7550335570469798,0.7550335570469798,0.30201342281879195,,,,,,,,,,,,,,,,,3.0,
864260,Nicolás Guerra,Instituto,10090,ST,"ST,LW",arg_a,Liga Profesional Argentina,112,1000000477,2026,27.0,Chile,174.0,0.342265,583.0,6.13,1.0,,0.15,,3.0,0.46,0.4,0.06,0.27787307032590053,3.7,0.8,14.4,0.6174957118353345,0.6174957118353345,,2.0,0.5,0.8,2.2,0.9,0.5,0.8,,1.5,,,,,,,3.9,4.0,
1662973,Felipe Bussio,Club Atlético Platense,10089,DM,CDM,arg_a,Liga Profesional Argentina,112,1000000477,2026,22.0,Argentina,178.0,0.613792,582.0,,,,,,0.1,,0.1,,,,,,0.4639175257731959,0.4639175257731959,,,,,,,,,,,,,,,,,,2.0,
1790207,Thaiel Peralta,Huracán,10081,W,RW,arg_a,Liga Profesional Argentina,112,1000000477,2026,18.0,Argentina,171.0,1.765366,579.0,,2.0,1.0,0.31,0.15544041450777202,0.5,0.08,0.9,0.13,0.23316062176165803,1.4,0.6,16.9,1.0880829015544042,1.0880829015544042,0.15544041450777202,,1.4,1.4,3.1,1.4,0.9,0.8,,4.4,,,,,,,0.8,1.0,1.0
1366607,Gregorio Rodríguez,,10083,W,,arg_a,Liga Profesional Argentina,112,1000000477,2026,,,,,578.0,,2.0,1.0,0.31,0.15570934256055363,1.5,0.23,0.5,,0.342560553633218,0.9,0.5,,0.4671280276816609,0.4671280276816609,0.15570934256055363,,,0.8,,,1.1,,,,,,,,,,1.2,,
857571,Imanol González,Gimnasia Mendoza,568727,CB,CB,arg_a,Liga Profesional Argentina,112,1000000477,2026,28.0,Argentina,182.0,0.540273,578.0,,,,,,0.0,,0.0,,,,,,0.15570934256055363,0.15570934256055363,,,,,,,,,,,,,,,,,,,
1813200,Gabriel Abeldaño,Atlético Tucumán,161727,ST,ST,arg_a,Liga Profesional Argentina,112,1000000477,2026,21.0,Argentina,,0.712395,576.0,,1.0,,,,1.3,,0.2,,0.140625,,,,0.3125,0.3125,,1.0,,,,,,,,,,,,,,,,2.0,
585907,Gonzalo Martínez,Tigre,89396,AM,CAM,arg_a,Liga Profesional Argentina,112,1000000477,2026,33.0,Argentina,170.0,0.295667,575.0,,3.0,1.0,0.47,0.1565217391304348,1.4,0.23,2.0,0.31,0.5008695652173913,4.2,2.0,33.2,2.5043478260869567,2.5043478260869567,0.6260869565217392,1.0,3.8,2.3,2.5,1.9,0.2,0.2,0.3,8.5,,,,,,,1.1,1.0,
1110568,Matías Fonseca,Instituto,10090,ST,ST,arg_a,Liga Profesional Argentina,112,1000000477,2026,25.0,Uruguay,181.0,0.524729,573.0,,1.0,,0.16,,2.3,0.36,0.1,0.02,0.3298429319371728,2.4,0.5,13.5,0.15706806282722513,0.15706806282722513,,2.0,0.6,0.2,1.9,1.1,0.3,0.3,0.2,2.7,,,,,,,3.5,2.0,
742681,Miguel Barbieri,,298629,CB,,arg_a,Liga Profesional Argentina,112,1000000477,2026,,,,,571.0,,,,,,0.5,,0.4,,0.15761821366024517,,,,0.15761821366024517,0.15761821366024517,,1.0,,,,,,,,,,,,,,,,4.0,
1751917,Lautaro Montenegro,,10083,CB,,arg_a,Liga Profesional Argentina,112,1000000477,2026,,,,,570.0,,,,,,0.1,,0.1,,,,,,,,,,,,,,,,,,,,,,,,,2.0,
1732523,Timoteo Chamorro,Talleres,10101,FB,"RWB,RM",arg_a,Liga Profesional Argentina,112,1000000477,2026,20.0,Argentina,172.0,0.656672,568.0,,,2.0,,0.31690140845070425,0.6,,1.8,,0.1426056338028169,,,,2.2183098591549295,2.2183098591549295,0.4753521126760563,1.0,,,,,,,,,,,,,,,,2.0,
1821216,Misael Aguirre,Unión,10096,ST,ST,arg_a,Liga Profesional Argentina,112,1000000477,2026,18.0,Argentina,,,567.0,6.28,1.0,,0.16,,2.3,0.36,0.3,0.05,0.17460317460317462,2.7,0.5,17.3,0.9523809523809523,0.9523809523809523,,4.0,0.2,0.8,3.3,1.1,0.5,1.6,0.2,4.6,,,,,,,1.6,,
1516025,Leonel Pérez,Racing Club,10080,CM,"CM,CDM",arg_a,Liga Profesional Argentina,112,1000000477,2026,22.0,Argentina,186.0,7.626133,556.0,,1.0,,,,0.4,,0.2,,0.09712230215827339,,,,0.4856115107913669,0.4856115107913669,,,,,,,,,,,,,,,,,,2.0,
681608,Andrés Vombergar,Aldosivi,161728,ST,ST,arg_a,Liga Profesional Argentina,112,1000000477,2026,31.0,Slovenia,187.0,1.469602,555.0,,4.0,,,,2.5,,0.3,,0.4702702702702703,,,,1.135135135135135,1.135135135135135,,4.0,,,,,,,,,,,,,,,,,
1230664,Gonzalo Abrego,San Lorenzo,10083,CM,"CM,CDM",arg_a,Liga Profesional Argentina,112,1000000477,2026,26.0,Argentina,184.0,0.910078,554.0,,,,,,0.3,,0.3,,0.09747292418772563,,,,0.6498194945848376,0.6498194945848376,0.1624548736462094,,,,,,,,,,,,,,,,,1.0,
1901742,Valentín Loza,Defensa y Justicia,161730,FB,RB,arg_a,Liga Profesional Argentina,112,1000000477,2026,19.0,Argentina,,,554.0,,,1.0,,0.1624548736462094,0.0,,0.8,,0.0,,,,1.1371841155234657,1.1371841155234657,0.3249097472924188,,,,,,,,,,,,,,,,,,
1201808,Leonel Bucca,Independiente Rivadavia,161729,W,"LM,CM,LB,CDM",arg_a,Liga Profesional Argentina,112,1000000477,2026,27.0,Argentina,190.0,0.295469,551.0,,4.0,,0.65,,1.5,0.24,0.8,0.13,0.4246823956442831,2.3,0.8,23.2,1.47005444646098,1.47005444646098,0.16333938294010888,2.0,1.8,1.5,4.7,2.6,0.5,1.5,0.2,5.9,,,,,,,1.8,,
1133119,Gastón Martirena,,10080,FB,,arg_a,Liga Profesional Argentina,112,1000000477,2026,,,,,546.0,,,,,,0.1,,0.5,,0.0,,,,0.8241758241758241,0.8241758241758241,0.32967032967032966,1.0,,,,,,,,,,,,,,,,,
673769,Bruno Pittón,Unión,10096,FB,LB,arg_a,Liga Profesional Argentina,112,1000000477,2026,33.0,Argentina,179.0,0.25952,542.0,,,1.0,,0.16605166051660517,0.2,0.04,0.5,0.08,,0.3,,25.7,1.1623616236162362,1.1623616236162362,,,2.2,0.2,9.1,4.2,1.2,3.3,0.5,4.0,,,,,,,1.0,,
840184,Matías Viña,,10076,FB,,arg_a,Liga Profesional Argentina,112,1000000477,2026,,,,,541.0,,,,,,0.3,,0.3,,0.0166358595194085,,,,1.3308687615526802,1.3308687615526802,0.16635859519408502,,,,,,,,,,,,,,,,,5.0,1.0
856411,Raúl Lozano,Estudiantes de Río Cuarto,213591,FB,RB,arg_a,Liga Profesional Argentina,112,1000000477,2026,29.0,Argentina,179.0,0.436876,540.0,,,1.0,,0.16666666666666666,0.2,,0.5,,,,,,0.8333333333333334,0.8333333333333334,0.16666666666666666,,,,,,,,,,,,,,,,,,
2102222,Juan Miguel Arrayago,Independiente,10078,CB,CB,arg_a,Liga Profesional Argentina,112,1000000477,2026,17.0,Argentina,,,540.0,,1.0,,,,0.2,,0.0,,0.06666666666666667,,,,0.16666666666666666,0.16666666666666666,,,,,,,,,,,,,,,,,,1.0,
1606849,Agustín Massaccesi,Instituto,10090,CB,CB,arg_a,Liga Profesional Argentina,112,1000000477,2026,24.0,Argentina,,0.347398,534.0,,,,,,0.3,,0.1,,0.10112359550561797,,,,0.5056179775280899,0.5056179775280899,,,,,,,,,,,,,,,,,,1.0,
1020944,Carlos Villalba,Sarmiento,202757,CM,"CM,CAM,CDM",arg_a,Liga Profesional Argentina,112,1000000477,2026,28.0,Argentina,175.0,0.315551,531.0,,1.0,,,,0.5,,0.1,,0.13559322033898305,,,,0.3389830508474576,0.3389830508474576,,,,,,,,,,,,,,,,,,4.0,
639062,Javier Ferreira,Estudiantes de Río Cuarto,213591,ST,ST,arg_a,Liga Profesional Argentina,112,1000000477,2026,34.0,Paraguay,,0.416238,530.0,6.21,,,,,2.5,0.43,0.4,0.06,0.1018867924528302,2.9,0.7,11.9,0.5094339622641509,0.5094339622641509,,6.0,,1.0,2.5,0.8,0.5,1.2,,3.4,,,,,,,1.7,3.0,
795724,Leonardo Sequeira,Central Córdoba de Santiago,213596,W,"RW,ST",arg_a,Liga Profesional Argentina,112,1000000477,2026,31.0,Argentina,178.0,0.463513,525.0,,1.0,2.0,0.17,0.34285714285714286,1.6,0.27,1.3,0.22,0.17142857142857143,3.1,0.3,18.5,2.057142857142857,2.057142857142857,0.5142857142857142,,0.3,0.5,3.9,1.7,0.9,1.4,,3.9,,,,,,,0.7,2.0,
724456,Matías García,,298629,CM,,arg_a,Liga Profesional Argentina,112,1000000477,2026,,,,,525.0,,,,,,0.0,,0.3,,,,,,0.6857142857142857,0.6857142857142857,,,,,,,,,,,,,,,,,,3.0,
1709096,Tomás Nasif,Club Atlético Platense,10089,ST,ST,arg_a,Liga Profesional Argentina,112,1000000477,2026,22.0,Argentina,183.0,0.958419,523.0,,2.0,1.0,,0.17208413001912046,1.6,,0.7,,0.32695984703632885,,,,1.0325047801147227,1.0325047801147227,0.17208413001912046,4.0,,,,,,,,,,,,,,,,,
185625,José Luis Palomino,Talleres,10101,CB,CB,arg_a,Liga Profesional Argentina,112,1000000477,2026,36.0,Argentina,188.0,0.144291,523.0,,,,,,0.4,,0.1,,0.0,,,,0.17208413001912046,0.17208413001912046,,1.0,,,,,,,,,,,,,,,,,
1437199,Juan Cardozo,Central Córdoba de Santiago,213596,CM,CM,arg_a,Liga Profesional Argentina,112,1000000477,2026,22.0,Paraguay,184.0,0.601691,521.0,,,,,,,,0.1,,,,,,0.1727447216890595,0.1727447216890595,,,,,,,,,,,,,,,,,,,
469616,Maximiliano Meza,Independiente,10078,CM,"CM,RW,LW",arg_a,Liga Profesional Argentina,112,1000000477,2026,33.0,Argentina,181.0,0.521414,518.0,,2.0,,,,0.6,,0.5,,0.138996138996139,,,,0.8687258687258688,0.8687258687258688,0.17374517374517376,2.0,,,,,,,,,,,,,,,,,1.0
938003,Malcom Braida,Boca Juniors,10077,FB,"LB,RB",arg_a,Liga Profesional Argentina,112,1000000477,2026,29.0,Argentina,175.0,1.634507,518.0,,,,,,0.0,,0.8,,,,,,0.8687258687258688,0.8687258687258688,0.17374517374517376,,,,,,,,,,,,,,,,,,
1844310,Simón Escobar,Vélez Sarsfield,10079,FB,"LB,LW",arg_a,Liga Profesional Argentina,112,1000000477,2026,17.0,Argentina,185.0,,517.0,,,1.0,,0.17408123791102514,0.3,,0.2,,,,,,0.6963249516441006,0.6963249516441006,0.17408123791102514,,,,,,,,,,,,,,,,,1.0,
1110044,Exequiel Zeballos,,10077,W,,arg_a,Liga Profesional Argentina,112,1000000477,2026,,,,,517.0,,1.0,3.0,,0.5222437137330754,1.2,,1.4,,0.24371373307543517,,,,1.0444874274661509,1.0444874274661509,0.5222437137330754,1.0,,,,,,,,,,,,,,,,,
447095,Agustín Basso,,10080,CB,,arg_a,Liga Profesional Argentina,112,1000000477,2026,,,,,514.0,,,,,,0.1,,0.2,,,,,,0.5252918287937743,0.5252918287937743,,,,,,,,,,,,,,,,,,2.0,1.0
1082758,Oscar Salomón,Newell's Old Boys,10201,CB,CB,arg_a,Liga Profesional Argentina,112,1000000477,2026,27.0,Argentina,181.0,1.198349,513.0,,2.0,,,,0.6,,0.8,,0.15789473684210525,,,,0.3508771929824561,0.3508771929824561,,1.0,,,,,,,,,,,,,,,,2.0,
1220047,Agustín Colazo,Gimnasia LP,10103,ST,ST,arg_a,Liga Profesional Argentina,112,1000000477,2026,25.0,Argentina,,0.544891,509.0,,4.0,,0.71,,2.1,0.37,0.3,0.05,0.45972495088408644,2.5,1.2,14.5,1.0609037328094302,1.0609037328094302,,1.0,0.4,0.9,2.3,1.4,,0.9,,1.8,,,,,,,1.2,1.0,
1926170,Felipe Anso,Aldosivi,161728,W,"LM,LW",arg_a,Liga Profesional Argentina,112,1000000477,2026,19.0,Argentina,182.0,,509.0,,1.0,,,,0.5,,0.4,,0.14145383104125736,,,,1.0609037328094302,1.0609037328094302,,,,,,,,,,,,,,,,,,2.0,
1347380,Tomás González,Deportivo Riestra,298629,W,RM,arg_a,Liga Profesional Argentina,112,1000000477,2026,23.0,Argentina,,0.559736,507.0,,2.0,,,,1.4,,0.5,,0.23076923076923078,,,,1.242603550295858,1.242603550295858,0.17751479289940827,1.0,,,,,,,,,,,,,,,,,
150701,Jonatan Gómez,,202757,CM,,arg_a,Liga Profesional Argentina,112,1000000477,2026,,,,,506.0,,1.0,1.0,,0.17786561264822134,0.9,,0.3,,0.12450592885375493,,,,1.2450592885375493,1.2450592885375493,0.17786561264822134,,,,,,,,,,,,,,,,,1.0,
848187,Braian Sánchez,Deportivo Riestra,298629,CM,"CM,RM",arg_a,Liga Profesional Argentina,112,1000000477,2026,33.0,Argentina,,0.229558,506.0,,1.0,,,,0.7,,0.7,,0.1422924901185771,,,,0.17786561264822134,0.17786561264822134,,,,,,,,,,,,,,,,,,,
974755,Lucas Beltrán,River Plate,10076,ST,ST,arg_a,Liga Profesional Argentina,112,1000000477,2026,25.0,Argentina,174.0,10.18604,505.0,,,2.0,,0.3564356435643564,1.6,,0.9,,0.3207920792079208,,,,1.4257425742574257,1.4257425742574257,0.5346534653465347,4.0,,,,,,,,,,,,,,,,,
1293096,Gastón Arturia,Sarmiento,202757,CB,CB,arg_a,Liga Profesional Argentina,112,1000000477,2026,26.0,Argentina,183.0,0.505859,504.0,,,,,,0.3,,0.0,,0.017857142857142856,,,,,,,1.0,,,,,,,,,,,,,,,,1.0,
1246289,Martín Luciano,Newell's Old Boys,10201,FB,"LB,LWB",arg_a,Liga Profesional Argentina,112,1000000477,2026,23.0,Argentina,177.0,0.824483,504.0,,,,,,0.0,,0.2,,0.017857142857142856,,,,0.5357142857142857,0.5357142857142857,0.17857142857142858,,,,,,,,,,,,,,,,,3.0,
265996,Ángel Romero,Boca Juniors,10077,W,"RW,ST",arg_a,Liga Profesional Argentina,112,1000000477,2026,34.0,Paraguay,176.0,0.337401,502.0,,3.0,,,,1.1,,1.2,,0.34063745019920316,,,,1.0756972111553784,1.0756972111553784,0.35856573705179284,,,,,,,,,,,,,,,,,,
497597,Franco Leys,,161728,CM,,arg_a,Liga Profesional Argentina,112,1000000477,2026,,,,,500.0,,,,,,0.0,,0.1,,0.018,,,,0.18,0.18,,,,,,,,,,,,,,,,,,1.0,
1693423,Agustín Ladstatter,San Lorenzo,10083,W,"LW,RW",arg_a,Liga Profesional Argentina,112,1000000477,2026,21.0,Argentina,174.0,0.851165,498.0,,,,,,0.6,0.11,0.8,0.14,0.05421686746987952,2.2,0.5,18.8,1.4457831325301205,1.4457831325301205,0.18072289156626506,,0.5,2.0,1.3,0.9,,0.4,,4.5,,,,,,,1.4,,1.0
1897457,Agustín Falcón,Belgrano,10092,FB,RB,arg_a,Liga Profesional Argentina,112,1000000477,2026,21.0,Argentina,179.0,0.705673,497.0,,,,,,0.0,,0.1,,,,,,,,,,,,,,,,,,,,,,,,,4.0,
1074868,Elías López,Aldosivi,161728,FB,"RB,RWB",arg_a,Liga Profesional Argentina,112,1000000477,2026,26.0,Argentina,169.0,0.429346,492.0,,,,,,0.1,,0.4,,0.0,,,,1.2804878048780488,1.2804878048780488,0.18292682926829268,,,,,,,,,,,,,,,,,1.0,
294003,Luciano Vietto,,10083,AM,,arg_a,Liga Profesional Argentina,112,1000000477,2026,,,,,481.0,,2.0,,,,1.2,,0.4,,0.3180873180873181,,,,1.496881496881497,1.496881496881497,,1.0,,,,,,,,,,,,,,,,4.0,
941949,Williams Alarcón,Boca Juniors,10077,DM,"CDM,RM,CM",arg_a,Liga Profesional Argentina,112,1000000477,2026,25.0,Chile,182.0,2.13919,477.0,,,1.0,,0.18867924528301888,0.2,,0.4,,0.0,,,,1.1320754716981132,1.1320754716981132,0.18867924528301888,,,,,,,,,,,,,,,,,1.0,
1848229,Lautaro Gutierrez,Belgrano,10092,ST,ST,arg_a,Liga Profesional Argentina,112,1000000477,2026,20.0,Argentina,,0.634855,476.0,6.23,3.0,,0.57,,1.5,0.28,0.8,0.15,0.39705882352941174,2.6,1.1,16.3,1.134453781512605,1.134453781512605,0.37815126050420167,2.0,0.2,1.1,2.1,0.6,,1.3,0.2,2.3,,,,,,,0.9,,
1700213,Iván Guaraz,Barracas Central,213534,CM,CM,arg_a,Liga Profesional Argentina,112,1000000477,2026,21.0,Argentina,,0.464879,476.0,,,,,,0.1,,0.1,,,,,,0.37815126050420167,0.37815126050420167,,,,,,,,,,,,,,,,,,3.0,
1042007,Matías Godoy,Aldosivi,161728,W,"LM,RW,LW",arg_a,Liga Profesional Argentina,112,1000000477,2026,24.0,Argentina,176.0,0.395302,471.0,,,,,,0.2,,0.2,,,,,,1.1464968152866242,1.1464968152866242,,,,,,,,,,,,,,,,,,1.0,
1216071,Lucas Varaldo,Central Córdoba de Santiago,213596,ST,ST,arg_a,Liga Profesional Argentina,112,1000000477,2026,24.0,Argentina,175.0,0.390995,469.0,,,,,,0.7,0.13,0.2,0.03,0.0767590618336887,1.9,0.4,18.0,0.19189765458422176,0.19189765458422176,,1.0,0.8,1.5,1.5,1.2,0.2,0.2,,2.9,,,,,,,0.8,2.0,
164676,Ander Herrera,,10077,CM,,arg_a,Liga Profesional Argentina,112,1000000477,2026,,,,,468.0,,,,,,0.4,,1.3,,0.15384615384615385,,,,1.3461538461538463,1.3461538461538463,0.38461538461538464,,,,,,,,,,,,,,,,,1.0,
1700565,Emilio Giaccone,Unión,10096,CM,CM,arg_a,Liga Profesional Argentina,112,1000000477,2026,21.0,Argentina,187.0,0.549293,467.0,,,1.0,,0.19271948608137046,0.7,,0.1,,0.0,,,,0.3854389721627409,0.3854389721627409,,1.0,,,,,,,,,,,,,,,,2.0,
1451319,Joaquín Mosqueira,Unión,10096,CM,"CM,CAM",arg_a,Liga Profesional Argentina,112,1000000477,2026,21.0,Argentina,,1.380453,466.0,,1.0,1.0,,0.19313304721030042,0.2,,0.1,,0.019313304721030045,,,,0.7725321888412017,0.7725321888412017,0.19313304721030042,,,,,,,,,,,,,,,,,2.0,
1221038,Rodrigo Gallo,Deportivo Riestra,298629,FB,"LWB,CB,LB",arg_a,Liga Profesional Argentina,112,1000000477,2026,25.0,Argentina,178.0,0.385966,460.0,,,,,,,,1.0,,,,,,1.173913043478261,1.173913043478261,0.391304347826087,,,,,,,,,,,,,,,,,2.0,
1054256,Alexander Machado,Banfield,10087,ST,"ST,LW",arg_a,Liga Profesional Argentina,112,1000000477,2026,24.0,Uruguay,181.0,0.681194,460.0,,1.0,,,,1.1,,0.2,,0.27391304347826084,,,,0.782608695652174,0.782608695652174,,1.0,,,,,,,,,,,,,,,,,
875078,Juan Espínola,Barracas Central,213534,GK,GK,arg_a,Liga Profesional Argentina,112,1000000477,2026,31.0,Paraguay,186.0,0.558621,460.0,,,,,,,,0.0,,,,,,,,,,,,,,,,,,,1.0,,,,,,,
1661230,Dylan Gorosito,Boca Juniors,10077,FB,"RB,RWB",arg_a,Liga Profesional Argentina,112,1000000477,2026,20.0,Argentina,173.0,,455.0,,,2.0,,0.3956043956043956,0.1,,1.3,,,,,,0.5934065934065934,0.5934065934065934,0.5934065934065934,,,,,,,,,,,,,,,,,1.0,
824090,Federico Vera,Huracán,10081,FB,RB,arg_a,Liga Profesional Argentina,112,1000000477,2026,28.0,Argentina,177.0,1.040227,450.0,,,,,,0.1,,0.1,,,,,,0.4,0.4,,,,,,,,,,,,,,,,,,1.0,
1737755,Alejo Cordoba,San Lorenzo,10083,CB,CB,arg_a,Liga Profesional Argentina,112,1000000477,2026,22.0,Argentina,187.0,,450.0,,,,,,0.1,,0.0,,,,,,,,,,,,,,,,,,,,,,,,,,
186986,Diego Rodríguez,Banfield,10087,GK,GK,arg_a,Liga Profesional Argentina,112,1000000477,2026,37.0,Argentina,184.0,0.295719,450.0,,,,,,,,0.0,,,,,,,,,,,,,,,,,,,,,,,,,,
965577,Renzo Bacchia,,213591,GK,,arg_a,Liga Profesional Argentina,112,1000000477,2026,,,,,450.0,,,,,,,,0.0,,,,,,0.2,0.2,,,,,,,,,,,,1.0,,,,,,2.0,
955271,Thiago Almada,River Plate,10076,W,"LM,LW,CM,CAM,ST,CDM",arg_a,Liga Profesional Argentina,112,1000000477,2026,25.0,Argentina,171.0,22.352932,449.0,,2.0,,,,1.9,,1.0,,0.30066815144766146,,,,2.2048997772828507,2.2048997772828507,0.20044543429844097,1.0,,,,,,,,,,,,,,,,1.0,
847131,Guzmán Corujo,San Lorenzo,10083,CB,CB,arg_a,Liga Profesional Argentina,112,1000000477,2026,30.0,Uruguay,189.0,0.25952,446.0,,,,,,0.1,,0.0,,0.0,,,,0.20179372197309417,0.20179372197309417,,,,,,,,,,,,,,,,,,1.0,
213878,Ramiro Funes Mori,Estudiantes,10094,CB,CB,arg_a,Liga Profesional Argentina,112,1000000477,2026,35.0,Argentina,187.0,0.317093,446.0,,,,,,0.1,,0.0,,,,,,,,,,,,,,,,,,,,,,,,,1.0,
1199960,Cristian Medina,,10094,DM,,arg_a,Liga Profesional Argentina,112,1000000477,2026,,,,,444.0,,,1.0,,0.20270270270270271,0.6,,0.5,,0.10135135135135136,,,,1.0135135135135136,1.0135135135135136,0.40540540540540543,1.0,,,,,,,,,,,,,,,,,
1352729,Gabriel Díaz,Sarmiento,202757,W,"LM,LW,CM",arg_a,Liga Profesional Argentina,112,1000000477,2026,26.0,Argentina,,0.321102,443.0,,,,,,0.3,,0.1,,0.08126410835214447,,,,0.6094808126410836,0.6094808126410836,,1.0,,,,,,,,,,,,,,,,,1.0
1405419,David Sotelo,Newell's Old Boys,10201,DM,CDM,arg_a,Liga Profesional Argentina,112,1000000477,2026,23.0,Argentina,,0.596104,442.0,,,,,,0.3,,0.5,,0.06108597285067873,,,,1.2217194570135748,1.2217194570135748,,1.0,,,,,,,,,,,,,,,,,
1741920,Jhon Rentería,Sarmiento,202757,AM,CAM,arg_a,Liga Profesional Argentina,112,1000000477,2026,20.0,Colombia,175.0,0.782306,442.0,,,1.0,,0.20361990950226244,1.0,,1.4,,0.08144796380090498,,,,1.0180995475113122,1.0180995475113122,0.20361990950226244,2.0,,,,,,,,,,,,,,,,3.0,
1684305,Gaspar Duarte,Rosario Central,10084,W,RW,arg_a,Liga Profesional Argentina,112,1000000477,2026,23.0,Argentina,175.0,1.022714,440.0,,,,,,1.2,0.25,0.3,,0.04090909090909091,1.8,0.4,,1.0227272727272727,1.0227272727272727,,2.0,0.2,1.4,,,0.4,,0.2,,,,,,,,1.2,1.0,
1248634,Natanael Guzmán,Aldosivi,161728,W,"RW,RM",arg_a,Liga Profesional Argentina,112,1000000477,2026,27.0,Argentina,172.0,0.295532,438.0,,,,,,0.4,,0.2,,0.1643835616438356,,,,0.410958904109589,0.410958904109589,,1.0,,,,,,,,,,,,,,,,,
1372669,Tomás O'Connor,Gimnasia Mendoza,568727,DM,"CDM,CAM",arg_a,Liga Profesional Argentina,112,1000000477,2026,22.0,Argentina,173.0,0.683706,434.0,,,2.0,,0.4147465437788018,0.3,,0.2,,0.041474654377880185,,,,1.4516129032258065,1.4516129032258065,0.6221198156682027,1.0,,,,,,,,,,,,,,,,2.0,
469593,Ezequiel Cerutti,San Lorenzo,10083,W,"RW,ST",arg_a,Liga Profesional Argentina,112,1000000477,2026,34.0,Argentina,169.0,0.292425,432.0,,,,,,0.2,,0.3,,0.020833333333333332,,,,1.0416666666666667,1.0416666666666667,,,,,,,,,,,,,,,,,,1.0,
577681,Franco Escobar,Newell's Old Boys,10201,FB,"RB,CB,LB,RWB",arg_a,Liga Profesional Argentina,112,1000000477,2026,31.0,Argentina,175.0,0.51612,430.0,,,,,,,,0.1,,,,,,0.20930232558139536,0.20930232558139536,,,,,,,,,,,,,,,,,,2.0,
193881,Michael Hoyos,,10201,ST,,arg_a,Liga Profesional Argentina,112,1000000477,2026,,,,,429.0,,1.0,,,,0.9,,0.2,,0.1888111888111888,,,,0.8391608391608392,0.8391608391608392,,2.0,,,,,,,,,,,,,,,,,
1220657,Lautaro Giaccone,,10086,W,,arg_a,Liga Profesional Argentina,112,1000000477,2026,,,,,428.0,,,,,,0.5,,0.3,,0.0630841121495327,,,,1.2616822429906542,1.2616822429906542,,1.0,,,,,,,,,,,,,,,,,
783809,Diego Valoyes,Talleres,10101,W,RW,arg_a,Liga Profesional Argentina,112,1000000477,2026,30.0,Colombia,187.0,0.822326,427.0,,,1.0,,0.2107728337236534,0.6,,0.2,,0.04215456674473068,,,,0.6323185011709602,0.6323185011709602,0.4215456674473068,1.0,,,,,,,,,,,,,,,,,
1096613,Diego Crego,Independiente Rivadavia,161729,W,"LW,ST,LB",arg_a,Liga Profesional Argentina,112,1000000477,2026,29.0,Argentina,173.0,,424.0,,,,,,0.7,,0.2,,0.0,,,,0.6367924528301887,0.6367924528301887,,2.0,,,,,,,,,,,,,,,,2.0,
1844287,Mateo Martínez,Racing Club,10080,CB,CB,arg_a,Liga Profesional Argentina,112,1000000477,2026,18.0,Argentina,184.0,,419.0,,,,,,,,0.1,,,,,,0.21479713603818615,0.21479713603818615,,,,,,,,,,,,,,,,,,1.0,
1832556,Thomas Ríos,Newell's Old Boys,10201,W,LW,arg_a,Liga Profesional Argentina,112,1000000477,2026,20.0,Argentina,182.0,,416.0,,,1.0,,0.21634615384615385,0.9,,0.1,,,,,,0.21634615384615385,0.21634615384615385,,1.0,,,,,,,,,,,,,,,,,
1847386,Alan Daian Laprida,Central Córdoba de Santiago,213596,CM,CM,arg_a,Liga Profesional Argentina,112,1000000477,2026,22.0,Argentina,,,413.0,,,,,,0.0,,0.3,,,,,,0.6537530266343826,0.6537530266343826,,,,,,,,,,,,,,,,,,1.0,
18518,José Sosa,Estudiantes,10094,DM,"CDM,CAM",arg_a,Liga Profesional Argentina,112,1000000477,2026,41.0,Argentina,181.0,0.297725,411.0,,,1.0,,0.21897810218978103,0.1,,0.6,,0.0,,,,2.18978102189781,2.18978102189781,0.43795620437956206,,,,,,,,,,,,,,,,,3.0,
1248060,Alejandro Martínez,,10081,W,,arg_a,Liga Profesional Argentina,112,1000000477,2026,,,,,411.0,,,,,,0.2,,0.2,,,,,,1.094890510948905,1.094890510948905,0.21897810218978103,,,,,,,,,,,,,,,,,1.0,
754685,Gabriel Compagnucci,Atlético Tucumán,161727,FB,"RWB,RB,RW",arg_a,Liga Profesional Argentina,112,1000000477,2026,35.0,Argentina,178.0,0.460734,405.0,,,2.0,,0.4444444444444444,0.5,0.11,1.4,0.31,,2.0,,28.4,2.2222222222222223,2.2222222222222223,0.6666666666666666,1.0,0.9,0.9,2.7,0.7,1.3,0.2,0.4,5.6,,,,,,,0.4,1.0,
1608138,Juan Cortazzo,Gimnasia LP,10103,CB,CB,arg_a,Liga Profesional Argentina,112,1000000477,2026,20.0,Argentina,186.0,0.802834,401.0,,,,,,0.4,,0.0,,,,,,,,,1.0,,,,,,,,,,,,,,,,1.0,
1783664,Juan Meza,River Plate,10076,W,"RW,CM",arg_a,Liga Profesional Argentina,112,1000000477,2026,18.0,Argentina,183.0,4.544217,398.0,,,2.0,,0.45226130653266333,0.5,,1.0,,0.04522613065326633,,,,2.2613065326633164,2.2613065326633164,0.678391959798995,,,,,,,,,,,,,,,,,2.0,
1442709,Mauricio Cardillo,San Lorenzo,10083,FB,RWB,arg_a,Liga Profesional Argentina,112,1000000477,2026,23.0,Argentina,180.0,0.571561,394.0,,,,,,0.3,,0.1,,0.06852791878172589,,,,,,,,,,,,,,,,,,,,,,,,
1107747,Juan Miritello,,161730,ST,,arg_a,Liga Profesional Argentina,112,1000000477,2026,,,,,392.0,,2.0,,,,1.9,,0.2,,0.45918367346938777,,,,0.6887755102040817,0.6887755102040817,0.22959183673469388,2.0,,,,,,,,,,,,,,,,,
1034344,Mauro Luna Diale,Unión,10096,W,LM,arg_a,Liga Profesional Argentina,112,1000000477,2026,27.0,Argentina,173.0,0.456338,390.0,,,1.0,,0.23076923076923078,0.1,,0.9,,0.023076923076923078,,,,1.1538461538461537,1.1538461538461537,0.23076923076923078,,,,,,,,,,,,,,,,,1.0,
798148,Fabricio Bustos,,10076,FB,,arg_a,Liga Profesional Argentina,112,1000000477,2026,,,,,390.0,,,,,,0.2,,0.2,,,,,,0.46153846153846156,0.46153846153846156,,,,,,,,,,,,,,,,,,1.0,
724490,Milton Valenzuela,,10078,FB,,arg_a,Liga Profesional Argentina,112,1000000477,2026,,,,,389.0,,,,,,0.1,,0.2,,0.02313624678663239,,,,0.6940874035989717,0.6940874035989717,,,,,,,,,,,,,,,,,,2.0,
723489,Claudio Bravo,Argentinos Juniors,10086,FB,LB,arg_a,Liga Profesional Argentina,112,1000000477,2026,29.0,Argentina,179.0,0.518024,387.0,,,,,,0.1,,0.2,,,,,,0.46511627906976744,0.46511627906976744,,1.0,,,,,,,,,,,,,,,,1.0,
917976,Guillermo Soto,Tigre,89396,FB,RB,arg_a,Liga Profesional Argentina,112,1000000477,2026,32.0,Chile,177.0,0.259319,386.0,,,,,,0.1,,0.6,,,,,,1.16580310880829,1.16580310880829,0.23316062176165803,,,,,,,,,,,,,,,,,,
588773,Alfio Oviedo,Tigre,89396,ST,ST,arg_a,Liga Profesional Argentina,112,1000000477,2026,30.0,Paraguay,181.0,0.32542,384.0,,1.0,,0.23,,2.3,0.54,0.1,,0.46875,2.1,0.9,,1.171875,1.171875,,5.0,,0.2,,,,,,,,,,,,,3.3,3.0,
838234,Cristian Nahuel Barrios,San Lorenzo,10083,AM,"CAM,CDM,CM",arg_a,Liga Profesional Argentina,112,1000000477,2026,28.0,Argentina,156.0,0.455344,383.0,,,2.0,,0.4699738903394256,0.3,,0.6,,0.04699738903394256,,,,1.8798955613577024,1.8798955613577024,0.2349869451697128,,,,,,,,,,,,,,,,,1.0,
1843967,Elías Verón,Rosario Central,10084,FB,RB,arg_a,Liga Profesional Argentina,112,1000000477,2026,19.0,Argentina,179.0,,381.0,,1.0,,,,0.9,,0.9,,0.23622047244094488,,,,1.6535433070866141,1.6535433070866141,0.47244094488188976,,,,,,,,,,,,,,,,,2.0,
1244341,Aaron Quirós,,10079,CB,,arg_a,Liga Profesional Argentina,112,1000000477,2026,,,,,381.0,,,,,,0.2,,0.2,,0.047244094488188976,,,,0.23622047244094488,0.23622047244094488,,,,,,,,,,,,,,,,,,1.0,
113611,Leonardo Sigali,Aldosivi,161728,CB,CB,arg_a,Liga Profesional Argentina,112,1000000477,2026,39.0,Argentina,180.0,0.381218,380.0,,,,,,0.0,,0.4,,,,,,0.23684210526315788,0.23684210526315788,0.23684210526315788,,,,,,,,,,,,,,,,,2.0,
1206589,Williams Barlasina,,10201,GK,,arg_a,Liga Profesional Argentina,112,1000000477,2026,,,,,377.0,,,,,,,,0.0,,,,,,,,,,,,,,,,,,,1.0,,,,,,,
1531913,Leandro Lescano,Huracán,10081,FB,LB,arg_a,Liga Profesional Argentina,112,1000000477,2026,23.0,Argentina,,0.6233,375.0,,1.0,,,,0.3,,0.3,,0.264,,,,0.72,0.72,,,,,,,,,,,,,,,,,,1.0,2.0
1201039,Kevin Zenón,,10077,W,,arg_a,Liga Profesional Argentina,112,1000000477,2026,,,,,375.0,,1.0,,,,1.2,,0.7,,0.432,,,,1.44,1.44,0.24,,,,,,,,,,,,,,,,,1.0,
1270044,Sebastián Medina,Tigre,89396,W,LM,arg_a,Liga Profesional Argentina,112,1000000477,2026,26.0,Argentina,177.0,0.402012,374.0,,,,,,0.2,,0.2,,0.0,,,,0.48128342245989303,0.48128342245989303,,,,,,,,,,,,,,,,,,,
1709841,Juan Rattalino,San Lorenzo,10083,DM,CDM,arg_a,Liga Profesional Argentina,112,1000000477,2026,22.0,Argentina,168.0,0.565572,373.0,,,,,,0.2,,0.4,,,,,,0.9651474530831099,0.9651474530831099,,,,,,,,,,,,,,,,,,,
1780078,Celías Ingenthron,Club Atlético Platense,10089,FB,LB,arg_a,Liga Profesional Argentina,112,1000000477,2026,18.0,Argentina,175.0,0.990868,373.0,,,,,,0.0,,0.2,,,,,,0.24128686327077747,0.24128686327077747,,,,,,,,,,,,,,,,,,1.0,1.0
279769,Pablo Magnín,Sarmiento,202757,ST,ST,arg_a,Liga Profesional Argentina,112,1000000477,2026,36.0,Argentina,177.0,0.32554,372.0,,1.0,1.0,,0.24193548387096775,0.7,,0.3,,0.21774193548387097,,,,0.4838709677419355,0.4838709677419355,0.24193548387096775,2.0,,,,,,,,,,,,,,,,,
1608141,Federico Medina,Banfield,10087,W,RW,arg_a,Liga Profesional Argentina,112,1000000477,2026,22.0,Argentina,166.0,0.387716,372.0,,,,,,0.2,,0.7,,0.024193548387096774,,,,0.967741935483871,0.967741935483871,0.24193548387096775,1.0,,,,,,,,,,,,,,,,1.0,
1528896,Gonzalo Escudero,Racing Club,10080,CB,CB,arg_a,Liga Profesional Argentina,112,1000000477,2026,19.0,Argentina,187.0,0.558974,364.0,,1.0,,,,0.0,,0.1,,0.024725274725274724,,,,,,,,,,,,,,,,,,,,,,,,
1523550,Jeremías Lucco,Defensa y Justicia,161730,W,RW,arg_a,Liga Profesional Argentina,112,1000000477,2026,20.0,Argentina,172.0,0.828512,362.0,,2.0,,,,1.5,,1.2,,0.5220994475138122,,,,1.988950276243094,1.988950276243094,0.24861878453038674,1.0,,,,,,,,,,,,,,,,1.0,
670344,Milton Giménez,Boca Juniors,10077,ST,ST,arg_a,Liga Profesional Argentina,112,1000000477,2026,30.0,Argentina,184.0,1.755902,362.0,,4.0,,,,3.2,,0.2,,0.5966850828729282,,,,,,,3.0,,,,,,,,,,,,,,,,1.0,
1252447,Juan Cabrera,Sarmiento,202757,FB,RB,arg_a,Liga Profesional Argentina,112,1000000477,2026,26.0,Argentina,180.0,0.310678,362.0,,,,,,0.1,,0.1,,,,,,0.24861878453038674,0.24861878453038674,,,,,,,,,,,,,,,,,,2.0,
1443464,Kendry Páez,,10076,W,,arg_a,Liga Profesional Argentina,112,1000000477,2026,,,,,361.0,,1.0,,,,0.9,,1.5,,0.42382271468144045,,,,2.2437673130193905,2.2437673130193905,0.7479224376731302,1.0,,,,,,,,,,,,,,,,1.0,
1634589,Juan Luis Alfaro,Banfield,10087,FB,RB,arg_a,Liga Profesional Argentina,112,1000000477,2026,26.0,Argentina,175.0,0.300558,360.0,,,,,,0.0,,0.2,,,,,,1.5,1.5,,,,,,,,,,,,,,,,,,1.0,
684991,Braian Cufré,Aldosivi,161728,FB,LB,arg_a,Liga Profesional Argentina,112,1000000477,2026,29.0,Argentina,179.0,0.843445,360.0,,,,,,,,0.1,,,,,,0.5,0.5,,,,,,,,,,,,,,,,,,,
833271,Ignacio Chicco,Aldosivi,161728,GK,GK,arg_a,Liga Profesional Argentina,112,1000000477,2026,30.0,Argentina,185.0,0.436876,360.0,,,,,,,,0.0,,,,,,,,,,,,,,,,,,,,,,,,,,
113696,Jorge Emanuel Broun,,10084,GK,,arg_a,Liga Profesional Argentina,112,1000000477,2026,,,,,360.0,,,,,,,,0.0,,,,,,0.25,0.25,0.25,,,,,,,,,,,1.0,,,,,,,
1945770,Tomas Fagioli,Unión,10096,CB,CB,arg_a,Liga Profesional Argentina,112,1000000477,2026,21.0,Argentina,,,360.0,,,,,,0.0,,0.0,,,,,,,,,,,,,,,,,,,,,,,,,,
1336919,Rodrigo Castillo,,10082,ST,,arg_a,Liga Profesional Argentina,112,1000000477,2026,,,,,358.0,,1.0,3.0,,0.7541899441340782,1.3,,1.1,,0.3268156424581006,,,,2.5139664804469275,2.5139664804469275,0.7541899441340782,2.0,,,,,,,,,,,,,,,,,
1609797,Lucas Gómez,Newell's Old Boys,10201,CM,CM,arg_a,Liga Profesional Argentina,112,1000000477,2026,22.0,Argentina,178.0,0.863954,352.0,,,,,,0.0,0.01,0.1,,0.0,0.5,0.3,,0.5113636363636364,0.5113636363636364,,,2.8,,,,0.8,,0.3,,,,,,,,2.3,1.0,
1782368,Álex Verón,Vélez Sarsfield,10079,W,LW,arg_a,Liga Profesional Argentina,112,1000000477,2026,17.0,Argentina,175.0,1.017504,352.0,,,,,,0.5,,0.1,,0.33238636363636365,,,,0.5113636363636364,0.5113636363636364,,1.0,,,,,,,,,,,,,,,,,
1353567,Yeison Moreno,Estudiantes de Río Cuarto,213591,ST,ST,arg_a,Liga Profesional Argentina,112,1000000477,2026,29.0,Colombia,189.0,0.366013,352.0,,,,,,0.2,,0.1,,0.0,,,,0.7670454545454546,0.7670454545454546,,,,,,,,,,,,,,,,,,1.0,
108568,Éver Banega,Defensa y Justicia,161730,DM,CDM,arg_a,Liga Profesional Argentina,112,1000000477,2026,38.0,Argentina,176.0,0.245767,351.0,,,,,,0.1,,0.7,,,,,,1.5384615384615385,1.5384615384615385,,,,,,,,,,,,,,,,,,2.0,
1035611,Alan Rodríguez,Rosario Central,10084,W,"RW,CDM,LM",arg_a,Liga Profesional Argentina,112,1000000477,2026,26.0,Uruguay,171.0,1.621529,346.0,,1.0,,,,0.9,,0.1,,0.33815028901734107,,,,1.300578034682081,1.300578034682081,,1.0,,,,,,,,,,,,,,,,1.0,
921603,Giuliano Galoppo,,10076,CM,,arg_a,Liga Profesional Argentina,112,1000000477,2026,,,,,345.0,,1.0,,,,1.6,,0.5,,0.18260869565217389,,,,1.0434782608695652,1.0434782608695652,0.5217391304347826,1.0,,,,,,,,,,,,,,,,1.0,
490660,Nehuén Paz,Banfield,10081,CB,CB,arg_a,Liga Profesional Argentina,112,1000000477,2026,33.0,Argentina,191.0,0.442211,343.0,,,,,,0.4,,0.1,,0.07871720116618076,,,,0.26239067055393583,0.26239067055393583,,,,,,,,,,,,,,,,,,1.0,
1729959,Álvaro Ocampo,Belgrano,10092,CB,CB,arg_a,Liga Profesional Argentina,112,1000000477,2026,22.0,Argentina,184.0,0.597885,340.0,,,,,,,,0.3,,,,,,0.5294117647058824,0.5294117647058824,,,,,,,,,,,,,,,,,,,
1199876,Leonardo Marchi,Central Córdoba de Santiago,213596,FB,LB,arg_a,Liga Profesional Argentina,112,1000000477,2026,30.0,Argentina,180.0,0.326376,339.0,,,,,,,,0.3,,,,,,0.7964601769911505,0.7964601769911505,,,,,,,,,,,,,,,,,,2.0,
839634,Blas Armoa,Gimnasia Mendoza,568727,ST,ST,arg_a,Liga Profesional Argentina,112,1000000477,2026,26.0,Paraguay,179.0,0.497946,336.0,,1.0,,,,1.2,,0.3,,0.2946428571428572,,,,1.875,1.875,0.26785714285714285,2.0,,,,,,,,,,,,,,,,1.0,
1714933,Alejandro Tello,Racing Club,10080,CM,"CM,CDM",arg_a,Liga Profesional Argentina,112,1000000477,2026,18.0,Argentina,184.0,,328.0,,,1.0,,0.27439024390243905,0.4,,0.3,,0.08231707317073171,,,,1.3719512195121952,1.3719512195121952,0.27439024390243905,,,,,,,,,,,,,,,,,2.0,
1710297,Camilo Rey Domenech,Boca Juniors,10077,CM,CM,arg_a,Liga Profesional Argentina,112,1000000477,2026,20.0,Argentina,178.0,0.891755,323.0,,,,,,0.0,,0.0,,,,,,,,,,,,,,,,,,,,,,,,,,
1192576,Agustín Álvarez,Talleres,10101,ST,ST,arg_a,Liga Profesional Argentina,112,1000000477,2026,25.0,Uruguay,177.0,1.650717,323.0,,2.0,1.0,,0.2786377708978328,2.7,,0.2,,0.5851393188854489,,,,1.3931888544891642,1.3931888544891642,0.2786377708978328,1.0,,,,,,,,,,,,,,,,,1.0
1359227,Gonzalo Piñeiro,,89396,DM,,arg_a,Liga Profesional Argentina,112,1000000477,2026,,,,,319.0,,,,,,0.0,,0.1,,0.05642633228840126,,,,0.5642633228840125,0.5642633228840125,,,,,,,,,,,,,,,,,,3.0,
1201809,Ignacio Gariglio,Deportivo Riestra,298629,CB,CB,arg_a,Liga Profesional Argentina,112,1000000477,2026,28.0,Argentina,189.0,0.361648,319.0,,,,,,0.1,,0.0,,0.11285266457680251,,,,,,,1.0,,,,,,,,,,,,,,,,2.0,
1226851,Luciano Giménez,Club Atlético Platense,10089,ST,ST,arg_a,Liga Profesional Argentina,112,1000000477,2026,26.0,Argentina,,0.515051,318.0,,1.0,,,,1.0,,0.1,,0.33962264150943394,,,,1.9811320754716981,1.9811320754716981,,2.0,,,,,,,,,,,,,,,,3.0,
618779,Brian Andrada,Gimnasia Mendoza,568727,W,LW,arg_a,Liga Profesional Argentina,112,1000000477,2026,29.0,Argentina,167.0,0.285808,318.0,,,,,,0.1,,0.7,,0.0,,,,1.9811320754716981,1.9811320754716981,0.2830188679245283,,,,,,,,,,,,,,,,,,
794311,Fernando Juárez,Central Córdoba de Santiago,213596,CM,CM,arg_a,Liga Profesional Argentina,112,1000000477,2026,28.0,Argentina,177.0,0.5778,315.0,,,,,,,,0.1,,,,,,0.5714285714285714,0.5714285714285714,,,,,,,,,,,,,,,,,,1.0,
1771178,Bautista Dadín,Aldosivi,161728,ST,ST,arg_a,Liga Profesional Argentina,112,1000000477,2026,20.0,Argentina,179.0,0.977353,311.0,,,,,,0.4,,0.1,,0.08681672025723473,,,,1.4469453376205788,1.4469453376205788,,,,,,,,,,,,,,,,,,3.0,
1513012,Javier Vallejos,Central Córdoba de Santiago,213596,GK,GK,arg_a,Liga Profesional Argentina,112,1000000477,2026,23.0,Argentina,188.0,0.426602,311.0,,,,,,,,0.0,,,,,,,,,,,,,,,,,,,1.0,,,,,,,
1110613,Luis Sequeira,Independiente Rivadavia,161729,AM,CAM,arg_a,Liga Profesional Argentina,112,1000000477,2026,23.0,Argentina,172.0,0.517597,307.0,,,,,,0.6,,1.4,,0.11726384364820847,,,,4.1042345276872965,4.1042345276872965,0.8794788273615635,,,,,,,,,,,,,,,,,,
1452131,Fabricio López,Club Atlético Platense,10083,FB,RB,arg_a,Liga Profesional Argentina,112,1000000477,2026,23.0,Argentina,179.0,0.581793,304.0,,1.0,,,,0.2,,0.2,,0.17763157894736842,,,,0.5921052631578947,0.5921052631578947,,,,,,,,,,,,,,,,,,1.0,
848153,Juan Álvarez,San Lorenzo,10083,W,RM,arg_a,Liga Profesional Argentina,112,1000000477,2026,30.0,Argentina,175.0,0.449694,302.0,,,,,,0.1,,0.1,,0.23841059602649006,,,,0.2980132450331126,0.2980132450331126,,,,,,,,,,,,,,,,,,1.0,
624411,Eric Ramírez,Unión,10096,CM,CM,arg_a,Liga Profesional Argentina,112,1000000477,2026,30.0,Argentina,170.0,0.551942,300.0,,2.0,1.0,0.6,0.3,1.1,0.34,0.9,0.26,0.41999999999999993,4.2,1.5,15.3,0.9,0.9,0.3,1.0,,1.2,1.8,0.9,0.6,0.3,,3.3,,,,,,,2.7,1.0,1.0
1241613,Lautaro Ríos,Banfield,10087,CM,CM,arg_a,Liga Profesional Argentina,112,1000000477,2026,26.0,Argentina,180.0,0.381496,300.0,,,,,,0.2,,0.0,,0.06,,,,0.3,0.3,,1.0,,,,,,,,,,,,,,,,1.0,
1054269,Gabriel Florentín,Argentinos Juniors,10086,DM,CDM,arg_a,Liga Profesional Argentina,112,1000000477,2026,27.0,Argentina,173.0,0.557299,299.0,,,1.0,,0.3010033444816054,0.0,,0.6,,,,,,2.709030100334448,2.709030100334448,0.3010033444816054,,,,,,,,,,,,,,,,,3.0,
1622776,Bruno Cabrera,,10082,W,,arg_a,Liga Profesional Argentina,112,1000000477,2026,,,,,298.0,,,,,,0.8,,0.1,,0.030201342281879196,,,,0.6040268456375839,0.6040268456375839,,1.0,,,,,,,,,,,,,,,,1.0,
902969,Francisco Ortega,River Plate,10076,FB,LB,arg_a,Liga Profesional Argentina,112,1000000477,2026,27.0,Argentina,178.0,6.501237,296.0,,,,,,0.1,,0.2,,0.15202702702702703,,,,0.6081081081081081,0.6081081081081081,,,,,,,,,,,,,,,,,,,
1622884,Joaquín Pereyra,Estudiantes,10094,FB,LB,arg_a,Liga Profesional Argentina,112,1000000477,2026,21.0,Argentina,,0.656341,296.0,,,,,,0.1,,0.0,,,,,,0.6081081081081081,0.6081081081081081,,,,,,,,,,,,,,,,,,2.0,
1436204,Manuel Brondo,Atlético Tucumán,161727,ST,ST,arg_a,Liga Profesional Argentina,112,1000000477,2026,24.0,Argentina,178.0,0.575037,295.0,,,,,,0.6,,0.3,,0.15254237288135594,,,,,,,3.0,,,,,,,,,,,,,,,,,
1580951,Valentino Acuña,Newell's Old Boys,10201,CM,"CM,CAM",arg_a,Liga Profesional Argentina,112,1000000477,2026,20.0,Argentina,177.0,1.639378,295.0,,,,,,,,0.5,,,,,,2.440677966101695,2.440677966101695,,,,,,,,,,,,,,,,,,1.0,
618807,Rodrigo Bogarín,Barracas Central,213534,AM,"CAM,CM",arg_a,Liga Profesional Argentina,112,1000000477,2026,29.0,Paraguay,180.0,0.253794,294.0,,,,,,0.7,,0.4,,0.12244897959183673,,,,1.2244897959183674,1.2244897959183674,0.30612244897959184,1.0,,,,,,,,,,,,,,,,,
615987,Braian Romero,,10079,ST,,arg_a,Liga Profesional Argentina,112,1000000477,2026,,,,,293.0,,1.0,,,,2.2,,0.3,,0.552901023890785,,,,0.9215017064846417,0.9215017064846417,,3.0,,,,,,,,,,,,,,,,3.0,
1950640,Facundo Herrera,Boca Juniors,10077,CB,CB,arg_a,Liga Profesional Argentina,112,1000000477,2026,20.0,Argentina,180.0,,292.0,,,,,,,,0.0,,,,,,0.3082191780821918,0.3082191780821918,,,,,,,,,,,,,,,,,,2.0,
251543,Ramón Arias,Tigre,89396,CB,"CB,RB",arg_a,Liga Profesional Argentina,112,1000000477,2026,34.0,Uruguay,181.0,0.257082,290.0,,,,,,0.0,,0.2,,,,,,0.9310344827586207,0.9310344827586207,0.3103448275862069,,,,,,,,,,,,,,,,,1.0,
2089336,Mateo Vales,Aldosivi,161728,FB,LB,arg_a,Liga Profesional Argentina,112,1000000477,2026,19.0,Argentina,,,289.0,,,,,,0.1,,0.0,,,,,,,,,,,,,,,,,,,,,,,,,1.0,
1842740,Josias Palais,Independiente,10078,W,LW,arg_a,Liga Profesional Argentina,112,1000000477,2026,20.0,Argentina,,,288.0,,,,,,0.3,,0.4,,0.1875,,,,0.625,0.625,0.3125,1.0,,,,,,,,,,,,,,,,,
1709488,Enzo Taborda,Barracas Central,213534,W,LW,arg_a,Liga Profesional Argentina,112,1000000477,2026,21.0,Argentina,,0.67069,286.0,,1.0,,,,0.7,,0.2,,0.0944055944055944,,,,0.6293706293706294,0.6293706293706294,,1.0,,,,,,,,,,,,,,,,1.0,
1981156,Thiago Aguirre,Vélez Sarsfield,10079,ST,ST,arg_a,Liga Profesional Argentina,112,1000000477,2026,17.0,Argentina,,,285.0,,1.0,1.0,,0.3157894736842105,0.1,,0.6,,0.22105263157894733,,,,1.263157894736842,1.263157894736842,0.631578947368421,,,,,,,,,,,,,,,,,,
1312034,Guillermo Enrique,Aldosivi,161728,FB,RB,arg_a,Liga Profesional Argentina,112,1000000477,2026,26.0,Argentina,174.0,0.380248,285.0,,,,,,0.1,,0.4,,,,,,1.263157894736842,1.263157894736842,,,,,,,,,,,,,,,,,,1.0,
857527,Gabriel Risso,,10201,FB,,arg_a,Liga Profesional Argentina,112,1000000477,2026,,,,,285.0,,,,,,,,0.1,,,,,,0.3157894736842105,0.3157894736842105,,,,,,,,,,,,,,,,,,,
923598,Tomás Badaloni,Rosario Central,10084,ST,ST,arg_a,Liga Profesional Argentina,112,1000000477,2026,26.0,Argentina,186.0,2.819582,277.0,,,1.0,,0.3249097472924188,0.8,,0.2,,,,,,0.9747292418772563,0.9747292418772563,,2.0,,,,,,,,,,,,,,,,,
1382785,Ismael Cortéz,Gimnasia Mendoza,568727,FB,RB,arg_a,Liga Profesional Argentina,112,1000000477,2026,26.0,Argentina,,0.524384,276.0,,,,,,0.0,,0.4,,0.03260869565217391,,,,0.9782608695652174,0.9782608695652174,0.32608695652173914,,,,,,,,,,,,,,,,,1.0,
968125,Julián López,Defensa y Justicia,161730,CM,"CM,CDM",arg_a,Liga Profesional Argentina,112,1000000477,2026,26.0,Argentina,186.0,0.466021,275.0,,,,,,,,0.1,,,,,,0.6545454545454545,0.6545454545454545,0.32727272727272727,,,,,,,,,,,,,,,,,,
1137661,Franco Paredes,Argentinos Juniors,10086,FB,RB,arg_a,Liga Profesional Argentina,112,1000000477,2026,27.0,Argentina,176.0,0.466175,275.0,,,,,,0.0,,0.1,,,,,,0.32727272727272727,0.32727272727272727,,,,,,,,,,,,,,,,,,2.0,
412762,Matías Kranevitter,Racing Club,10080,DM,"CDM,CM",arg_a,Liga Profesional Argentina,112,1000000477,2026,33.0,Argentina,177.0,0.322099,274.0,,,1.0,,0.3284671532846715,0.0,,0.3,,,,,,1.313868613138686,1.313868613138686,,,,,,,,,,,,,,,,,,3.0,
533775,Rafael Borré,River Plate,10076,ST,ST,arg_a,Liga Profesional Argentina,112,1000000477,2026,31.0,Colombia,174.0,2.350597,272.0,,,,,,0.3,,0.3,,0.0,,,,0.6617647058823529,0.6617647058823529,0.33088235294117646,1.0,,,,,,,,,,,,,,,,,
1729714,Francisco Scarpeccio,Newell's Old Boys,10201,ST,ST,arg_a,Liga Profesional Argentina,112,1000000477,2026,20.0,Argentina,187.0,0.625623,271.0,,1.0,,,,0.9,,0.1,,0.3653136531365314,,,,0.6642066420664207,0.6642066420664207,,2.0,,,,,,,,,,,,,,,,1.0,
1435121,Kevin Vázquez,Independiente Rivadavia,161729,DM,CDM,arg_a,Liga Profesional Argentina,112,1000000477,2026,25.0,Argentina,175.0,0.625359,271.0,,,,,,0.1,,0.6,,0.033210332103321034,,,,2.3247232472324724,2.3247232472324724,0.6642066420664207,,,,,,,,,,,,,,,,,,
1442996,Franco Lorenzón,San Lorenzo,10083,CB,CB,arg_a,Liga Profesional Argentina,112,1000000477,2026,25.0,Argentina,188.0,0.324574,270.0,,,,,,0.1,,0.0,,0.0,,,,0.3333333333333333,0.3333333333333333,,,,,,,,,,,,,,,,,,2.0,
861062,Matías Ruíz Díaz,Estudiantes de Río Cuarto,213591,FB,RB,arg_a,Liga Profesional Argentina,112,1000000477,2026,30.0,Argentina,179.0,0.275462,270.0,,,,,,,,0.1,,,,,,,,,,,,,,,,,,,,,,,,,,
319631,Joaquín Correa,Estudiantes,10094,AM,"CAM,ST,LW",arg_a,Liga Profesional Argentina,112,1000000477,2026,32.0,Argentina,189.0,1.132173,269.0,,,1.0,,0.3345724907063197,1.2,,0.9,,0.20074349442379183,,,,2.007434944237918,2.007434944237918,0.6691449814126395,1.0,,,,,,,,,,,,,,,,2.0,
1514703,Mauro Smarra,Deportivo Riestra,298629,ST,ST,arg_a,Liga Profesional Argentina,112,1000000477,2026,27.0,Argentina,168.0,0.36903,269.0,,,,,,0.5,,0.1,,0.06691449814126393,,,,,,,,,,,,,,,,,,,,,,,,
1372084,Matías Hernández,Banfield,10087,ST,ST,arg_a,Liga Profesional Argentina,112,1000000477,2026,21.0,Argentina,178.0,0.63039,266.0,,1.0,,,,1.0,,0.1,,0.30451127819548873,,,,0.3383458646616541,0.3383458646616541,,,,,,,,,,,,,,,,,,,
527862,Luciano Cabral,Independiente,10078,AM,"CAM,CM",arg_a,Liga Profesional Argentina,112,1000000477,2026,31.0,Chile,172.0,0.842147,264.0,,1.0,,,,1.6,,0.2,,0.4431818181818182,,,,1.0227272727272727,1.0227272727272727,,2.0,,,,,,,,,,,,,,,,1.0,1.0
514296,Adrián Balboa,Banfield,10087,ST,"ST,CAM",arg_a,Liga Profesional Argentina,112,1000000477,2026,32.0,Uruguay,186.0,0.35417,263.0,,,1.0,,0.34220532319391633,1.1,,0.3,,0.20532319391634982,,,,1.026615969581749,1.026615969581749,,4.0,,,,,,,,,,,,,,,,,
1662969,Jano Gordon,Vélez Sarsfield,10079,FB,RB,arg_a,Liga Profesional Argentina,112,1000000477,2026,22.0,Argentina,182.0,1.603089,259.0,,1.0,,,,0.4,,0.3,,0.3127413127413127,,,,1.0424710424710424,1.0424710424710424,,,,,,,,,,,,,,,,,,,
529104,Favio Álvarez,Banfield,10087,CM,CM,arg_a,Liga Profesional Argentina,112,1000000477,2026,33.0,Argentina,184.0,0.314411,256.0,,,,,,0.3,,0.2,,0.0703125,,,,1.40625,1.40625,,,,,,,,,,,,,,,,,,3.0,
1800617,Lautaro Mora,Huracán,10081,CM,CM,arg_a,Liga Profesional Argentina,112,1000000477,2026,21.0,Argentina,182.0,0.667524,253.0,,,,,,0.2,,0.1,,,,,,1.0671936758893281,1.0671936758893281,,,,,,,,,,,,,,,,,,2.0,
832164,Gastón Togni,Club Atlético Platense,10089,W,"LW,LWB,LM,RW",arg_a,Liga Profesional Argentina,112,1000000477,2026,29.0,Argentina,181.0,1.191672,253.0,,,,,,0.0,,0.2,,,,,,1.4229249011857708,1.4229249011857708,0.3557312252964427,,,,,,,,,,,,,,,,,,
642766,Matías Vargas,Gimnasia Mendoza,568727,ST,"ST,CM,CAM",arg_a,Liga Profesional Argentina,112,1000000477,2026,29.0,Argentina,168.0,2.561475,250.0,,,,,,0.4,,0.3,,0.18,,,,1.8,1.8,0.36,1.0,,,,,,,,,,,,,,,,,
1447680,Alessandro Riep,Independiente Rivadavia,161729,CM,CM,arg_a,Liga Profesional Argentina,112,1000000477,2026,23.0,Argentina,174.0,0.543891,244.0,,,,,,0.1,,0.1,,0.07377049180327869,,,,0.7377049180327869,0.7377049180327869,,,,,,,,,,,,,,,,,,1.0,
1025559,Matías Giménez,Argentinos Juniors,10086,CM,CM,arg_a,Liga Profesional Argentina,112,1000000477,2026,27.0,Argentina,185.0,1.128248,241.0,,1.0,1.0,,0.37344398340248963,0.9,,0.6,,0.2614107883817427,,,,1.8672199170124482,1.8672199170124482,0.37344398340248963,1.0,,,,,,,,,,,,,,,,1.0,
1897009,Luca Rafaelli,Instituto,10090,AM,CAM,arg_a,Liga Profesional Argentina,112,1000000477,2026,18.0,Argentina,,,241.0,,1.0,1.0,,0.37344398340248963,0.6,,0.7,,0.14937759336099585,,,,1.8672199170124482,1.8672199170124482,0.37344398340248963,,,,,,,,,,,,,,,,,2.0,
1455479,Federico Laurelli,Aldosivi,161728,FB,LB,arg_a,Liga Profesional Argentina,112,1000000477,2026,22.0,Argentina,187.0,0.598402,241.0,,,,,,0.0,,0.2,,,,,,0.37344398340248963,0.37344398340248963,,,,,,,,,,,,,,,,,,1.0,
1929752,Felipe Tempone,Independiente,10078,ST,ST,arg_a,Liga Profesional Argentina,112,1000000477,2026,20.0,Argentina,180.0,,239.0,,,1.0,,0.37656903765690375,1.8,,0.3,,0.2635983263598326,,,,1.1297071129707112,1.1297071129707112,0.7531380753138075,3.0,,,,,,,,,,,,,,,,,
876842,Neyder Moreno,Banfield,10087,AM,"CAM,RW",arg_a,Liga Profesional Argentina,112,1000000477,2026,29.0,Colombia,174.0,0.28173,239.0,,1.0,,,,1.8,,0.2,,0.602510460251046,,,,1.506276150627615,1.506276150627615,0.37656903765690375,3.0,,,,,,,,,,,,,,,,1.0,
1317180,Matías Morello,,161728,DM,,arg_a,Liga Profesional Argentina,112,1000000477,2026,,,,,235.0,,,,,,,,0.0,,,,,,0.3829787234042553,0.3829787234042553,,,,,,,,,,,,,,,,,,1.0,
1590260,Alejandro Villarreal,,161728,ST,,arg_a,Liga Profesional Argentina,112,1000000477,2026,,,,,234.0,,,,,,0.4,,0.1,,,,,,0.38461538461538464,0.38461538461538464,,1.0,,,,,,,,,,,,,,,,1.0,
195927,Enner Valencia,Boca Juniors,10077,ST,ST,arg_a,Liga Profesional Argentina,112,1000000477,2026,36.0,Ecuador,177.0,1.053796,234.0,,1.0,2.0,,0.7692307692307693,2.1,,0.0,,0.5,,,,0.7692307692307693,0.7692307692307693,0.38461538461538464,3.0,,,,,,,,,,,,,,,,,
1098461,Nicolás Ferreyra,,568727,ST,,arg_a,Liga Profesional Argentina,112,1000000477,2026,,,,,232.0,,,,,,0.3,,0.0,,0.0,,,,0.3879310344827586,0.3879310344827586,,1.0,,,,,,,,,,,,,,,,2.0,
1323824,Martín Río,San Lorenzo,10083,CM,CM,arg_a,Liga Profesional Argentina,112,1000000477,2026,25.0,Argentina,175.0,1.324405,231.0,,1.0,,,,0.2,,0.3,,0.15584415584415584,,,,1.1688311688311688,1.1688311688311688,0.38961038961038963,,,,,,,,,,,,,,,,,1.0,
961717,Nicolás Morgantini,Lanús,10082,FB,RB,arg_a,Liga Profesional Argentina,112,1000000477,2026,32.0,Argentina,178.0,0.436876,231.0,,,,,,,,0.1,,,,,,,,,,,,,,,,,,,,,,,,,,
1336833,Renzo Malanca,Banfield,10087,CB,CB,arg_a,Liga Profesional Argentina,112,1000000477,2026,23.0,Argentina,185.0,0.401967,225.0,,,1.0,,0.4,0.3,,0.1,,0.16,,,,0.4,0.4,,1.0,,,,,,,,,,,,,,,,,
1661689,Jeremías Merlo,Gimnasia LP,10103,W,"LW,RW",arg_a,Liga Profesional Argentina,112,1000000477,2026,20.0,Argentina,,1.178989,223.0,,,,,,0.2,,0.1,,,,,,1.6143497757847534,1.6143497757847534,0.40358744394618834,,,,,,,,,,,,,,,,,,
882460,Jonás Acevedo,Instituto,10090,W,RM,arg_a,Liga Profesional Argentina,112,1000000477,2026,29.0,Argentina,172.0,0.28173,222.0,,,,,,0.9,,0.8,,0.0,,,,2.8378378378378377,2.8378378378378377,0.40540540540540543,1.0,,,,,,,,,,,,,,,,,
269222,Lucas Alario,Estudiantes,10094,ST,ST,arg_a,Liga Profesional Argentina,112,1000000477,2026,34.0,Argentina,185.0,0.322298,222.0,,1.0,,,,1.2,,0.2,,0.40540540540540543,,,,2.4324324324324325,2.4324324324324325,0.40540540540540543,,,,,,,,,,,,,,,,,1.0,
453412,Julián Fernández,Atlético Tucumán,161727,DM,"CDM,CM",arg_a,Liga Profesional Argentina,112,1000000477,2026,31.0,Argentina,180.0,0.25485,222.0,,,,,,0.0,,0.1,,,,,,0.40540540540540543,0.40540540540540543,,,,,,,,,,,,,,,,,,1.0,
979771,Franco García,,10201,ST,,arg_a,Liga Profesional Argentina,112,1000000477,2026,,,,,219.0,,1.0,,,,0.4,,1.0,,0.1232876712328767,,,,2.0547945205479454,2.0547945205479454,,,,,,,,,,,,,,,,,,,
1712136,Elián Giménez,Sarmiento,202757,CM,CM,arg_a,Liga Profesional Argentina,112,1000000477,2026,22.0,Argentina,175.0,0.738048,218.0,,,,,,0.2,,0.0,,,,,,0.8256880733944955,0.8256880733944955,0.41284403669724773,,,,,,,,,,,,,,,,,1.0,
1110049,Lautaro Cano,Banfield,10087,FB,LB,arg_a,Liga Profesional Argentina,112,1000000477,2026,24.0,Argentina,170.0,0.422179,216.0,,,,,,0.0,,0.1,,,,,,0.4166666666666667,0.4166666666666667,,,,,,,,,,,,,,,,,,2.0,
1634838,Iker Zufiaurre,,10077,ST,,arg_a,Liga Profesional Argentina,112,1000000477,2026,,,,,215.0,,1.0,,,,0.2,,0.0,,0.04186046511627907,,,,,,,,,,,,,,,,,,,,,,,1.0,
1609439,Ulises Giménez,Sarmiento,202757,FB,RB,arg_a,Liga Profesional Argentina,112,1000000477,2026,20.0,Argentina,185.0,0.712909,215.0,,,,,,0.1,,0.2,,0.0,,,,1.255813953488372,1.255813953488372,,,,,,,,,,,,,,,,,,,
2099187,Juan Policella,Vélez Sarsfield,10079,W,LW,arg_a,Liga Profesional Argentina,112,1000000477,2026,17.0,Argentina,,,214.0,,1.0,,,,1.1,,0.1,,0.6728971962616822,,,,0.8411214953271028,0.8411214953271028,,1.0,,,,,,,,,,,,,,,,,
1895887,Máximo Rodríguez,Defensa y Justicia,161730,FB,LB,arg_a,Liga Profesional Argentina,112,1000000477,2026,21.0,Argentina,183.0,,214.0,,,,,,0.0,,0.1,,,,,,0.4205607476635514,0.4205607476635514,,,,,,,,,,,,,,,,,,,
1554748,Luca Raffin,Rosario Central,10084,CB,CB,arg_a,Liga Profesional Argentina,112,1000000477,2026,20.0,Argentina,186.0,0.595056,210.0,,,,,,,,0.0,,,,,,,,,,,,,,,,,,,,,,,,,,
1958447,Lucas Silva,River Plate,10076,DM,CDM,arg_a,Liga Profesional Argentina,112,1000000477,2026,19.0,Argentina,,,206.0,,,,,,0.1,,0.1,,,,,,,,,,,,,,,,,,,,,,,,,1.0,
1347567,Valentín Carboni,Racing Club,10080,W,RW,arg_a,Liga Profesional Argentina,112,1000000477,2026,21.0,Argentina,185.0,9.240969,204.0,,,,,,0.3,,0.1,,,,,,0.8823529411764706,0.8823529411764706,,,,,,,,,,,,,,,,,,1.0,
270322,Andrés Chávez,Aldosivi,161728,ST,ST,arg_a,Liga Profesional Argentina,112,1000000477,2026,35.0,Argentina,185.0,0.330067,203.0,,,,,,0.5,,0.0,,0.6206896551724137,,,,0.4433497536945813,0.4433497536945813,,,,,,,,,,,,,,,,,,1.0,
1402051,Marcelo Esponda,Newell's Old Boys,10201,DM,CDM,arg_a,Liga Profesional Argentina,112,1000000477,2026,23.0,Argentina,179.0,0.398716,199.0,,,,,,0.0,,0.1,,0.0,,,,0.9045226130653267,0.9045226130653267,,,,,,,,,,,,,,,,,,,
693593,Augusto Lotti,Club Atlético Platense,10089,ST,ST,arg_a,Liga Profesional Argentina,112,1000000477,2026,30.0,Argentina,179.0,0.348941,198.0,,2.0,,,,1.5,,0.2,,0.9545454545454546,,,,1.3636363636363635,1.3636363636363635,,,,,,,,,,,,,,,,,,,
1280806,Nicolás Palavecino,Defensa y Justicia,10096,W,LM,arg_a,Liga Profesional Argentina,112,1000000477,2026,23.0,Argentina,186.0,0.55911,198.0,,,1.0,,0.45454545454545453,0.6,,0.3,,0.5454545454545454,,,,3.6363636363636362,3.6363636363636362,,,,,,,,,,,,,,,,,,,
257868,Juan Fernando Garro,Estudiantes de Río Cuarto,213591,W,"RM,ST",arg_a,Liga Profesional Argentina,112,1000000477,2026,33.0,Argentina,179.0,0.289588,197.0,,,,,,0.1,,0.2,,,,,,0.9137055837563451,0.9137055837563451,0.45685279187817257,,,,,,,,,,,,,,,,,,
1343215,Gonzalo Errecalde,Gimnasia LP,10103,CB,CB,arg_a,Liga Profesional Argentina,112,1000000477,2026,26.0,Argentina,185.0,0.313806,197.0,,,,,,0.1,,0.0,,,,,,,,,,,,,,,,,,,,,,,,,1.0,
941538,Juan Infante,Atlético Tucumán,161727,FB,LB,arg_a,Liga Profesional Argentina,112,1000000477,2026,30.0,Argentina,178.0,0.388081,197.0,,,,,,0.1,,0.1,,0.13705583756345177,,,,0.9137055837563451,0.9137055837563451,,,,,,,,,,,,,,,,,,,
1911034,Luca Feler,Vélez Sarsfield,10079,DM,CDM,arg_a,Liga Profesional Argentina,112,1000000477,2026,18.0,Argentina,,0.868489,195.0,,,,,,0.2,,0.2,,0.046153846153846156,,,,0.9230769230769231,0.9230769230769231,0.46153846153846156,,,,,,,,,,,,,,,,,,
723671,Domingo Blanco,Defensa y Justicia,161730,W,"LW,LM",arg_a,Liga Profesional Argentina,112,1000000477,2026,31.0,Argentina,167.0,0.625444,195.0,,,,,,0.1,,0.3,,0.09230769230769231,,,,1.3846153846153846,1.3846153846153846,0.46153846153846156,,,,,,,,,,,,,,,,,,
290692,Franco Fragapane,Unión,10096,W,LM,arg_a,Liga Profesional Argentina,112,1000000477,2026,33.0,Argentina,170.0,0.28173,195.0,,,,,,0.7,,0.6,,0.0,,,,3.6923076923076925,3.6923076923076925,0.9230769230769231,2.0,,,,,,,,,,,,,,,,1.0,
1130624,Matías Pérez,Racing Club,10080,CB,CB,arg_a,Liga Profesional Argentina,112,1000000477,2026,27.0,Argentina,181.0,1.7789,195.0,,,,,,0.3,,0.1,,0.09230769230769231,,,,0.46153846153846156,0.46153846153846156,,,,,,,,,,,,,,,,,,1.0,
1666057,Valente Pierani,Estudiantes,10094,CB,CB,arg_a,Liga Profesional Argentina,112,1000000477,2026,20.0,Argentina,188.0,0.671816,195.0,,,,,,0.2,,0.1,,0.23076923076923078,,,,,,,,,,,,,,,,,,,,,,,1.0,
447556,Paulo Díaz,,10076,CB,,arg_a,Liga Profesional Argentina,112,1000000477,2026,,,,,194.0,,,,,,0.4,,0.0,,,,,,0.4639175257731959,0.4639175257731959,,,,,,,,,,,,,,,,,,1.0,
1738383,Facundo Sánchez,Lanús,10082,CM,CM,arg_a,Liga Profesional Argentina,112,1000000477,2026,21.0,Argentina,173.0,0.642576,192.0,,,,,,0.1,,0.1,,0.046875,,,,0.46875,0.46875,,,,,,,,,,,,,,,,,,,
589900,Ramón Ábila,Estudiantes de Río Cuarto,213591,ST,ST,arg_a,Liga Profesional Argentina,112,1000000477,2026,36.0,Argentina,175.0,0.357844,191.0,,,,,,0.2,,0.1,,0.2356020942408377,,,,1.4136125654450262,1.4136125654450262,0.4712041884816754,1.0,,,,,,,,,,,,,,,,2.0,
407796,Augusto Solari,Unión,10096,W,RW,arg_a,Liga Profesional Argentina,112,1000000477,2026,34.0,Argentina,180.0,0.310058,186.0,,,,,,0.5,,0.2,,0.0967741935483871,,,,0.967741935483871,0.967741935483871,0.4838709677419355,1.0,,,,,,,,,,,,,,,,,
1343195,Abiel Osorio,,161730,ST,,arg_a,Liga Profesional Argentina,112,1000000477,2026,,,,,186.0,,,,,,0.2,,0.0,,0.24193548387096775,,,,0.4838709677419355,0.4838709677419355,,1.0,,,,,,,,,,,,,,,,,
1039687,Gastón González,Sarmiento,202757,CM,CM,arg_a,Liga Profesional Argentina,112,1000000477,2026,25.0,Argentina,182.0,0.922849,184.0,,1.0,1.0,,0.4891304347826087,0.4,,0.3,,0.34239130434782605,,,,1.4673913043478262,1.4673913043478262,0.4891304347826087,,,,,,,,,,,,,,,,,,
1662970,Maximiliano Porcel,Defensa y Justicia,161730,AM,CAM,arg_a,Liga Profesional Argentina,112,1000000477,2026,20.0,Argentina,171.0,0.754951,184.0,,,2.0,,0.9782608695652174,0.3,,0.6,,,,,,3.4239130434782608,3.4239130434782608,1.4673913043478262,,,,,,,,,,,,,,,,,,
1899029,Gonzalo Gelini,,10077,W,,arg_a,Liga Profesional Argentina,112,1000000477,2026,,,,,184.0,,,1.0,,0.4891304347826087,0.2,,0.6,,,,,,0.9782608695652174,0.9782608695652174,0.4891304347826087,1.0,,,,,,,,,,,,,,,,,
1231074,Matías Rocha,Unión,10096,CB,CB,arg_a,Liga Profesional Argentina,112,1000000477,2026,25.0,Uruguay,183.0,0.368842,181.0,,,,,,,,0.0,,,,,,,,,,,,,,,,,,,,,,,,,,
1340884,Emmanuel Gómez,Independiente Rivadavia,161729,GK,GK,arg_a,Liga Profesional Argentina,112,1000000477,2026,25.0,Argentina,186.0,0.354911,180.0,,,,,,,,0.0,,,,,,,,,,,,,,,,,,,,,,,,,,
847978,Franco Petroli,Lanús,10082,GK,GK,arg_a,Liga Profesional Argentina,112,1000000477,2026,28.0,Argentina,188.0,1.329274,180.0,,,,,,,,0.0,,,,,,,,,,,,,,,,,,,1.0,,,,,,,
1244346,Gino Santilli,Banfield,10087,GK,GK,arg_a,Liga Profesional Argentina,112,1000000477,2026,24.0,Argentina,191.0,,180.0,,,,,,,,0.0,,,,,,,,,,,,,,,,,,,1.0,,,,,,,
496869,Iván Arboleda,Sarmiento,202757,GK,GK,arg_a,Liga Profesional Argentina,112,1000000477,2026,30.0,Colombia,185.0,0.436876,180.0,,,,,,,,0.0,,,,,,,,,,,,,,,,,,,,,,,,,,
1386007,Lautaro Petruchi,Gimnasia Mendoza,568727,GK,GK,arg_a,Liga Profesional Argentina,112,1000000477,2026,28.0,Argentina,,0.27516,180.0,,,,,,,,0.0,,,,,,,,,,,,,,,,,,,,,,,,,2.0,
369831,Manuel Vicentini,Belgrano,10092,GK,GK,arg_a,Liga Profesional Argentina,112,1000000477,2026,36.0,Argentina,182.0,0.27532,180.0,,,,,,,,0.0,,,,,,,,,,,,,,,,,,,1.0,,,,,,,
1209083,Sebastián Meza,Huracán,10081,GK,GK,arg_a,Liga Profesional Argentina,112,1000000477,2026,26.0,Argentina,185.0,0.68018,180.0,,,,,,,,0.0,,,,,,,,,,,,,,,,,,,,,,,,,1.0,
40148,Enzo Pérez,,10086,DM,,arg_a,Liga Profesional Argentina,112,1000000477,2026,,,,,176.0,,,,,,,,0.2,,,,,,0.5113636363636364,0.5113636363636364,,,,,,,,,,,,,,,,,,,
1037554,Diego Herazo,San Lorenzo,10083,ST,ST,arg_a,Liga Profesional Argentina,112,1000000477,2026,30.0,Colombia,180.0,0.307226,174.0,,1.0,1.0,,0.5172413793103449,1.3,,0.1,,0.5172413793103449,,,,1.0344827586206897,1.0344827586206897,,,,,,,,,,,,,,,,,,,
971269,Facundo Suárez,Instituto,10090,ST,ST,arg_a,Liga Profesional Argentina,112,1000000477,2026,32.0,Argentina,190.0,0.272611,174.0,,1.0,,,,0.6,,0.5,,0.5172413793103449,,,,3.103448275862069,3.103448275862069,,1.0,,,,,,,,,,,,,,,,1.0,
1917089,Facundo Valdéz,,10078,W,,arg_a,Liga Profesional Argentina,112,1000000477,2026,,,,,173.0,,,,,,0.1,,0.2,,,,,,2.601156069364162,2.601156069364162,,,,,,,,,,,,,,,,,,,
1946519,Lautaro Pereyra,River Plate,10076,AM,CAM,arg_a,Liga Profesional Argentina,112,1000000477,2026,18.0,Argentina,,,171.0,,,,,,0.4,,0.6,,,,,,2.6315789473684212,2.6315789473684212,0.5263157894736842,1.0,,,,,,,,,,,,,,,,,
1580546,Agustín Ruberto,River Plate,10076,ST,ST,arg_a,Liga Profesional Argentina,112,1000000477,2026,20.0,Argentina,183.0,1.740452,169.0,,,,,,0.2,,0.1,,0.15976331360946747,,,,0.5325443786982249,0.5325443786982249,,1.0,,,,,,,,,,,,,,,,1.0,
885351,Carlos Palacios,Boca Juniors,10077,W,"RM,CAM",arg_a,Liga Profesional Argentina,112,1000000477,2026,26.0,Chile,180.0,2.161922,167.0,,,1.0,,0.5389221556886228,0.3,,0.2,,,,,,0.5389221556886228,0.5389221556886228,,,,,,,,,,,,,,,,,,1.0,
1457873,Tomás Olmos,Estudiantes de Río Cuarto,213591,CB,"CB,RB,RWB",arg_a,Liga Profesional Argentina,112,1000000477,2026,21.0,Argentina,175.0,0.587691,165.0,,,,,,,,0.0,,,,,,,,,,,,,,,,,,,,,,,,,1.0,
526968,Pacha Espino,Racing Club,10080,FB,"LB,LW,RB",arg_a,Liga Profesional Argentina,112,1000000477,2026,34.0,Uruguay,172.0,0.955083,163.0,,,,,,0.0,,0.0,,0.0,,,,0.5521472392638037,0.5521472392638037,,,,,,,,,,,,,,,,,,,
625340,Mauro Arambarri,River Plate,10076,CM,"CM,CDM",arg_a,Liga Profesional Argentina,112,1000000477,2026,31.0,Uruguay,175.0,6.123173,162.0,,,,,,0.4,,0.1,,,,,,1.6666666666666667,1.6666666666666667,,,,,,,,,,,,,,,,,,2.0,
186991,Germán Pezzella,,10076,CB,,arg_a,Liga Profesional Argentina,112,1000000477,2026,,,,,162.0,,,,,,0.3,,0.0,,0.05555555555555555,,,,,,,1.0,,,,,,,,,,,,,,,,,
955211,Germán Guiffrey,Gimnasia Mendoza,568727,CB,CB,arg_a,Liga Profesional Argentina,112,1000000477,2026,28.0,Argentina,182.0,0.450909,162.0,,,,,,,,0.1,,,,,,1.1111111111111112,1.1111111111111112,0.5555555555555556,,,,,,,,,,,,,,,,,1.0,
1288591,Facundo Altamira,Defensa y Justicia,161730,ST,ST,arg_a,Liga Profesional Argentina,112,1000000477,2026,25.0,Argentina,183.0,0.951164,161.0,,,,,,0.1,,0.0,,0.055900621118012424,,,,,,,,,,,,,,,,,,,,,,,1.0,
1318266,Francisco Perruzzi,Aldosivi,161728,CM,CM,arg_a,Liga Profesional Argentina,112,1000000477,2026,25.0,Argentina,177.0,0.519801,160.0,,,,,,0.1,,0.1,,,,,,,,,,,,,,,,,,,,,,,,,2.0,
1959152,Facundo Gallardo,Estudiantes de Río Cuarto,213591,W,RM,arg_a,Liga Profesional Argentina,112,1000000477,2026,20.0,Argentina,,,157.0,,,,,,0.1,,0.1,,0.11464968152866242,,,,0.5732484076433121,0.5732484076433121,,,,,,,,,,,,,,,,,,,
1363175,Elías Torres,Racing Club,10080,ST,ST,arg_a,Liga Profesional Argentina,112,1000000477,2026,25.0,Argentina,186.0,1.024948,156.0,,,,,,1.0,,0.4,,0.34615384615384615,,,,0.5769230769230769,0.5769230769230769,,2.0,,,,,,,,,,,,,,,,,
1834280,Ignacio Peluffo,Tigre,89396,FB,RB,arg_a,Liga Profesional Argentina,112,1000000477,2026,20.0,Argentina,,,156.0,,,,,,0.1,,0.0,,,,,,,,,,,,,,,,,,,,,,,,,1.0,
848182,Gustavo Del Prete,San Lorenzo,10083,W,LM,arg_a,Liga Profesional Argentina,112,1000000477,2026,30.0,Argentina,175.0,0.677919,154.0,,,,,,0.1,,0.1,,,,,,0.5844155844155844,0.5844155844155844,0.5844155844155844,,,,,,,,,,,,,,,,,1.0,
1039686,Imanol Machuca,Independiente,10079,W,LW,arg_a,Liga Profesional Argentina,112,1000000477,2026,26.0,Malaysia,170.0,1.733339,154.0,,,,,,0.1,,0.1,,,,,,1.1688311688311688,1.1688311688311688,0.5844155844155844,,,,,,,,,,,,,,,,,1.0,
1295031,Gonzalo Flores,,298629,W,,arg_a,Liga Profesional Argentina,112,1000000477,2026,,,,,153.0,,,,,,0.1,,0.1,,,,,,0.5882352941176471,0.5882352941176471,,,,,,,,,,,,,,,,,,3.0,
1897208,Nicolás Blanco,San Lorenzo,10083,FB,RWB,arg_a,Liga Profesional Argentina,112,1000000477,2026,19.0,Argentina,176.0,,153.0,,,,,,,,0.2,,,,,,1.7647058823529411,1.7647058823529411,0.5882352941176471,,,,,,,,,,,,,,,,,,
1641229,Julián Kadijevic,Gimnasia LP,10103,GK,GK,arg_a,Liga Profesional Argentina,112,1000000477,2026,22.0,Argentina,,0.38016,152.0,,,,,,,,0.0,,,,,,,,,,,,,,,,,,,,,,,,,,
1739039,Emiliano Chiavassa,Talleres,10101,W,RW,arg_a,Liga Profesional Argentina,112,1000000477,2026,20.0,Argentina,169.0,0.644738,151.0,,,,,,0.3,,0.2,,,,,,1.7880794701986755,1.7880794701986755,,1.0,,,,,,,,,,,,,,,,1.0,
1645755,Mateo Aguiar,Defensa y Justicia,161730,GK,,arg_a,Liga Profesional Argentina,112,1000000477,2026,19.0,Argentina,,0.854978,151.0,,,,,,0.2,,0.0,,0.11920529801324503,,,,,,,,,,,,,,,,,,,,,,,1.0,1.0
729189,Giovanni González,River Plate,10076,FB,RB,arg_a,Liga Profesional Argentina,112,1000000477,2026,32.0,Uruguay,173.0,1.425526,150.0,,,,,,,,0.1,,,,,,0.6,0.6,,,,,,,,,,,,,,,,,,,
362194,Nicolás López,Club Atlético Platense,10089,ST,"ST,CAM",arg_a,Liga Profesional Argentina,112,1000000477,2026,33.0,Uruguay,175.0,0.652019,147.0,,,,,,0.9,,0.2,,0.3673469387755102,,,,1.836734693877551,1.836734693877551,,1.0,,,,,,,,,,,,,,,,1.0,
1826057,Pablo Aguiar,Gimnasia LP,10103,DM,CDM,arg_a,Liga Profesional Argentina,112,1000000477,2026,20.0,Paraguay,171.0,0.466945,147.0,,,,,,,,0.0,,,,,,,,,,,,,,,,,,,,,,,,,,
1458519,Juan Pérez,Gimnasia LP,10103,W,RW,arg_a,Liga Profesional Argentina,112,1000000477,2026,22.0,Colombia,,0.353987,145.0,,,,,,0.1,,0.2,,0.12413793103448276,,,,0.6206896551724138,0.6206896551724138,,,,,,,,,,,,,,,,,,,
1118167,Agustín Graneros,Deportivo Riestra,298629,ST,ST,arg_a,Liga Profesional Argentina,112,1000000477,2026,30.0,Argentina,180.0,0.513777,145.0,,,,,,0.1,,0.1,,,,,,0.6206896551724138,0.6206896551724138,,,,,,,,,,,,,,,,,,,
890218,Rodrigo Sayavedra,,298629,UNK,,arg_a,Liga Profesional Argentina,112,1000000477,2026,,,,,144.0,,,,,,,,0.2,,,,,,1.875,1.875,,,,,,,,,,,,,,,,,,1.0,
1436222,Jerónimo Dómina,Tigre,89396,ST,ST,arg_a,Liga Profesional Argentina,112,1000000477,2026,20.0,Argentina,174.0,1.961098,143.0,,2.0,,,,1.5,,0.0,,1.132867132867133,,,,0.6293706293706294,0.6293706293706294,,2.0,,,,,,,,,,,,,,,,1.0,
1372719,Facundo De La Vega,,161728,ST,,arg_a,Liga Profesional Argentina,112,1000000477,2026,,,,,142.0,,,,,,0.2,,0.0,,0.0,,,,,,,,,,,,,,,,,,,,,,,,
1610373,Facundo González,River Plate,10076,FB,LB,arg_a,Liga Profesional Argentina,112,1000000477,2026,20.0,Argentina,,0.675408,136.0,,,,,,0.0,,0.0,,,,,,,,,,,,,,,,,,,,,,,,,,
361724,Ezequiel Ávila,Independiente,10078,ST,"ST,CAM",arg_a,Liga Profesional Argentina,112,1000000477,2026,32.0,Argentina,172.0,0.980669,135.0,,,,,,0.2,,0.0,,,,,,1.3333333333333333,1.3333333333333333,0.6666666666666666,1.0,,,,,,,,,,,,,,,,,
1607568,Tobías Ramírez,River Plate,10076,CB,CB,arg_a,Liga Profesional Argentina,112,1000000477,2026,19.0,Argentina,185.0,5.631276,135.0,,,,,,0.1,,0.0,,0.06666666666666667,,,,,,,,,,,,,,,,,,,,,,,2.0,
1782369,Matías Arias,Vélez Sarsfield,10079,W,LW,arg_a,Liga Profesional Argentina,112,1000000477,2026,19.0,Argentina,,0.889096,134.0,,,1.0,,0.6716417910447762,0.1,,0.1,,0.06716417910447761,,,,1.3432835820895523,1.3432835820895523,0.6716417910447762,,,,,,,,,,,,,,,,,1.0,
1895783,Joaquín Flores,Central Córdoba de Santiago,213596,GK,,arg_a,Liga Profesional Argentina,112,1000000477,2026,21.0,Argentina,167.0,0.580937,130.0,,,,,,0.1,,0.1,,,,,,2.769230769230769,2.769230769230769,,,,,,,,,,,,,,,,,,,
1201767,Stéfano Moreyra,Independiente Rivadavia,161729,DM,"CDM,CM",arg_a,Liga Profesional Argentina,112,1000000477,2026,25.0,Argentina,179.0,0.401481,130.0,,,,,,0.1,,0.0,,,,,,0.6923076923076923,0.6923076923076923,,,,,,,,,,,,,,,,,,1.0,
1128929,Bruno Barticciotto,Huracán,10081,ST,ST,arg_a,Liga Profesional Argentina,112,1000000477,2026,25.0,Chile,178.0,1.650717,129.0,,,1.0,,0.6976744186046512,0.0,,0.5,,,,,,2.7906976744186047,2.7906976744186047,1.3953488372093024,,,,,,,,,,,,,,,,,,
881159,Franco Moyano,Instituto,10090,DM,CDM,arg_a,Liga Profesional Argentina,112,1000000477,2026,29.0,Argentina,171.0,0.60797,129.0,,,,,,,,0.1,,,,,,,,,,,,,,,,,,,,,,,,,1.0,
589348,Federico Anselmo,Banfield,10087,ST,ST,arg_a,Liga Profesional Argentina,112,1000000477,2026,32.0,Argentina,188.0,0.282666,128.0,,,,,,0.9,,0.1,,,,,,2.109375,2.109375,0.703125,1.0,,,,,,,,,,,,,,,,,
617244,Lucas Emanuel Gamba,Barracas Central,213534,ST,ST,arg_a,Liga Profesional Argentina,112,1000000477,2026,39.0,Argentina,165.0,0.357573,128.0,,1.0,,,,0.5,,0.1,,0.28125,,,,0.703125,0.703125,,1.0,,,,,,,,,,,,,,,,,
1087773,Juan Nardoni,,10080,AM,,arg_a,Liga Profesional Argentina,112,1000000477,2026,,,,,128.0,,,,,,0.0,,0.0,,,,,,1.40625,1.40625,,,,,,,,,,,,,,,,,,1.0,
1609667,Luciano González,,161730,ST,,arg_a,Liga Profesional Argentina,112,1000000477,2026,,,,,127.0,,,,,,0.0,,0.1,,0.07086614173228346,,,,1.4173228346456692,1.4173228346456692,0.7086614173228346,,,,,,,,,,,,,,,,,,
1666511,Santiago Lencina,,10076,ST,,arg_a,Liga Profesional Argentina,112,1000000477,2026,,,,,123.0,,,,,,0.1,,0.3,,,,,,3.658536585365854,3.658536585365854,0.7317073170731707,,,,,,,,,,,,,,,,,,
18628,Marco Ruben,Rosario Central,10084,ST,ST,arg_a,Liga Profesional Argentina,112,1000000477,2026,39.0,Argentina,179.0,0.310299,121.0,,,,,,0.8,,0.0,,,,,,0.743801652892562,0.743801652892562,,2.0,,,,,,,,,,,,,,,,,
1929700,Alan Coria,Defensa y Justicia,161730,W,LW,arg_a,Liga Profesional Argentina,112,1000000477,2026,19.0,Argentina,,0.745619,118.0,,,,,,0.3,,0.0,,0.4576271186440678,,,,,,,2.0,,,,,,,,,,,,,,,,,
1335154,Damián Pizarro,,10080,ST,,arg_a,Liga Profesional Argentina,112,1000000477,2026,,,,,117.0,,,1.0,,0.7692307692307693,0.1,,0.3,,0.07692307692307693,,,,1.5384615384615385,1.5384615384615385,0.7692307692307693,,,,,,,,,,,,,,,,,,
1277344,Rodrigo Márquez,,161728,W,,arg_a,Liga Profesional Argentina,112,1000000477,2026,,,,,116.0,,,,,,0.1,,0.3,,,,,,3.103448275862069,3.103448275862069,,,,,,,,,,,,,,,,,,,
2099184,Martín Cuitiño,Central Córdoba de Santiago,213596,ST,ST,arg_a,Liga Profesional Argentina,112,1000000477,2026,21.0,Argentina,,,116.0,,1.0,,,,0.4,,0.0,,0.7758620689655172,,,,,,,,,,,,,,,,,,,,,,,,
1433995,Santiago Quirós,Club Atlético Platense,10089,FB,LB,arg_a,Liga Profesional Argentina,112,1000000477,2026,23.0,Argentina,179.0,0.672326,115.0,,,,,,,,0.0,,,,,,0.782608695652174,0.782608695652174,,,,,,,,,,,,,,,,,,,
1653424,Santiago Dalmasso,Club Atlético Platense,10089,CM,CM,arg_a,Liga Profesional Argentina,112,1000000477,2026,22.0,Argentina,181.0,0.558231,114.0,,,,,,0.1,,0.0,,0.0,,,,,,,,,,,,,,,,,,,,,,,2.0,
2135266,Ramiro Martino,Independiente,10078,FB,LB,arg_a,Liga Profesional Argentina,112,1000000477,2026,20.0,Argentina,,,114.0,,,,,,0.1,,0.0,,,,,,0.7894736842105263,0.7894736842105263,,,,,,,,,,,,,,,,,,,
919156,Matías Melluso,Gimnasia LP,10103,FB,LB,arg_a,Liga Profesional Argentina,112,1000000477,2026,28.0,Argentina,170.0,0.253707,111.0,,,,,,0.1,,0.0,,,,,,0.8108108108108109,0.8108108108108109,0.8108108108108109,,,,,,,,,,,,,,,,,,
900404,Hernán de la Fuente,Instituto,10090,FB,RB,arg_a,Liga Profesional Argentina,112,1000000477,2026,29.0,Argentina,177.0,0.246297,110.0,,2.0,,,,0.7,,0.1,,1.4727272727272727,,,,,,,1.0,,,,,,,,,,,,,,,,,
529208,Fabián Noguera,,10201,CB,,arg_a,Liga Profesional Argentina,112,1000000477,2026,,,,,108.0,,,,,,,,0.0,,,,,,,,,,,,,,,,,,,,,,,,,,
1290809,Agustín Bravo,Instituto,10090,CB,CB,arg_a,Liga Profesional Argentina,112,1000000477,2026,25.0,Argentina,,0.419849,106.0,,,,,,,,0.0,,,,,,,,,,,,,,,,,,,,,,,,,,
1485764,Tomás Pérez,Defensa y Justicia,161730,ST,ST,arg_a,Liga Profesional Argentina,112,1000000477,2026,20.0,Argentina,181.0,0.50745,104.0,,1.0,,,,0.6,,0.0,,1.0384615384615385,,,,1.7307692307692308,1.7307692307692308,,1.0,,,,,,,,,,,,,,,,,
571451,Mateo García,Newell's Old Boys,10201,AM,"CAM,LM",arg_a,Liga Profesional Argentina,112,1000000477,2026,30.0,Argentina,167.0,0.844416,103.0,,,,,,0.0,,0.2,,0.0,,,,1.7475728155339805,1.7475728155339805,,,,,,,,,,,,,,,,,,,
49677,Édinson Cavani,,10077,ST,,arg_a,Liga Profesional Argentina,112,1000000477,2026,,,,,103.0,,,,,,,,0.0,,,,,,,,,,,,,,,,,,,,,,,,,,
1725196,Diego Díaz,,10096,ST,,arg_a,Liga Profesional Argentina,112,1000000477,2026,,,,,102.0,,1.0,,,,0.6,,0.2,,0.35294117647058826,,,,2.6470588235294117,2.6470588235294117,1.7647058823529411,,,,,,,,,,,,,,,,,,
1457715,David Martínez,Independiente,10078,DM,"CDM,CM,CB",arg_a,Liga Profesional Argentina,112,1000000477,2026,22.0,Argentina,,,102.0,,,,,,0.1,,0.1,,,,,,1.7647058823529411,1.7647058823529411,,,,,,,,,,,,,,,,,,1.0,
1937468,Gonzalo Lobos,Lanús,10082,W,LW,arg_a,Liga Profesional Argentina,112,1000000477,2026,19.0,Paraguay,,,102.0,,1.0,,,,0.8,,0.0,,0.7941176470588235,,,,,,,1.0,,,,,,,,,,,,,,,,,
1166329,Rodrigo Guth,,10101,CB,,arg_a,Liga Profesional Argentina,112,1000000477,2026,,,,,102.0,,,,,,,,0.0,,,,,,,,,,,,,,,,,,,,,,,,,1.0,
1336583,Ezequiel Forclaz,,213591,W,,arg_a,Liga Profesional Argentina,112,1000000477,2026,,,,,100.0,,,,,,0.0,,0.1,,,,,,1.8,1.8,,,,,,,,,,,,,,,,,,1.0,
1028265,Lucas González,Estudiantes de Río Cuarto,213591,ST,"ST,RW",arg_a,Liga Profesional Argentina,112,1000000477,2026,29.0,Argentina,185.0,0.263957,100.0,,,,,,0.2,,0.0,,,,,,0.9,0.9,,,,,,,,,,,,,,,,,,,
1648716,Alan Forneris,Racing Club,10080,CM,"CM,CDM",arg_a,Liga Profesional Argentina,112,1000000477,2026,21.0,Argentina,184.0,1.075113,98.0,,,,,,,,0.1,,,,,,,,,,,,,,,,,,,,,,,,,1.0,
175364,Nicolás Colazo,,10087,W,,arg_a,Liga Profesional Argentina,112,1000000477,2026,,,,,98.0,,,,,,0.1,,0.0,,,,,,0.9183673469387755,0.9183673469387755,,,,,,,,,,,,,,,,,,,
1352754,Alexis Segovia,,161727,W,,arg_a,Liga Profesional Argentina,112,1000000477,2026,,,,,96.0,,,,,,,,0.6,,,,,,2.8125,2.8125,0.9375,,,,,,,,,,,,,,,,,,
1897441,Gonzalo Sosa,,10080,AM,,arg_a,Liga Profesional Argentina,112,1000000477,2026,,,,,94.0,,,,,,0.1,,0.1,,,,,,0.9574468085106383,0.9574468085106383,,,,,,,,,,,,,,,,,,,
298229,Martín Benítez,Atlético Tucumán,161727,W,LW,arg_a,Liga Profesional Argentina,112,1000000477,2026,32.0,Argentina,173.0,0.238145,94.0,,1.0,,,,0.8,,0.4,,0.7659574468085106,,,,2.872340425531915,2.872340425531915,,,,,,,,,,,,,,,,,,1.0,
1039685,Franco Calderón,Independiente,10078,CB,CB,arg_a,Liga Profesional Argentina,112,1000000477,2026,28.0,Argentina,184.0,0.864027,94.0,,,,,,,,0.0,,,,,,,,,,,,,,,,,,,,,,,,,,
1925924,Lucas Ramos,Rosario Central,10084,DM,CDM,arg_a,Liga Profesional Argentina,112,1000000477,2026,20.0,Argentina,,,94.0,,,,,,0.0,,0.0,,0.09574468085106383,,,,,,,,,,,,,,,,,,,,,,,,
1434853,Kevin Castaño,,10076,DM,,arg_a,Liga Profesional Argentina,112,1000000477,2026,,,,,92.0,,,,,,0.1,,0.1,,,,,,2.9347826086956523,2.9347826086956523,,,,,,,,,,,,,,,,,,,
1253932,Manuel Duarte,Barracas Central,213534,CM,CM,arg_a,Liga Profesional Argentina,112,1000000477,2026,25.0,Argentina,171.0,0.509509,92.0,,,,,,0.2,,0.1,,,,,,2.9347826086956523,2.9347826086956523,,,,,,,,,,,,,,,,,,,
1127477,Sebastián Zaracho,Rosario Central,10084,CB,CB,arg_a,Liga Profesional Argentina,112,1000000477,2026,27.0,Paraguay,186.0,0.390851,92.0,,,1.0,,0.9782608695652174,,,0.0,,,,,,0.9782608695652174,0.9782608695652174,0.9782608695652174,,,,,,,,,,,,,,,,,1.0,
2114907,Tomás Uribe,Huracán,10081,W,RM,arg_a,Liga Profesional Argentina,112,1000000477,2026,19.0,Argentina,,,92.0,,,,,,0.2,,0.0,,,,,,0.9782608695652174,0.9782608695652174,,,,,,,,,,,,,,,,,,,
1897272,Lautaro Ortíz,Talleres,10101,CM,CM,arg_a,Liga Profesional Argentina,112,1000000477,2026,18.0,Argentina,173.0,,91.0,,,,,,0.1,,0.4,,,,,,5.934065934065934,5.934065934065934,,,,,,,,,,,,,,,,,,,
1950642,Matías Satas,Boca Juniors,10077,CB,CB,arg_a,Liga Profesional Argentina,112,1000000477,2026,18.0,Argentina,184.0,,91.0,,,,,,,,0.0,,,,,,0.989010989010989,0.989010989010989,,,,,,,,,,,,,,,,,,,
1383188,Ryoga Kida,Argentinos Juniors,10086,GK,,arg_a,Liga Profesional Argentina,112,1000000477,2026,21.0,Japan,176.0,0.449658,90.0,,1.0,,,,0.5,,0.0,,0.7,,,,,,,,,,,,,,,,,,,,,,,,
1434896,Gonzalo Alassia,San Lorenzo,10083,CM,CM,arg_a,Liga Profesional Argentina,112,1000000477,2026,22.0,Argentina,184.0,0.247224,90.0,,,,,,,,0.0,,,,,,1.0,1.0,,,,,,,,,,,,,,,,,,,
425777,Felipe Aguilar,Central Córdoba de Santiago,213596,CB,CB,arg_a,Liga Profesional Argentina,112,1000000477,2026,33.0,Colombia,191.0,0.464657,90.0,,,,,,,,0.0,,,,,,,,,,,,,,,,,,,,,,,,,1.0,
1608394,Gonzalo Siri Payer,Argentinos Juniors,10086,GK,GK,arg_a,Liga Profesional Argentina,112,1000000477,2026,23.0,Argentina,183.0,,90.0,,,,,,,,0.0,,,,,,,,,,,,,,,,,,,,,,,,,,
1362307,Jherson Mosquera,,10201,FB,,arg_a,Liga Profesional Argentina,112,1000000477,2026,,,,,90.0,,,,,,,,0.0,,,,,,,,,,,,,,,,,,,,,,,,,,
1445268,Lautaro Herrera,Estudiantes de Río Cuarto,213591,GK,GK,arg_a,Liga Profesional Argentina,112,1000000477,2026,21.0,Argentina,,,90.0,,,,,,,,0.0,,,,,,,,,,,,,,,,,,,,,,,,,,
1074828,Lautaro Morales,Tigre,89396,GK,GK,arg_a,Liga Profesional Argentina,112,1000000477,2026,26.0,Argentina,187.0,0.32181,90.0,,,,,,,,0.0,,,,,,,,,,,,,,,,,,,1.0,,,,,,,
1436206,Mateo Mendoza,Argentinos Juniors,10086,CB,CB,arg_a,Liga Profesional Argentina,112,1000000477,2026,21.0,Argentina,181.0,2.232112,90.0,,,,,,0.0,,0.0,,0.0,,,,,,,,,,,,,,,,,,,,,,,,
1928887,Máximo Cabrera,Gimnasia LP,10103,GK,GK,arg_a,Liga Profesional Argentina,112,1000000477,2026,20.0,Argentina,,,90.0,,,,,,,,0.0,,,,,,,,,,,,,,,,,,,,,,,,,,
1439173,Nicolás Sumavil,Club Atlético Platense,10089,GK,GK,arg_a,Liga Profesional Argentina,112,1000000477,2026,26.0,Argentina,186.0,0.288265,90.0,,,,,,,,0.0,,,,,,,,,,,,,,,,,,,,,,,,,,
1096608,Tomás Sultani,,89396,GK,,arg_a,Liga Profesional Argentina,112,1000000477,2026,,,,,90.0,,,,,,,,0.0,,,,,,,,,,,,,,,,,,,,,,,,,,
1797278,Thomás de Martis,,10082,ST,,arg_a,Liga Profesional Argentina,112,1000000477,2026,,,,,86.0,,,,,,0.1,,0.0,,,,,,,,,,,,,,,,,,,,,,,,,,
1897243,Luciano Sábato,Independiente Rivadavia,161729,ST,ST,arg_a,Liga Profesional Argentina,112,1000000477,2026,18.0,Argentina,164.0,,85.0,,,,,,0.4,,0.0,,0.0,,,,1.0588235294117647,1.0588235294117647,,1.0,,,,,,,,,,,,,,,,2.0,
1441625,Diego Mastrángelo,,10103,FB,,arg_a,Liga Profesional Argentina,112,1000000477,2026,,,,,84.0,,,,,,0.0,,0.1,,0.10714285714285714,,,,3.2142857142857144,3.2142857142857144,,,,,,,,,,,,,,,,,,1.0,
1416383,Lucas Palavecino,Banfield,10087,GK,,arg_a,Liga Profesional Argentina,112,1000000477,2026,22.0,Argentina,,0.586187,83.0,,,,,,0.0,,0.0,,0.21686746987951808,,,,,,,,,,,,,,,,,,,,,,,,
1453094,Gonzalo Requena,Tigre,89396,CB,CB,arg_a,Liga Profesional Argentina,112,1000000477,2026,23.0,Argentina,185.0,1.234196,82.0,,,,,,,,0.0,,,,,,,,,,,,,,,,,,,,,,,,,,1.0
1504612,Matías Gómez,Talleres,10101,CM,CM,arg_a,Liga Profesional Argentina,112,1000000477,2026,20.0,Argentina,170.0,,82.0,,,,,,,,0.0,,,,,,,,,,,,,,,,,,,,,,,,,1.0,
1796602,Franco Domínguez,Estudiantes,10094,ST,ST,arg_a,Liga Profesional Argentina,112,1000000477,2026,19.0,Argentina,182.0,0.859883,81.0,,,,,,0.0,,0.0,,,,,,1.1111111111111112,1.1111111111111112,,,,,,,,,,,,,,,,,,,
1238055,Ángel Stringa,Deportivo Riestra,298629,FB,"RWB,RM",arg_a,Liga Profesional Argentina,112,1000000477,2026,30.0,Argentina,,0.240814,81.0,,,,,,,,0.4,,,,,,,,,,,,,,,,,,,,,,,,,1.0,
1074074,Alan Soñora,Newell's Old Boys,10201,AM,CAM,arg_a,Liga Profesional Argentina,112,1000000477,2026,28.0,USA,171.0,0.245428,80.0,,1.0,,,,0.1,,0.2,,0.225,,,,3.375,3.375,,,,,,,,,,,,,,,,,,,
1607563,Tobías Leiva,,213591,AM,,arg_a,Liga Profesional Argentina,112,1000000477,2026,,,,,80.0,,,,,,0.1,,0.1,,,,,,,,,,,,,,,,,,,,,,,,,,
1456369,Luciano Romero,Lanús,10082,FB,LB,arg_a,Liga Profesional Argentina,112,1000000477,2026,20.0,Argentina,180.0,0.622367,80.0,,,,,,,,0.0,,,,,,,,,,,,,,,,,,,,,,,,,,
616400,Pedro Canelo,Atlético Tucumán,161727,ST,"ST,CAM",arg_a,Liga Profesional Argentina,112,1000000477,2026,34.0,Argentina,182.0,0.463513,79.0,,,,,,0.4,,0.3,,,,,,3.4177215189873418,3.4177215189873418,,2.0,,,,,,,,,,,,,,,,,
814864,Mauro Da Luz,,161728,W,,arg_a,Liga Profesional Argentina,112,1000000477,2026,,,,,78.0,,,,,,0.0,,0.0,,,,,,2.3076923076923075,2.3076923076923075,,,,,,,,,,,,,,,,,,,
1680165,Santiago Segovia,Rosario Central,10084,AM,CAM,arg_a,Liga Profesional Argentina,112,1000000477,2026,19.0,Argentina,170.0,0.605673,76.0,,,,,,0.3,,0.1,,,,,,1.1842105263157894,1.1842105263157894,,,,,,,,,,,,,,,,,,,
2097589,Alan Alcaraz,Argentinos Juniors,10086,GK,,arg_a,Liga Profesional Argentina,112,1000000477,2026,17.0,Argentina,177.0,,75.0,,,,,,0.3,,0.0,,0.8399999999999999,,,,,,,1.0,,,,,,,,,,,,,,,,,
1436134,Emiliano Álvarez,,10096,FB,,arg_a,Liga Profesional Argentina,112,1000000477,2026,,,,,73.0,,,1.0,,1.2328767123287672,,,0.3,,,,,,2.4657534246575343,2.4657534246575343,1.2328767123287672,,,,,,,,,,,,,,,,,,
2139757,Alberto Campo,Racing Club,10080,GK,,arg_a,Liga Profesional Argentina,112,1000000477,2026,20.0,Ecuador,,,73.0,,,,,,0.0,,0.1,,,,,,,,,,,,,,,,,,,,,,,,,,
1372670,Fabricio Oviedo,,10084,ST,,arg_a,Liga Profesional Argentina,112,1000000477,2026,,,,,73.0,,,,,,0.0,,0.0,,0.0,,,,1.2328767123287672,1.2328767123287672,,,,,,,,,,,,,,,,,,,
1109039,Franco Orozco,,10201,W,,arg_a,Liga Profesional Argentina,112,1000000477,2026,,,,,72.0,,,,,,,,0.1,,,,,,1.25,1.25,,,,,,,,,,,,,,,,,,,
1744054,Ramiro Paunero,Atlético Tucumán,161727,FB,LB,arg_a,Liga Profesional Argentina,112,1000000477,2026,21.0,Argentina,,,71.0,,,,,,,,0.1,,,,,,1.267605633802817,1.267605633802817,,,,,,,,,,,,,,,,,,,
1924773,Santino Gianini,Argentinos Juniors,10086,GK,,arg_a,Liga Profesional Argentina,112,1000000477,2026,18.0,Argentina,,,71.0,,,,,,,,0.0,,,,,,,,,,,,,,,,,,,,,,,,,,
1216390,Alejo Dramisino,,298629,AM,,arg_a,Liga Profesional Argentina,112,1000000477,2026,,,,,70.0,,,,,,0.1,,0.0,,,,,,,,,,,,,,,,,,,,,,,,,,
1666607,Héctor Bobadilla,Club Atlético Platense,10089,AM,CAM,arg_a,Liga Profesional Argentina,112,1000000477,2026,25.0,Paraguay,177.0,0.32338,69.0,,1.0,,,,0.5,,0.0,,1.3043478260869565,,,,,,,,,,,,,,,,,,,,,,,,
1350730,Miguel Monsalve,Estudiantes,10094,AM,CAM,arg_a,Liga Profesional Argentina,112,1000000477,2026,22.0,Colombia,178.0,4.494752,68.0,,,,,,,,0.0,,,,,,,,,,,,,,,,,,,,,,,,,,
1342537,Nicolás Paz,,10096,FB,,arg_a,Liga Profesional Argentina,112,1000000477,2026,,,,,66.0,,,,,,,,0.0,,,,,,1.3636363636363635,1.3636363636363635,,,,,,,,,,,,,,,,,,,
1779252,Ramiro Tulián,Belgrano,10092,W,LW,arg_a,Liga Profesional Argentina,112,1000000477,2026,18.0,Argentina,,,65.0,,1.0,,,,0.3,,0.1,,0.6923076923076923,,,,1.3846153846153846,1.3846153846153846,,,,,,,,,,,,,,,,,,,
1818806,Santiago Grella,Unión,10096,GK,,arg_a,Liga Profesional Argentina,112,1000000477,2026,21.0,Argentina,170.0,0.593158,65.0,,,,,,0.1,,0.2,,,,,,1.3846153846153846,1.3846153846153846,,,,,,,,,,,,,,,,,,,
1201582,Bautista Kociubinski,Estudiantes,10094,CM,CM,arg_a,Liga Profesional Argentina,112,1000000477,2026,25.0,Argentina,180.0,0.32995,65.0,,,,,,,,0.0,,,,,,2.769230769230769,2.769230769230769,,,,,,,,,,,,,,,,,,,
1958521,Lisandro Duarte,,10084,W,,arg_a,Liga Profesional Argentina,112,1000000477,2026,,,,,64.0,,,,,,0.0,,0.0,,,,,,,,,,,,,,,,,,,,,,,,,,
571578,Victorio Gabriel Ramis,Independiente Rivadavia,161729,ST,ST,arg_a,Liga Profesional Argentina,112,1000000477,2026,32.0,Argentina,181.0,0.299565,61.0,,,,,,0.3,,0.0,,0.29508196721311475,,,,1.4754098360655739,1.4754098360655739,,1.0,,,,,,,,,,,,,,,,,
1624887,Juan Giménez,Rosario Central,10084,CB,CB,arg_a,Liga Profesional Argentina,112,1000000477,2026,20.0,Argentina,187.0,1.981123,59.0,,,,,,,,0.0,,,,,,,,,,,,,,,,,,,,,,,,,1.0,
1312178,José Gómez,Central Córdoba de Santiago,213596,FB,RB,arg_a,Liga Profesional Argentina,112,1000000477,2026,26.0,Argentina,173.0,,58.0,,,,,,0.0,,0.0,,,,,,1.5517241379310345,1.5517241379310345,,,,,,,,,,,,,,,,,,,
1585708,Manuel Tucker,Club Atlético Platense,10089,W,RM,arg_a,Liga Profesional Argentina,112,1000000477,2026,21.0,Argentina,,0.42692,57.0,,,,,,0.1,,0.2,,1.1052631578947367,,,,,,,,,,,,,,,,,,,,,,,,
952901,Emanuel Iñiguez,,161728,FB,,arg_a,Liga Profesional Argentina,112,1000000477,2026,,,,,57.0,,,,,,,,0.0,,,,,,,,,,,,,,,,,,,,,,,,,,
1649653,Brandon Márquez,Sarmiento,202757,GK,,arg_a,Liga Profesional Argentina,112,1000000477,2026,21.0,Argentina,,0.570356,56.0,,,,,,,,0.1,,,,,,1.6071428571428572,1.6071428571428572,,,,,,,,,,,,,,,,,,1.0,
1842716,Facundo Carrizo,Argentinos Juniors,10086,GK,,arg_a,Liga Profesional Argentina,112,1000000477,2026,19.0,Argentina,,0.73334,56.0,,,,,,0.0,,0.1,,0.16071428571428573,,,,6.428571428571429,6.428571428571429,,,,,,,,,,,,,,,,,,,
1709066,Manuel Fernández,Tigre,89396,W,RM,arg_a,Liga Profesional Argentina,112,1000000477,2026,22.0,Argentina,,0.420873,55.0,,,,,,0.1,,0.5,,,,,,3.272727272727273,3.272727272727273,1.6363636363636365,,,,,,,,,,,,,,,,,,
935896,Iván Erquiaga,Instituto,10090,FB,LB,arg_a,Liga Profesional Argentina,112,1000000477,2026,27.0,Argentina,176.0,0.149299,54.0,,,,,,,,0.3,,,,,,1.6666666666666667,1.6666666666666667,1.6666666666666667,,,,,,,,,,,,,,,,,,
1899365,Marcos López,Banfield,10087,FB,RWB,arg_a,Liga Profesional Argentina,112,1000000477,2026,19.0,Argentina,,,53.0,,,,,,,,0.0,,,,,,,,,,,,,,,,,,,,,,,,,1.0,
1513336,Nahuel Arias,San Lorenzo,10083,FB,RB,arg_a,Liga Profesional Argentina,112,1000000477,2026,21.0,Argentina,177.0,0.438462,53.0,,,,,,,,0.0,,,,,,,,,,,,,,,,,,,,,,,,,,
2102112,Rodrigo Granillo,Atlético Tucumán,161727,GK,,arg_a,Liga Profesional Argentina,112,1000000477,2026,20.0,Argentina,,,52.0,,,,,,0.1,,0.0,,,,,,,,,,,,,,,,,,,,,,,,,,
1712442,Santiago Villarreal,Gimnasia LP,10103,GK,,arg_a,Liga Profesional Argentina,112,1000000477,2026,20.0,Argentina,168.0,,52.0,,,,,,0.0,,0.0,,,,,,,,,,,,,,,,,,,,,,,,,,
1277215,Ángel Almada,Deportivo Riestra,298629,ST,"ST,RW,LW,CAM",arg_a,Liga Profesional Argentina,112,1000000477,2026,26.0,Argentina,,0.443763,49.0,,,,,,,,0.1,,,,,,3.673469387755102,3.673469387755102,,,,,,,,,,,,,,,,,,1.0,
1433139,Luis Díaz,Independiente Rivadavia,161729,AM,CAM,arg_a,Liga Profesional Argentina,112,1000000477,2026,22.0,Colombia,178.0,0.69039,47.0,,,,,,0.0,,0.1,,0.0,,,,,,,,,,,,,,,,,,,,,,,,
2180448,Enzo Salas,San Lorenzo,10083,GK,,arg_a,Liga Profesional Argentina,112,1000000477,2026,19.0,Argentina,,,45.0,,,,,,0.2,,0.1,,,,,,2.0,2.0,2.0,,,,,,,,,,,,,,,,,1.0,
1844775,Alejo Gelsomino,Gimnasia LP,10103,GK,,arg_a,Liga Profesional Argentina,112,1000000477,2026,21.0,Argentina,,,45.0,,,,,,,,0.0,,,,,,,,,,,,,,,,,,,,,,,,,,
206758,Franco Armani,,10076,GK,,arg_a,Liga Profesional Argentina,112,1000000477,2026,,,,,45.0,,,,,,,,0.0,,,,,,,,,,,,,,,,,,,,,,,,,1.0,
1246591,José Ingratti,,298629,ST,,arg_a,Liga Profesional Argentina,112,1000000477,2026,,,,,45.0,,,,,,,,0.0,,,,,,,,,,,,,,,,,,,,,,,,,,
1933823,Lautaro Duarte,Deportivo Riestra,298629,W,LM,arg_a,Liga Profesional Argentina,112,1000000477,2026,21.0,Argentina,,,45.0,,,,,,,,0.0,,,,,,,,,,,,,,,,,,,,,,,,,1.0,
1618860,Maher Carrizo,,10079,W,,arg_a,Liga Profesional Argentina,112,1000000477,2026,,,,,45.0,,,,,,0.0,,0.1,,,,,,4.0,4.0,,,,,,,,,,,,,,,,,,,
485378,Nicolás Orsini,Barracas Central,213534,W,LW,arg_a,Liga Profesional Argentina,112,1000000477,2026,32.0,Argentina,187.0,0.427163,45.0,,2.0,,,,0.3,,0.0,,2.6,,,,,,,,,,,,,,,,,,,,,,,,
1354120,Santiago Toloza,,161730,AM,,arg_a,Liga Profesional Argentina,112,1000000477,2026,,,,,45.0,,,,,,,,0.0,,,,,,2.0,2.0,,,,,,,,,,,,,,,,,,,
1757413,Tomás Lavezzi,Barracas Central,213534,GK,,arg_a,Liga Profesional Argentina,112,1000000477,2026,21.0,Argentina,167.0,,45.0,,,2.0,,4.0,,,0.4,,,,,,4.0,4.0,4.0,,,,,,,,,,,,,,,,,,
1815995,Demián Domínguez,Defensa y Justicia,161730,GK,,arg_a,Liga Profesional Argentina,112,1000000477,2026,20.0,Argentina,,,43.0,,,,,,0.1,,0.0,,,,,,2.0930232558139537,2.0930232558139537,,,,,,,,,,,,,,,,,,,
1683850,Facundo Alaggia,Sarmiento,202757,GK,,arg_a,Liga Profesional Argentina,112,1000000477,2026,21.0,Argentina,,0.416861,39.0,,,,,,0.2,,0.1,,1.1538461538461537,,,,2.3076923076923075,2.3076923076923075,,,,,,,,,,,,,,,,,,,
995295,Tomás Ortiz,Gimnasia Mendoza,568727,CM,CM,arg_a,Liga Profesional Argentina,112,1000000477,2026,26.0,Argentina,182.0,0.320671,38.0,,,,,,0.0,,0.0,,,,,,,,,,,,,,,,,,,,,,,,,,
1670372,Gonzalo Zelarayán,Belgrano,10092,AM,CAM,arg_a,Liga Profesional Argentina,112,1000000477,2026,22.0,Argentina,179.0,0.550548,36.0,,,,,,0.0,,0.0,,,,,,,,,,,,,,,,,,,,,,,,,,
1336136,Maxi Puig,Barracas Central,213534,FB,RWB,arg_a,Liga Profesional Argentina,112,1000000477,2026,26.0,Argentina,172.0,0.367621,36.0,,,,,,0.0,,0.0,,,,,,,,,,,,,,,,,,,,,,,,,,
1717656,Benjamín Acosta,Lanús,10082,W,RM,arg_a,Liga Profesional Argentina,112,1000000477,2026,20.0,Argentina,163.0,0.423686,36.0,,,,,,0.2,,0.0,,,,,,,,,,,,,,,,,,,,,,,,,1.0,
1900249,Cayetano Bolzán,,10103,ST,,arg_a,Liga Profesional Argentina,112,1000000477,2026,,,,,36.0,,,,,,0.3,,0.1,,,,,,2.5,2.5,,1.0,,,,,,,,,,,,,,,,,
1717471,Francisco Fraga,Racing Club,10080,GK,,arg_a,Liga Profesional Argentina,112,1000000477,2026,20.0,Argentina,187.0,,36.0,,,,,,0.0,,0.0,,0.0,,,,,,,,,,,,,,,,,,,,,,,,
566250,Mauricio Tévez,,213591,CM,,arg_a,Liga Profesional Argentina,112,1000000477,2026,,,,,36.0,,,,,,0.1,,0.0,,,,,,,,,,,,,,,,,,,,,,,,,,
1524616,David Fernández,,161730,ST,,arg_a,Liga Profesional Argentina,112,1000000477,2026,,,,,35.0,,,,,,0.1,,0.0,,0.2571428571428571,,,,,,,1.0,,,,,,,,,,,,,,,,,
1200022,Gino Infantino,Argentinos Juniors,10086,ST,ST,arg_a,Liga Profesional Argentina,112,1000000477,2026,23.0,Argentina,178.0,0.726104,34.0,,,,,,0.2,,0.0,,0.5294117647058824,,,,,,,1.0,,,,,,,,,,,,,,,,,
1826552,Nicolás Garrido,Central Córdoba de Santiago,213596,GK,,arg_a,Liga Profesional Argentina,112,1000000477,2026,21.0,Argentina,,,32.0,,,,,,,,0.0,,,,,,,,,,,,,,,,,,,,,,,,,,
1647815,Franco Minerva,Club Atlético Platense,10089,W,LW,arg_a,Liga Profesional Argentina,112,1000000477,2026,20.0,Argentina,,0.777962,31.0,,,,,,,,0.2,,,,,,5.806451612903226,5.806451612903226,,,,,,,,,,,,,,,,,,,
1946352,Marcelo Cabrera,Rosario Central,10084,GK,,arg_a,Liga Profesional Argentina,112,1000000477,2026,20.0,Argentina,,,31.0,,,,,,0.1,,0.3,,0.0,,,,2.903225806451613,2.903225806451613,2.903225806451613,,,,,,,,,,,,,,,,,,
1897454,Álvaro Güich,Rosario Central,10084,GK,,arg_a,Liga Profesional Argentina,112,1000000477,2026,17.0,Argentina,189.0,,31.0,,,,,,,,0.0,,,,,,,,,,,,,,,,,,,,,,,,,,
1485760,Santino Vera,Unión,10096,CM,CM,arg_a,Liga Profesional Argentina,112,1000000477,2026,20.0,Argentina,169.0,,31.0,,,,,,,,0.0,,,,,,,,,,,,,,,,,,,,,,,,,,
1679329,Juan Chala,Estudiantes de Río Cuarto,213591,GK,,arg_a,Liga Profesional Argentina,112,1000000477,2026,22.0,Colombia,,,30.0,,,,,,,,0.0,,,,,,,,,,,,,,,,,,,,,,,,,,
2100795,Bruno Trey,Talleres,10101,GK,,arg_a,Liga Profesional Argentina,112,1000000477,2026,20.0,Argentina,,,29.0,,,,,,,,0.0,,,,,,,,,,,,,,,,,,,,,,,,,,
2119645,Joaquín Rivero,Estudiantes de Río Cuarto,213591,GK,,arg_a,Liga Profesional Argentina,112,1000000477,2026,21.0,Argentina,,,27.0,,,,,,0.1,,0.0,,0.0,,,,3.3333333333333335,3.3333333333333335,,1.0,,,,,,,,,,,,,,,,,
1509081,Tobías Rubio,Unión,10080,FB,LWB,arg_a,Liga Profesional Argentina,112,1000000477,2026,22.0,Argentina,177.0,0.857001,27.0,,,,,,,,0.0,,,,,,,,,,,,,,,,,,,,,,,,,1.0,
1642125,Nazareno Roselli,Defensa y Justicia,161730,FB,RB,arg_a,Liga Profesional Argentina,112,1000000477,2026,20.0,Argentina,188.0,0.582417,26.0,,,,,,0.0,,0.0,,0.0,,,,,,,,,,,,,,,,,,,,,,,1.0,
1372337,Manuel Mónaco,,202757,W,,arg_a,Liga Profesional Argentina,112,1000000477,2026,,,,,26.0,,,,,,,,0.0,,,,,,,,,,,,,,,,,,,,,,,,,1.0,
1221041,Juan Barbieri,Barracas Central,213534,ST,ST,arg_a,Liga Profesional Argentina,112,1000000477,2026,30.0,Argentina,,0.249257,25.0,,,,,,,,0.1,,,,,,,,,,,,,,,,,,,,,,,,,,
2099291,Valentín Cerrudo,Unión,10096,GK,,arg_a,Liga Profesional Argentina,112,1000000477,2026,20.0,Argentina,,,24.0,,,,,,0.3,,0.0,,0.375,,,,,,,1.0,,,,,,,,,,,,,,,,,
2097597,Thiago Martínez,Defensa y Justicia,161730,GK,,arg_a,Liga Profesional Argentina,112,1000000477,2026,19.0,Argentina,,,24.0,,,,,,,,0.0,,,,,,,,,,,,,,,,,,,,,,,,,,
1607054,Diego Tarzia,,10078,W,,arg_a,Liga Profesional Argentina,112,1000000477,2026,,,,,23.0,,,,,,,,0.0,,,,,,,,,,,,,,,,,,,,,,,,,1.0,
1847388,Leonardo Ríos,Rosario Central,10084,GK,,arg_a,Liga Profesional Argentina,112,1000000477,2026,19.0,Argentina,,,23.0,,,,,,,,0.0,,,,,,,,,,,,,,,,,,,,,,,,,,
1748952,Jorge de Asís,,10103,GK,,arg_a,Liga Profesional Argentina,112,1000000477,2026,,,,,22.0,,,,,,0.1,,0.0,,,,,,,,,,,,,,,,,,,,,,,,,,1.0
2121636,Martín Soto,Huracán,10081,GK,,arg_a,Liga Profesional Argentina,112,1000000477,2026,18.0,Argentina,183.0,,22.0,,,,,,0.0,,0.0,,,,,,,,,,,,,,,,,,,,,,,,,,
1108679,Francesco Lo Celso,Estudiantes de Río Cuarto,213591,AM,CAM,arg_a,Liga Profesional Argentina,112,1000000477,2026,26.0,Argentina,182.0,0.366701,21.0,,,,,,,,0.0,,,,,,,,,,,,,,,,,,,,,,,,,,
1668308,Benjamín Bosch,,10089,W,,arg_a,Liga Profesional Argentina,112,1000000477,2026,,,,,21.0,,,,,,0.1,,0.0,,,,,,,,,,,,,,,,,,,,,,,,,,
1295513,Nicolás Romano,Gimnasia Mendoza,568727,AM,CAM,arg_a,Liga Profesional Argentina,112,1000000477,2026,26.0,Argentina,170.0,0.461968,21.0,,,,,,,,0.0,,,,,,,,,,,,,,,,,,,,,,,,,,
1679356,Alexis González,River Plate,202757,W,RW,arg_a,Liga Profesional Argentina,112,1000000477,2026,21.0,Argentina,182.0,,19.0,,,,,,,,0.0,,,,,,,,,,,,,,,,,,,,,,,,,,
1553130,Benjamín Pérez,Deportivo Riestra,298629,W,LM,arg_a,Liga Profesional Argentina,112,1000000477,2026,20.0,Argentina,,,19.0,,,,,,,,0.0,,,,,,,,,,,,,,,,,,,,,,,,,,
1738096,David Juárez,,161728,GK,,arg_a,Liga Profesional Argentina,112,1000000477,2026,,,,,19.0,,,,,,0.0,,0.0,,0.0,,,,,,,,,,,,,,,,,,,,,,,,
541588,Franco Cervi,Rosario Central,10084,CM,CM,arg_a,Liga Profesional Argentina,112,1000000477,2026,32.0,Argentina,166.0,0.451285,19.0,,,,,,,,0.0,,,,,,,,,,,,,,,,,,,,,,,,,1.0,
604130,Leonardo Landriel,,298629,W,,arg_a,Liga Profesional Argentina,112,1000000477,2026,,,,,18.0,,,,,,,,0.0,,,,,,5.0,5.0,,,,,,,,,,,,,,,,,,1.0,
1826548,Cristian Jaime,,10076,AM,,arg_a,Liga Profesional Argentina,112,1000000477,2026,,,,,18.0,,,,,,,,0.0,,,,,,,,,,,,,,,,,,,,,,,,,,
1016858,Fernando Bersano,,213591,FB,,arg_a,Liga Profesional Argentina,112,1000000477,2026,,,,,18.0,,,,,,0.0,,0.1,,,,,,5.0,5.0,5.0,,,,,,,,,,,,,,,,,,
1950641,Rodrigo Bacidalupe,Boca Juniors,10077,GK,,arg_a,Liga Profesional Argentina,112,1000000477,2026,19.0,Argentina,176.0,,18.0,,,,,,,,0.0,,,,,,,,,,,,,,,,,,,,,,,,,,
427046,Nicolás Freire,,10078,CB,,arg_a,Liga Profesional Argentina,112,1000000477,2026,,,,,17.0,,,,,,0.1,,,,0.5294117647058824,,,,,,,,,,,,,,,,,,,,,,,,
1159561,Johnson Nsumoh Kalu,,298629,W,,arg_a,Liga Profesional Argentina,112,1000000477,2026,,,,,17.0,,,,,,,,0.2,,,,,,5.294117647058823,5.294117647058823,5.294117647058823,,,,,,,,,,,,,,,,,,
685253,Thomas Rodríguez,Banfield,10087,W,LW,arg_a,Liga Profesional Argentina,112,1000000477,2026,30.0,Chile,184.0,0.491189,16.0,,,,,,,,0.0,,,,,,,,,,,,,,,,,,,,,,,,,,
2341853,Tiziano Ramirez,Central Córdoba de Santiago,213596,GK,,arg_a,Liga Profesional Argentina,112,1000000477,2026,18.0,Argentina,,,16.0,,,,,,,,0.0,,,,,,,,,,,,,,,,,,,,,,,,,,
1924629,Marco Rivas,Tigre,89396,GK,,arg_a,Liga Profesional Argentina,112,1000000477,2026,18.0,Peru,170.0,,15.0,,,,,,0.0,,0.0,,,,,,,,,,,,,,,,,,,,,,,,,,
886335,Mateo Ramírez,,298629,CM,,arg_a,Liga Profesional Argentina,112,1000000477,2026,,,,,15.0,,,,,,,,0.0,,,,,,,,,,,,,,,,,,,,,,,,,1.0,
2099290,Mateo Peresutti,Unión,10096,GK,,arg_a,Liga Profesional Argentina,112,1000000477,2026,19.0,Argentina,,,14.0,,,,,,,,0.0,,,,,,,,,,,,,,,,,,,,,,,,,,
1582668,Thiago Laplace,Lanús,10082,GK,,arg_a,Liga Profesional Argentina,112,1000000477,2026,20.0,Argentina,178.0,,14.0,,,,,,,,0.0,,,,,,,,,,,,,,,,,,,,,,,,,,
1897017,Bautista Gerez,,213596,ST,,arg_a,Liga Profesional Argentina,112,1000000477,2026,,,,,14.0,,,,,,,,0.0,,,,,,,,,,,,,,,,,,,,,,,,,,
1272910,Agustín Morales,,213591,W,,arg_a,Liga Profesional Argentina,112,1000000477,2026,,,,,14.0,,,,,,,,,,,,,,,,,,,,,,,,,,,,,,,,,,
1458542,Manuel Romero,,10090,ST,,arg_a,Liga Profesional Argentina,112,1000000477,2026,,,,,14.0,,,,,,,,0.0,,,,,,,,,,,,,,,,,,,,,,,,,,
684778,Ramiro Macagno,Independiente Rivadavia,161729,GK,GK,arg_a,Liga Profesional Argentina,112,1000000477,2026,29.0,Argentina,185.0,0.258088,14.0,,,,,,,,0.0,,,,,,,,,,,,,,,,,,,,,,,,,,
1669647,Kevin Gutiérrez,,10084,GK,,arg_a,Liga Profesional Argentina,112,1000000477,2026,,,,,13.0,,,,,,,,0.0,,,,,,20.76923076923077,20.76923076923077,,,,,,,,,,,,,,,,,,,
1292829,Luis Angulo,,10101,W,,arg_a,Liga Profesional Argentina,112,1000000477,2026,,,,,12.0,,,,,,,,0.0,,,,,,,,,,,,,,,,,,,,,,,,,,
1933103,Gerónimo Patritti,Gimnasia Mendoza,568727,GK,,arg_a,Liga Profesional Argentina,112,1000000477,2026,23.0,Argentina,,,11.0,,,,,,,,0.0,,,,,,,,,,,,,,,,,,,,,,,,,,
2087557,Ramiro Gagliardi,Defensa y Justicia,161730,GK,,arg_a,Liga Profesional Argentina,112,1000000477,2026,20.0,Argentina,,,11.0,,,,,,0.1,,0.0,,0.0,,,,,,,1.0,,,,,,,,,,,,,,,,,
1748484,Ezequiel Burdín,Defensa y Justicia,161730,CB,CB,arg_a,Liga Profesional Argentina,112,1000000477,2026,21.0,Uruguay,191.0,0.926217,10.0,,,,,,,,0.0,,,,,,,,,,,,,,,,,,,,,,,,,,
1575649,Luca Klimowicz,,10090,ST,,arg_a,Liga Profesional Argentina,112,1000000477,2026,,,,,10.0,,,,,,,,0.0,,,,,,,,,,,,,,,,,,,,,,,,,,
1609275,Augusto Fernández,Aldosivi,161728,GK,,arg_a,Liga Profesional Argentina,112,1000000477,2026,20.0,Argentina,,,9.0,,,,,,,,0.0,,,,,,10.0,10.0,,,,,,,,,,,,,,,,,,,
209518,Claudio Corvalán,,10096,CB,,arg_a,Liga Profesional Argentina,112,1000000477,2026,,,,,9.0,,,,,,,,0.0,,,,,,,,,,,,,,,,,,,,,,,,,,
1531790,Facundo Pimienta,Atlético Tucumán,161727,GK,,arg_a,Liga Profesional Argentina,112,1000000477,2026,23.0,Argentina,163.0,0.1728,9.0,,,,,,,,0.0,,,,,,,,,,,,,,,,,,,,,,,,,,
1362672,Lucas Sanseviero,Instituto,10090,W,"RW,ST",arg_a,Liga Profesional Argentina,112,1000000477,2026,26.0,Uruguay,180.0,0.737432,9.0,,,,,,,,0.0,,,,,,10.0,10.0,,,,,,,,,,,,,,,,,,,
2087553,Santino Aguirre,Racing Club,10080,GK,,arg_a,Liga Profesional Argentina,112,1000000477,2026,19.0,Argentina,186.0,,8.0,,,,,,0.2,,0.0,,,,,,,,,1.0,,,,,,,,,,,,,,,,,
1966061,Bautista Pieroni,,213591,GK,,arg_a,Liga Profesional Argentina,112,1000000477,2026,,,,,7.0,,,,,,,,0.0,,,,,,,,,,,,,,,,,,,,,,,,,,
1201814,Juan Carlos Portillo,River Plate,10076,DM,CDM,arg_a,Liga Profesional Argentina,112,1000000477,2026,26.0,Argentina,182.0,2.380625,7.0,,,,,,,,0.0,,,,,,,,,,,,,,,,,,,,,,,,,,
1919166,Ezequiel Pérez,Racing Club,10080,GK,,arg_a,Liga Profesional Argentina,112,1000000477,2026,18.0,Argentina,166.0,,6.0,,,,,,,,0.0,,,,,,,,,,,,,,,,,,,,,,,,,,
161344,Federico Mancuello,Argentinos Juniors,10078,W,LM,arg_a,Liga Profesional Argentina,112,1000000477,2026,37.0,Argentina,177.0,0.438607,6.0,,,,,,,,0.0,,,,,,,,,,,,,,,,,,,,,,,,,,
1200768,Francisco Galván,Estudiantes de Río Cuarto,213591,ST,ST,arg_a,Liga Profesional Argentina,112,1000000477,2026,27.0,Argentina,190.0,0.314735,6.0,,,,,,,,,,,,,,,,,,,,,,,,,,,,,,,,,,
2087555,Jonás Cabrera,Defensa y Justicia,161730,GK,,arg_a,Liga Profesional Argentina,112,1000000477,2026,18.0,Argentina,,,6.0,,,,,,,,0.0,,,,,,,,,,,,,,,,,,,,,,,,,,
1351096,Lucas Román,,161727,W,,arg_a,Liga Profesional Argentina,112,1000000477,2026,,,,,6.0,,,,,,,,0.0,,,,,,,,,,,,,,,,,,,,,,,,,,
1934830,Matías Salvo,Independiente Rivadavia,161729,GK,,arg_a,Liga Profesional Argentina,112,1000000477,2026,21.0,Argentina,170.0,,6.0,,,,,,,,0.1,,,,,,30.0,30.0,,,,,,,,,,,,,,,,,,,
1897644,Ulises Delgado,,202757,ST,,arg_a,Liga Profesional Argentina,112,1000000477,2026,,,,,6.0,,,,,,,,0.0,,,,,,,,,,,,,,,,,,,,,,,,,,
1958014,Valentín Lucero,River Plate,10076,GK,,arg_a,Liga Profesional Argentina,112,1000000477,2026,20.0,Argentina,,,6.0,,,,,,,,0.0,,,,,,,,,,,,,,,,,,,,,,,,,,
2097563,Valentino Felici,,10084,GK,,arg_a,Liga Profesional Argentina,112,1000000477,2026,,,,,6.0,,,,,,,,0.0,,,,,,,,,,,,,,,,,,,,,,,,,,
2107552,Jeremias Acosta,Banfield,10087,GK,,arg_a,Liga Profesional Argentina,112,1000000477,2026,18.0,Argentina,,,5.0,,,,,,,,0.0,,,,,,,,,,,,,,,,,,,,,,,,,,
1585863,Nicolás Dubersarsky,Tigre,89396,CM,CM,arg_a,Liga Profesional Argentina,112,1000000477,2026,21.0,Argentina,188.0,1.562205,5.0,,,,,,,,0.0,,,,,,,,,,,,,,,,,,,,,,,,,,
850731,Carlos Arce,Barracas Central,213534,CM,CM,arg_a,Liga Profesional Argentina,112,1000000477,2026,36.0,Argentina,169.0,0.294687,3.0,,,,,,,,0.0,,,,,,,,,,,,,,,,,,,,,,,,,,
1897015,Federico Rodríguez,Central Córdoba de Santiago,213596,GK,,arg_a,Liga Profesional Argentina,112,1000000477,2026,17.0,Argentina,,,3.0,,,,,,,,0.0,,,,,,,,,,,,,,,,,,,,,,,,,,
2120277,Lucas Lamella,Gimnasia LP,10103,GK,,arg_a,Liga Profesional Argentina,112,1000000477,2026,16.0,Argentina,,,3.0,,,,,,,,,,,,,,,,,,,,,,,,,,,,,,,,,,
1937611,Thiago Gómez,Argentinos Juniors,10086,GK,,arg_a,Liga Profesional Argentina,112,1000000477,2026,20.0,Argentina,183.0,,3.0,,,,,,,,0.0,,,,,,,,,,,,,,,,,,,,,,,,,,
2100797,Blas Benedetto,Newell's Old Boys,10201,GK,,arg_a,Liga Profesional Argentina,112,1000000477,2026,20.0,Argentina,,,2.0,,,,,,,,0.0,,,,,,,,,,,,,,,,,,,,,,,,,,
2119792,Agustín Bono,Belgrano,10092,GK,,arg_a,Liga Profesional Argentina,112,1000000477,2026,18.0,Argentina,187.0,,2.0,,,,,,,,0.0,,,,,,,,,,,,,,,,,,,,,,,,,,
2119790,Marcos Ortiz,Belgrano,10092,GK,,arg_a,Liga Profesional Argentina,112,1000000477,2026,17.0,Argentina,,,2.0,,,,,,,,0.0,,,,,,,,,,,,,,,,,,,,,,,,,,
857829,Agustín Nadruz,Sarmiento,202757,CM,"CM,CDM",arg_a,Liga Profesional Argentina,112,1000000477,2026,30.0,Uruguay,182.0,0.431074,1.0,,,,,,,,0.0,,,,,,,,,,,,,,,,,,,,,,,,,,
2102224,Facundo Cruz,Independiente,10078,GK,,arg_a,Liga Profesional Argentina,112,1000000477,2026,20.0,Argentina,,,1.0,,,,,,,,,,,,,,,,,,,,,,,,,,,,,,,,,,
2114925,Lautaro Piola,Vélez Sarsfield,10079,GK,,arg_a,Liga Profesional Argentina,112,1000000477,2026,18.0,Argentina,,,1.0,,,,,,,,,,,,,,,,,,,,,,,,,,,,,,,,,,
2099288,Nazareno Fazzi,Unión,10096,GK,,arg_a,Liga Profesional Argentina,112,1000000477,2026,19.0,Argentina,,,1.0,,,,,,,,,,,,,,,,,,,,,,,,,,,,,,,,,,
860661,Santiago Arzamendia,Estudiantes,10094,FB,LB,arg_a,Liga Profesional Argentina,112,1000000477,2026,28.0,Paraguay,172.0,1.48478,1.0,,,,,,,,0.0,,,,,,,,,,,,,,,,,,,,,,,,,,
971901,Ezequiel Centurión,River Plate,10076,GK,GK,arg_a,Liga Profesional Argentina,112,1000000477,2026,29.0,Argentina,183.0,0.926563,,,,,,,,,,,,,,,,,,,,,,,,,,,,,,,,,,1.0,
