player_id,player,club,team_id,position,position_label,league_key,league,fotmob_league_id,season_id,season,age,nationality,height_cm,market_value_m,minutes,rating,goals_total,assists_total,goals90,assists90,xg_total,xg90,xa_total,xa90,xgot90,shots90,shots_on_target90,passes90,key_pass90,chances_created90,big_chances_created90,big_chances_missed,long_balls90,dribbles90,defensive_actions90,tackles90,interceptions90,clearances90,blocks90,recoveries90,high_press_wins90,clean_sheets,save_pct,saves90,goals_prevented90,goals_conceded90,fouls90,yellow_cards,red_cards
844408,Thiago Couto,Sport Recife,6305,GK,GK,bra_b,Brasileirão Série B,8814,1000000394,2026,27.0,Brazil,188.0,0.762267,2790.0,7.08,,,,,,,0.0,0.0,,,,20.3,0.03225806451612903,0.03225806451612903,,,,0.0,1.4,,,1.4,,7.2,,10.0,74.2,3.1,0.08064516129032258,1.1,,1.0,
535786,Luan Polli,Athletic Club MG,1221604,GK,GK,bra_b,Brasileirão Série B,8814,1000000394,2026,33.0,Brazil,189.0,0.306223,2700.0,7.27,,,,,,,0.0,0.0,,,,14.7,0.13333333333333333,0.13333333333333333,0.03333333333333333,,,0.0,1.6,,,1.6,,8.5,,8.0,76.6,3.7,0.29,1.1,,1.0,
121848,Muriel,Náutico,2369,GK,GK,bra_b,Brasileirão Série B,8814,1000000394,2026,39.0,Brazil,190.0,0.138959,2700.0,7.0,,,,,,,0.0,0.0,,,,19.4,0.03333333333333333,0.03333333333333333,,,,0.1,1.1,0.0,,1.1,,8.8,,8.0,72.8,3.3,0.17666666666666667,1.2,,2.0,
670947,Raul,Cuiabá,197815,DM,"CDM,CM,CB",bra_b,Brasileirão Série B,8814,1000000394,2026,30.0,Brazil,177.0,0.89704,2610.0,7.1,,,,,0.7,0.02,1.4,0.05,0.006896551724137931,0.6,0.1,41.0,0.6206896551724138,0.6206896551724138,0.034482758620689655,1.0,3.8,0.3,5.1,1.8,1.5,1.3,0.5,5.0,,,,,,,0.6,4.0,
449653,Helton Leite,Vila Nova,109706,GK,GK,bra_b,Brasileirão Série B,8814,1000000394,2026,35.0,Brazil,196.0,0.257108,2607.0,7.23,,,,,,,0.0,0.0,,,,14.9,0.03452243958573072,0.03452243958573072,,,,,1.3,,,1.3,,8.3,,10.0,76.2,3.3,0.20713463751438435,1.0,,,
1390279,Vilar,Botafogo SP,8355,CB,CB,bra_b,Brasileirão Série B,8814,1000000394,2026,26.0,Brazil,189.0,,2595.0,7.06,3.0,,0.1,,3.3,0.11,0.3,0.01,0.14566473988439307,0.9,0.3,38.7,0.13872832369942195,0.13872832369942195,,3.0,3.5,0.0,10.1,0.9,1.3,7.1,0.8,2.9,,,,,,,1.0,4.0,
604563,Marcelo Hermes,Criciúma,7729,FB,"LWB,LM,LB",bra_b,Brasileirão Série B,8814,1000000394,2026,31.0,Brazil,177.0,0.716583,2589.0,7.13,4.0,2.0,0.14,0.06952491309385864,2.2,0.07,3.4,0.12,0.09038238702201622,1.6,0.4,26.1,0.9733487833140209,0.9733487833140209,0.24333719582850522,2.0,1.7,0.3,4.9,1.7,0.8,2.2,0.2,3.6,,,,,,,1.0,3.0,
1189948,Rodrigo Ferreira,São Bernardo,231931,FB,"RB,RM",bra_b,Brasileirão Série B,8814,1000000394,2026,31.0,Brazil,178.0,0.170991,2576.0,7.13,4.0,2.0,0.14,0.06987577639751552,3.9,0.14,1.7,0.06,0.07686335403726709,1.1,0.3,35.4,0.593944099378882,0.593944099378882,0.1048136645962733,5.0,3.4,0.5,6.3,1.5,1.3,3.0,0.5,3.6,,,,,,,1.0,5.0,
1173478,Alex Alves,São Bernardo,231931,GK,GK,bra_b,Brasileirão Série B,8814,1000000394,2026,39.0,Brazil,189.0,0.149299,2565.0,7.12,,,,,,,0.0,0.0,,,,20.1,,,,,,,1.8,,,1.8,,8.7,,8.0,76.2,3.4,0.12280701754385964,1.1,,3.0,
798592,Maurício,Londrina,298660,GK,GK,bra_b,Brasileirão Série B,8814,1000000394,2026,35.0,Brazil,191.0,0.21621,2520.0,6.78,,,,,,,0.0,0.0,,,,17.3,0.03571428571428571,0.03571428571428571,,,,,1.1,,,1.1,,7.0,,6.0,65.3,2.8,0.06785714285714285,1.5,,3.0,
728763,Paulo Vítor,Atlético-GO,165545,GK,GK,bra_b,Brasileirão Série B,8814,1000000394,2026,37.0,Brazil,195.0,0.300385,2520.0,7.26,,,,,,,0.1,0.0,,,,15.0,0.17857142857142858,0.17857142857142858,,,,,1.4,,,1.4,,8.5,,11.0,78.9,3.2,0.19642857142857142,0.9,,3.0,
750084,Perotti,Sport Recife,6305,ST,ST,bra_b,Brasileirão Série B,8814,1000000394,2026,28.0,Brazil,186.0,0.764268,2485.0,7.06,11.0,1.0,0.4,0.03621730382293763,11.8,0.43,0.9,0.03,0.48169014084507045,2.9,1.2,11.2,0.7243460764587525,0.7243460764587525,0.03621730382293763,10.0,0.3,0.6,2.4,0.7,0.3,1.1,0.3,2.3,,,,,,,1.7,2.0,
793033,João Basso,Cuiabá,197815,CB,CB,bra_b,Brasileirão Série B,8814,1000000394,2026,29.0,Brazil,187.0,0.395432,2465.0,7.16,2.0,1.0,0.07,0.036511156186612576,1.4,0.05,1.7,0.06,0.04746450304259635,0.5,0.2,45.2,0.5476673427991886,0.5476673427991886,0.07302231237322515,4.0,3.7,0.1,7.8,1.4,1.6,4.1,0.7,3.8,,,,,,,1.4,2.0,
1414404,Rômulo,Novorizontino,581838,AM,"CAM,ST,RW,CM",bra_b,Brasileirão Série B,8814,1000000394,2026,24.0,Brazil,175.0,2.012117,2464.0,7.56,10.0,9.0,0.37,0.3287337662337662,10.6,0.39,9.6,0.35,0.39813311688311687,2.3,1.0,21.0,3.2142857142857144,3.2142857142857144,0.8035714285714286,8.0,1.5,0.5,1.9,0.9,0.4,0.5,0.1,3.9,,,,,,,0.7,2.0,
498459,Robson,Novorizontino,581838,ST,ST,bra_b,Brasileirão Série B,8814,1000000394,2026,35.0,Brazil,,0.476769,2457.0,7.45,16.0,5.0,0.59,0.18315018315018314,14.3,0.53,3.1,0.11,0.5054945054945055,3.1,1.2,13.9,1.6117216117216118,1.6117216117216118,0.2564102564102564,14.0,0.5,0.4,2.1,1.2,0.1,0.6,0.1,3.2,,,,,,,1.9,4.0,
844089,Jandrei,Juventude,10274,GK,GK,bra_b,Brasileirão Série B,8814,1000000394,2026,33.0,Brazil,187.0,0.313857,2430.0,7.31,,,,,,,0.1,0.0,,,,21.9,0.037037037037037035,0.037037037037037035,,,,,1.5,,0.0,1.4,,10.5,,18.0,80.4,2.7,0.18518518518518517,0.7,0.0,1.0,
1276550,Lucas Belezi,Athletic Club MG,1221604,CB,CB,bra_b,Brasileirão Série B,8814,1000000394,2026,23.0,Brazil,,1.666528,2427.0,6.98,1.0,2.0,0.04,0.07416563658838071,1.7,0.06,1.7,0.06,0.048207663782447466,0.4,0.1,45.2,0.519159456118665,0.519159456118665,0.11124845488257108,3.0,3.9,,8.9,1.1,1.1,5.8,0.9,3.1,,,,,,,0.7,1.0,2.0
1045975,Janderson,Vila Nova,109706,W,LW,bra_b,Brasileirão Série B,8814,1000000394,2026,27.0,Brazil,161.0,0.951701,2417.0,7.32,6.0,7.0,0.22,0.2606537029375259,3.8,0.14,2.8,0.1,0.21597021100537858,2.2,0.8,22.2,1.7873396772858916,1.7873396772858916,0.11170872983036823,2.0,1.4,1.8,2.0,1.1,0.4,0.5,,4.4,,,,,,,1.5,3.0,
841882,Wenderson,Náutico,2369,DM,"CDM,CM",bra_b,Brasileirão Série B,8814,1000000394,2026,28.0,Brazil,177.0,0.167717,2411.0,7.31,,2.0,,0.07465781833264205,1.1,0.04,2.6,0.1,0.018664454583160513,1.1,0.2,47.9,1.0825383658233099,1.0825383658233099,0.11198672749896309,,2.5,0.5,5.0,2.3,1.5,0.9,0.3,5.6,,,,,,,1.7,7.0,
1222807,Guilherme Lopes,Atlético-GO,165545,FB,LB,bra_b,Brasileirão Série B,8814,1000000394,2026,24.0,Brazil,178.0,0.98286,2406.0,7.18,2.0,3.0,0.07,0.11221945137157108,1.3,0.05,2.5,0.09,0.06359102244389027,0.6,0.3,27.8,1.346633416458853,1.346633416458853,0.11221945137157108,3.0,1.8,1.0,6.1,1.6,1.0,3.1,0.4,3.3,,,,,,,1.5,8.0,
1526680,Vinícius Diniz,Operário-PR,197429,DM,"CDM,CM,CAM",bra_b,Brasileirão Série B,8814,1000000394,2026,27.0,Brazil,,0.566255,2406.0,7.24,6.0,1.0,0.22,0.03740648379052369,4.1,0.15,1.3,0.05,0.2057356608478803,1.9,0.4,34.8,0.972568578553616,0.972568578553616,0.07481296758104738,2.0,1.8,0.5,5.3,1.3,1.0,2.5,0.5,4.0,,,,,,,1.9,8.0,
448256,Igor Fernandes,Náutico,2369,FB,"LB,CB",bra_b,Brasileirão Série B,8814,1000000394,2026,34.0,Brazil,183.0,0.156897,2403.0,7.07,1.0,1.0,0.04,0.03745318352059925,1.5,0.05,1.9,0.07,0.026217228464419474,0.6,0.1,40.5,0.9363295880149812,0.9363295880149812,0.18726591760299627,1.0,1.6,0.2,7.1,1.2,0.8,4.5,0.6,4.0,,,,,,,1.3,3.0,
879585,Everton Morelli,Botafogo SP,8355,AM,"CAM,CDM,CM",bra_b,Brasileirão Série B,8814,1000000394,2026,28.0,Brazil,179.0,0.338287,2402.0,7.06,8.0,2.0,0.3,0.0749375520399667,4.5,0.17,1.6,0.06,0.1611157368859284,1.9,0.6,23.1,0.7119067443796836,0.7119067443796836,0.0749375520399667,3.0,1.3,0.5,4.1,1.3,0.9,1.6,0.3,4.0,,,,,,,1.6,4.0,
535938,Boschilia,Operário-PR,197429,AM,"CAM,CM,RW",bra_b,Brasileirão Série B,8814,1000000394,2026,30.0,Brazil,172.0,1.103519,2384.0,7.64,13.0,4.0,0.49,0.15100671140939598,7.7,0.29,3.4,0.13,0.3284395973154362,3.0,1.1,42.4,2.1140939597315436,2.1140939597315436,0.45302013422818793,5.0,2.6,0.8,1.9,1.2,0.2,0.4,0.2,3.7,,,,,,,1.6,8.0,
1612264,Patrick,Novorizontino,581838,CB,"CB,LB",bra_b,Brasileirão Série B,8814,1000000394,2026,27.0,Brazil,,0.70363,2378.0,7.28,1.0,1.0,0.04,0.03784693019343986,2.3,0.09,0.5,0.02,0.06812447434819176,0.7,0.2,45.0,0.37846930193439865,0.37846930193439865,0.03784693019343986,5.0,2.9,0.2,8.9,1.2,0.9,6.1,0.8,4.5,,,,,,,1.6,7.0,
1134034,Dadá Belmonte,CRB,104821,W,"LW,LM",bra_b,Brasileirão Série B,8814,1000000394,2026,29.0,Brazil,166.0,0.389108,2359.0,7.48,5.0,5.0,0.19,0.1907587961000424,6.2,0.24,6.3,0.24,0.24798643493005512,3.2,1.0,19.8,2.136498516320475,2.136498516320475,0.49597286986011024,1.0,1.3,1.8,2.7,1.7,0.6,0.2,0.2,3.9,,,,,,,1.0,4.0,
128083,Vágner,Operário-PR,197429,GK,GK,bra_b,Brasileirão Série B,8814,1000000394,2026,40.0,Brazil,186.0,0.259313,2353.0,6.96,,,,,,,0.0,0.0,,,,18.2,0.03824904377390565,0.03824904377390565,,,,,1.2,,,1.2,,6.3,,9.0,72.2,3.5,0.11474713132171696,1.3,0.0,3.0,
1438376,Kauan,Athletic Club MG,1221604,AM,"CAM,LW,CDM,CM,RW",bra_b,Brasileirão Série B,8814,1000000394,2026,21.0,Brazil,173.0,1.553266,2339.0,6.86,3.0,2.0,0.12,0.07695596408721676,2.2,0.09,2.0,0.08,0.10773834972210346,1.3,0.6,23.4,1.115861479264643,1.115861479264643,0.1923899102180419,1.0,1.5,0.5,2.5,0.7,0.7,0.8,0.3,3.3,,,,,,,0.8,4.0,
1362665,Gazal,Fortaleza,8287,CB,CB,bra_b,Brasileirão Série B,8814,1000000394,2026,27.0,Brazil,188.0,1.053561,2337.0,6.97,,1.0,,0.038510911424903725,1.0,0.04,0.8,0.03,,0.7,,51.8,0.42362002567394097,0.42362002567394097,0.038510911424903725,2.0,4.5,,6.7,0.6,0.7,4.8,0.6,2.6,,,,,,,1.2,6.0,
937517,Patrick Brey,Botafogo SP,8355,FB,"LB,LWB",bra_b,Brasileirão Série B,8814,1000000394,2026,29.0,Brazil,177.0,0.290541,2323.0,7.36,4.0,3.0,0.15,0.11622901420576841,3.2,0.12,4.4,0.17,0.13947481704692208,1.3,0.5,22.8,1.7046922083512699,1.7046922083512699,0.27120103314679295,4.0,1.5,1.3,6.9,2.5,1.3,2.8,0.2,4.9,,,,,,,2.0,6.0,
637668,Rodrigo Sam,Juventude,10274,CB,CB,bra_b,Brasileirão Série B,8814,1000000394,2026,31.0,Brazil,182.0,0.420791,2316.0,7.29,,2.0,,0.07772020725388601,0.8,0.03,1.4,0.05,0.0038860103626943004,0.4,0.0,47.9,0.27202072538860106,0.27202072538860106,0.11658031088082901,2.0,2.4,0.4,9.7,2.4,2.1,4.7,0.5,3.9,,,,,,,1.9,5.0,
933819,Mikael,CRB,104821,ST,ST,bra_b,Brasileirão Série B,8814,1000000394,2026,27.0,Brazil,184.0,1.022603,2294.0,7.34,16.0,4.0,0.63,0.15693112467306017,14.8,0.58,1.1,0.04,0.6394943330427202,4.4,1.9,7.8,1.059285091543156,1.059285091543156,0.11769834350479512,7.0,0.5,0.9,1.1,0.5,0.2,0.5,,1.7,,,,,,,0.7,1.0,
1489569,Calebe,Cuiabá,197815,CB,"CB,CM,CDM,CAM",bra_b,Brasileirão Série B,8814,1000000394,2026,23.0,Brazil,187.0,0.695904,2289.0,7.06,2.0,,0.08,,1.7,0.07,0.9,0.04,0.1258191349934469,1.0,0.4,42.1,0.5897771952817824,0.5897771952817824,0.07863695937090433,,3.4,0.3,5.7,1.4,1.2,2.7,0.5,5.2,,,,,,,1.3,4.0,
1179045,Dudu Miraíma,São Bernardo,231931,CM,"CM,CDM,CAM",bra_b,Brasileirão Série B,8814,1000000394,2026,26.0,Brazil,173.0,,2276.0,7.22,2.0,4.0,0.08,0.15817223198594024,1.2,0.05,3.6,0.14,0.11862917398945519,1.9,0.6,49.0,1.898066783831283,1.898066783831283,0.4349736379613357,,6.6,0.6,4.5,1.3,1.2,1.5,0.4,5.5,,,,,,,1.5,5.0,
304626,Pedro Castro,CRB,104821,DM,"CDM,CM,CAM",bra_b,Brasileirão Série B,8814,1000000394,2026,33.0,Brazil,180.0,0.274827,2272.0,7.14,3.0,,0.12,,2.5,0.1,1.5,0.06,0.1267605633802817,1.5,0.4,32.8,0.9507042253521126,0.9507042253521126,0.11883802816901408,3.0,1.8,0.6,4.5,0.9,1.2,2.1,0.2,4.3,,,,,,,0.8,1.0,
1366061,Marcos Paulo,Juventude,10274,CB,"CB,LWB",bra_b,Brasileirão Série B,8814,1000000394,2026,23.0,Brazil,183.0,1.057076,2257.0,7.2,1.0,2.0,0.04,0.07975188303057155,1.2,0.05,1.8,0.07,0.01595037660611431,0.8,0.1,43.2,0.5183872396987151,0.5183872396987151,0.1993797075764289,1.0,4.1,0.2,6.6,2.0,0.9,3.1,0.6,3.8,,,,,,,1.6,8.0,
1789979,João Miguel,Athletic Club MG,1221604,DM,"CDM,CM,CB",bra_b,Brasileirão Série B,8814,1000000394,2026,22.0,Brazil,,0.518074,2256.0,6.77,,,,,0.6,0.02,0.6,0.02,,0.6,,36.9,0.5585106382978723,0.5585106382978723,,2.0,3.4,0.2,9.3,2.0,1.6,4.9,0.8,4.1,,,,,,,1.2,3.0,1.0
1215655,Jhonatan,Athletic Club MG,1221604,CB,CB,bra_b,Brasileirão Série B,8814,1000000394,2026,27.0,Brazil,186.0,,2255.0,6.93,,,,,0.8,0.03,0.5,0.02,0.015964523281596452,0.7,0.2,41.2,0.1197339246119734,0.1197339246119734,0.03991130820399113,,3.5,0.0,8.3,0.9,1.4,5.3,0.7,3.8,,,,,,,1.1,5.0,1.0
1189602,Victor Souza,Botafogo SP,8355,GK,GK,bra_b,Brasileirão Série B,8814,1000000394,2026,34.0,Brazil,190.0,0.408533,2250.0,6.77,,,,,,,0.1,0.0,,,,15.9,0.16,0.16,0.08,,,,0.9,,,0.9,,8.1,,6.0,65.9,2.4,-0.036,1.2,,1.0,
1333091,Crystopher,CRB,104821,AM,"CAM,CM,CDM",bra_b,Brasileirão Série B,8814,1000000394,2026,28.0,Brazil,175.0,0.409308,2211.0,7.28,5.0,5.0,0.2,0.20352781546811397,2.3,0.09,3.8,0.15,0.1546811397557666,2.1,0.7,40.3,2.320217096336499,2.320217096336499,0.28493894165535955,2.0,1.9,0.4,2.8,1.1,0.7,0.8,0.2,5.7,,,,,,,0.9,2.0,
1462413,João Vieira,Vila Nova,109706,DM,"CDM,CM,CAM",bra_b,Brasileirão Série B,8814,1000000394,2026,28.0,Brazil,171.0,0.572172,2204.0,7.26,3.0,5.0,0.12,0.20417422867513613,4.8,0.2,4.1,0.17,0.13883847549909256,1.2,0.3,38.0,2.041742286751361,2.041742286751361,0.28584392014519056,6.0,2.3,0.3,2.4,1.2,0.8,0.4,0.0,4.1,,,,,,,2.8,7.0,
1334428,Raí,Juventude,10274,AM,"CAM,CM,CDM,RW",bra_b,Brasileirão Série B,8814,1000000394,2026,24.0,Brazil,175.0,0.64156,2184.0,7.29,5.0,3.0,0.21,0.12362637362637363,2.7,0.11,2.8,0.11,0.13186813186813187,2.1,0.7,30.6,1.565934065934066,1.565934065934066,0.24725274725274726,2.0,3.2,0.7,3.7,1.8,0.9,0.7,0.2,4.2,,,,,,,1.3,3.0,
175644,Marquinhos,Vila Nova,109706,AM,"CAM,CM",bra_b,Brasileirão Série B,8814,1000000394,2026,36.0,Brazil,174.0,0.373387,2160.0,7.21,3.0,7.0,0.13,0.2916666666666667,4.3,0.18,5.9,0.25,0.1625,2.1,0.7,24.4,2.5833333333333335,2.5833333333333335,0.4583333333333333,2.0,1.1,0.5,1.3,0.7,0.3,0.3,,3.4,,,,,,,0.3,,
1372923,Chrystian Barletta,Sport Recife,6305,W,"RW,CAM,LM",bra_b,Brasileirão Série B,8814,1000000394,2026,25.0,Brazil,,2.037887,2160.0,7.45,11.0,3.0,0.46,0.125,9.4,0.39,4.9,0.2,0.37916666666666665,2.5,0.9,22.6,1.5,1.5,0.375,3.0,0.9,1.7,2.1,1.3,0.5,0.3,0.0,4.3,,,,,,,1.0,7.0,
689080,Luizão,Ceará,172341,CB,CB,bra_b,Brasileirão Série B,8814,1000000394,2026,33.0,Brazil,194.0,0.318275,2135.0,7.04,2.0,,0.08,,2.3,0.1,0.1,0.01,0.07166276346604215,1.1,0.3,36.0,0.08430913348946135,0.08430913348946135,,3.0,4.3,0.2,9.9,0.9,0.7,7.5,0.9,3.3,,,,,,,0.8,1.0,
934515,Richard,Ceará,172341,GK,GK,bra_b,Brasileirão Série B,8814,1000000394,2026,35.0,Brazil,186.0,0.258447,2115.0,6.8,,,,,,,0.0,0.0,,,,13.4,,,,,,,0.8,,,0.8,,6.8,,5.0,71.3,3.1,-0.01276595744680851,1.2,,2.0,
1786140,Geovany Soares,Atlético-GO,165545,W,"LW,RW,LM",bra_b,Brasileirão Série B,8814,1000000394,2026,26.0,Brazil,168.0,,2083.0,7.19,3.0,8.0,0.13,0.3456553048487758,5.4,0.23,5.2,0.22,0.2333173307729237,2.1,0.9,21.3,1.814690350456073,1.814690350456073,0.47527604416706676,5.0,2.0,1.6,1.6,0.5,0.6,0.6,,4.1,,,,,,,0.3,1.0,
933054,Luís Oyama,Novorizontino,581838,DM,"CDM,CM",bra_b,Brasileirão Série B,8814,1000000394,2026,29.0,Brazil,,0.468095,2073.0,7.08,3.0,2.0,0.13,0.08683068017366136,2.1,0.09,1.5,0.07,0.15629522431259044,1.2,0.5,36.9,1.1287988422575976,1.1287988422575976,0.2170767004341534,3.0,3.4,0.5,3.7,1.1,1.3,1.0,0.3,6.9,,,,,,,1.2,4.0,
699686,Augusto,São Bernardo,231931,CB,CB,bra_b,Brasileirão Série B,8814,1000000394,2026,29.0,Brazil,186.0,0.187759,2070.0,7.07,,,,,0.5,0.02,0.3,0.01,0.013043478260869565,0.3,0.0,48.3,0.34782608695652173,0.34782608695652173,0.043478260869565216,,4.5,0.4,8.1,1.0,1.2,4.9,1.0,4.1,,,,,,,1.1,6.0,
1350567,Junior Barreto,Atlético-GO,165545,CB,CB,bra_b,Brasileirão Série B,8814,1000000394,2026,28.0,Paraguay,185.0,0.309504,2050.0,7.27,,,,,0.4,0.02,0.5,0.02,0.0351219512195122,0.4,0.1,44.3,0.3951219512195122,0.3951219512195122,,,2.9,0.2,11.6,1.3,1.6,7.6,1.2,3.5,,,,,,,1.2,2.0,
846028,Matheus Trindade,Operário-PR,197429,CM,"CM,CDM,CB",bra_b,Brasileirão Série B,8814,1000000394,2026,30.0,Brazil,181.0,0.26528,2047.0,6.82,1.0,,0.04,,0.7,0.03,0.2,0.01,0.057156814851001464,0.6,0.2,30.4,0.3077674645823156,0.3077674645823156,0.08793356130923302,1.0,1.2,0.3,6.4,2.6,1.2,2.0,0.6,4.4,,,,,,,2.0,3.0,
1173653,Luiz Henrique,Avaí,104822,DM,"CDM,CM,CAM",bra_b,Brasileirão Série B,8814,1000000394,2026,27.0,Brazil,,0.263711,2044.0,6.81,2.0,,0.09,,1.2,0.05,0.9,0.04,0.04403131115459882,0.8,0.1,39.5,0.44031311154598823,0.44031311154598823,,,2.3,0.2,5.2,1.8,1.1,1.9,0.5,4.2,,,,,,,1.8,5.0,
535584,Pará,São Bernardo,231931,FB,LB,bra_b,Brasileirão Série B,8814,1000000394,2026,31.0,Brazil,167.0,0.058024,2043.0,6.97,2.0,1.0,0.09,0.04405286343612335,0.7,0.03,2.1,0.09,0.04845814977973569,0.4,0.2,35.2,0.7929515418502202,0.7929515418502202,0.1762114537444934,1.0,2.6,0.7,4.5,1.3,1.2,1.9,0.1,3.7,,,,,,,0.9,4.0,
693500,Allyson,Avaí,104822,CB,CB,bra_b,Brasileirão Série B,8814,1000000394,2026,35.0,Brazil,185.0,0.149299,2024.0,6.97,1.0,1.0,0.04,0.044466403162055336,0.8,0.04,0.2,0.01,0.044466403162055336,0.3,0.1,35.7,0.26679841897233203,0.26679841897233203,0.044466403162055336,1.0,2.5,0.1,10.2,0.6,1.2,7.8,0.6,3.7,,,,,,,0.8,3.0,1.0
500467,Foguinho,São Bernardo,231931,DM,"CDM,CM",bra_b,Brasileirão Série B,8814,1000000394,2026,34.0,Brazil,180.0,0.117176,2019.0,6.69,3.0,,0.13,,2.1,0.09,0.6,0.03,0.09806835066864786,0.7,0.3,32.2,0.4457652303120357,0.4457652303120357,,1.0,1.7,0.2,4.3,0.9,1.0,1.7,0.7,2.9,,,,,,,1.3,4.0,
851632,Fellipe Mateus,Criciúma,7729,W,"LW,CAM,CDM,CM",bra_b,Brasileirão Série B,8814,1000000394,2026,35.0,Brazil,178.0,0.254009,2017.0,7.13,4.0,1.0,0.18,0.04462072384729797,3.4,0.15,2.9,0.13,0.16955875061973227,1.5,0.5,27.5,1.294000991571641,1.294000991571641,0.1338621715418939,2.0,1.6,0.8,2.5,1.2,0.7,0.5,0.0,5.0,,,,,,,0.6,3.0,
202332,Luciano Castán,Criciúma,7729,CB,CB,bra_b,Brasileirão Série B,8814,1000000394,2026,37.0,Brazil,187.0,0.286907,2017.0,7.06,2.0,1.0,0.09,0.04462072384729797,1.2,0.05,0.6,0.02,0.08477937530986614,0.4,0.2,42.8,0.35696579077838375,0.35696579077838375,,1.0,3.2,0.4,6.9,1.0,1.2,4.2,0.5,3.7,,,,,,,1.6,7.0,
762031,Rafael Gava,Botafogo SP,8355,AM,"CAM,CM,CDM",bra_b,Brasileirão Série B,8814,1000000394,2026,33.0,Brazil,178.0,0.252703,2016.0,7.28,3.0,7.0,0.13,0.3125,3.0,0.14,4.6,0.2,0.1205357142857143,1.3,0.4,38.0,2.767857142857143,2.767857142857143,0.3125,1.0,1.9,0.5,2.1,0.7,0.5,0.7,0.1,4.1,,,,,,,0.6,3.0,
575381,Jordi,Novorizontino,581838,GK,GK,bra_b,Brasileirão Série B,8814,1000000394,2026,33.0,Brazil,192.0,0.378251,2010.0,6.91,,1.0,,0.04477611940298507,,,0.0,0.0,,,,12.0,0.04477611940298507,0.04477611940298507,,,,,1.1,0.0,,1.1,,7.9,,7.0,68.4,1.7,-0.004477611940298508,0.8,0.0,1.0,
450293,César,Criciúma,7729,CB,CB,bra_b,Brasileirão Série B,8814,1000000394,2026,33.0,Brazil,190.0,0.246872,2007.0,7.26,1.0,1.0,0.04,0.04484304932735426,2.2,0.1,0.3,0.02,0.06726457399103139,0.9,0.2,46.3,0.08968609865470852,0.08968609865470852,0.04484304932735426,5.0,5.8,0.1,11.7,1.0,1.8,8.2,0.8,4.1,,,,,,,0.9,3.0,
1079328,Vitor,CRB,104821,GK,GK,bra_b,Brasileirão Série B,8814,1000000394,2026,27.0,Brazil,190.0,0.305236,2006.0,7.19,,,,,,,0.0,0.0,,,,19.9,0.0448654037886341,0.0448654037886341,,,,,2.1,0.1,,2.0,,8.3,,7.0,73.9,3.7,0.1794616151545364,1.3,0.1,2.0,
641000,Waguininho,Criciúma,7729,ST,"ST,LW,RWB,RM",bra_b,Brasileirão Série B,8814,1000000394,2026,36.0,Brazil,178.0,0.385759,2005.0,6.7,4.0,1.0,0.18,0.04488778054862843,3.1,0.14,1.5,0.07,0.13915211970074812,1.8,0.5,14.2,0.7630922693266833,0.7630922693266833,0.13466334164588528,4.0,0.7,0.4,2.2,0.9,0.3,1.0,,2.4,,,,,,,2.1,5.0,
962448,Jean Lucas,Avaí,104822,W,"LW,CAM,ST",bra_b,Brasileirão Série B,8814,1000000394,2026,31.0,Brazil,174.0,0.292304,1978.0,6.98,3.0,5.0,0.14,0.2275025278058645,2.2,0.1,2.8,0.13,0.08645096056622852,2.1,0.5,27.9,2.0930232558139537,2.0930232558139537,0.2275025278058645,2.0,2.0,0.9,2.4,1.2,0.4,0.7,0.0,4.6,,,,,,,1.9,6.0,
1480127,Júlio César,Ceará,172341,FB,"RB,CB,CDM,RM,CM",bra_b,Brasileirão Série B,8814,1000000394,2026,23.0,Brazil,185.0,,1975.0,6.79,2.0,1.0,0.09,0.04556962025316456,0.8,0.04,0.7,0.03,0.031898734177215185,0.5,0.1,34.8,0.5468354430379747,0.5468354430379747,0.13670886075949368,,2.6,0.2,6.1,1.5,1.0,2.8,0.8,3.1,,,,,,,1.6,6.0,
1693772,Higor,Vila Nova,109706,FB,LB,bra_b,Brasileirão Série B,8814,1000000394,2026,21.0,Brazil,178.0,0.57366,1963.0,7.16,,2.0,,0.09169638308711156,0.5,0.02,1.1,0.05,0.009169638308711156,1.0,0.1,32.3,0.36678553234844624,0.36678553234844624,0.09169638308711156,,1.4,0.8,6.6,1.7,1.7,3.0,0.2,4.5,,,,,,,1.5,5.0,
267918,Romisson,São Bernardo,231931,AM,"CAM,CM,CDM,RW",bra_b,Brasileirão Série B,8814,1000000394,2026,30.0,Brazil,178.0,,1955.0,7.06,1.0,4.0,0.05,0.18414322250639387,2.4,0.11,2.9,0.13,0.06905370843989769,1.0,0.3,38.8,1.7493606138107416,1.7493606138107416,0.32225063938618925,1.0,2.7,0.6,2.9,0.9,0.4,1.2,0.3,3.8,,,,,,,0.3,1.0,
267710,Gustavo,América-MG,1757,GK,GK,bra_b,Brasileirão Série B,8814,1000000394,2026,33.0,Brazil,186.0,0.05,1951.0,6.45,,,,,,,0.0,0.0,,,,22.1,,,,,5.3,0.0,0.9,0.0,,0.8,,7.7,,,,,,,,5.0,
769815,Machado,Goiás,9862,DM,"CDM,CB,CM",bra_b,Brasileirão Série B,8814,1000000394,2026,30.0,Brazil,174.0,0.906022,1947.0,6.83,,,,,0.3,0.01,0.6,0.03,0.0,0.3,0.0,55.6,0.6933744221879815,0.6933744221879815,,,4.2,0.6,4.9,1.0,1.4,1.9,0.6,4.7,,,,,,,0.9,6.0,1.0
1359528,Zé Hugo,Botafogo SP,8355,W,RW,bra_b,Brasileirão Série B,8814,1000000394,2026,26.0,Brazil,178.0,,1940.0,6.81,2.0,3.0,0.09,0.13917525773195877,1.8,0.09,2.6,0.12,0.06958762886597938,1.8,0.6,12.2,0.8814432989690721,0.8814432989690721,0.3247422680412371,2.0,0.4,1.9,2.3,1.7,0.4,0.2,,4.5,,,,,,,1.3,1.0,
1734308,Gui Lobo,Criciúma,7729,CM,"CM,CDM",bra_b,Brasileirão Série B,8814,1000000394,2026,26.0,Brazil,171.0,0.423014,1931.0,7.02,,2.0,,0.09321595028482652,2.4,0.11,1.4,0.06,0.07457276022786122,1.3,0.1,45.4,1.071983428275505,1.071983428275505,0.04660797514241326,2.0,3.7,0.7,4.1,1.4,1.1,1.4,0.3,4.8,,,,,,,1.2,5.0,
1368360,Felipinho,Sport Recife,6305,FB,"LB,LWB,LM",bra_b,Brasileirão Série B,8814,1000000394,2026,29.0,Brazil,177.0,0.765161,1928.0,7.31,1.0,2.0,0.05,0.09336099585062241,2.4,0.11,2.6,0.12,0.042012448132780086,1.1,0.3,38.7,1.0736514522821576,1.0736514522821576,0.18672199170124482,3.0,2.8,0.9,5.9,1.1,0.8,3.6,0.3,3.8,,,,,,,1.3,5.0,
750064,Danielzinho,CRB,104821,AM,"CAM,CM",bra_b,Brasileirão Série B,8814,1000000394,2026,30.0,Brazil,173.0,0.642863,1927.0,7.04,3.0,4.0,0.14,0.1868188894654904,3.3,0.16,3.0,0.14,0.11209133367929423,1.9,0.6,39.8,2.1951219512195124,2.1951219512195124,0.233523611831863,3.0,1.9,0.6,1.7,0.7,0.3,0.6,0.0,3.2,,,,,,,0.5,8.0,
1206587,Doka,Operário-PR,197429,FB,RB,bra_b,Brasileirão Série B,8814,1000000394,2026,26.0,Brazil,,0.631866,1925.0,7.21,,5.0,,0.23376623376623376,0.8,0.04,3.3,0.15,0.014025974025974027,1.0,0.1,38.9,1.683116883116883,1.683116883116883,0.2805194805194805,,2.4,1.2,5.0,1.8,0.7,2.4,0.1,4.6,,,,,,,1.5,4.0,
1905640,Melk,Ceará,172341,W,"RW,CAM",bra_b,Brasileirão Série B,8814,1000000394,2026,20.0,Brazil,,,1922.0,7.12,8.0,5.0,0.37,0.23413111342351717,6.6,0.31,2.8,0.13,0.3792924037460978,3.1,1.2,18.3,1.3579604578563995,1.3579604578563995,0.2809573361082206,4.0,1.2,1.4,1.8,1.3,0.3,0.1,0.0,3.1,,,,,,,0.7,1.0,
1086537,Maílton,Fortaleza,8287,FB,"RB,RWB",bra_b,Brasileirão Série B,8814,1000000394,2026,28.0,Brazil,,1.570195,1905.0,7.38,7.0,1.0,0.33,0.047244094488188976,4.7,0.22,4.5,0.21,0.23622047244094488,2.3,0.8,31.4,2.3622047244094486,2.3622047244094486,0.4251968503937008,,1.8,1.4,4.7,1.2,1.0,2.4,0.1,4.0,,,,,,,1.1,4.0,1.0
1174317,Ewerthon,Atlético-GO,165545,FB,"RB,RW",bra_b,Brasileirão Série B,8814,1000000394,2026,25.0,Brazil,171.0,,1904.0,7.18,1.0,1.0,0.05,0.04726890756302521,1.5,0.07,2.6,0.12,0.06617647058823528,1.3,0.3,32.0,1.4653361344537814,1.4653361344537814,0.23634453781512604,1.0,2.1,0.4,5.8,2.0,1.1,2.5,0.2,4.5,,,,,,,0.6,1.0,
492254,Benevenuto,Sport Recife,6305,CB,CB,bra_b,Brasileirão Série B,8814,1000000394,2026,30.0,Brazil,180.0,0.491206,1899.0,7.13,1.0,,0.05,,1.0,0.05,1.1,0.05,0.037914691943127965,0.7,0.1,46.0,0.33175355450236965,0.33175355450236965,0.04739336492890995,3.0,2.1,0.2,9.3,1.5,1.2,5.8,0.9,2.7,,,,,,,0.5,3.0,
202408,Marcelo Carné,Cuiabá,197815,GK,GK,bra_b,Brasileirão Série B,8814,1000000394,2026,36.0,Brazil,188.0,0.258694,1896.0,6.93,,,,,,,0.0,0.0,,,,13.3,0.04746835443037975,0.04746835443037975,,,,,0.9,,,0.9,,7.7,,9.0,69.2,1.7,0.004746835443037975,0.8,,1.0,
1905651,João Gabriel,Ceará,172341,DM,"CDM,CM,CAM",bra_b,Brasileirão Série B,8814,1000000394,2026,20.0,Brazil,,,1893.0,6.83,2.0,1.0,0.1,0.04754358161648178,0.8,0.04,1.0,0.05,0.04754358161648178,0.8,0.2,27.0,0.9508716323296355,0.9508716323296355,0.09508716323296355,,1.5,0.6,3.5,1.6,0.8,0.7,0.4,4.1,,,,,,,2.1,4.0,
951066,Marrony,Atlético-GO,165545,AM,"CAM,LW,CM,ST",bra_b,Brasileirão Série B,8814,1000000394,2026,27.0,Brazil,181.0,0.352074,1890.0,7.35,4.0,2.0,0.19,0.09523809523809523,7.0,0.33,2.5,0.12,0.2857142857142857,2.6,0.8,19.7,1.380952380952381,1.380952380952381,0.38095238095238093,10.0,1.1,1.2,3.2,1.9,0.5,0.8,0.1,4.5,,,,,,,1.5,4.0,
640410,Rodrigo,Criciúma,7729,CB,CB,bra_b,Brasileirão Série B,8814,1000000394,2026,39.0,Brazil,187.0,0.274728,1890.0,7.2,,1.0,,0.047619047619047616,1.9,0.09,0.5,0.02,0.05714285714285714,0.8,0.1,38.8,0.5714285714285714,0.5714285714285714,0.047619047619047616,3.0,4.0,0.2,9.8,1.0,2.2,5.7,0.9,5.2,,,,,,,1.1,2.0,
658553,Airton,Criciúma,7729,GK,GK,bra_b,Brasileirão Série B,8814,1000000394,2026,32.0,Brazil,188.0,0.277875,1890.0,7.21,,,,,,,0.0,0.0,,,,16.4,,,,,,,1.3,,,1.3,,8.5,,8.0,73.5,2.9,0.22380952380952382,1.0,,1.0,
498728,João Ricardo,Fortaleza,8287,GK,GK,bra_b,Brasileirão Série B,8814,1000000394,2026,38.0,Brazil,185.0,0.37812,1890.0,7.35,,1.0,,0.047619047619047616,,,0.0,0.0,,,,17.6,0.047619047619047616,0.047619047619047616,,,,,1.0,,,1.0,,6.8,,9.0,81.6,3.4,0.2571428571428572,0.8,,1.0,
751235,Luiz Fernando,Fortaleza,8287,W,"LW,CAM,ST,LM",bra_b,Brasileirão Série B,8814,1000000394,2026,29.0,Brazil,178.0,1.247622,1886.0,6.91,2.0,2.0,0.1,0.09544008483563096,5.1,0.24,2.5,0.12,0.11930010604453871,2.5,0.8,17.4,1.47932131495228,1.47932131495228,0.09544008483563096,6.0,0.7,0.6,2.1,0.3,0.5,1.0,0.2,2.7,,,,,,,0.9,6.0,
631754,Lucas Cunha,Ponte Preta,8630,CB,CB,bra_b,Brasileirão Série B,8814,1000000394,2026,29.0,Brazil,186.0,0.622576,1884.0,6.2,,,,,0.4,0.02,0.1,0.01,0.028662420382165606,0.4,0.1,28.8,0.09554140127388536,0.09554140127388536,,1.0,3.7,,8.6,0.8,1.2,5.6,1.0,2.4,,,,,,,1.1,8.0,
941735,Miranda,Operário-PR,197429,CB,CB,bra_b,Brasileirão Série B,8814,1000000394,2026,26.0,Brazil,181.0,0.604723,1877.0,6.78,,,,,1.5,0.07,0.6,0.03,0.014384656366542355,0.2,0.0,45.8,0.2876931273308471,0.2876931273308471,,1.0,4.1,0.1,7.2,1.3,1.4,3.9,0.5,2.9,,,,,,,1.0,5.0,
1347940,Douglas,Avaí,104822,FB,"LB,LM",bra_b,Brasileirão Série B,8814,1000000394,2026,25.0,Brazil,,0.389563,1870.0,7.07,1.0,1.0,0.05,0.0481283422459893,1.7,0.08,1.4,0.07,0.057754010695187166,0.9,0.2,25.7,0.7700534759358288,0.7700534759358288,0.1925133689839572,2.0,2.1,1.0,9.2,2.9,1.9,4.1,0.3,4.2,,,,,,,1.9,12.0,
1755928,Maykon Jesus,Novorizontino,581838,FB,"LB,LW,LWB",bra_b,Brasileirão Série B,8814,1000000394,2026,20.0,Brazil,,,1863.0,6.95,,1.0,,0.04830917874396135,0.9,0.04,2.0,0.09,0.043478260869565216,1.0,0.4,23.9,1.0144927536231885,1.0144927536231885,0.1932367149758454,2.0,1.4,0.4,4.6,1.3,0.9,2.2,0.1,3.5,,,,,,,1.2,2.0,
675000,Luiz Felipe,Goiás,9862,CB,CB,bra_b,Brasileirão Série B,8814,1000000394,2026,33.0,Brazil,187.0,0.267977,1857.0,6.89,,1.0,,0.048465266558966075,1.0,0.05,0.2,0.01,0.03392568659127625,0.6,0.2,44.8,0.09693053311793215,0.09693053311793215,,1.0,3.3,0.0,10.2,1.1,1.1,7.0,1.1,3.7,,,,,,,1.1,6.0,1.0
1336899,Adriano Martins,Atlético-GO,165545,CB,CB,bra_b,Brasileirão Série B,8814,1000000394,2026,29.0,Brazil,192.0,0.376186,1852.0,7.16,1.0,,0.05,,0.5,0.02,1.0,0.05,0.04373650107991361,0.4,0.1,42.9,0.19438444924406048,0.19438444924406048,,1.0,2.6,0.1,9.4,0.7,1.7,5.9,1.1,4.6,,,,,,,0.6,2.0,
1051843,Gustavo Coutinho,Atlético-GO,165545,ST,ST,bra_b,Brasileirão Série B,8814,1000000394,2026,27.0,Brazil,187.0,1.191904,1847.0,7.02,13.0,,0.63,,11.0,0.54,0.8,0.04,0.6042230644288035,3.2,1.4,11.0,1.2181916621548456,1.2181916621548456,0.09745533297238766,13.0,0.6,0.2,1.5,0.5,0.2,0.7,0.1,2.2,,,,,,,1.7,5.0,1.0
1575238,Yago Lincoln,,298660,CB,,bra_b,Brasileirão Série B,8814,1000000394,2026,,,,,1845.0,6.9,1.0,,0.05,,1.7,0.08,0.1,0.01,0.05365853658536586,0.8,0.1,40.7,0.04878048780487805,0.04878048780487805,,4.0,2.6,0.1,11.4,1.8,1.5,7.4,0.7,4.3,,,,,,,1.1,5.0,
1376786,Dudu,Vila Nova,109706,DM,"CDM,CB",bra_b,Brasileirão Série B,8814,1000000394,2026,24.0,Brazil,184.0,,1830.0,6.91,3.0,,0.15,,1.6,0.08,1.0,0.05,0.09344262295081968,1.9,0.3,24.6,1.0327868852459017,1.0327868852459017,,,2.2,0.2,6.2,2.7,0.8,2.4,0.4,3.5,,,,,,,2.8,7.0,1.0
202104,Vinícius,Náutico,2369,W,"RW,ST,LW",bra_b,Brasileirão Série B,8814,1000000394,2026,33.0,Brazil,180.0,0.203597,1815.0,7.39,8.0,3.0,0.4,0.1487603305785124,5.2,0.26,3.6,0.18,0.30247933884297523,3.0,1.2,29.1,1.7851239669421488,1.7851239669421488,0.19834710743801653,3.0,2.0,0.8,2.3,1.1,0.2,0.9,0.0,2.5,,,,,,,0.9,1.0,
1174677,Gabriel,Londrina,298660,CB,CB,bra_b,Brasileirão Série B,8814,1000000394,2026,27.0,Brazil,187.0,0.154591,1809.0,6.87,1.0,,0.05,,0.6,0.03,0.4,0.02,0.029850746268656716,0.4,0.1,36.2,0.19900497512437812,0.19900497512437812,,1.0,4.0,,8.4,0.7,0.5,6.5,0.6,3.5,,,,,,,0.5,1.0,
360697,Lucas Lima,Goiás,9862,AM,"CAM,ST,RW,CM",bra_b,Brasileirão Série B,8814,1000000394,2026,36.0,Brazil,176.0,0.268255,1808.0,7.01,,4.0,,0.19911504424778761,1.4,0.07,3.7,0.19,0.059734513274336286,0.7,0.2,41.6,2.7378318584070795,2.7378318584070795,0.19911504424778761,1.0,3.2,0.7,2.6,1.9,0.2,0.3,0.1,4.5,,,,,,,1.2,4.0,
844505,Éder,Ceará,172341,CB,CB,bra_b,Brasileirão Série B,8814,1000000394,2026,31.0,Brazil,184.0,0.245853,1801.0,6.75,,,,,0.3,0.01,0.3,0.01,0.03498056635202665,0.5,0.1,42.6,0.14991671293725709,0.14991671293725709,,,2.6,0.2,6.8,0.7,0.5,4.8,0.7,2.2,,,,,,,1.6,7.0,
449666,Jemerson,São Bernardo,231931,CB,CB,bra_b,Brasileirão Série B,8814,1000000394,2026,34.0,Brazil,184.0,0.157422,1797.0,6.83,1.0,,0.05,,1.2,0.06,0.2,0.01,0.14524207011686144,0.5,0.3,50.8,0.1001669449081803,0.1001669449081803,0.05008347245409015,3.0,4.6,0.2,9.3,1.5,0.8,6.0,1.1,2.8,,,,,,,1.1,3.0,1.0
202227,Lucas Sasha,Fortaleza,8287,DM,"CDM,CM",bra_b,Brasileirão Série B,8814,1000000394,2026,36.0,Brazil,172.0,0.271492,1796.0,6.98,2.0,2.0,0.1,0.10022271714922049,2.5,0.13,1.1,0.05,0.08518930957683742,0.9,0.3,42.0,1.052338530066815,1.052338530066815,0.15033407572383073,3.0,1.6,0.5,5.1,2.3,1.4,1.2,0.3,4.2,,,,,,,1.7,2.0,
1280824,José Cuenú,Operário-PR,197429,CB,CB,bra_b,Brasileirão Série B,8814,1000000394,2026,31.0,Colombia,192.0,0.204916,1789.0,7.12,1.0,,0.05,,1.2,0.06,0.1,0.0,0.06539966461710453,0.4,0.2,33.8,0.3018446059250978,0.3018446059250978,,1.0,3.0,0.1,10.8,0.8,1.3,7.4,1.3,2.9,,,,,,,0.9,6.0,1.0
287902,Pablo,Operário-PR,197429,ST,ST,bra_b,Brasileirão Série B,8814,1000000394,2026,34.0,Brazil,187.0,0.411733,1787.0,6.93,5.0,3.0,0.25,0.1510912143256855,4.9,0.25,2.9,0.15,0.31225517627308336,2.4,0.9,19.9,1.5612758813654168,1.5612758813654168,0.1510912143256855,6.0,1.1,0.4,1.6,0.6,0.3,0.7,0.1,2.2,,,,,,,1.9,4.0,
930817,Moraes,Operário-PR,197429,FB,"LB,LW",bra_b,Brasileirão Série B,8814,1000000394,2026,28.0,Brazil,170.0,0.265414,1784.0,6.93,2.0,,0.1,,1.9,0.1,1.1,0.06,0.12612107623318386,1.4,0.5,26.6,0.655829596412556,0.655829596412556,0.05044843049327354,2.0,0.8,1.0,6.1,1.6,1.6,2.6,0.3,4.8,,,,,,,0.9,4.0,
1738398,Thayllon,,104822,W,,bra_b,Brasileirão Série B,8814,1000000394,2026,,,,,1782.0,6.97,3.0,3.0,0.15,0.15151515151515152,3.7,0.19,2.8,0.14,0.13131313131313133,1.7,0.4,16.8,1.8181818181818181,1.8181818181818181,0.15151515151515152,3.0,0.3,1.1,1.3,0.5,0.5,0.3,0.1,3.5,,,,,,,0.8,3.0,
673728,Lucas Lovat,CRB,104821,FB,"LB,LWB",bra_b,Brasileirão Série B,8814,1000000394,2026,29.0,Brazil,184.0,0.300403,1771.0,6.65,,2.0,,0.10163749294184077,0.5,0.02,2.1,0.11,0.020327498588368152,1.0,0.3,34.2,0.6098249576510446,0.6098249576510446,0.15245623941276115,,2.7,0.9,4.6,1.2,1.0,1.7,0.6,3.8,,,,,,,1.4,6.0,1.0
1238140,Léo,Novorizontino,581838,DM,CDM,bra_b,Brasileirão Série B,8814,1000000394,2026,25.0,Brazil,,0.986449,1765.0,6.77,1.0,1.0,0.05,0.05099150141643059,2.2,0.11,0.6,0.03,0.06118980169971672,1.3,0.3,22.9,0.6628895184135978,0.6628895184135978,,,1.1,0.1,5.0,1.7,1.1,1.7,0.5,3.6,,,,,,,1.6,2.0,
811221,Zé Ricardo,Avaí,104822,DM,"CDM,CM,RM",bra_b,Brasileirão Série B,8814,1000000394,2026,30.0,Brazil,177.0,0.307404,1751.0,6.66,,1.0,,0.05139920045688178,0.7,0.04,0.4,0.02,0.015419760137064534,0.6,0.1,39.3,0.41119360365505425,0.41119360365505425,0.05139920045688178,1.0,2.5,0.6,5.3,2.0,1.0,1.7,0.7,5.0,,,,,,,1.7,4.0,1.0
1292459,Cristiano,Atlético-GO,165545,DM,"CDM,CM",bra_b,Brasileirão Série B,8814,1000000394,2026,26.0,Brazil,175.0,,1712.0,6.77,,,,,0.6,0.03,1.3,0.07,0.04205607476635514,0.9,0.1,43.6,0.5782710280373832,0.5782710280373832,0.052570093457943924,,3.2,0.7,4.8,1.5,1.9,1.3,0.2,4.5,,,,,,,1.5,8.0,
942855,Willean Lepo,Criciúma,7729,W,"RM,RWB,RB,LWB,LM",bra_b,Brasileirão Série B,8814,1000000394,2026,29.0,Brazil,182.0,0.52957,1712.0,7.21,3.0,2.0,0.16,0.10514018691588785,1.8,0.09,2.8,0.15,0.11565420560747665,1.3,0.4,30.3,1.3668224299065421,1.3668224299065421,0.2628504672897196,2.0,0.8,1.5,5.6,1.8,1.0,2.6,0.2,5.3,,,,,,,1.2,3.0,1.0
1083351,Heron,Londrina,298660,FB,"LB,CB",bra_b,Brasileirão Série B,8814,1000000394,2026,26.0,Brazil,186.0,0.139225,1707.0,6.65,,2.0,,0.1054481546572935,1.2,0.06,1.1,0.06,0.0632688927943761,0.8,0.3,21.6,0.6854130052724078,0.6854130052724078,0.26362038664323373,2.0,1.0,0.6,7.1,1.7,0.9,4.0,0.5,2.7,,,,,,,1.3,2.0,
1233136,Biel,Sport Recife,6305,DM,"CDM,CAM,CM",bra_b,Brasileirão Série B,8814,1000000394,2026,24.0,Brazil,182.0,0.54289,1706.0,7.07,1.0,3.0,0.05,0.15826494724501758,2.4,0.13,2.3,0.12,0.20046893317702227,1.2,0.5,35.6,1.160609613130129,1.160609613130129,,5.0,1.8,0.4,6.5,2.7,1.8,1.6,0.3,3.5,,,,,,,1.7,3.0,
231683,Diogo Barbosa,Juventude,10274,W,"LM,LWB,LB",bra_b,Brasileirão Série B,8814,1000000394,2026,34.0,Brazil,179.0,0.243892,1688.0,6.99,,,,,1.5,0.08,2.2,0.12,0.01066350710900474,0.7,0.1,27.5,0.9063981042654028,0.9063981042654028,0.15995260663507108,2.0,0.9,1.1,4.7,2.0,0.9,1.7,0.1,3.9,,,,,,,0.7,3.0,
162662,Felipe Garcia,São Bernardo,231931,ST,ST,bra_b,Brasileirão Série B,8814,1000000394,2026,35.0,Brazil,185.0,0.06,1678.0,6.64,3.0,1.0,0.16,0.05363528009535161,3.6,0.19,1.4,0.07,0.16626936829559,0.8,0.3,12.6,1.3945172824791419,1.3945172824791419,0.16090584028605484,5.0,0.5,0.3,1.7,0.6,0.3,0.9,,1.6,,,,,,,1.8,5.0,
574664,Tiago Pagnussat,Vila Nova,109706,CB,CB,bra_b,Brasileirão Série B,8814,1000000394,2026,36.0,Brazil,191.0,0.266883,1656.0,7.03,,1.0,,0.05434782608695652,0.8,0.04,0.6,0.03,0.043478260869565216,0.4,0.1,45.1,0.43478260869565216,0.43478260869565216,0.05434782608695652,2.0,2.9,0.1,10.6,1.7,0.8,7.9,0.2,3.2,,,,,,,1.0,4.0,1.0
1248916,André Lima,Ponte Preta,8630,DM,"CDM,CM,CAM",bra_b,Brasileirão Série B,8814,1000000394,2026,26.0,Brazil,179.0,0.30133,1650.0,6.65,,,,,0.6,0.03,0.5,0.03,0.005454545454545455,0.8,0.1,33.5,0.43636363636363634,0.43636363636363634,,,2.7,0.4,4.7,1.7,1.3,1.5,0.2,5.9,,,,,,,1.5,7.0,
1469119,Diogo Batista,Athletic Club MG,1221604,FB,"RB,RWB",bra_b,Brasileirão Série B,8814,1000000394,2026,23.0,Brazil,,0.284853,1641.0,6.88,1.0,2.0,0.05,0.10968921389396709,0.6,0.03,0.9,0.05,0.016453382084095063,1.1,0.3,25.9,0.6581352833638026,0.6581352833638026,0.054844606946983544,,2.4,0.5,5.2,2.7,0.5,1.6,0.3,3.5,,,,,,,1.7,6.0,1.0
1691246,David Miguel,Cuiabá,197815,DM,"CDM,CM,CAM,RM,LW",bra_b,Brasileirão Série B,8814,1000000394,2026,19.0,Brazil,,1.105954,1640.0,6.52,,,,,1.4,0.08,0.4,0.02,0.054878048780487805,1.8,0.4,23.3,0.6585365853658537,0.6585365853658537,,1.0,1.7,0.3,3.5,1.5,0.5,1.0,0.4,5.3,,,,,,,2.7,9.0,
642764,Lucas Marques,Londrina,298660,DM,"CDM,CM,CAM",bra_b,Brasileirão Série B,8814,1000000394,2026,31.0,Brazil,176.0,,1638.0,6.83,2.0,2.0,0.11,0.10989010989010989,1.1,0.06,2.1,0.12,0.1043956043956044,1.5,0.5,33.0,1.5934065934065933,1.5934065934065933,0.32967032967032966,,2.7,0.2,4.6,1.8,1.2,1.3,0.3,4.6,,,,,,,1.0,4.0,1.0
1489198,Rafa Barcelos,América-MG,1757,CB,CB,bra_b,Brasileirão Série B,8814,1000000394,2026,22.0,Brazil,183.0,0.297659,1636.0,6.48,,,,,0.7,0.04,0.2,0.01,0.03300733496332518,0.7,0.1,55.1,0.2200488997555012,0.2200488997555012,,2.0,2.6,,7.4,1.0,0.8,4.4,1.2,3.0,,,,,,,1.3,6.0,
1107747,Juan Miritello,Fortaleza,8287,ST,ST,bra_b,Brasileirão Série B,8814,1000000394,2026,27.0,Argentina,183.0,1.557471,1629.0,6.6,5.0,1.0,0.28,0.055248618784530384,8.2,0.45,0.6,0.03,0.4198895027624309,2.4,1.2,11.7,1.160220994475138,1.160220994475138,0.055248618784530384,11.0,0.3,0.2,0.7,0.1,0.1,0.4,0.1,1.7,,,,,,,1.6,2.0,2.0
1605938,Max,Athletic Club MG,1221604,W,"RW,CAM,ST,LW",bra_b,Brasileirão Série B,8814,1000000394,2026,24.0,Brazil,184.0,0.326007,1624.0,6.8,2.0,4.0,0.11,0.22167487684729065,4.0,0.22,1.7,0.09,0.1330049261083744,1.7,0.3,8.4,0.8312807881773399,0.8312807881773399,0.2770935960591133,6.0,0.1,1.2,1.4,0.7,0.3,0.3,0.1,2.4,,,,,,,1.2,5.0,
623984,Hildeberto,Operário-PR,197429,W,"RW,LW,RM",bra_b,Brasileirão Série B,8814,1000000394,2026,30.0,Cabo Verde,177.0,0.245782,1615.0,6.77,4.0,2.0,0.22,0.11145510835913312,4.3,0.24,1.8,0.1,0.21176470588235294,1.2,0.7,21.6,1.4489164086687307,1.4489164086687307,0.33436532507739936,6.0,0.9,1.6,1.2,0.7,0.2,0.2,0.1,4.6,,,,,,,0.7,4.0,1.0
756082,Nicolas,Goiás,9862,FB,LB,bra_b,Brasileirão Série B,8814,1000000394,2026,29.0,Brazil,182.0,0.307404,1611.0,6.54,,,,,0.8,0.05,2.1,0.12,0.0111731843575419,0.8,0.2,35.3,1.1731843575418994,1.1731843575418994,0.055865921787709494,,1.3,0.4,4.0,1.3,0.7,1.8,0.2,3.0,,,,,,,1.8,6.0,1.0
974867,Marcos Paulo MP,Juventude,10274,AM,"CAM,LW,ST",bra_b,Brasileirão Série B,8814,1000000394,2026,25.0,Portugal,185.0,0.356954,1609.0,6.77,4.0,,0.22,,4.3,0.24,1.4,0.08,0.26289620882535736,1.7,1.0,20.1,1.062771908017402,1.062771908017402,0.05593536357986327,4.0,1.0,0.8,2.2,1.1,0.3,0.8,0.1,4.1,,,,,,,0.4,,
319973,Madson,Novorizontino,581838,FB,"RB,CB",bra_b,Brasileirão Série B,8814,1000000394,2026,34.0,Brazil,183.0,0.214981,1606.0,7.08,2.0,2.0,0.11,0.11207970112079702,1.6,0.09,2.0,0.11,0.10087173100871731,0.6,0.2,28.4,1.1207970112079702,1.1207970112079702,0.28019925280199254,3.0,1.3,0.1,5.7,0.7,1.6,3.1,0.3,2.2,,,,,,,0.7,3.0,
730760,Hygor,Botafogo SP,8355,ST,ST,bra_b,Brasileirão Série B,8814,1000000394,2026,34.0,Brazil,187.0,0.26542,1600.0,6.66,7.0,,0.39,,8.7,0.49,0.8,0.04,0.365625,2.8,0.9,6.2,0.50625,0.50625,,13.0,0.1,0.2,2.0,0.7,0.2,0.7,0.3,1.4,,,,,,,1.0,,
1277901,Marcelo Ajul,Sport Recife,6305,CB,"CB,RB",bra_b,Brasileirão Série B,8814,1000000394,2026,24.0,Brazil,187.0,,1595.0,7.16,1.0,,0.06,,1.3,0.07,0.3,0.01,0.01128526645768025,0.6,0.1,48.0,0.28213166144200624,0.28213166144200624,,1.0,2.0,0.7,10.6,1.6,1.2,6.5,1.2,3.9,,,,,,,0.8,1.0,1.0
1671532,Gabriel Feliciano,Operário-PR,197429,FB,LB,bra_b,Brasileirão Série B,8814,1000000394,2026,25.0,Brazil,,0.318615,1593.0,7.28,1.0,4.0,0.06,0.22598870056497175,0.8,0.05,2.2,0.12,0.04519774011299435,1.3,0.2,37.1,1.2994350282485876,1.2994350282485876,0.3389830508474576,,3.7,1.2,6.8,1.7,1.6,3.3,0.3,6.7,,,,,,,1.0,1.0,
955687,Lucas Ribeiro,Goiás,9862,CB,CB,bra_b,Brasileirão Série B,8814,1000000394,2026,27.0,Brazil,188.0,0.454163,1593.0,6.63,,,,,0.2,0.01,0.5,0.03,0.022598870056497175,0.4,0.1,55.3,0.2824858757062147,0.2824858757062147,,,5.4,0.5,5.1,0.7,0.5,3.3,0.6,3.6,,,,,,,1.2,6.0,
1727130,Kadu,Goiás,9862,ST,"ST,LW,RW",bra_b,Brasileirão Série B,8814,1000000394,2026,24.0,Brazil,,,1581.0,7.19,9.0,1.0,0.51,0.056925996204933584,5.3,0.3,0.4,0.02,0.4098671726755218,3.4,1.4,13.9,0.45540796963946867,0.45540796963946867,,3.0,0.5,0.9,3.8,1.8,0.9,1.0,0.2,3.5,,,,,,,2.0,3.0,
1474235,Paulo Vitor,Avaí,104822,DM,"CDM,CM",bra_b,Brasileirão Série B,8814,1000000394,2026,22.0,Brazil,,1.07687,1576.0,6.84,2.0,,0.11,,1.3,0.07,0.4,0.02,0.1199238578680203,0.8,0.3,35.3,0.45685279187817257,0.45685279187817257,,2.0,2.6,0.6,6.5,2.9,1.4,1.7,0.5,5.5,,,,,,,2.0,9.0,
1612209,Maurício Mucuri,Fortaleza,8287,FB,"LWB,LB,RB",bra_b,Brasileirão Série B,8814,1000000394,2026,25.0,Brazil,170.0,,1576.0,7.03,,2.0,,0.11421319796954314,0.9,0.05,1.2,0.07,,1.0,0.1,33.1,0.9708121827411168,0.9708121827411168,0.11421319796954314,1.0,1.3,1.2,6.0,2.1,1.2,2.6,0.1,5.3,,,,,,,1.5,4.0,
1172407,Gabriel Inocêncio,Botafogo SP,8355,FB,"RB,LB,RWB",bra_b,Brasileirão Série B,8814,1000000394,2026,32.0,Brazil,175.0,0.23238,1573.0,6.97,,,,,0.1,0.01,1.4,0.08,,0.3,,32.2,0.6865861411315957,0.6865861411315957,0.17164653528289892,,1.5,1.4,7.4,2.7,0.6,3.8,0.2,5.1,,,,,,,1.8,3.0,
1676871,Jean Carlos,Goiás,9862,W,"RW,ST,LW",bra_b,Brasileirão Série B,8814,1000000394,2026,21.0,Brazil,173.0,0.895742,1572.0,6.74,3.0,1.0,0.17,0.05725190839694656,2.6,0.15,1.6,0.09,0.11450381679389313,2.2,0.7,19.8,0.916030534351145,0.916030534351145,0.05725190839694656,2.0,0.5,1.5,2.8,1.5,0.4,0.9,,3.8,,,,,,,1.3,1.0,
749382,Messias,Juventude,10274,CB,CB,bra_b,Brasileirão Série B,8814,1000000394,2026,31.0,Brazil,190.0,0.545252,1571.0,6.91,1.0,,0.06,,1.0,0.06,0.3,0.02,0.06301718650541058,0.9,0.2,27.1,0.11457670273711013,0.11457670273711013,,,1.0,,8.6,0.6,0.9,6.3,0.7,2.5,,,,,,,1.2,3.0,
240371,Rómulo Otero,Criciúma,7729,W,"RW,CAM,LW",bra_b,Brasileirão Série B,8814,1000000394,2026,33.0,Venezuela,166.0,0.235964,1558.0,6.81,3.0,3.0,0.17,0.17329910141206675,3.4,0.2,3.7,0.21,0.1270860077021823,3.3,0.8,22.9,2.1951219512195124,2.1951219512195124,0.4621309370988447,1.0,1.4,1.0,1.1,0.9,0.1,0.1,0.1,3.3,,,,,,,1.3,3.0,
1409917,Felipe Amaral,América-MG,1757,DM,"CDM,CM,CAM",bra_b,Brasileirão Série B,8814,1000000394,2026,23.0,Brazil,174.0,0.802168,1557.0,6.5,1.0,1.0,0.06,0.057803468208092484,1.3,0.07,0.7,0.04,0.07514450867052024,1.4,0.3,31.1,0.8670520231213873,0.8670520231213873,0.057803468208092484,2.0,3.4,0.5,5.3,1.8,1.3,1.4,0.7,3.7,,,,,,,1.2,2.0,
1069986,Vitor Mendes,Cuiabá,197815,CB,CB,bra_b,Brasileirão Série B,8814,1000000394,2026,27.0,Brazil,186.0,0.260031,1554.0,7.11,2.0,,0.12,,0.8,0.04,0.2,0.01,0.09266409266409266,0.5,0.2,42.5,0.3474903474903475,0.3474903474903475,,1.0,3.1,0.1,9.0,1.3,1.2,6.0,0.6,2.9,,,,,,,1.3,3.0,
1284942,Thiaguinho,CRB,104821,W,RW,bra_b,Brasileirão Série B,8814,1000000394,2026,25.0,Brazil,180.0,0.835085,1548.0,7.34,2.0,3.0,0.12,0.1744186046511628,4.5,0.26,2.8,0.16,0.13953488372093023,3.5,0.7,29.1,2.383720930232558,2.383720930232558,0.11627906976744186,4.0,1.5,1.5,2.7,1.3,0.4,0.8,0.2,4.7,,,,,,,1.4,6.0,
750088,Lucas Mineiro,Juventude,10274,DM,"CDM,CM",bra_b,Brasileirão Série B,8814,1000000394,2026,30.0,Brazil,188.0,0.493228,1547.0,6.8,,,,,0.3,0.01,0.6,0.03,,0.4,,35.1,0.34906270200387846,0.34906270200387846,,,2.2,0.8,6.2,2.3,1.0,2.2,0.6,4.1,,,,,,,2.3,7.0,
846760,Lourenço,Goiás,9862,DM,"CDM,CAM,RW",bra_b,Brasileirão Série B,8814,1000000394,2026,29.0,Brazil,169.0,1.287993,1541.0,6.8,,,,,1.1,0.06,2.1,0.12,0.02336145360155743,2.0,0.5,46.4,1.5768981181051265,1.5768981181051265,0.058403634003893576,,3.4,0.4,3.7,1.3,0.6,1.5,0.3,4.4,,,,,,,1.3,3.0,
1653469,Betão,Náutico,2369,CB,CB,bra_b,Brasileirão Série B,8814,1000000394,2026,27.0,Brazil,,0.155889,1541.0,6.75,,1.0,,0.058403634003893576,0.3,0.02,0.3,0.02,,0.4,,39.5,0.2920181700194679,0.2920181700194679,,,3.8,0.1,8.5,1.1,1.3,5.4,0.6,3.7,,,,,,,1.2,2.0,1.0
1736987,Tito,Atlético-GO,165545,CB,CB,bra_b,Brasileirão Série B,8814,1000000394,2026,26.0,Brazil,184.0,,1541.0,6.88,,1.0,,0.058403634003893576,0.8,0.05,0.2,0.01,0.0,0.7,0.1,35.7,0.2336145360155743,0.2336145360155743,0.058403634003893576,1.0,2.9,0.2,10.0,1.2,1.1,7.0,0.8,3.3,,,,,,,1.8,2.0,
793924,Alisson Safira,Juventude,10274,ST,"ST,RW",bra_b,Brasileirão Série B,8814,1000000394,2026,31.0,Brazil,185.0,0.852181,1535.0,6.7,6.0,1.0,0.35,0.05863192182410423,6.0,0.35,1.3,0.08,0.3517915309446254,2.6,0.8,11.0,0.9381107491856677,0.9381107491856677,0.11726384364820847,6.0,0.5,0.5,2.2,0.9,0.2,0.9,0.2,2.5,,,,,,,3.9,3.0,
583764,Matheus Sales,Botafogo SP,8355,DM,CDM,bra_b,Brasileirão Série B,8814,1000000394,2026,31.0,Brazil,178.0,0.275084,1532.0,6.56,,,,,0.2,0.01,0.2,0.01,,0.3,,24.4,0.2349869451697128,0.2349869451697128,,,1.4,0.1,5.1,1.9,0.8,1.9,0.6,2.8,,,,,,,1.8,7.0,
428671,Bressan,CRB,104821,CB,CB,bra_b,Brasileirão Série B,8814,1000000394,2026,33.0,Brazil,185.0,0.325802,1526.0,6.94,2.0,,0.12,,1.3,0.08,0.9,0.05,0.08846657929226737,0.6,0.2,53.0,0.35386631716906947,0.35386631716906947,,2.0,5.4,,8.5,1.1,1.2,5.7,0.5,2.9,,,,,,,1.4,6.0,
1274485,Derek,Náutico,2369,ST,"ST,RW,LW",bra_b,Brasileirão Série B,8814,1000000394,2026,28.0,Brazil,185.0,0.178923,1501.0,6.91,3.0,1.0,0.18,0.05996002664890073,5.3,0.32,1.5,0.09,0.1798800799467022,3.4,0.7,13.6,1.558960692871419,1.558960692871419,0.05996002664890073,11.0,0.5,1.5,2.8,1.3,0.4,1.0,0.1,3.2,,,,,,,1.3,5.0,
1069976,Zé Gabriel,Sport Recife,6305,DM,"CDM,CM",bra_b,Brasileirão Série B,8814,1000000394,2026,27.0,Brazil,185.0,0.266816,1501.0,6.72,,,,,0.4,0.03,0.2,0.01,0.07195203197868089,0.2,0.1,45.4,0.41972018654230514,0.41972018654230514,,,2.3,0.4,6.0,1.6,1.0,2.8,0.7,3.8,,,,,,,1.7,2.0,
1358147,Kelvin,Botafogo SP,8355,W,"LW,CAM",bra_b,Brasileirão Série B,8814,1000000394,2026,29.0,Brazil,174.0,0.27103,1499.0,6.58,,3.0,,0.1801200800533689,1.6,0.1,2.6,0.16,0.04803202134756504,1.6,0.4,22.1,1.3208805870580387,1.3208805870580387,0.24016010673782523,2.0,1.0,1.1,2.5,1.2,0.5,0.7,0.2,2.7,,,,,,,0.4,2.0,
1130870,Fábio Alemão,CRB,104821,CB,CB,bra_b,Brasileirão Série B,8814,1000000394,2026,29.0,Brazil,184.0,0.244267,1481.0,6.79,,,,,0.3,0.02,0.5,0.03,0.006076975016880486,0.2,0.2,52.0,0.3038487508440243,0.3038487508440243,0.06076975016880486,1.0,4.2,0.2,8.9,1.6,1.0,4.8,1.6,4.2,,,,,,,1.0,5.0,
1355637,Rodriguinho,Fortaleza,8287,AM,"CAM,CM,RWB,LW",bra_b,Brasileirão Série B,8814,1000000394,2026,23.0,Brazil,171.0,1.096617,1480.0,6.9,,,,,1.1,0.07,1.7,0.1,0.05472972972972973,1.4,0.2,37.8,1.7635135135135136,1.7635135135135136,0.18243243243243243,,2.0,0.6,4.3,2.1,0.6,1.4,0.2,5.3,,,,,,,2.0,6.0,1.0
1461831,Gabriel Bahia,Novorizontino,581838,CB,CB,bra_b,Brasileirão Série B,8814,1000000394,2026,27.0,Brazil,,0.237817,1480.0,7.29,,,,,1.9,0.12,0.4,0.02,0.018243243243243244,0.9,0.1,50.3,0.36486486486486486,0.36486486486486486,0.060810810810810814,4.0,3.9,0.3,8.0,1.2,1.2,4.6,1.0,4.7,,,,,,,0.6,2.0,
977669,Pepê,Cuiabá,197815,DM,"CDM,CM,RW,CAM,RM",bra_b,Brasileirão Série B,8814,1000000394,2026,28.0,Brazil,177.0,0.865918,1479.0,6.94,1.0,3.0,0.06,0.18255578093306288,0.6,0.04,1.9,0.11,0.05476673427991886,0.8,0.2,31.3,1.8255578093306288,1.8255578093306288,0.18255578093306288,,1.8,0.6,2.9,1.6,0.5,0.5,0.2,4.3,,,,,,,2.3,5.0,
1256627,Vitinho,Fortaleza,8287,W,"RW,CAM,RM",bra_b,Brasileirão Série B,8814,1000000394,2026,25.0,Brazil,169.0,2.028473,1470.0,6.86,6.0,,0.37,,2.5,0.15,1.6,0.1,0.24489795918367346,2.3,1.2,24.9,1.346938775510204,1.346938775510204,0.30612244897959184,1.0,1.0,0.7,1.4,0.9,0.2,0.3,,3.2,,,,,,,1.7,3.0,
1225468,Hereda,CRB,104821,FB,RB,bra_b,Brasileirão Série B,8814,1000000394,2026,28.0,Brazil,178.0,0.388335,1469.0,7.05,1.0,4.0,0.06,0.2450646698434309,0.3,0.02,2.7,0.17,0.02450646698434309,0.7,0.2,37.2,1.7767188563648741,1.7767188563648741,0.2450646698434309,,0.6,1.5,5.0,2.2,0.7,2.0,0.1,5.1,,,,,,,2.5,3.0,1.0
813810,Daniel Penha,Avaí,104822,AM,"CAM,ST,RW",bra_b,Brasileirão Série B,8814,1000000394,2026,27.0,Brazil,170.0,0.299543,1458.0,7.08,5.0,1.0,0.31,0.06172839506172839,3.3,0.2,2.2,0.14,0.3024691358024692,2.6,0.9,27.8,1.8518518518518519,1.8518518518518519,0.37037037037037035,1.0,2.1,1.1,2.5,1.6,0.6,0.2,0.1,3.4,,,,,,,1.2,2.0,1.0
666956,Rodrigo Soares,Goiás,9862,FB,RB,bra_b,Brasileirão Série B,8814,1000000394,2026,33.0,Brazil,176.0,0.428365,1454.0,6.55,,1.0,,0.061898211829436035,0.6,0.04,1.5,0.09,0.012379642365887207,0.9,0.1,41.0,0.9284731774415406,0.9284731774415406,0.061898211829436035,1.0,2.8,0.7,3.8,1.0,0.3,2.0,0.5,3.5,,,,,,,1.0,2.0,1.0
844564,Bryan,Ceará,172341,FB,"RB,LW,CAM,LB,CDM,RM",bra_b,Brasileirão Série B,8814,1000000394,2026,30.0,Brazil,176.0,0.327317,1449.0,7.0,1.0,,0.06,,1.8,0.11,1.3,0.08,0.08074534161490683,1.9,0.4,28.6,1.0559006211180124,1.0559006211180124,,1.0,1.4,1.0,4.8,2.2,0.7,1.7,0.1,4.8,,,,,,,1.8,8.0,
535693,Tadeu,Goiás,9862,GK,GK,bra_b,Brasileirão Série B,8814,1000000394,2026,34.0,Brazil,185.0,0.80707,1440.0,7.05,2.0,,0.13,,2.4,0.15,0.0,0.0,0.15,0.2,0.2,23.4,,,,1.0,,,0.9,,,0.9,,7.6,,2.0,72.3,3.8,0.19375,1.4,,,
1460502,Luisão,Goiás,9862,CB,"CB,RB",bra_b,Brasileirão Série B,8814,1000000394,2026,23.0,Brazil,192.0,0.605255,1430.0,6.77,,,,,0.2,0.01,1.0,0.07,,0.2,,53.1,0.6293706293706294,0.6293706293706294,0.06293706293706294,,2.1,0.4,6.8,1.1,0.6,4.7,0.4,4.2,,,,,,,1.5,5.0,
656372,André Luis,Vila Nova,109706,ST,"ST,RW,LW",bra_b,Brasileirão Série B,8814,1000000394,2026,29.0,Brazil,179.0,0.396131,1429.0,7.04,8.0,2.0,0.5,0.12596221133659902,4.1,0.26,0.8,0.05,0.4282715185444367,2.0,0.8,11.8,0.6927921623512946,0.6927921623512946,0.18894331700489853,2.0,0.3,0.4,2.1,1.3,0.3,0.4,0.1,2.2,,,,,,,0.9,5.0,
1358662,Fábio Lima,Juventude,10274,AM,"CAM,RW,ST",bra_b,Brasileirão Série B,8814,1000000394,2026,29.0,Brazil,176.0,0.219689,1427.0,6.7,2.0,1.0,0.13,0.06306937631394534,3.3,0.21,2.9,0.18,0.18920812894183603,2.3,0.8,14.9,1.829011913104415,1.829011913104415,0.18920812894183603,6.0,0.6,0.6,1.9,0.6,0.3,0.9,0.1,3.6,,,,,,,0.9,2.0,
535900,Zeca,Athletic Club MG,1221604,FB,"LB,RB,CB,RM",bra_b,Brasileirão Série B,8814,1000000394,2026,32.0,Brazil,170.0,0.306421,1418.0,6.89,,2.0,,0.12693935119887165,1.0,0.06,1.5,0.1,0.076163610719323,0.6,0.2,35.8,1.1424541607898449,1.1424541607898449,0.12693935119887165,1.0,3.4,0.4,5.0,1.8,0.2,2.3,0.8,4.0,,,,,,,1.2,4.0,
670799,Marlon,,197815,FB,,bra_b,Brasileirão Série B,8814,1000000394,2026,,,,,1409.0,6.92,1.0,,0.06,,0.3,0.02,1.5,0.09,0.0766501064584812,0.6,0.3,35.3,1.085876508161817,1.085876508161817,0.127750177430802,,1.7,0.4,5.4,1.5,1.4,2.3,0.3,3.6,,,,,,,0.8,2.0,1.0
498624,Danilo,Ponte Preta,8630,CM,"CM,CB,LB,CDM,RW,LW",bra_b,Brasileirão Série B,8814,1000000394,2026,35.0,Brazil,179.0,0.149299,1404.0,6.33,1.0,,0.06,,0.8,0.05,1.2,0.07,0.044871794871794865,1.2,0.4,23.0,1.0897435897435896,1.0897435897435896,0.19230769230769232,1.0,2.6,0.3,4.6,1.0,1.0,2.3,0.3,3.1,,,,,,,2.8,6.0,
905495,Ericson,Botafogo SP,8355,CB,CB,bra_b,Brasileirão Série B,8814,1000000394,2026,27.0,Brazil,184.0,,1403.0,6.72,,,,,0.2,0.01,0.2,0.02,,0.2,,40.3,0.12829650748396293,0.12829650748396293,,,5.0,0.3,7.1,0.9,0.3,5.0,0.8,3.0,,,,,,,1.4,2.0,
543787,Aylon,Operário-PR,197429,W,"LW,RW,LM",bra_b,Brasileirão Série B,8814,1000000394,2026,34.0,Brazil,180.0,0.312783,1401.0,6.71,2.0,2.0,0.13,0.1284796573875803,2.7,0.17,0.9,0.06,0.1284796573875803,1.4,0.4,20.4,1.0920770877944326,1.0920770877944326,0.1284796573875803,2.0,0.6,0.5,3.4,1.8,0.4,1.0,0.1,4.1,,,,,,,2.0,5.0,
1444321,Railan,Cuiabá,197815,FB,"RWB,RB,RM",bra_b,Brasileirão Série B,8814,1000000394,2026,26.0,Brazil,,0.384479,1399.0,7.01,,,,,1.8,0.11,0.4,0.03,0.032165832737669764,1.5,0.3,23.3,0.8363116511794139,0.8363116511794139,0.06433166547533953,2.0,1.5,1.3,6.0,1.9,1.7,2.3,0.1,4.7,,,,,,,1.5,2.0,
1121567,Bruno Santos,,298660,ST,,bra_b,Brasileirão Série B,8814,1000000394,2026,,,,,1395.0,7.46,11.0,3.0,0.71,0.1935483870967742,8.9,0.57,0.8,0.05,0.6258064516129032,2.6,1.2,12.6,0.9032258064516129,0.9032258064516129,0.25806451612903225,5.0,0.6,0.8,2.3,0.7,0.1,1.4,0.2,3.7,,,,,,,1.0,1.0,
288782,William Pottker,Londrina,298660,ST,"ST,RW",bra_b,Brasileirão Série B,8814,1000000394,2026,32.0,Brazil,180.0,0.125954,1382.0,6.67,2.0,,0.13,,6.0,0.39,1.8,0.12,0.22793053545586106,2.2,0.9,17.5,0.8465991316931982,0.8465991316931982,0.13024602026049203,8.0,1.0,1.4,2.1,0.7,0.2,1.0,0.2,2.7,,,,,,,1.9,4.0,
540105,Reginaldo,Náutico,2369,FB,"RB,LB,RW",bra_b,Brasileirão Série B,8814,1000000394,2026,33.0,Brazil,174.0,,1380.0,6.7,1.0,1.0,0.07,0.06521739130434782,0.5,0.04,1.5,0.1,0.03260869565217391,0.3,0.2,33.0,1.173913043478261,1.173913043478261,0.06521739130434782,1.0,1.4,,4.7,1.4,0.8,2.2,0.3,4.1,,,,,,,0.5,2.0,
267678,Hélder,São Bernardo,231931,CB,CB,bra_b,Brasileirão Série B,8814,1000000394,2026,36.0,Brazil,188.0,0.085226,1371.0,6.98,1.0,1.0,0.07,0.06564551422319474,0.6,0.04,0.4,0.02,0.03938730853391685,0.3,0.1,47.6,0.3938730853391685,0.3938730853391685,0.13129102844638948,1.0,2.2,0.1,9.1,1.2,1.2,6.2,0.4,3.9,,,,,,,1.1,7.0,
1346859,Ryan Lima,Vila Nova,109706,W,RW,bra_b,Brasileirão Série B,8814,1000000394,2026,25.0,Brazil,171.0,,1360.0,6.82,4.0,3.0,0.26,0.19852941176470587,2.0,0.13,2.4,0.16,0.28455882352941175,3.1,0.9,18.7,1.125,1.125,0.33088235294117646,,1.1,0.6,1.7,1.0,0.2,0.5,,4.0,,,,,,,1.2,3.0,
1436321,Dodô,,2369,AM,,bra_b,Brasileirão Série B,8814,1000000394,2026,,,,,1358.0,7.42,5.0,2.0,0.33,0.1325478645066274,4.9,0.32,4.7,0.31,0.4108983799705449,3.0,1.2,25.8,3.1811487481590572,3.1811487481590572,0.2650957290132548,2.0,1.3,1.5,0.8,0.3,0.2,0.1,0.1,3.3,,,,,,,0.9,1.0,
98563,Willian,América-MG,1757,ST,"ST,LW,CAM",bra_b,Brasileirão Série B,8814,1000000394,2026,39.0,Brazil,171.0,0.338354,1357.0,6.55,4.0,2.0,0.27,0.13264554163596168,5.7,0.38,2.6,0.17,0.25865880619012527,3.2,0.9,21.2,1.5254237288135593,1.5254237288135593,0.39793662490788506,5.0,1.3,0.5,1.5,0.7,0.3,0.3,0.2,2.1,,,,,,,1.5,2.0,
1109137,Matías Segovia,América-MG,1757,W,"RW,RM,CAM,CM",bra_b,Brasileirão Série B,8814,1000000394,2026,23.0,Paraguay,167.0,0.416338,1356.0,6.97,3.0,3.0,0.2,0.19911504424778761,3.2,0.21,4.4,0.29,0.26548672566371684,2.2,0.9,35.2,2.52212389380531,2.52212389380531,0.33185840707964603,2.0,2.7,1.1,2.6,1.5,0.5,0.6,,4.2,,,,,,,0.9,3.0,
1209901,Rodrigo Rodrigues,Cuiabá,197815,W,"LW,ST,CAM,LM",bra_b,Brasileirão Série B,8814,1000000394,2026,26.0,Brazil,178.0,0.431062,1353.0,6.38,,3.0,,0.19955654101995565,3.4,0.23,0.9,0.06,0.2793791574279379,3.1,1.1,13.8,0.9312638580931264,0.9312638580931264,0.2660753880266075,3.0,0.6,1.1,1.5,0.7,0.3,0.4,0.1,3.5,,,,,,,1.8,1.0,
319972,Bruno,Avaí,104822,GK,GK,bra_b,Brasileirão Série B,8814,1000000394,2026,32.0,Brazil,197.0,0.265746,1350.0,6.46,,,,,,,0.0,0.0,,,,14.1,0.06666666666666667,0.06666666666666667,,,,,0.5,,,0.5,,7.8,,1.0,65.2,2.9,-0.1,1.5,,2.0,
268249,Thiago Rodrigues,Goiás,9862,GK,GK,bra_b,Brasileirão Série B,8814,1000000394,2026,37.0,Brazil,190.0,0.198497,1350.0,6.87,,,,,,,0.0,0.0,,,,20.0,0.06666666666666667,0.06666666666666667,,,,,1.1,,,1.1,,9.1,,5.0,69.2,2.4,0.04666666666666666,1.1,0.1,1.0,
1116650,Matheus Bianqui,Novorizontino,581838,DM,"CDM,CM,RW",bra_b,Brasileirão Série B,8814,1000000394,2026,28.0,Brazil,187.0,0.341445,1346.0,6.84,5.0,,0.33,,5.2,0.35,0.7,0.04,0.34101040118870724,3.0,0.7,26.8,0.7355126300148589,0.7355126300148589,0.20059435364041606,5.0,1.9,0.3,5.2,1.9,1.5,1.3,0.5,3.5,,,,,,,1.5,3.0,1.0
265703,Élvis,Ponte Preta,8630,AM,"CAM,ST",bra_b,Brasileirão Série B,8814,1000000394,2026,36.0,Brazil,175.0,0.149299,1345.0,6.83,2.0,3.0,0.13,0.20074349442379183,1.9,0.12,4.2,0.28,0.16728624535315986,2.0,0.9,30.4,2.007434944237918,2.007434944237918,0.6691449814126395,,4.1,0.4,0.9,0.3,0.2,0.3,0.1,3.1,,,,,,,1.5,4.0,
1180676,André Luiz,,298660,DM,,bra_b,Brasileirão Série B,8814,1000000394,2026,,,,,1342.0,7.23,2.0,,0.13,,0.7,0.04,0.3,0.02,0.03353204172876304,0.7,0.3,32.3,0.8047690014903129,0.8047690014903129,,1.0,2.7,0.6,7.4,1.6,1.4,3.6,0.7,4.1,,,,,,,1.4,2.0,
1077350,Wallison,Avaí,104822,FB,RB,bra_b,Brasileirão Série B,8814,1000000394,2026,25.0,Brazil,,0.307744,1336.0,6.95,1.0,1.0,0.07,0.06736526946107785,0.7,0.05,0.8,0.06,0.06736526946107785,1.3,0.3,33.3,0.6736526946107785,0.6736526946107785,0.1347305389221557,,2.2,1.0,6.4,2.0,1.5,2.6,0.3,5.5,,,,,,,2.6,6.0,
1640062,Kauan Cristtyan,Cuiabá,197815,AM,"CAM,RWB",bra_b,Brasileirão Série B,8814,1000000394,2026,20.0,Brazil,178.0,,1333.0,6.56,5.0,3.0,0.34,0.20255063765941486,3.7,0.25,1.6,0.1,0.27681920480120026,1.8,0.7,12.7,0.8777194298574643,0.8777194298574643,0.33758439609902474,1.0,0.3,0.9,2.4,1.1,0.5,0.7,0.2,3.2,,,,,,,1.8,1.0,
646349,Ramon,Goiás,9862,CB,CB,bra_b,Brasileirão Série B,8814,1000000394,2026,31.0,Brazil,186.0,0.246872,1328.0,6.7,,,,,0.7,0.04,0.5,0.03,0.01355421686746988,0.6,0.2,53.1,0.1355421686746988,0.1355421686746988,,1.0,3.3,0.1,7.3,0.7,1.2,4.6,0.7,2.4,,,,,,,1.1,1.0,1.0
1459547,Ian Luccas,,1221604,DM,,bra_b,Brasileirão Série B,8814,1000000394,2026,,,,,1321.0,6.82,4.0,2.0,0.27,0.13626040878122633,4.1,0.28,1.1,0.07,0.25889477668433003,2.3,0.7,17.0,1.158213474640424,1.158213474640424,0.13626040878122633,6.0,1.2,0.4,4.1,1.5,0.5,1.8,0.3,3.7,,,,,,,1.7,4.0,2.0
1623466,Rodrigo,Fortaleza,8287,DM,"CDM,CM,CAM",bra_b,Brasileirão Série B,8814,1000000394,2026,26.0,Brazil,178.0,0.552667,1318.0,6.73,1.0,,0.07,,1.4,0.1,0.6,0.04,0.07511380880121397,1.6,0.3,40.3,0.9559939301972686,0.9559939301972686,,2.0,2.2,0.8,5.9,2.0,1.3,2.1,0.5,4.8,,,,,,,2.5,3.0,
670806,Sánchez,Ceará,172341,FB,"LB,LM,LWB",bra_b,Brasileirão Série B,8814,1000000394,2026,31.0,Brazil,178.0,0.210138,1308.0,6.78,1.0,,0.07,,1.8,0.12,1.2,0.08,0.06880733944954129,1.0,0.1,24.3,0.8256880733944955,0.8256880733944955,0.13761467889908258,2.0,1.2,0.8,6.1,1.7,1.1,3.0,0.3,3.9,,,,,,,1.4,3.0,1.0
1741569,Jota,Athletic Club MG,1221604,CM,"CM,CDM,CAM",bra_b,Brasileirão Série B,8814,1000000394,2026,22.0,Brazil,180.0,0.396252,1305.0,6.8,1.0,3.0,0.07,0.20689655172413793,0.8,0.05,1.6,0.11,0.04827586206896551,1.0,0.2,31.7,1.2413793103448276,1.2413793103448276,0.27586206896551724,1.0,1.4,0.8,4.7,2.8,0.7,0.9,0.3,5.2,,,,,,,2.9,5.0,1.0
1041081,Gabriel,Juventude,10274,CB,CB,bra_b,Brasileirão Série B,8814,1000000394,2026,29.0,Brazil,187.0,0.202276,1296.0,7.03,1.0,,0.07,,0.1,0.01,0.4,0.03,0.027777777777777776,0.2,0.1,35.8,0.3472222222222222,0.3472222222222222,,,4.8,0.2,9.7,1.6,1.3,6.0,0.8,3.6,,,,,,,1.5,5.0,
1737574,Enzo,Athletic Club MG,1221604,FB,"LB,LM,LWB",bra_b,Brasileirão Série B,8814,1000000394,2026,24.0,Brazil,,,1296.0,6.86,1.0,,0.07,,1.5,0.1,1.4,0.1,0.0763888888888889,0.9,0.1,24.2,1.1805555555555556,1.1805555555555556,,1.0,1.5,0.7,5.1,1.7,0.8,2.2,0.3,3.5,,,,,,,1.2,1.0,
1720732,Kauê Leonardo,Londrina,298660,FB,RB,bra_b,Brasileirão Série B,8814,1000000394,2026,21.0,Brazil,,,1295.0,6.63,,1.0,,0.0694980694980695,0.1,0.01,0.6,0.04,0.0,0.3,0.1,24.5,0.416988416988417,0.416988416988417,0.0694980694980695,,0.8,0.5,5.1,2.0,0.6,2.5,0.1,3.7,,,,,,,1.7,4.0,
522750,Dalbert,,1757,FB,,bra_b,Brasileirão Série B,8814,1000000394,2026,,,,,1287.0,6.72,,1.0,,0.06993006993006994,0.2,0.01,1.0,0.07,,0.4,,31.9,0.6993006993006993,0.6993006993006993,0.13986013986013987,,2.3,0.3,6.4,1.5,1.3,3.4,0.2,3.4,,,,,,,1.8,2.0,
1074833,Vinícius Paiva,Novorizontino,581838,W,"LW,RW",bra_b,Brasileirão Série B,8814,1000000394,2026,25.0,Brazil,170.0,0.305377,1281.0,6.76,1.0,1.0,0.07,0.0702576112412178,1.7,0.12,1.3,0.09,0.18266978922716628,1.5,0.6,15.2,1.1943793911007026,1.1943793911007026,0.2810304449648712,2.0,0.5,2.3,1.5,0.9,0.4,0.2,0.1,3.3,,,,,,,0.8,,
1320961,Pierre,Fortaleza,8287,DM,"CDM,CM",bra_b,Brasileirão Série B,8814,1000000394,2026,24.0,Brazil,183.0,1.292216,1280.0,6.96,,1.0,,0.0703125,0.3,0.02,1.0,0.07,0.00703125,0.3,0.1,51.2,0.9140625,0.9140625,0.0703125,,2.3,0.1,4.9,2.6,0.8,1.3,0.1,4.5,,,,,,,2.2,8.0,1.0
957550,Pedro Vitor,São Bernardo,231931,W,"RW,ST",bra_b,Brasileirão Série B,8814,1000000394,2026,28.0,Brazil,177.0,0.176965,1279.0,7.05,4.0,3.0,0.28,0.2111024237685692,3.5,0.24,1.6,0.11,0.2251759186864738,3.2,1.2,19.6,1.2666145426114153,1.2666145426114153,0.2814698983580923,5.0,1.2,1.0,4.8,2.8,0.7,1.0,0.3,4.1,,,,,,,2.0,4.0,
1653493,Luan Gonçalves,Juventude,10274,CM,"CM,CDM,CB",bra_b,Brasileirão Série B,8814,1000000394,2026,26.0,Brazil,188.0,,1270.0,6.58,,2.0,,0.14173228346456693,1.2,0.08,1.3,0.09,0.04960629921259842,1.0,0.2,33.2,0.7795275590551181,0.7795275590551181,0.14173228346456693,1.0,3.3,0.5,4.0,1.8,0.4,1.3,0.6,4.7,,,,,,,2.6,5.0,
1748316,Vitinho,Londrina,298660,W,"RW,ST",bra_b,Brasileirão Série B,8814,1000000394,2026,23.0,Brazil,,,1270.0,6.93,1.0,4.0,0.07,0.28346456692913385,1.3,0.09,2.3,0.16,0.09921259842519684,1.3,0.4,18.7,1.7007874015748032,1.7007874015748032,0.2125984251968504,2.0,0.8,1.2,3.8,2.6,0.6,0.6,0.1,3.9,,,,,,,0.6,2.0,
1967834,Reidiney,Novorizontino,581838,W,RW,bra_b,Brasileirão Série B,8814,1000000394,2026,19.0,Brazil,,,1270.0,7.29,1.0,3.0,0.07,0.2125984251968504,0.9,0.07,2.2,0.16,0.08503937007874016,1.4,0.5,19.8,1.3464566929133859,1.3464566929133859,0.2125984251968504,,1.1,1.4,6.3,2.6,1.3,2.1,0.2,4.9,,,,,,,2.0,2.0,
281240,Gonzalo Mastriani,América-MG,1757,ST,"ST,LW",bra_b,Brasileirão Série B,8814,1000000394,2026,33.0,Uruguay,180.0,0.689662,1268.0,6.57,4.0,1.0,0.28,0.07097791798107256,4.5,0.32,1.0,0.07,0.333596214511041,2.3,1.1,9.4,0.5678233438485805,0.5678233438485805,0.07097791798107256,3.0,0.2,0.2,2.0,0.6,0.3,1.0,0.1,1.1,,,,,,,0.7,1.0,
320072,Diogo Silva,,8630,GK,,bra_b,Brasileirão Série B,8814,1000000394,2026,,,,,1260.0,,,,,,,,0.1,,,,,,0.07142857142857142,0.07142857142857142,,,,,,,,,,,,2.0,,,,,,,
1174645,Paulo Victor,América-MG,1757,ST,"ST,RW",bra_b,Brasileirão Série B,8814,1000000394,2026,25.0,Brazil,180.0,0.292841,1244.0,6.78,2.0,2.0,0.14,0.14469453376205788,5.1,0.37,0.6,0.04,0.2170418006430868,2.5,1.1,10.6,1.5192926045016077,1.5192926045016077,0.2170418006430868,13.0,0.2,0.4,4.3,1.5,1.2,1.3,0.3,3.1,,,,,,,2.7,5.0,
884063,Eduardo,Criciúma,7729,CM,"CM,CDM",bra_b,Brasileirão Série B,8814,1000000394,2026,29.0,Brazil,178.0,0.209,1240.0,6.68,,,,,0.1,0.01,0.3,0.02,0.014516129032258065,0.2,0.1,35.3,0.7258064516129032,0.7258064516129032,0.07258064516129033,,1.5,0.3,4.2,2.3,0.9,1.0,0.1,6.0,,,,,,,2.8,6.0,
1198559,Djalma,Goiás,9862,FB,LB,bra_b,Brasileirão Série B,8814,1000000394,2026,32.0,Brazil,180.0,0.216201,1234.0,6.75,2.0,1.0,0.15,0.07293354943273905,1.2,0.09,0.6,0.04,0.07293354943273905,1.5,0.2,28.2,0.8022690437601296,0.8022690437601296,,1.0,1.9,0.7,4.7,1.2,1.2,1.9,0.3,3.6,,,,,,,1.1,3.0,
178056,Anselmo,Goiás,9862,ST,ST,bra_b,Brasileirão Série B,8814,1000000394,2026,38.0,Brazil,176.0,0.367862,1227.0,6.65,5.0,3.0,0.37,0.2200488997555012,7.0,0.52,1.7,0.12,0.5207823960880196,2.0,0.8,15.4,1.17359413202934,1.17359413202934,0.36674816625916873,6.0,1.0,0.6,1.7,0.7,0.2,0.7,,1.8,,,,,,,0.6,1.0,
500455,Ricardo Silva,América-MG,1757,CB,CB,bra_b,Brasileirão Série B,8814,1000000394,2026,34.0,Brazil,190.0,0.197564,1226.0,,,,,,0.9,,0.4,,0.02202283849918434,,,,0.2936378466557912,0.2936378466557912,,3.0,,,,,,,,,,,,,,,,,
849499,Leandro Vilela,Atlético-GO,165545,DM,CDM,bra_b,Brasileirão Série B,8814,1000000394,2026,31.0,Brazil,178.0,0.214981,1225.0,6.75,,,,,0.6,0.04,0.6,0.05,,0.6,,31.6,0.8816326530612245,0.8816326530612245,0.1469387755102041,,1.8,,4.1,1.8,0.7,1.4,0.2,4.4,,,,,,,2.1,3.0,
765156,Hayner,Vila Nova,109706,FB,RB,bra_b,Brasileirão Série B,8814,1000000394,2026,31.0,Brazil,178.0,0.214981,1223.0,6.77,1.0,,0.07,,0.3,0.03,1.3,0.09,0.014717906786590351,0.4,0.1,23.3,0.9566639411283728,0.9566639411283728,0.1471790678659035,,2.1,1.5,5.7,1.6,1.3,2.6,0.1,4.8,,,,,,,1.7,3.0,
1904116,Augusto,Sport Recife,6305,FB,"RB,RM",bra_b,Brasileirão Série B,8814,1000000394,2026,18.0,Brazil,175.0,1.305193,1209.0,6.69,1.0,2.0,0.07,0.1488833746898263,0.4,0.03,1.5,0.11,0.07444168734491315,0.4,0.3,30.7,1.2655086848635235,1.2655086848635235,0.37220843672456577,1.0,1.3,0.6,4.8,1.9,0.7,1.8,0.4,3.1,,,,,,,1.1,5.0,
1265991,David da Hora,Ponte Preta,8630,ST,"ST,LW,CAM",bra_b,Brasileirão Série B,8814,1000000394,2026,26.0,Brazil,179.0,0.421991,1208.0,6.5,1.0,1.0,0.07,0.07450331125827815,3.0,0.22,0.6,0.05,0.2533112582781457,1.8,0.7,15.3,0.6705298013245033,0.6705298013245033,0.07450331125827815,8.0,0.2,0.9,3.2,0.8,0.4,1.9,0.1,3.9,,,,,,,0.7,2.0,
1532951,Sergio Palacios,Ponte Preta,8630,CB,"CB,RB",bra_b,Brasileirão Série B,8814,1000000394,2026,21.0,Colombia,,1.193937,1208.0,6.11,,,,,0.3,0.02,0.1,0.01,0.014900662251655629,0.4,0.1,19.6,0.22350993377483444,0.22350993377483444,0.07450331125827815,1.0,1.9,0.5,9.6,2.6,1.0,5.4,0.6,3.9,,,,,,,2.0,4.0,2.0
1402099,João Tavares,Londrina,298660,AM,"CAM,CM",bra_b,Brasileirão Série B,8814,1000000394,2026,22.0,Brazil,185.0,0.235262,1203.0,6.62,1.0,1.0,0.07,0.07481296758104738,1.0,0.07,0.9,0.07,0.07481296758104738,0.9,0.2,24.8,0.8229426433915212,0.8229426433915212,0.14962593516209477,1.0,1.3,0.4,5.0,2.6,1.2,1.0,0.2,4.1,,,,,,,2.0,3.0,
1384965,Kevyson,Ponte Preta,8630,FB,"LB,LWB,LM,CAM",bra_b,Brasileirão Série B,8814,1000000394,2026,22.0,Brazil,,1.000237,1196.0,6.71,,,,,0.6,0.04,0.5,0.04,0.0225752508361204,1.0,0.2,18.7,0.9782608695652174,0.9782608695652174,0.225752508361204,1.0,1.4,1.6,6.9,2.5,1.1,2.9,0.5,4.0,,,,,,,1.1,2.0,
1459742,Cadu,Goiás,9862,ST,ST,bra_b,Brasileirão Série B,8814,1000000394,2026,22.0,Brazil,188.0,,1195.0,6.29,2.0,1.0,0.15,0.07531380753138076,4.6,0.35,0.3,0.02,0.19581589958158996,2.0,0.5,16.1,0.45188284518828453,0.45188284518828453,0.07531380753138076,3.0,0.2,0.5,3.4,1.7,0.7,1.0,0.1,2.5,,,,,,,2.1,1.0,
1550696,Brandão,Ponte Preta,8630,ST,ST,bra_b,Brasileirão Série B,8814,1000000394,2026,22.0,Brazil,191.0,0.294928,1167.0,6.33,4.0,1.0,0.31,0.07712082262210797,3.8,0.29,0.2,0.02,0.2236503856041131,2.0,0.5,7.9,1.0796915167095116,1.0796915167095116,0.23136246786632392,3.0,0.2,0.1,1.6,0.2,0.1,1.2,0.2,1.5,,,,,,,2.2,,1.0
1175819,Henri,CRB,104821,CB,CB,bra_b,Brasileirão Série B,8814,1000000394,2026,24.0,Brazil,188.0,1.043275,1166.0,,,,,,0.1,,0.7,,0.007718696397941681,,,,0.4631217838765009,0.4631217838765009,,,,,,,,,,,,,,,,,,3.0,
568920,Aderlan,Juventude,10274,FB,"RWB,RM,RB",bra_b,Brasileirão Série B,8814,1000000394,2026,36.0,Brazil,180.0,0.23059,1164.0,7.37,,3.0,,0.23195876288659795,0.5,0.04,2.6,0.2,0.015463917525773196,0.9,0.1,24.7,2.0103092783505154,2.0103092783505154,0.23195876288659795,,1.4,0.5,9.0,4.0,1.3,3.3,0.3,4.5,,,,,,,1.8,5.0,
1743175,Luquinhas,Goiás,9862,DM,"CDM,CAM",bra_b,Brasileirão Série B,8814,1000000394,2026,18.0,Brazil,,,1154.0,6.88,1.0,,0.08,,0.9,0.07,0.5,0.04,0.03119584055459272,0.8,0.2,35.5,0.8578856152512998,0.8578856152512998,,1.0,1.9,0.7,4.4,2.5,0.5,1.2,0.2,4.8,,,,,,,1.9,5.0,
1441765,João Vitor,Londrina,298660,AM,"CAM,CM,CDM,RW",bra_b,Brasileirão Série B,8814,1000000394,2026,28.0,Brazil,178.0,0.410849,1143.0,,3.0,4.0,,0.31496062992125984,2.7,,2.9,,0.2047244094488189,,,,2.9133858267716537,2.9133858267716537,0.6299212598425197,,,,,,,,,,,,,,,,,3.0,
130560,Wallace,Londrina,298660,CB,"CB,CDM",bra_b,Brasileirão Série B,8814,1000000394,2026,38.0,Brazil,186.0,0.056733,1142.0,,,,,,0.3,0.02,0.2,0.02,,0.5,,46.8,0.23642732049036777,0.23642732049036777,,,3.2,0.2,8.5,1.4,1.4,5.0,0.7,4.2,,,,,,,0.7,4.0,
263948,Bruno Alves,Criciúma,7729,CB,CB,bra_b,Brasileirão Série B,8814,1000000394,2026,35.0,Brazil,184.0,0.318662,1137.0,6.82,2.0,,0.16,,0.9,0.07,0.1,0.01,0.1266490765171504,0.6,0.3,27.5,,,,1.0,2.4,0.1,11.2,1.7,1.7,6.9,0.9,1.8,,,,,,,1.8,7.0,
1366063,Nathan Camargo,Vila Nova,109706,DM,"CDM,RB",bra_b,Brasileirão Série B,8814,1000000394,2026,21.0,Brazil,177.0,,1134.0,6.55,1.0,,0.08,,0.3,0.03,0.3,0.03,0.06349206349206349,0.5,0.1,31.0,0.3968253968253968,0.3968253968253968,,,1.5,0.2,5.1,2.1,1.0,1.7,0.2,4.4,,,,,,,1.7,4.0,
1235078,Echaporã,São Bernardo,231931,W,"LW,RW",bra_b,Brasileirão Série B,8814,1000000394,2026,26.0,Brazil,169.0,0.198566,1131.0,6.63,,2.0,,0.15915119363395225,1.7,0.14,0.7,0.06,0.15119363395225463,1.7,0.9,17.7,0.8753315649867374,0.8753315649867374,0.07957559681697612,4.0,0.6,0.6,2.9,1.8,0.4,0.6,0.1,3.4,,,,,,,1.3,2.0,
92935,Alan Kardec,Juventude,10274,ST,ST,bra_b,Brasileirão Série B,8814,1000000394,2026,37.0,Brazil,185.0,0.247637,1130.0,6.71,4.0,2.0,0.32,0.1592920353982301,2.7,0.22,1.2,0.09,0.46194690265486726,1.9,1.0,8.9,1.5132743362831858,1.5132743362831858,0.3185840707964602,7.0,0.2,0.3,1.8,0.4,0.2,0.9,0.2,2.3,,,,,,,1.1,1.0,
1463167,Leonardo,,104822,GK,,bra_b,Brasileirão Série B,8814,1000000394,2026,,,,,1124.0,,,,,,,,0.0,,,,,,,,,,,,,,,,,,,4.0,,,,,,,
1230673,Márcio Silva,,8630,CB,,bra_b,Brasileirão Série B,8814,1000000394,2026,,,,,1120.0,,,1.0,,0.08035714285714286,0.0,,0.5,,,,,,0.08035714285714286,0.08035714285714286,0.08035714285714286,,,,,,,,,,,,,,,,,4.0,1.0
1233129,Matheus Araújo,Ceará,172341,W,"LW,CAM",bra_b,Brasileirão Série B,8814,1000000394,2026,24.0,Brazil,176.0,1.303727,1107.0,6.72,3.0,2.0,0.24,0.16260162601626016,2.9,0.24,1.1,0.09,0.2601626016260163,2.0,0.7,26.2,1.056910569105691,1.056910569105691,0.4065040650406504,2.0,1.4,0.6,2.8,1.6,0.4,0.7,0.1,2.8,,,,,,,1.0,6.0,
1490050,Lyncon,CRB,104821,CB,CB,bra_b,Brasileirão Série B,8814,1000000394,2026,21.0,Brazil,186.0,0.343708,1094.0,,,,,,1.3,,0.1,,0.024680073126142597,,,,,,,2.0,,,,,,,,,,,,,,,,,
239279,Jean,Náutico,2369,AM,"CAM,ST,RW",bra_b,Brasileirão Série B,8814,1000000394,2026,34.0,Brazil,178.0,0.219078,1093.0,,3.0,4.0,,0.32936870997255263,3.4,,4.2,,0.2881976212259835,,,,3.2113449222323878,3.2113449222323878,0.576395242451967,,,,,,,,,,,,,,,,,2.0,
673730,Kevin,CRB,104821,FB,"RB,RWB",bra_b,Brasileirão Série B,8814,1000000394,2026,29.0,Brazil,174.0,0.212543,1088.0,7.06,1.0,,0.08,,0.2,0.01,1.7,0.14,0.04136029411764706,0.4,0.2,46.0,1.4889705882352942,1.4889705882352942,0.08272058823529412,,3.1,0.2,5.6,1.2,1.3,2.7,0.3,6.5,,,,,,,1.6,2.0,
1441321,Lucca,Ceará,172341,ST,ST,bra_b,Brasileirão Série B,8814,1000000394,2026,23.0,Brazil,180.0,0.641816,1087.0,6.46,1.0,2.0,0.08,0.1655933762649494,2.5,0.21,2.6,0.21,0.1904323827046918,2.6,0.9,12.3,1.076356945722171,1.076356945722171,0.1655933762649494,2.0,0.2,0.9,2.2,1.4,0.3,0.2,0.2,2.1,,,,,,,1.3,2.0,
1785962,Lorenzo,Cuiabá,197815,FB,LWB,bra_b,Brasileirão Série B,8814,1000000394,2026,19.0,Brazil,,0.932832,1081.0,,1.0,,,,1.0,,0.7,,0.08325624421831637,,,,1.2488436632747455,1.2488436632747455,0.16651248843663274,,,,,,,,,,,,,,,,,1.0,
1636515,Vinicius,Ponte Preta,8630,GK,GK,bra_b,Brasileirão Série B,8814,1000000394,2026,23.0,Brazil,193.0,,1080.0,,,,,,,,0.0,,,,,,,,,,,,,,,,,,,1.0,,,,,,1.0,
450002,Wallace,Botafogo SP,8355,CB,CB,bra_b,Brasileirão Série B,8814,1000000394,2026,31.0,Brazil,191.0,0.211265,1076.0,6.78,,,,,0.4,0.04,0.1,0.01,0.041821561338289966,1.0,0.3,30.9,0.16728624535315986,0.16728624535315986,,1.0,4.1,,11.9,0.8,1.8,8.3,1.0,2.8,,,,,,,1.3,4.0,
935288,Pedrinho,São Bernardo,231931,W,LW,bra_b,Brasileirão Série B,8814,1000000394,2026,26.0,Brazil,176.0,0.250224,1073.0,6.94,4.0,,0.34,,2.5,0.21,0.9,0.08,0.2516309412861137,2.1,0.7,20.6,1.4259086672879777,1.4259086672879777,,1.0,1.4,2.8,2.7,1.2,0.8,0.6,0.1,4.5,,,,,,,1.2,,
427614,Emanuel Brítez,,8287,CB,,bra_b,Brasileirão Série B,8814,1000000394,2026,,,,,1073.0,,,1.0,,0.08387698042870456,0.4,,0.3,,,,,,0.33550792171481825,0.33550792171481825,0.16775396085740912,,,,,,,,,,,,,,,,,3.0,1.0
1131346,Juninho,Novorizontino,581838,AM,"CAM,CDM",bra_b,Brasileirão Série B,8814,1000000394,2026,25.0,Brazil,174.0,0.945508,1046.0,6.76,4.0,5.0,0.34,0.43021032504780116,2.7,0.24,1.8,0.16,0.27533460803059273,3.5,1.4,36.1,1.5487571701720841,1.5487571701720841,0.25812619502868067,3.0,1.9,1.5,3.1,1.8,0.5,0.5,0.3,5.1,,,,,,,1.2,5.0,
1058316,Luan Freitas,Fortaleza,8287,CB,CB,bra_b,Brasileirão Série B,8814,1000000394,2026,25.0,Brazil,184.0,0.595604,1045.0,,,1.0,,0.0861244019138756,0.2,0.02,0.4,0.03,,0.3,,41.3,0.3444976076555024,0.3444976076555024,0.0861244019138756,,3.4,0.1,6.2,1.3,0.8,3.5,0.6,3.4,,,,,,,0.6,,
927070,Zé Marcos,Sport Recife,6305,CB,"CB,LB",bra_b,Brasileirão Série B,8814,1000000394,2026,28.0,Brazil,187.0,1.097039,1042.0,,,,,,0.9,,0.3,,0.008637236084452975,,,,,,,1.0,,,,,,,,,,,,,,,,2.0,
950153,Gabriel Fuentes,Fortaleza,8287,FB,"LB,LWB",bra_b,Brasileirão Série B,8814,1000000394,2026,29.0,Colombia,181.0,1.099467,1041.0,,,,,,0.2,,1.6,,,,,,1.4697406340057637,1.4697406340057637,0.25936599423631124,1.0,,,,,,,,,,,,,,,,3.0,
1354140,Dixon Vera,Athletic Club MG,1221604,W,"LW,RW,CAM,ST",bra_b,Brasileirão Série B,8814,1000000394,2026,23.0,Ecuador,,0.566723,1037.0,6.64,4.0,1.0,0.35,0.08678881388621022,2.0,0.17,2.4,0.2,0.3037608486017358,1.6,0.6,16.1,1.4754098360655739,1.4754098360655739,0.5207328833172613,1.0,1.3,1.4,3.8,2.9,0.7,0.3,,5.4,,,,,,,3.0,4.0,1.0
1340807,Iago Teles,,298660,W,,bra_b,Brasileirão Série B,8814,1000000394,2026,,,,,1036.0,,3.0,3.0,,0.2606177606177606,2.4,,1.4,,0.2693050193050193,,,,1.9111969111969112,1.9111969111969112,0.17374517374517376,1.0,,,,,,,,,,,,,,,,6.0,1.0
1936806,Júlio,Ponte Preta,8630,FB,"RB,RM,RWB",bra_b,Brasileirão Série B,8814,1000000394,2026,19.0,Brazil,176.0,,1033.0,6.58,,,,,0.5,0.05,0.9,0.08,0.017424975798644726,0.3,0.1,16.3,0.7841239109390126,0.7841239109390126,0.08712487899322362,2.0,0.8,1.7,8.7,3.7,1.3,3.0,0.7,4.1,,,,,,,1.7,3.0,1.0
1641852,Samuel,Náutico,2369,DM,"CDM,CM",bra_b,Brasileirão Série B,8814,1000000394,2026,22.0,Brazil,183.0,,1032.0,6.5,,,,,0.7,0.06,0.2,0.02,0.05232558139534884,1.0,0.3,24.7,0.6976744186046512,0.6976744186046512,,,1.7,,6.1,2.8,1.2,1.7,0.4,2.8,,,,,,,3.9,3.0,1.0
875673,Tárik,Londrina,298660,DM,"CDM,CM",bra_b,Brasileirão Série B,8814,1000000394,2026,33.0,Brazil,183.0,0.073435,1029.0,6.52,2.0,,0.17,,1.1,0.1,0.3,0.02,0.26239067055393583,0.8,0.5,39.0,0.43731778425655976,0.43731778425655976,,1.0,1.9,0.4,4.0,1.0,1.2,1.7,0.1,3.7,,,,,,,2.3,3.0,
629937,Clayson,Sport Recife,6305,W,"LW,RW",bra_b,Brasileirão Série B,8814,1000000394,2026,31.0,Brazil,170.0,0.381121,1015.0,6.79,1.0,3.0,0.09,0.2660098522167488,1.3,0.12,1.7,0.15,0.10640394088669951,1.5,0.2,23.8,2.3054187192118225,2.3054187192118225,0.2660098522167488,,1.2,1.0,1.8,0.8,0.5,0.4,0.1,3.2,,,,,,,1.8,1.0,1.0
787400,Klaus,Operário-PR,197429,CB,CB,bra_b,Brasileirão Série B,8814,1000000394,2026,32.0,Brazil,187.0,0.323336,1003.0,,,,,,2.2,,0.0,,,,,,0.0897308075772682,0.0897308075772682,,6.0,,,,,,,,,,,,,,,,3.0,
1937502,Diego Leão,Ponte Preta,8630,CB,CB,bra_b,Brasileirão Série B,8814,1000000394,2026,21.0,Brazil,,,1000.0,,,,,,0.1,,0.1,,,,,,0.18,0.18,0.09,,,,,,,,,,,,,,,,,1.0,
1332383,Jean Dias,Cuiabá,197815,AM,"CAM,LW,RB,RW",bra_b,Brasileirão Série B,8814,1000000394,2026,35.0,Brazil,170.0,0.231736,999.0,6.87,3.0,1.0,0.27,0.09009009009009009,3.1,0.28,1.4,0.13,0.24324324324324328,2.2,0.8,14.4,1.8918918918918919,1.8918918918918919,0.36036036036036034,2.0,1.0,0.5,0.7,0.4,0.3,,0.1,4.0,,,,,,,1.4,1.0,
1460478,Luiz Felipe,Náutico,2369,DM,"CDM,CM",bra_b,Brasileirão Série B,8814,1000000394,2026,28.0,Brazil,178.0,0.110342,999.0,,,1.0,,0.09009009009009009,0.7,,1.0,,0.036036036036036036,,,,0.990990990990991,0.990990990990991,0.09009009009009009,,,,,,,,,,,,,,,,,6.0,
1357756,Lucas Lima,São Bernardo,231931,DM,"CDM,CM",bra_b,Brasileirão Série B,8814,1000000394,2026,26.0,Brazil,,0.192429,998.0,6.71,3.0,1.0,0.27,0.09018036072144289,2.3,0.21,0.7,0.07,0.2434869739478958,2.0,0.8,31.9,1.623246492985972,1.623246492985972,0.09018036072144289,1.0,1.6,0.6,4.3,1.6,1.4,1.0,0.4,4.7,,,,,,,1.7,2.0,2.0
1733226,Zé Lucas,,6305,DM,,bra_b,Brasileirão Série B,8814,1000000394,2026,,,,,993.0,,,,,,0.8,,0.8,,0.0,,,,0.8157099697885196,0.8157099697885196,0.18126888217522658,2.0,,,,,,,,,,,,,,,,4.0,
469609,Paulinho Moccelin,,298660,W,,bra_b,Brasileirão Série B,8814,1000000394,2026,,,,,979.0,6.6,1.0,2.0,0.09,0.18386108273748722,2.5,0.23,1.4,0.13,0.05515832482124617,2.0,0.4,18.6,2.206332992849847,2.206332992849847,0.36772216547497444,5.0,0.8,1.5,3.4,2.0,0.5,0.6,0.3,4.0,,,,,,,1.8,3.0,
496391,Alex,América-MG,1757,FB,"RB,RWB",bra_b,Brasileirão Série B,8814,1000000394,2026,32.0,Brazil,183.0,0.367232,974.0,,,,,,0.3,,0.7,,0.04620123203285421,,,,1.0164271047227926,1.0164271047227926,0.09240246406570841,1.0,,,,,,,,,,,,,,,,3.0,
753077,Leandro Maciel,Botafogo SP,8355,DM,"CDM,CM",bra_b,Brasileirão Série B,8814,1000000394,2026,30.0,Argentina,177.0,0.250191,972.0,6.44,,,,,1.5,0.14,0.6,0.06,0.12037037037037036,2.2,0.4,39.1,1.3888888888888888,1.3888888888888888,0.18518518518518517,1.0,3.4,0.2,3.6,1.3,0.7,1.3,0.3,3.4,,,,,,,2.5,7.0,
1946533,Pedrinho,Botafogo SP,8355,FB,"RB,RWB",bra_b,Brasileirão Série B,8814,1000000394,2026,19.0,Brazil,,,970.0,,,1.0,,0.09278350515463918,0.6,0.05,0.8,0.07,0.027835051546391754,0.6,0.2,25.1,0.9278350515463918,0.9278350515463918,0.09278350515463918,1.0,1.1,0.6,5.8,2.0,1.0,2.3,0.5,3.1,,,,,,,2.4,2.0,
1254655,Mandaca,Juventude,10274,CM,"CM,CDM,CAM,LW,LM",bra_b,Brasileirão Série B,8814,1000000394,2026,25.0,Brazil,178.0,1.407994,958.0,7.05,2.0,1.0,0.19,0.09394572025052192,2.6,0.24,0.8,0.07,0.19728601252609604,1.7,0.5,27.1,1.4091858037578289,1.4091858037578289,0.2818371607515658,2.0,2.3,1.0,5.9,2.4,1.1,1.6,0.8,4.3,,,,,,,2.5,4.0,
452019,Juninho,Goiás,9862,DM,"CDM,CM,RM",bra_b,Brasileirão Série B,8814,1000000394,2026,38.0,Brazil,173.0,0.200855,945.0,6.51,1.0,1.0,0.1,0.09523809523809523,1.7,0.16,0.6,0.06,0.11428571428571428,0.9,0.3,26.2,0.6666666666666666,0.6666666666666666,0.09523809523809523,2.0,1.4,0.2,4.7,1.2,1.2,1.5,0.7,3.1,,,,,,,1.8,1.0,
196824,Guilherme,Atlético-GO,165545,W,"RW,CM,CAM",bra_b,Brasileirão Série B,8814,1000000394,2026,35.0,Brazil,174.0,0.212575,940.0,6.82,3.0,3.0,0.29,0.2872340425531915,2.4,0.23,3.5,0.34,0.24893617021276596,1.7,0.7,29.4,2.393617021276596,2.393617021276596,0.6702127659574468,1.0,1.6,0.8,2.7,1.6,0.2,0.7,0.2,3.1,,,,,,,2.8,4.0,
449639,Gegé,Goiás,9862,W,"LW,CDM,CAM",bra_b,Brasileirão Série B,8814,1000000394,2026,32.0,Brazil,175.0,0.171295,934.0,6.7,2.0,,0.19,,1.3,0.13,1.1,0.11,0.10599571734475376,2.3,0.7,35.3,1.734475374732334,1.734475374732334,0.09635974304068523,1.0,2.5,0.2,2.9,1.4,0.9,0.5,0.1,3.8,,,,,,,1.0,,
739740,Nilson Castrillón,,581838,FB,,bra_b,Brasileirão Série B,8814,1000000394,2026,,,,,928.0,,,1.0,,0.09698275862068965,0.1,,0.9,,,,,,0.5818965517241379,0.5818965517241379,0.1939655172413793,1.0,,,,,,,,,,,,,,,,5.0,
1171459,Gabriel Barros,,1757,W,,bra_b,Brasileirão Série B,8814,1000000394,2026,,,,,924.0,6.47,1.0,1.0,0.1,0.09740259740259741,1.9,0.18,1.2,0.12,0.15584415584415584,1.8,0.4,18.4,0.8766233766233766,0.8766233766233766,0.09740259740259741,1.0,0.6,0.9,1.9,0.8,0.3,0.8,,1.9,,,,,,,1.0,,
304856,Pedro Henrique,Fortaleza,8287,W,"RW,LW,ST",bra_b,Brasileirão Série B,8814,1000000394,2026,36.0,Brazil,181.0,0.341002,924.0,6.54,2.0,,0.19,,2.9,0.28,0.7,0.07,0.224025974025974,2.4,0.7,13.3,0.5844155844155844,0.5844155844155844,0.19480519480519481,5.0,1.0,0.4,2.1,1.1,0.4,0.6,0.1,1.9,,,,,,,1.9,1.0,
844220,Reynaldo,Avaí,104822,CB,CB,bra_b,Brasileirão Série B,8814,1000000394,2026,29.0,Brazil,186.0,0.600025,924.0,,,,,,0.4,,0.0,,,,,,,,,1.0,,,,,,,,,,,,,,,,2.0,
1356527,Gian Cabezas,Athletic Club MG,1221604,DM,"CDM,CM,CAM",bra_b,Brasileirão Série B,8814,1000000394,2026,23.0,Colombia,180.0,0.48026,920.0,6.32,,,,,0.3,0.03,0.2,0.02,0.009782608695652175,0.9,0.2,34.5,0.5869565217391305,0.5869565217391305,0.09782608695652174,,1.9,0.7,4.3,1.1,0.9,2.2,0.2,4.2,,,,,,,1.9,2.0,
321587,Victor Andrade,Náutico,2369,W,LW,bra_b,Brasileirão Série B,8814,1000000394,2026,31.0,Brazil,171.0,0.111088,920.0,6.82,2.0,1.0,0.2,0.09782608695652174,1.6,0.16,1.2,0.12,0.14673913043478262,3.9,1.0,15.1,1.4673913043478262,1.4673913043478262,0.1956521739130435,1.0,1.2,2.7,2.3,1.1,0.6,0.5,0.1,3.4,,,,,,,2.2,5.0,
671925,Guilherme Parede,América-MG,1757,W,"LW,RW",bra_b,Brasileirão Série B,8814,1000000394,2026,31.0,Brazil,178.0,0.38208,911.0,,,1.0,,0.09879253567508232,1.8,,2.0,,0.21734357848518115,,,,3.1613611416026344,3.1613611416026344,0.5927552140504939,2.0,,,,,,,,,,,,,,,,,
278723,Dellatorre,Vila Nova,109706,ST,ST,bra_b,Brasileirão Série B,8814,1000000394,2026,34.0,Brazil,186.0,0.403988,901.0,6.42,2.0,1.0,0.2,0.09988901220865705,3.2,0.32,0.3,0.03,0.2796892341842397,2.2,0.7,9.8,0.7991120976692564,0.7991120976692564,0.1997780244173141,4.0,,0.6,1.2,0.2,0.2,0.8,,1.4,,,,,,,0.2,,1.0
749365,Marcinho,Criciúma,7729,FB,"RWB,RM",bra_b,Brasileirão Série B,8814,1000000394,2026,30.0,Brazil,177.0,0.323628,900.0,,,,,,0.9,0.09,1.8,0.18,0.0,1.7,0.2,35.6,1.3,1.3,0.1,1.0,3.2,0.9,4.1,1.1,0.8,2.0,0.2,4.3,,,,,,,1.6,1.0,
1462342,Léo Índio,Náutico,2369,CB,"CB,CM",bra_b,Brasileirão Série B,8814,1000000394,2026,30.0,Brazil,187.0,,891.0,,1.0,,,,0.2,,0.4,,0.06060606060606061,,,,0.5050505050505051,0.5050505050505051,,,,,,,,,,,,,,,,,,1.0,
1220244,Thalys,,8630,FB,,bra_b,Brasileirão Série B,8814,1000000394,2026,,,,,891.0,,,,,,0.1,,0.5,,0.020202020202020204,,,,0.30303030303030304,0.30303030303030304,,,,,,,,,,,,,,,,,,1.0,
1590255,Yago,,1757,CM,,bra_b,Brasileirão Série B,8814,1000000394,2026,,,,,888.0,6.49,,,,,0.3,0.03,1.1,0.11,,0.5,,31.4,0.9121621621621622,0.9121621621621622,0.10135135135135136,,1.4,1.4,4.6,2.3,0.7,1.1,0.4,4.4,,,,,,,2.5,1.0,
1460519,Jefferson,Avaí,104822,CB,CB,bra_b,Brasileirão Série B,8814,1000000394,2026,23.0,Brazil,193.0,0.275385,879.0,,1.0,,,,1.2,,0.1,,0.15358361774744028,,,,0.10238907849829351,0.10238907849829351,,1.0,,,,,,,,,,,,,,,,1.0,
960652,Willian Maranhão,Vila Nova,109706,DM,"CDM,CM",bra_b,Brasileirão Série B,8814,1000000394,2026,30.0,Brazil,178.0,0.638043,877.0,6.5,,,,,0.3,0.03,0.2,0.02,0.010262257696693273,0.7,0.1,32.8,0.20524515393386544,0.20524515393386544,,1.0,1.5,0.5,5.5,1.0,1.5,2.7,0.3,4.4,,,,,,,1.7,3.0,
1035342,Bruno José,Atlético-GO,165545,W,RW,bra_b,Brasileirão Série B,8814,1000000394,2026,28.0,Brazil,173.0,0.243231,863.0,6.63,2.0,3.0,0.21,0.3128621089223638,2.6,0.27,2.3,0.24,0.2190034762456547,2.0,0.5,19.1,1.877172653534183,1.877172653534183,0.5214368482039398,4.0,0.6,1.4,2.3,0.8,0.5,0.7,0.2,3.9,,,,,,,1.5,2.0,1.0
1227357,Diego Hernández,Sport Recife,6305,AM,"CAM,RW,LM",bra_b,Brasileirão Série B,8814,1000000394,2026,26.0,Uruguay,175.0,1.232916,859.0,,3.0,1.0,,0.10477299185098952,1.5,,1.3,,0.24097788125727587,,,,1.990686845168801,1.990686845168801,0.10477299185098952,,,,,,,,,,,,,,,,,,
659758,Arnaldo,Náutico,2369,FB,RB,bra_b,Brasileirão Série B,8814,1000000394,2026,34.0,Brazil,173.0,0.079027,857.0,6.77,,,,,0.0,0.0,0.8,0.09,,0.1,,33.5,0.9451575262543758,0.9451575262543758,0.2100350058343057,1.0,1.4,1.2,6.5,2.7,0.9,2.4,0.4,3.4,,,,,,,2.4,6.0,
1187576,Igor Inocêncio,Cuiabá,197815,FB,"RB,RWB,LB",bra_b,Brasileirão Série B,8814,1000000394,2026,28.0,Brazil,185.0,0.196201,854.0,,,1.0,,0.1053864168618267,0.6,,1.6,,0.02107728337236534,,,,1.7915690866510539,1.7915690866510539,0.1053864168618267,,,,,,,,,,,,,,,,,2.0,
1334351,Diego Porfírio,Ponte Preta,8630,FB,LB,bra_b,Brasileirão Série B,8814,1000000394,2026,27.0,Brazil,182.0,0.224018,850.0,6.43,,,,,0.3,0.04,0.2,0.03,0.042352941176470586,0.6,0.1,20.6,0.6352941176470588,0.6352941176470588,,1.0,0.7,1.2,5.8,2.1,0.5,2.6,0.5,3.2,,,,,,,0.6,2.0,
1895029,Wesley,Botafogo SP,8355,W,LW,bra_b,Brasileirão Série B,8814,1000000394,2026,26.0,Brazil,185.0,,845.0,6.63,2.0,1.0,0.21,0.10650887573964497,0.6,0.07,0.8,0.08,0.14911242603550295,2.0,0.4,17.8,1.4911242603550297,1.4911242603550297,0.21301775147928995,,1.3,2.2,4.0,3.0,0.4,0.6,,4.6,,,,,,,1.7,2.0,
1213449,De Lucca,CRB,104821,CM,"CM,CB,CDM",bra_b,Brasileirão Série B,8814,1000000394,2026,26.0,Brazil,180.0,0.524395,839.0,6.6,,2.0,,0.21454112038140644,0.8,0.08,0.7,0.08,0.07508939213349225,1.0,0.1,49.8,1.1799761620977354,1.1799761620977354,0.10727056019070322,1.0,1.6,,5.4,2.0,1.1,1.8,0.4,3.5,,,,,,,1.6,2.0,
444778,Pablo Dyego,Londrina,298660,W,"RW,LW",bra_b,Brasileirão Série B,8814,1000000394,2026,32.0,Brazil,177.0,0.11264,837.0,6.45,2.0,,0.22,,1.9,0.2,0.3,0.03,0.13978494623655913,2.2,0.4,14.4,0.967741935483871,0.967741935483871,0.21505376344086022,,0.8,0.4,3.4,0.9,0.5,1.9,0.1,1.8,,,,,,,2.0,,
1723280,Maranhão,Náutico,2369,ST,ST,bra_b,Brasileirão Série B,8814,1000000394,2026,22.0,Brazil,180.0,,836.0,,3.0,1.0,,0.1076555023923445,4.8,,0.4,,0.37679425837320574,,,,0.861244019138756,0.861244019138756,0.215311004784689,6.0,,,,,,,,,,,,,,,,2.0,
616168,Tomás Cardona,Fortaleza,8287,CB,CB,bra_b,Brasileirão Série B,8814,1000000394,2026,30.0,Argentina,186.0,0.486061,836.0,,,,,,0.4,,0.1,,0.05382775119617225,,,,0.215311004784689,0.215311004784689,,1.0,,,,,,,,,,,,,,,,2.0,
1376166,Douglas Pelé,Athletic Club MG,1221604,FB,"RB,RWB,RM",bra_b,Brasileirão Série B,8814,1000000394,2026,27.0,Brazil,,0.338678,835.0,6.77,,2.0,,0.2155688622754491,0.3,0.03,1.8,0.19,,1.0,,27.5,1.7245508982035929,1.7245508982035929,0.32335329341317365,,2.2,1.3,6.8,2.4,1.0,3.3,0.1,5.5,,,,,,,1.3,3.0,
934247,Léo Gomes,,8630,DM,,bra_b,Brasileirão Série B,8814,1000000394,2026,,,,,834.0,,1.0,,,,1.0,,0.4,,0.09712230215827339,,,,0.2158273381294964,0.2158273381294964,0.1079136690647482,2.0,,,,,,,,,,,,,,,,,
1130889,Anderson,Vila Nova,109706,CB,CB,bra_b,Brasileirão Série B,8814,1000000394,2026,31.0,Brazil,185.0,0.211466,830.0,,,,,,0.2,,0.1,,0.021686746987951807,,,,0.3253012048192771,0.3253012048192771,,,,,,,,,,,,,,,,,,3.0,
815946,Willian,Vila Nova,109706,FB,"LB,CB",bra_b,Brasileirão Série B,8814,1000000394,2026,31.0,Brazil,185.0,0.213507,827.0,6.52,1.0,,0.11,,0.2,0.03,0.2,0.02,0.0,0.7,0.1,37.5,0.10882708585247884,0.10882708585247884,,1.0,1.7,,8.9,1.6,1.3,5.8,0.2,3.4,,,,,,,2.7,5.0,
429753,Carlos de Pena,Sport Recife,6305,AM,"CAM,CM",bra_b,Brasileirão Série B,8814,1000000394,2026,34.0,Uruguay,177.0,0.367091,823.0,7.12,2.0,2.0,0.22,0.2187120291616039,1.5,0.17,2.3,0.25,0.2405832320777643,2.7,1.0,30.3,2.7339003645200486,2.7339003645200486,0.4374240583232078,3.0,3.3,0.4,4.4,1.1,0.9,2.4,,3.2,,,,,,,0.8,5.0,
637564,Sander,Novorizontino,581838,CB,"CB,LB,LWB",bra_b,Brasileirão Série B,8814,1000000394,2026,35.0,Brazil,176.0,0.201056,820.0,,1.0,,,,0.6,,1.4,,0.09878048780487805,,,,1.2073170731707317,1.2073170731707317,0.10975609756097561,,,,,,,,,,,,,,,,,2.0,
935034,Juan,Sport Recife,6305,AM,"CAM,RW,LW",bra_b,Brasileirão Série B,8814,1000000394,2026,30.0,Brazil,172.0,0.494533,817.0,6.78,2.0,3.0,0.22,0.33047735618115054,1.5,0.17,2.5,0.28,0.18727050183598531,1.5,0.6,31.2,3.1946144430844554,3.1946144430844554,0.6609547123623011,,1.8,1.5,2.0,1.0,0.6,0.3,0.1,5.4,,,,,,,1.7,,
554287,Rafael Ramos,Ceará,172341,FB,"RB,RW,RM",bra_b,Brasileirão Série B,8814,1000000394,2026,31.0,Portugal,174.0,0.193876,816.0,,,1.0,,0.11029411764705882,0.5,,1.2,,0.03308823529411765,,,,1.7647058823529411,1.7647058823529411,,1.0,,,,,,,,,,,,,,,,2.0,
1085677,Murilo,Ponte Preta,8630,CM,"CM,CDM,CAM",bra_b,Brasileirão Série B,8814,1000000394,2026,27.0,Brazil,,0.194811,815.0,,,,,,0.3,,0.9,,0.011042944785276074,,,,0.5521472392638037,0.5521472392638037,,,,,,,,,,,,,,,,,,1.0,
577660,Nathan,,1757,CB,,bra_b,Brasileirão Série B,8814,1000000394,2026,,,,,812.0,,1.0,,,,0.5,,0.1,,0.16625615763546797,,,,0.22167487684729065,0.22167487684729065,,1.0,,,,,,,,,,,,,,,,3.0,
638764,Matheus Ribeiro,Náutico,2369,FB,"RB,LB",bra_b,Brasileirão Série B,8814,1000000394,2026,33.0,Brazil,176.0,0.095528,811.0,,,,,,0.4,,0.7,,0.011097410604192354,,,,1.4426633785450063,1.4426633785450063,,,,,,,,,,,,,,,,,,3.0,
1927842,Bruno Baldini,,104822,CB,,bra_b,Brasileirão Série B,8814,1000000394,2026,,,,,810.0,,,,,,0.9,,0.1,,0.1111111111111111,,,,,,,3.0,,,,,,,,,,,,,,,,3.0,
450868,Willian,Sport Recife,6305,DM,"CDM,CM",bra_b,Brasileirão Série B,8814,1000000394,2026,33.0,Brazil,183.0,0.393768,804.0,,,2.0,,0.22388059701492538,0.5,,0.3,,0.04477611940298507,,,,1.007462686567164,1.007462686567164,0.11194029850746269,1.0,,,,,,,,,,,,,,,,1.0,
13308,João Carlos,Cuiabá,197815,GK,GK,bra_b,Brasileirão Série B,8814,1000000394,2026,38.0,Brazil,190.0,0.198698,804.0,,,,,,,,0.0,,,,,,,,,,,,,,,,,,,3.0,,,,,,,
693601,Tomás Pochettino,,8287,AM,,bra_b,Brasileirão Série B,8814,1000000394,2026,,,,,799.0,,,,,,0.6,,1.1,,0.02252816020025031,,,,1.9148936170212767,1.9148936170212767,,,,,,,,,,,,,,,,,,1.0,
1433363,Fernando,,172341,FB,,bra_b,Brasileirão Série B,8814,1000000394,2026,,,,,797.0,,,,,,0.6,,0.5,,0.12421580928481808,,,,0.451693851944793,0.451693851944793,,,,,,,,,,,,,,,,,,1.0,
755230,Maguinho,Operário-PR,197429,FB,"RB,RM",bra_b,Brasileirão Série B,8814,1000000394,2026,34.0,Brazil,169.0,0.321478,782.0,,,,,,0.2,0.03,0.6,0.07,0.011508951406649617,1.2,0.3,35.2,0.8056265984654731,0.8056265984654731,0.11508951406649616,,2.3,1.0,5.6,1.8,0.7,2.9,0.2,3.3,,,,,,,2.9,2.0,
957097,César,Novorizontino,581838,GK,GK,bra_b,Brasileirão Série B,8814,1000000394,2026,31.0,Brazil,191.0,0.322609,780.0,,,,,,,,0.0,,,,,,,,,,,,,,,,,,,3.0,,,,,,,
268068,Nicolas,Criciúma,7729,ST,ST,bra_b,Brasileirão Série B,8814,1000000394,2026,36.0,Brazil,183.0,0.267763,778.0,6.54,3.0,1.0,0.35,0.11568123393316196,2.1,0.24,0.6,0.07,0.23136246786632392,2.2,0.8,13.5,0.6940874035989717,0.6940874035989717,0.11568123393316196,3.0,0.3,,1.6,0.6,0.1,0.9,,2.4,,,,,,,0.9,2.0,
798767,Thalis,Londrina,298660,AM,"CAM,CM",bra_b,Brasileirão Série B,8814,1000000394,2026,30.0,Brazil,175.0,0.136251,778.0,,,1.0,,0.11568123393316196,0.6,,1.1,,0.02313624678663239,,,,1.9665809768637532,1.9665809768637532,0.11568123393316196,,,,,,,,,,,,,,,,,4.0,
961500,Daniel Amorim,São Bernardo,231931,ST,ST,bra_b,Brasileirão Série B,8814,1000000394,2026,37.0,Brazil,191.0,0.157283,775.0,6.41,2.0,1.0,0.23,0.11612903225806452,3.5,0.41,0.1,0.02,0.3251612903225806,1.0,0.6,10.5,0.6967741935483871,0.6967741935483871,,4.0,0.1,0.5,2.0,0.7,0.2,1.0,,1.3,,,,,,,1.2,,
1641251,Vinicius Peixoto,Cuiabá,197815,ST,"ST,RW",bra_b,Brasileirão Série B,8814,1000000394,2026,22.0,Brazil,,,774.0,6.54,4.0,,0.47,,6.9,0.8,0.2,0.03,0.7209302325581395,4.4,1.6,7.8,1.2790697674418605,1.2790697674418605,,6.0,0.6,1.2,1.4,0.8,0.2,0.3,,2.0,,,,,,,2.1,1.0,
1390196,Mateus Silva,Náutico,2369,CB,CB,bra_b,Brasileirão Série B,8814,1000000394,2026,31.0,Brazil,192.0,0.093291,773.0,,,,,,0.3,,0.1,,,,,,0.46571798188874514,0.46571798188874514,,,,,,,,,,,,,,,,,,4.0,
478416,Diego Gonçalves,Criciúma,7729,AM,"CAM,ST,LW",bra_b,Brasileirão Série B,8814,1000000394,2026,32.0,Brazil,181.0,,772.0,6.39,2.0,,0.23,,3.5,0.41,0.9,0.1,0.3264248704663212,2.4,1.2,19.4,1.16580310880829,1.16580310880829,0.34974093264248707,3.0,1.0,0.8,2.8,0.7,0.5,1.3,0.3,2.9,,,,,,,2.7,3.0,
1526933,Peixoto,Atlético-GO,165545,DM,"CDM,CM,LM",bra_b,Brasileirão Série B,8814,1000000394,2026,29.0,Brazil,181.0,,769.0,,,1.0,,0.11703511053315994,0.6,,0.5,,0.02340702210663199,,,,0.8192457737321196,0.8192457737321196,0.11703511053315994,,,,,,,,,,,,,,,,,2.0,
955583,Neto Paraíba,Operário-PR,197429,CM,"CM,CDM",bra_b,Brasileirão Série B,8814,1000000394,2026,34.0,Brazil,,0.191758,768.0,6.48,,,,,1.2,0.14,1.2,0.14,0.10546875,2.3,0.6,26.6,1.40625,1.40625,0.46875,2.0,1.4,1.5,4.3,1.5,1.1,1.4,0.4,4.6,,,,,,,1.4,3.0,
331759,Richardson,Ceará,172341,DM,"CDM,CM",bra_b,Brasileirão Série B,8814,1000000394,2026,35.0,Brazil,174.0,0.194196,768.0,6.56,,,,,0.0,0.01,0.3,0.03,,0.2,,45.9,0.46875,0.46875,,,3.0,0.2,4.7,1.8,0.9,1.4,0.6,4.8,,,,,,,2.3,3.0,
1468784,Wanderson,Náutico,2369,CB,CB,bra_b,Brasileirão Série B,8814,1000000394,2026,31.0,Brazil,187.0,,766.0,,,,,,1.1,0.13,0.2,0.02,0.0,0.9,0.2,38.5,0.1174934725848564,0.1174934725848564,,3.0,2.8,0.1,10.6,1.8,2.2,5.5,1.1,4.3,,,,,,,1.9,3.0,1.0
558122,Hyoran,São Bernardo,231931,AM,CAM,bra_b,Brasileirão Série B,8814,1000000394,2026,33.0,Brazil,174.0,0.262404,765.0,6.4,1.0,1.0,0.12,0.11764705882352941,1.4,0.17,1.4,0.17,0.2235294117647059,3.6,0.8,20.9,1.7647058823529411,1.7647058823529411,0.35294117647058826,1.0,1.6,1.1,1.6,1.1,0.1,0.1,0.4,2.7,,,,,,,2.2,2.0,
800922,Yuri Silva,Atlético-GO,165545,FB,"LB,CB",bra_b,Brasileirão Série B,8814,1000000394,2026,30.0,Brazil,173.0,0.162751,764.0,,,2.0,,0.2356020942408377,0.4,,1.2,,0.011780104712041885,,,,2.238219895287958,2.238219895287958,0.11780104712041885,,,,,,,,,,,,,,,,,2.0,
1098099,Jhonata Robert,Criciúma,7729,AM,"CAM,RW,CM",bra_b,Brasileirão Série B,8814,1000000394,2026,26.0,Brazil,179.0,1.4787,758.0,6.89,1.0,,0.12,,2.5,0.3,2.6,0.31,0.2612137203166227,3.0,0.8,27.5,3.3245382585751977,3.3245382585751977,0.3562005277044855,2.0,2.4,1.8,2.6,1.7,0.2,0.6,0.1,6.1,,,,,,,1.5,2.0,
1526931,Kevyn,Londrina,298660,FB,LB,bra_b,Brasileirão Série B,8814,1000000394,2026,28.0,Brazil,178.0,0.106598,758.0,,,,,,1.0,0.12,0.2,0.02,0.023746701846965697,0.6,0.1,19.8,0.8311345646437994,0.8311345646437994,,,1.1,0.4,4.0,0.9,0.6,2.0,0.5,3.3,,,,,,,1.7,6.0,
174066,Manoel,América-MG,1757,CB,CB,bra_b,Brasileirão Série B,8814,1000000394,2026,36.0,Brazil,180.0,0.198618,754.0,,,,,,0.1,,0.1,,,,,,,,,,,,,,,,,,,,,,,,,2.0,
1459748,Jhonny,,1757,FB,,bra_b,Brasileirão Série B,8814,1000000394,2026,,,,,748.0,,,,,,0.1,,0.6,,0.012032085561497326,,,,0.6016042780748663,0.6016042780748663,0.12032085561497326,,,,,,,,,,,,,,,,,,
320026,Vina,Ceará,172341,AM,CAM,bra_b,Brasileirão Série B,8814,1000000394,2026,35.0,Brazil,177.0,0.190975,745.0,6.88,3.0,,0.36,,3.0,0.36,1.3,0.16,0.3261744966442953,3.5,1.2,33.8,3.0201342281879193,3.0201342281879193,0.12080536912751678,3.0,2.4,0.6,1.3,0.4,0.2,0.6,0.1,2.9,,,,,,,0.7,2.0,
1460508,Reverson,CRB,104821,FB,LB,bra_b,Brasileirão Série B,8814,1000000394,2026,29.0,Brazil,175.0,0.177397,745.0,,,1.0,,0.12080536912751678,0.3,,1.4,,0.07248322147651007,,,,1.691275167785235,1.691275167785235,0.3624161073825503,,,,,,,,,,,,,,,,,4.0,
845740,Júnior Todinho,Náutico,2369,W,"RW,LW",bra_b,Brasileirão Série B,8814,1000000394,2026,32.0,Brazil,171.0,0.097926,739.0,6.73,3.0,1.0,0.37,0.12178619756427606,2.1,0.25,0.8,0.1,0.38971583220568334,2.2,0.6,32.8,1.5832205683355887,1.5832205683355887,0.12178619756427606,4.0,1.8,1.3,2.9,1.7,0.4,0.7,0.1,4.1,,,,,,,1.8,2.0,
638749,Douglas Baggio,CRB,104821,W,"RW,LW",bra_b,Brasileirão Série B,8814,1000000394,2026,31.0,Brazil,170.0,0.268592,735.0,6.6,1.0,1.0,0.12,0.12244897959183673,3.0,0.37,0.4,0.05,0.3673469387755102,2.4,1.1,20.7,1.1020408163265305,1.1020408163265305,0.12244897959183673,5.0,0.2,1.1,3.2,2.4,0.4,0.4,,3.7,,,,,,,2.1,4.0,
1280332,Alexis Alvariño,Novorizontino,581838,FB,"RB,CB",bra_b,Brasileirão Série B,8814,1000000394,2026,25.0,Argentina,184.0,0.311127,734.0,,,,,,0.1,,0.5,,,,,,0.4904632152588556,0.4904632152588556,0.1226158038147139,,,,,,,,,,,,,,,,,2.0,
1213657,Benjamín Borasi,Náutico,2369,W,"LW,RM,RW,ST",bra_b,Brasileirão Série B,8814,1000000394,2026,28.0,Argentina,170.0,0.11909,733.0,,1.0,,,,2.6,,0.5,,0.24556616643929058,,,,1.2278308321964528,1.2278308321964528,0.12278308321964529,2.0,,,,,,,,,,,,,,,,2.0,
1483507,Kayky Almeida,Sport Recife,6305,CB,"CB,LB",bra_b,Brasileirão Série B,8814,1000000394,2026,21.0,Brazil,165.0,1.216951,729.0,,,,,,0.1,,0.1,,0.0,,,,0.37037037037037035,0.37037037037037035,,,,,,,,,,,,,,,,,,1.0,
796720,Manuel Castro,Juventude,10274,W,"RW,LW,CM,RM,CAM",bra_b,Brasileirão Série B,8814,1000000394,2026,31.0,Uruguay,175.0,0.646643,727.0,6.44,,1.0,,0.12379642365887207,0.6,0.08,1.2,0.15,0.09903713892709766,1.2,0.4,18.2,0.7427785419532325,0.7427785419532325,0.24759284731774414,1.0,1.2,0.5,2.2,1.0,0.2,0.9,0.1,3.7,,,,,,,1.6,1.0,
793265,Diego Tavares,,8630,W,,bra_b,Brasileirão Série B,8814,1000000394,2026,,,,,726.0,,1.0,3.0,,0.371900826446281,0.9,,0.4,,0.1487603305785124,,,,0.6198347107438017,0.6198347107438017,0.12396694214876033,,,,,,,,,,,,,,,,,2.0,1.0
1920166,Sorriso,,104822,W,,bra_b,Brasileirão Série B,8814,1000000394,2026,,,,,724.0,6.58,2.0,1.0,0.25,0.12430939226519337,1.2,0.15,0.4,0.05,0.16160220994475138,1.9,0.5,16.9,0.8701657458563536,0.8701657458563536,,,0.7,1.2,2.7,1.4,0.7,0.6,,4.6,,,,,,,0.7,2.0,
1356884,Nicolás Ferreira,Ceará,172341,W,"LW,LM,CAM,ST,RW",bra_b,Brasileirão Série B,8814,1000000394,2026,24.0,Uruguay,173.0,0.35881,722.0,,1.0,1.0,,0.12465373961218837,0.8,,0.9,,0.23684210526315788,,,,1.1218836565096952,1.1218836565096952,0.12465373961218837,,,,,,,,,,,,,,,,,1.0,
1503651,Ryan,Fortaleza,8287,DM,"CDM,CM",bra_b,Brasileirão Série B,8814,1000000394,2026,23.0,Brazil,170.0,,721.0,,,,,,0.3,0.04,0.2,0.03,0.049930651872399444,0.6,0.1,44.6,0.624133148404993,0.624133148404993,,,1.6,0.9,5.7,3.2,1.2,0.7,0.5,4.0,,,,,,,2.4,3.0,
1017101,Joseph,Operário-PR,197429,CB,CB,bra_b,Brasileirão Série B,8814,1000000394,2026,31.0,Brazil,,0.209,720.0,,,,,,0.1,,0.2,,,,,,0.375,0.375,,,,,,,,,,,,,,,,,,3.0,
1673758,Marcelo Henrique,Athletic Club MG,1221604,FB,"LB,CB",bra_b,Brasileirão Série B,8814,1000000394,2026,21.0,Brazil,,0.630156,716.0,,,,,,0.1,0.02,0.3,0.03,,0.4,,21.4,0.6284916201117319,0.6284916201117319,0.12569832402234637,,1.0,0.8,6.5,1.9,1.5,2.6,0.5,4.7,,,,,,,1.8,3.0,
1129860,Caio Dantas,Operário-PR,197429,ST,ST,bra_b,Brasileirão Série B,8814,1000000394,2026,33.0,Brazil,177.0,0.246426,712.0,6.32,4.0,,0.51,,2.3,0.29,0.1,0.02,0.3792134831460674,1.6,0.8,11.0,1.0112359550561798,1.0112359550561798,0.12640449438202248,2.0,0.4,0.3,1.9,1.0,0.1,0.6,0.1,1.8,,,,,,,0.4,,
1242173,Tobías Ostchega,América-MG,1757,FB,"LB,LM,LWB",bra_b,Brasileirão Série B,8814,1000000394,2026,28.0,Argentina,,0.238015,711.0,,1.0,1.0,,0.12658227848101267,1.5,,0.6,,0.16455696202531644,,,,0.5063291139240507,0.5063291139240507,0.25316455696202533,1.0,,,,,,,,,,,,,,,,1.0,
449837,Arthur Caíke,Botafogo SP,8355,ST,ST,bra_b,Brasileirão Série B,8814,1000000394,2026,34.0,Brazil,174.0,0.246426,709.0,6.16,1.0,1.0,0.13,0.12693935119887165,1.9,0.24,0.2,0.02,0.16502115655853314,2.2,0.5,8.8,0.8885754583921015,0.8885754583921015,,1.0,0.4,0.1,2.0,0.4,0.3,1.1,0.3,2.0,,,,,,,2.3,,
1100346,Warley,Atlético-GO,165545,FB,RB,bra_b,Brasileirão Série B,8814,1000000394,2026,27.0,Brazil,172.0,0.343864,709.0,,,3.0,,0.38081805359661497,0.0,,0.8,,,,,,1.5232722143864599,1.5232722143864599,,,,,,,,,,,,,,,,,,1.0,
535888,Yago,,6305,AM,,bra_b,Brasileirão Série B,8814,1000000394,2026,,,,,701.0,,,,,,0.6,0.08,0.6,0.08,0.0,1.3,0.1,32.0,0.25677603423680456,0.25677603423680456,0.25677603423680456,1.0,1.8,0.1,3.9,2.2,0.4,1.2,0.1,2.8,,,,,,,2.2,3.0,
1204392,Matheus Albino,CRB,104821,GK,GK,bra_b,Brasileirão Série B,8814,1000000394,2026,31.0,Brazil,192.0,0.323628,694.0,,,,,,,,0.0,,,,,,0.12968299711815562,0.12968299711815562,,,,,,,,,,,,,,,,,,1.0,
1130901,Nathan,Juventude,10274,FB,"RWB,RM",bra_b,Brasileirão Série B,8814,1000000394,2026,25.0,Brazil,185.0,0.669791,682.0,,,,,,0.1,,0.7,,,,,,1.9794721407624634,1.9794721407624634,0.26392961876832843,,,,,,,,,,,,,,,,,1.0,
78911,Titi,Juventude,10274,CB,CB,bra_b,Brasileirão Série B,8814,1000000394,2026,38.0,Brazil,188.0,0.136261,679.0,,,,,,0.4,,0.1,,0.026509572901325478,,,,0.1325478645066274,0.1325478645066274,,1.0,,,,,,,,,,,,,,,,3.0,
989457,Marlon,Sport Recife,6305,W,"LW,RW,ST",bra_b,Brasileirão Série B,8814,1000000394,2026,29.0,Brazil,176.0,0.240619,677.0,6.56,1.0,2.0,0.13,0.2658788774002954,1.3,0.18,1.7,0.23,0.10635155096011817,2.1,0.4,27.5,1.861152141802068,1.861152141802068,0.6646971935007385,3.0,1.3,1.2,3.5,1.7,0.3,1.5,,4.5,,,,,,,1.5,4.0,
1905653,Enzo,Ceará,172341,W,"RW,CAM",bra_b,Brasileirão Série B,8814,1000000394,2026,20.0,Brazil,173.0,,677.0,6.7,2.0,2.0,0.27,0.2658788774002954,0.6,0.08,0.6,0.08,0.2791728212703102,1.5,0.9,16.8,1.1964549483013294,1.1964549483013294,0.1329394387001477,,0.7,0.5,6.2,2.9,1.1,2.1,0.1,3.6,,,,,,,3.1,3.0,
1088049,Raí Ramos,Juventude,10274,FB,"RWB,RM",bra_b,Brasileirão Série B,8814,1000000394,2026,32.0,Brazil,179.0,0.314069,676.0,,,,,,0.3,,0.5,,0.07988165680473373,,,,0.5325443786982249,0.5325443786982249,,,,,,,,,,,,,,,,,,1.0,
847383,Igor Bohn,Avaí,104822,GK,GK,bra_b,Brasileirão Série B,8814,1000000394,2026,30.0,Brazil,193.0,0.202926,676.0,,,,,,,,0.0,,,,,,,,,,,,,,,,,,,2.0,,,,,,,
1791139,Breno,Vila Nova,109706,CB,CB,bra_b,Brasileirão Série B,8814,1000000394,2026,24.0,Brazil,183.0,,674.0,,1.0,,,,0.9,,0.3,,0.13353115727002968,,,,0.26706231454005935,0.26706231454005935,,,,,,,,,,,,,,,,,,1.0,
1343058,Carlinhos,Novorizontino,581838,CB,CB,bra_b,Brasileirão Série B,8814,1000000394,2026,31.0,Brazil,175.0,0.149299,669.0,,,,,,0.3,,0.1,,,,,,0.26905829596412556,0.26905829596412556,,,,,,,,,,,,,,,,,,1.0,
1180659,Eduardo Person,América-MG,1757,AM,"CAM,CM,LW",bra_b,Brasileirão Série B,8814,1000000394,2026,29.0,Brazil,174.0,0.200459,668.0,,,,,,0.6,,2.6,,0.01347305389221557,,,,2.0209580838323356,2.0209580838323356,0.2694610778443114,,,,,,,,,,,,,,,,,2.0,
1430300,Edson,Sport Recife,6305,FB,LB,bra_b,Brasileirão Série B,8814,1000000394,2026,26.0,Brazil,175.0,0.386574,667.0,,,1.0,,0.13493253373313344,0.3,,0.8,,0.06746626686656672,,,,1.0794602698650675,1.0794602698650675,,,,,,,,,,,,,,,,,,2.0,
1216001,Éverton,,1757,W,,bra_b,Brasileirão Série B,8814,1000000394,2026,,,,,667.0,,,,,,1.0,,0.8,,0.12143928035982009,,,,1.4842578710644678,1.4842578710644678,0.13493253373313344,2.0,,,,,,,,,,,,,,,,1.0,
637570,Iury Castilho,,6305,W,,bra_b,Brasileirão Série B,8814,1000000394,2026,,,,,664.0,,1.0,1.0,,0.1355421686746988,2.4,,0.9,,0.28463855421686746,,,,1.0843373493975903,1.0843373493975903,0.2710843373493976,5.0,,,,,,,,,,,,,,,,4.0,1.0
1743176,Baldória,Goiás,9862,DM,CDM,bra_b,Brasileirão Série B,8814,1000000394,2026,21.0,Brazil,181.0,0.582954,663.0,,,,,,0.0,0.01,0.2,0.03,0.0,0.4,0.1,32.6,0.8144796380090498,0.8144796380090498,0.13574660633484162,,2.2,0.7,7.5,2.4,2.4,1.6,1.0,3.4,,,,,,,1.6,2.0,
517292,Alan Empereur,Cuiabá,197815,CB,CB,bra_b,Brasileirão Série B,8814,1000000394,2026,32.0,Brazil,186.0,0.232744,663.0,,,,,,,,0.1,,,,,,0.4072398190045249,0.4072398190045249,,,,,,,,,,,,,,,,,,1.0,
268035,Bruno Brígido,América-MG,1757,GK,GK,bra_b,Brasileirão Série B,8814,1000000394,2026,35.0,Brazil,188.0,0.10368,659.0,,,,,,,,0.0,,,,,,0.13657056145675264,0.13657056145675264,,,,,,,,,,,,1.0,,,,,,,
1759840,Tavinho,Novorizontino,581838,W,"RW,LW,RM",bra_b,Brasileirão Série B,8814,1000000394,2026,22.0,Brazil,171.0,,648.0,,2.0,,0.28,,0.8,0.11,0.7,0.1,0.20833333333333334,1.5,0.7,22.4,1.5277777777777777,1.5277777777777777,0.1388888888888889,1.0,0.8,1.4,2.2,1.7,0.6,,,3.9,,,,,,,2.2,2.0,
585911,Luca Sosa,América-MG,1757,CB,CB,bra_b,Brasileirão Série B,8814,1000000394,2026,32.0,Argentina,185.0,0.448394,648.0,,,,,,0.6,,0.1,,0.027777777777777776,,,,,,,1.0,,,,,,,,,,,,,,,,,
833981,Igor Henrique,,165545,DM,,bra_b,Brasileirão Série B,8814,1000000394,2026,,,,,647.0,,,,,,1.4,,0.2,,0.0,,,,0.41731066460587324,0.41731066460587324,,1.0,,,,,,,,,,,,,,,,1.0,1.0
1033153,Fábio Gomes,Cuiabá,197815,ST,ST,bra_b,Brasileirão Série B,8814,1000000394,2026,29.0,Brazil,178.0,0.449423,641.0,,2.0,2.0,,0.28081123244929795,2.2,,0.5,,0.2667706708268331,,,,0.982839313572543,0.982839313572543,0.28081123244929795,1.0,,,,,,,,,,,,,,,,,
1436043,Baianinho,,8630,W,,bra_b,Brasileirão Série B,8814,1000000394,2026,,,,,638.0,,1.0,,0.14,,1.6,0.23,0.3,0.04,0.15517241379310348,1.6,0.4,9.6,1.128526645768025,1.128526645768025,0.28213166144200624,1.0,0.3,1.8,1.7,1.1,0.4,0.1,,4.9,,,,,,,3.9,3.0,1.0
813039,Fernandinho,,172341,W,,bra_b,Brasileirão Série B,8814,1000000394,2026,,,,,638.0,,1.0,1.0,,0.14106583072100312,0.5,,1.2,,0.08463949843260188,,,,1.5517241379310345,1.5517241379310345,0.14106583072100312,1.0,,,,,,,,,,,,,,,,1.0,1.0
943386,Wendel,Ceará,172341,ST,ST,bra_b,Brasileirão Série B,8814,1000000394,2026,26.0,Brazil,180.0,1.642667,630.0,,,1.0,,0.14285714285714285,1.5,,0.7,,0.11428571428571428,,,,1.2857142857142858,1.2857142857142858,0.2857142857142857,2.0,,,,,,,,,,,,,,,,1.0,
980462,Caio Marcelo,,109706,CB,,bra_b,Brasileirão Série B,8814,1000000394,2026,,,,,630.0,,,,,,0.1,,0.1,,,,,,,,,,,,,,,,,,,,,,,,,3.0,
1928323,Pedro,Criciúma,7729,GK,GK,bra_b,Brasileirão Série B,8814,1000000394,2026,21.0,Brazil,194.0,,630.0,,,,,,,,0.0,,,,,,0.14285714285714285,0.14285714285714285,,,,,,,,,,,,4.0,,,,,,,
1176041,Ronald,Criciúma,7729,CM,"CM,CDM,CAM",bra_b,Brasileirão Série B,8814,1000000394,2026,29.0,Brazil,171.0,0.504623,628.0,,,1.0,,0.14331210191082802,0.1,,0.5,,0.0,,,,1.2898089171974523,1.2898089171974523,,,,,,,,,,,,,,,,,,1.0,
579795,Barreto,América-MG,1757,DM,"CDM,ST",bra_b,Brasileirão Série B,8814,1000000394,2026,30.0,Brazil,181.0,0.193057,628.0,,,,,,0.2,,0.3,,0.028662420382165606,,,,1.1464968152866242,1.1464968152866242,,,,,,,,,,,,,,,,,,3.0,
267848,Mário Sérgio,São Bernardo,231931,FB,"LB,LM",bra_b,Brasileirão Série B,8814,1000000394,2026,32.0,Brazil,179.0,0.079787,622.0,,2.0,3.0,,0.4340836012861736,0.7,,0.7,,0.2315112540192926,,,,1.157556270096463,1.157556270096463,0.4340836012861736,,,,,,,,,,,,,,,,,,
1034321,Everton,Vila Nova,109706,W,"RW,ST",bra_b,Brasileirão Série B,8814,1000000394,2026,29.0,Brazil,177.0,0.637133,618.0,,2.0,,,,1.4,,0.5,,0.3349514563106796,,,,1.3106796116504855,1.3106796116504855,,,,,,,,,,,,,,,,,,,
750057,Felipe Vizeu,Avaí,104822,ST,ST,bra_b,Brasileirão Série B,8814,1000000394,2026,29.0,Brazil,185.0,0.321672,618.0,,,,,,2.5,,0.4,,0.21844660194174756,,,,0.4368932038834951,0.4368932038834951,,6.0,,,,,,,,,,,,,,,,2.0,
121939,Nino Paraíba,Londrina,298660,FB,"RWB,RM,RB",bra_b,Brasileirão Série B,8814,1000000394,2026,40.0,Brazil,168.0,0.065977,617.0,,,,,,0.1,0.01,0.9,0.14,,0.3,,22.6,2.0421393841166937,2.0421393841166937,0.1458670988654781,,2.6,0.3,5.8,0.7,1.3,3.8,,3.6,,,,,,,1.5,,
1406628,Douglas Mendes,Vila Nova,109706,CB,CB,bra_b,Brasileirão Série B,8814,1000000394,2026,22.0,Brazil,190.0,1.032087,616.0,,1.0,,,,0.4,,0.3,,0.11688311688311688,,,,0.5844155844155844,0.5844155844155844,,,,,,,,,,,,,,,,,,1.0,
1786037,Assis,Athletic Club MG,1221604,W,"RW,CAM",bra_b,Brasileirão Série B,8814,1000000394,2026,24.0,Brazil,172.0,,614.0,6.23,,1.0,,0.1465798045602606,0.8,0.12,0.6,0.08,0.043973941368078175,1.6,0.4,21.5,1.3192182410423452,1.3192182410423452,0.2931596091205212,1.0,0.4,0.9,2.5,1.2,1.0,0.3,,5.0,,,,,,,4.3,2.0,
1888822,Diego Galo,Novorizontino,581838,W,"LW,LM",bra_b,Brasileirão Série B,8814,1000000394,2026,21.0,Brazil,176.0,0.788629,614.0,,1.0,2.0,0.15,0.2931596091205212,0.7,0.1,1.3,0.19,0.043973941368078175,2.5,0.7,22.1,1.6123778501628665,1.6123778501628665,0.43973941368078173,,0.7,1.3,2.2,0.7,0.7,0.7,,3.8,,,,,,,1.0,2.0,
1043436,Sávio,Ceará,172341,FB,LB,bra_b,Brasileirão Série B,8814,1000000394,2026,31.0,Brazil,175.0,0.208799,612.0,,,,,,0.3,,1.0,,0.014705882352941176,,,,1.7647058823529411,1.7647058823529411,0.14705882352941177,1.0,,,,,,,,,,,,,,,,,
1047943,Alê,América-MG,1757,DM,"CDM,CAM",bra_b,Brasileirão Série B,8814,1000000394,2026,36.0,Brazil,184.0,0.182675,610.0,,,,,,0.7,,0.3,,0.04426229508196721,,,,0.4426229508196721,0.4426229508196721,,,,,,,,,,,,,,,,,,1.0,
1741917,Caio,Londrina,298660,CB,CB,bra_b,Brasileirão Série B,8814,1000000394,2026,22.0,Brazil,,,609.0,,1.0,,,,0.3,,0.0,,0.08866995073891626,,,,,,,,,,,,,,,,,,,,,,,4.0,
1936798,Gustavo Almeida,Ponte Preta,8630,CB,"CB,RB",bra_b,Brasileirão Série B,8814,1000000394,2026,20.0,Brazil,,,609.0,,,,,,0.0,,0.4,,,,,,0.1477832512315271,0.1477832512315271,,,,,,,,,,,,,,,,,,1.0,
1296383,Gustavo Maia,Atlético-GO,165545,W,LW,bra_b,Brasileirão Série B,8814,1000000394,2026,25.0,Brazil,168.0,0.547223,608.0,,1.0,,,,1.1,,1.1,,0.22203947368421054,,,,2.2203947368421053,2.2203947368421053,0.4440789473684211,1.0,,,,,,,,,,,,,,,,,
1638937,Dantas,,581838,CB,,bra_b,Brasileirão Série B,8814,1000000394,2026,,,,,602.0,,,,,,0.2,,0.1,,0.08970099667774087,,,,0.14950166112956811,0.14950166112956811,,,,,,,,,,,,,,,,,,1.0,
1636443,Diego Caito,,9862,FB,,bra_b,Brasileirão Série B,8814,1000000394,2026,,,,,600.0,,,2.0,,0.3,0.5,,2.0,,0.045,,,,1.05,1.05,0.3,1.0,,,,,,,,,,,,,,,,1.0,
1639467,Guilherme Aquino,Avaí,104822,CB,CB,bra_b,Brasileirão Série B,8814,1000000394,2026,22.0,Brazil,,,600.0,,,,,,0.3,,0.1,,0.03,,,,0.45,0.45,,,,,,,,,,,,,,,,,,3.0,
1616627,Lucas Rian,São Bernardo,231931,W,"LW,RW",bra_b,Brasileirão Série B,8814,1000000394,2026,26.0,Brazil,,0.190794,599.0,,2.0,1.0,,0.15025041736227046,0.9,,0.5,,0.3005008347245409,,,,1.352253756260434,1.352253756260434,0.3005008347245409,,,,,,,,,,,,,,,,,1.0,1.0
1931907,Bruninho,Athletic Club MG,1221604,W,RW,bra_b,Brasileirão Série B,8814,1000000394,2026,23.0,Brazil,,,598.0,6.44,2.0,1.0,0.3,0.1505016722408027,3.7,0.55,0.6,0.09,0.4063545150501673,2.9,0.9,19.4,1.806020066889632,1.806020066889632,0.1505016722408027,2.0,0.5,2.0,2.9,1.5,0.6,0.6,0.2,3.5,,,,,,,2.7,4.0,
1928068,Otávio Gonçalves,América-MG,1757,DM,CDM,bra_b,Brasileirão Série B,8814,1000000394,2026,20.0,Brazil,,,594.0,,,,,,0.6,,0.3,,0.015151515151515152,,,,1.2121212121212122,1.2121212121212122,0.15151515151515152,,,,,,,,,,,,,,,,,3.0,
1415886,Léo Alaba,,1757,FB,,bra_b,Brasileirão Série B,8814,1000000394,2026,,,,,593.0,,,,,,0.4,,0.5,,0.045531197301854974,,,,0.7588532883642496,0.7588532883642496,,1.0,,,,,,,,,,,,,,,,2.0,
1362434,Welliton,Fortaleza,8287,W,"RW,RM,CAM",bra_b,Brasileirão Série B,8814,1000000394,2026,26.0,Brazil,180.0,0.568844,587.0,6.41,1.0,,0.15,,1.3,0.2,0.9,0.13,0.2606473594548552,2.8,1.1,19.6,1.3798977853492334,1.3798977853492334,,1.0,,4.0,3.7,1.7,1.4,0.2,0.5,3.8,,,,,,,0.9,,
887683,Wesley,,104822,FB,,bra_b,Brasileirão Série B,8814,1000000394,2026,,,,,586.0,,,1.0,,0.15358361774744028,0.2,,0.7,,0.015358361774744027,,,,0.7679180887372014,0.7679180887372014,0.30716723549488056,,,,,,,,,,,,,,,,,2.0,
1766569,Miguel,Ponte Preta,8630,W,LW,bra_b,Brasileirão Série B,8814,1000000394,2026,21.0,Brazil,,,585.0,,1.0,,0.15,,1.1,0.16,0.1,0.02,0.15384615384615385,2.5,0.5,13.4,0.6153846153846154,0.6153846153846154,,1.0,0.3,1.4,3.2,1.1,0.9,1.2,,3.2,,,,,,,1.2,3.0,
1666535,Guilherme Portuga,Londrina,298660,CM,"CM,CAM,CDM",bra_b,Brasileirão Série B,8814,1000000394,2026,28.0,Brazil,,0.10368,582.0,,1.0,,,,1.1,,0.6,,0.15463917525773196,,,,1.5463917525773196,1.5463917525773196,0.15463917525773196,,,,,,,,,,,,,,,,,2.0,
1481530,Felipe Negrucci,Athletic Club MG,1221604,DM,"CDM,CM",bra_b,Brasileirão Série B,8814,1000000394,2026,22.0,Brazil,180.0,,580.0,,1.0,,,,0.2,,0.1,,0.09310344827586207,,,,1.0862068965517242,1.0862068965517242,0.15517241379310345,,,,,,,,,,,,,,,,,,
1387186,Eliel,Cuiabá,197815,AM,"CAM,RW",bra_b,Brasileirão Série B,8814,1000000394,2026,23.0,Brazil,175.0,0.419987,578.0,,,4.0,,0.6228373702422145,1.3,,1.5,,0.04671280276816609,,,,1.245674740484429,1.245674740484429,0.7785467128027682,2.0,,,,,,,,,,,,,,,,,
749387,Matheusinho,Atlético-GO,165545,W,"RW,RM,LW,CAM",bra_b,Brasileirão Série B,8814,1000000394,2026,28.0,Brazil,165.0,0.741629,573.0,,,1.0,,0.15706806282722513,0.6,,0.5,,0.10994764397905758,,,,1.4136125654450262,1.4136125654450262,0.15706806282722513,,,,,,,,,,,,,,,,,1.0,
1905639,Giulio,,172341,W,,bra_b,Brasileirão Série B,8814,1000000394,2026,,,,,573.0,,1.0,3.0,,0.4712041884816754,2.2,,0.3,,0.2356020942408377,,,,1.256544502617801,1.256544502617801,0.4712041884816754,3.0,,,,,,,,,,,,,,,,,
1292408,Wilinton Aponzá,Athletic Club MG,1221604,ST,ST,bra_b,Brasileirão Série B,8814,1000000394,2026,26.0,Colombia,193.0,0.282493,573.0,,4.0,,,,3.2,,0.4,,0.4869109947643979,,,,0.9424083769633508,0.9424083769633508,0.15706806282722513,1.0,,,,,,,,,,,,,,,,4.0,
1636448,Eric Melo,Cuiabá,197815,CB,"CB,LWB",bra_b,Brasileirão Série B,8814,1000000394,2026,26.0,Brazil,180.0,0.257952,570.0,,1.0,,,,0.4,,0.6,,0.07894736842105263,,,,1.736842105263158,1.736842105263158,0.15789473684210525,,,,,,,,,,,,,,,,,4.0,
1734324,Ruan,Criciúma,7729,CB,CB,bra_b,Brasileirão Série B,8814,1000000394,2026,19.0,Brazil,,0.591502,565.0,,,1.0,,0.1592920353982301,0.7,,0.7,,,,,,0.4778761061946903,0.4778761061946903,0.3185840707964602,1.0,,,,,,,,,,,,,,,,2.0,
583766,Careca,Novorizontino,581838,W,LW,bra_b,Brasileirão Série B,8814,1000000394,2026,29.0,Brazil,187.0,0.229413,564.0,,1.0,1.0,,0.1595744680851064,1.2,,0.8,,0.2234042553191489,,,,0.6382978723404256,0.6382978723404256,,1.0,,,,,,,,,,,,,,,,3.0,
876272,Romarinho,Criciúma,7729,W,"LW,CAM,LM",bra_b,Brasileirão Série B,8814,1000000394,2026,32.0,Brazil,168.0,0.271638,553.0,,,3.0,,0.488245931283906,0.3,0.05,1.4,0.22,0.0325497287522604,0.8,0.2,26.9,1.6274864376130198,1.6274864376130198,0.488245931283906,,1.0,0.7,1.3,0.5,0.7,0.2,,5.4,,,,,,,1.1,2.0,
1130080,Índio,Operário-PR,197429,DM,"CDM,CM,CB",bra_b,Brasileirão Série B,8814,1000000394,2026,33.0,Brazil,185.0,0.191758,549.0,,,1.0,,0.16393442622950818,0.1,0.01,0.3,0.06,,0.5,,41.8,0.4918032786885246,0.4918032786885246,0.16393442622950818,1.0,2.8,0.3,3.9,1.5,0.5,1.6,0.3,3.9,,,,,,,1.0,3.0,
1245542,Wenderson,Avaí,104822,W,"LW,CAM",bra_b,Brasileirão Série B,8814,1000000394,2026,27.0,Brazil,174.0,0.657773,543.0,6.23,1.0,,0.17,,0.5,0.09,0.3,0.05,0.09944751381215469,1.5,0.3,29.3,1.160220994475138,1.160220994475138,,,1.7,1.3,3.5,0.8,0.7,1.5,0.5,6.0,,,,,,,1.3,1.0,
1402320,Jhan Torres,Athletic Club MG,1221604,CB,CB,bra_b,Brasileirão Série B,8814,1000000394,2026,25.0,Colombia,186.0,0.266594,543.0,,,,,,,,0.2,,,,,,,,,,,,,,,,,,,,,,,,,1.0,
494029,Dodô,Vila Nova,109706,AM,CAM,bra_b,Brasileirão Série B,8814,1000000394,2026,32.0,Brazil,178.0,0.201799,541.0,,,2.0,,0.33271719038817005,0.8,0.13,0.8,0.13,0.04990757855822551,2.7,0.5,32.3,2.3290203327171906,2.3290203327171906,,,2.3,0.7,2.8,0.7,0.8,1.2,0.2,3.8,,,,,,,1.7,1.0,
1057533,Weverton,Londrina,298660,FB,RB,bra_b,Brasileirão Série B,8814,1000000394,2026,27.0,Brazil,181.0,0.093588,540.0,,,1.0,,0.16666666666666666,,,0.3,,,,,,1.0,1.0,,,,,,,,,,,,,,,,,,1.0,
535890,Vinícius,Fortaleza,8287,GK,GK,bra_b,Brasileirão Série B,8814,1000000394,2026,32.0,Brazil,194.0,0.200459,540.0,,,,,,,,0.0,,,,,,,,,,,,,,,,,,,3.0,,,,,,,
845941,Esli García,Goiás,9862,ST,ST,bra_b,Brasileirão Série B,8814,1000000394,2026,26.0,Venezuela,163.0,0.32108,539.0,,2.0,3.0,0.33,0.5009276437847866,2.2,0.37,1.6,0.27,0.5009276437847866,2.8,1.8,21.4,2.0037105751391464,2.0037105751391464,0.6679035250463822,2.0,1.2,2.3,2.2,1.5,0.2,0.5,,4.7,,,,,,,2.0,2.0,1.0
1927905,Walace França,,104822,ST,,bra_b,Brasileirão Série B,8814,1000000394,2026,,,,,534.0,,3.0,,,,0.7,,0.1,,0.15168539325842698,,,,0.33707865168539325,0.33707865168539325,,,,,,,,,,,,,,,,,,3.0,1.0
1080516,Ángel Torres,Operário-PR,197429,W,RW,bra_b,Brasileirão Série B,8814,1000000394,2026,26.0,Colombia,182.0,0.40681,530.0,,1.0,2.0,,0.33962264150943394,1.2,,0.6,,0.15283018867924528,,,,1.0188679245283019,1.0188679245283019,0.33962264150943394,,,,,,,,,,,,,,,,,,
314285,Fernando Elizari,América-MG,1757,AM,CAM,bra_b,Brasileirão Série B,8814,1000000394,2026,35.0,Argentina,173.0,0.183774,527.0,,2.0,1.0,,0.17077798861480076,0.9,,1.2,,0.15370018975332067,,,,2.390891840607211,2.390891840607211,0.17077798861480076,,,,,,,,,,,,,,,,,1.0,
1320166,Yago Santos,Athletic Club MG,1221604,AM,CAM,bra_b,Brasileirão Série B,8814,1000000394,2026,23.0,Brazil,184.0,0.266452,527.0,,1.0,1.0,,0.17077798861480076,1.1,,0.3,,0.15370018975332067,,,,1.0246679316888045,1.0246679316888045,0.17077798861480076,1.0,,,,,,,,,,,,,,,,,
849498,Eduardo Brock,Novorizontino,581838,CB,CB,bra_b,Brasileirão Série B,8814,1000000394,2026,35.0,Brazil,185.0,0.370396,525.0,,,,,,0.1,,0.2,,0.0,,,,0.34285714285714286,0.34285714285714286,,,,,,,,,,,,,,,,,,,
1938613,Henrique Freitas,Atlético-GO,165545,AM,"CAM,RW",bra_b,Brasileirão Série B,8814,1000000394,2026,27.0,Brazil,,,521.0,,,1.0,,0.1727447216890595,0.9,,0.7,,0.08637236084452975,,,,0.345489443378119,0.345489443378119,0.1727447216890595,1.0,,,,,,,,,,,,,,,,1.0,
1637477,João Vitor,Avaí,104822,FB,"RB,RM",bra_b,Brasileirão Série B,8814,1000000394,2026,24.0,Brazil,,0.189889,520.0,,,1.0,,0.17307692307692307,0.2,,0.3,,0.03461538461538462,,,,1.2115384615384615,1.2115384615384615,,,,,,,,,,,,,,,,,,1.0,
1462842,Ronald,Fortaleza,8287,DM,"CDM,CM,CB",bra_b,Brasileirão Série B,8814,1000000394,2026,23.0,Brazil,186.0,,519.0,,1.0,,,,1.1,,0.1,,0.17341040462427745,,,,0.17341040462427745,0.17341040462427745,,,,,,,,,,,,,,,,,,,
1796277,Weverson,Cuiabá,197815,W,LM,bra_b,Brasileirão Série B,8814,1000000394,2026,23.0,Brazil,,,517.0,6.61,,1.0,,0.17408123791102514,0.2,0.04,0.9,0.15,0.017408123791102514,1.2,0.3,19.7,2.0889748549323017,2.0889748549323017,0.5222437137330754,,1.7,1.9,5.7,2.4,1.4,1.9,,6.3,,,,,,,0.7,2.0,
1657476,Thauan,,1757,W,,bra_b,Brasileirão Série B,8814,1000000394,2026,,,,,517.0,,,,,,0.6,,0.4,,0.10444874274661509,,,,1.2185686653771761,1.2185686653771761,0.17408123791102514,,,,,,,,,,,,,,,,,2.0,
1320951,Habraão,Sport Recife,6305,CB,CB,bra_b,Brasileirão Série B,8814,1000000394,2026,25.0,Brazil,187.0,0.73857,511.0,,,,,,0.4,,0.0,,,,,,0.1761252446183953,0.1761252446183953,,1.0,,,,,,,,,,,,,,,,1.0,
1905663,Gabriel Rocha,Ceará,172341,CB,CB,bra_b,Brasileirão Série B,8814,1000000394,2026,20.0,Brazil,,,508.0,,1.0,1.0,,0.17716535433070865,0.2,,0.0,,0.1062992125984252,,,,0.3543307086614173,0.3543307086614173,0.17716535433070865,,,,,,,,,,,,,,,,,,
401955,Dieguinho,,172341,DM,,bra_b,Brasileirão Série B,8814,1000000394,2026,,,,,506.0,,,,,,0.1,,0.6,,0.0533596837944664,,,,1.4229249011857708,1.4229249011857708,0.17786561264822134,,,,,,,,,,,,,,,,,1.0,
1929091,William,Avaí,104822,W,LM,bra_b,Brasileirão Série B,8814,1000000394,2026,20.0,Brazil,176.0,,505.0,,,,,,0.2,,0.6,,0.01782178217821782,,,,0.8910891089108911,0.8910891089108911,,,,,,,,,,,,,,,,,,,1.0
1944604,Júlio,América-MG,1757,W,RW,bra_b,Brasileirão Série B,8814,1000000394,2026,20.0,Brazil,,,498.0,,,,,,0.5,,0.6,,0.05421686746987952,,,,1.9879518072289157,1.9879518072289157,0.3614457831325301,,,,,,,,,,,,,,,,,,
1605941,Fábio,América-MG,1757,FB,RB,bra_b,Brasileirão Série B,8814,1000000394,2026,25.0,Brazil,,0.252488,498.0,,,,,,0.1,,0.6,,0.07228915662650602,,,,1.4457831325301205,1.4457831325301205,0.18072289156626506,,,,,,,,,,,,,,,,,,
1481531,Gustavo Henrique,Náutico,2369,CB,CB,bra_b,Brasileirão Série B,8814,1000000394,2026,20.0,Brazil,,0.362461,497.0,,1.0,,,,0.3,,0.1,,0.16297786720321933,,,,0.18108651911468812,0.18108651911468812,,,,,,,,,,,,,,,,,,2.0,
1936789,Juan,Ponte Preta,8630,CM,CM,bra_b,Brasileirão Série B,8814,1000000394,2026,20.0,Brazil,175.0,,496.0,,,,,,0.4,,0.7,,0.10887096774193548,,,,0.5443548387096774,0.5443548387096774,0.1814516129032258,2.0,,,,,,,,,,,,,,,,2.0,
883000,Jorge Jiménez,América-MG,1757,DM,"CDM,CM",bra_b,Brasileirão Série B,8814,1000000394,2026,33.0,Paraguay,181.0,0.191959,491.0,,,,,,0.1,0.02,0.2,0.03,0.018329938900203666,0.7,0.2,63.8,0.5498981670061099,0.5498981670061099,,,3.3,0.2,6.4,1.8,1.5,2.6,0.5,6.6,,,,,,,1.1,2.0,
1037548,Zanocelo,Ceará,172341,DM,CDM,bra_b,Brasileirão Série B,8814,1000000394,2026,25.0,Brazil,184.0,1.585946,491.0,,1.0,,,,1.4,,0.2,,0.164969450101833,,,,0.7331975560081466,0.7331975560081466,,,,,,,,,,,,,,,,,,2.0,
751532,Jefferson Nem,Botafogo SP,8355,W,"RW,LW,CAM",bra_b,Brasileirão Série B,8814,1000000394,2026,30.0,Brazil,166.0,0.228905,489.0,,,,,,0.4,0.07,0.4,0.07,0.03680981595092025,1.8,0.2,29.8,0.5521472392638037,0.5521472392638037,0.18404907975460122,,2.0,2.4,2.8,1.3,0.7,0.7,,6.1,,,,,,,0.9,1.0,
672094,Carlão,Novorizontino,581838,ST,ST,bra_b,Brasileirão Série B,8814,1000000394,2026,34.0,Brazil,,0.29962,487.0,6.34,4.0,1.0,0.74,0.18480492813141683,3.0,0.56,0.3,0.06,0.5913757700205339,3.9,1.5,14.8,1.6632443531827514,1.6632443531827514,0.36960985626283366,4.0,0.4,0.4,3.5,1.8,0.6,0.9,0.2,3.0,,,,,,,1.7,1.0,
1796136,Wadson,Juventude,10274,FB,LWB,bra_b,Brasileirão Série B,8814,1000000394,2026,26.0,Brazil,183.0,,484.0,,1.0,1.0,0.19,0.1859504132231405,0.6,0.11,0.7,0.14,0.1859504132231405,1.1,0.7,28.8,1.115702479338843,1.115702479338843,0.371900826446281,,1.7,0.7,7.3,2.2,2.6,2.4,,5.0,,,,,,,1.5,2.0,
265619,Gilberto,Londrina,298660,ST,ST,bra_b,Brasileirão Série B,8814,1000000394,2026,37.0,Brazil,178.0,0.114871,484.0,,2.0,,,,2.4,,0.1,,0.24173553719008264,,,,0.5578512396694215,0.5578512396694215,,2.0,,,,,,,,,,,,,,,,3.0,
1509629,Rafael Monteiro,Londrina,298660,FB,LB,bra_b,Brasileirão Série B,8814,1000000394,2026,22.0,Brazil,,0.261655,483.0,,,,,,0.1,,0.1,,,,,,0.37267080745341613,0.37267080745341613,,,,,,,,,,,,,,,,,,2.0,
1776096,Yuri,Botafogo SP,8355,DM,CDM,bra_b,Brasileirão Série B,8814,1000000394,2026,20.0,Brazil,,,481.0,,,,,,0.0,,0.2,,,,,,0.37422037422037424,0.37422037422037424,,,,,,,,,,,,,,,,,,2.0,1.0
1111496,Patryck,Juventude,10274,FB,"LWB,LM",bra_b,Brasileirão Série B,8814,1000000394,2026,23.0,Brazil,184.0,0.746928,481.0,,1.0,,,,0.3,,0.2,,0.11226611226611227,,,,0.7484407484407485,0.7484407484407485,,,,,,,,,,,,,,,,,,1.0,
1933462,Thiaguinho,Criciúma,7729,DM,"CDM,CM",bra_b,Brasileirão Série B,8814,1000000394,2026,20.0,Brazil,,0.663172,476.0,,,,,,0.1,0.03,0.2,0.04,,0.8,,37.8,0.9453781512605042,0.9453781512605042,,1.0,2.6,0.8,3.0,1.9,0.9,0.2,,3.2,,,,,,,1.1,2.0,
1269872,Pedro Martins,,6305,DM,,bra_b,Brasileirão Série B,8814,1000000394,2026,,,,,476.0,,,,,,0.1,0.01,0.3,0.05,,0.9,,51.6,0.37815126050420167,0.37815126050420167,0.18907563025210083,,3.6,0.4,4.3,0.9,1.1,2.1,0.2,4.0,,,,,,,1.9,2.0,
1732667,Kauan Lindes,Athletic Club MG,1221604,W,"LW,CDM",bra_b,Brasileirão Série B,8814,1000000394,2026,22.0,Brazil,180.0,0.424883,476.0,,3.0,,,,0.8,,0.2,,0.32142857142857145,,,,0.9453781512605042,0.9453781512605042,,,,,,,,,,,,,,,,,,1.0,
1259570,Felipe,Botafogo SP,8355,FB,LB,bra_b,Brasileirão Série B,8814,1000000394,2026,27.0,Brazil,177.0,0.199563,474.0,,1.0,,,,0.4,,0.9,,0.22784810126582278,,,,1.7088607594936709,1.7088607594936709,0.379746835443038,1.0,,,,,,,,,,,,,,,,7.0,
1801079,Léo Jacó,,165545,ST,,bra_b,Brasileirão Série B,8814,1000000394,2026,,,,,464.0,,4.0,,0.78,,3.7,0.72,0.1,0.02,0.7370689655172413,2.5,1.4,10.5,0.3879310344827586,0.3879310344827586,,4.0,,0.6,2.3,0.4,,1.9,,2.1,,,,,,,3.1,2.0,
1928139,Gabriel Simples,Avaí,104822,FB,"RB,CB",bra_b,Brasileirão Série B,8814,1000000394,2026,21.0,Brazil,179.0,,461.0,,,,,,0.1,,0.1,,0.0,,,,0.19522776572668113,0.19522776572668113,,,,,,,,,,,,,,,,,,3.0,
1673760,Luís Soares,Cuiabá,197815,CB,CB,bra_b,Brasileirão Série B,8814,1000000394,2026,21.0,Brazil,191.0,,450.0,,,,,,0.1,,0.1,,0.02,,,,,,,,,,,,,,,,,,,,,,,1.0,
1909805,Kauã,Fortaleza,8287,CB,CB,bra_b,Brasileirão Série B,8814,1000000394,2026,19.0,Brazil,185.0,,450.0,,,,,,0.0,,0.2,,,,,,0.4,0.4,,,,,,,,,,,,,,,,,,1.0,
1460428,Jordan,Botafogo SP,8355,GK,GK,bra_b,Brasileirão Série B,8814,1000000394,2026,28.0,Brazil,190.0,0.10368,450.0,,,,,,,,0.0,,,,,,,,,,,,,,,,,,,,,,,,,1.0,
268214,Léo Gamalho,Avaí,104822,ST,ST,bra_b,Brasileirão Série B,8814,1000000394,2026,40.0,Brazil,188.0,0.225864,449.0,,1.0,,,,0.6,,0.2,,0.10022271714922049,,,,1.0022271714922049,1.0022271714922049,,,,,,,,,,,,,,,,,,1.0,
896510,Pedro,Cuiabá,197815,ST,ST,bra_b,Brasileirão Série B,8814,1000000394,2026,29.0,Brazil,188.0,0.921606,446.0,,,,,,1.5,,0.2,,0.20179372197309417,,,,1.210762331838565,1.210762331838565,,4.0,,,,,,,,,,,,,,,,1.0,
1136606,Leonai,,2369,DM,,bra_b,Brasileirão Série B,8814,1000000394,2026,,,,,445.0,,,,,,0.1,,0.2,,,,,,1.0112359550561798,1.0112359550561798,,,,,,,,,,,,,,,,,,4.0,
797332,Carlinhos,Athletic Club MG,1221604,ST,ST,bra_b,Brasileirão Série B,8814,1000000394,2026,29.0,Brazil,195.0,0.537639,445.0,,2.0,1.0,,0.20224719101123595,1.8,,0.3,,0.36404494382022473,,,,0.20224719101123595,0.20224719101123595,0.20224719101123595,1.0,,,,,,,,,,,,,,,,,
717260,Ronaldo Tavares,Athletic Club MG,1221604,ST,ST,bra_b,Brasileirão Série B,8814,1000000394,2026,29.0,Portugal,194.0,0.772418,445.0,,5.0,,,,2.5,,0.1,,0.6674157303370787,,,,0.4044943820224719,0.4044943820224719,0.20224719101123595,3.0,,,,,,,,,,,,,,,,1.0,
498729,Luiz Otávio,Ceará,172341,CB,CB,bra_b,Brasileirão Série B,8814,1000000394,2026,38.0,Brazil,190.0,0.171059,439.0,,,1.0,,0.20501138952164008,0.0,,0.8,,,,,,0.6150341685649203,0.6150341685649203,0.20501138952164008,,,,,,,,,,,,,,,,,1.0,
792064,Jean Irmer,Criciúma,7729,CM,"CM,CDM",bra_b,Brasileirão Série B,8814,1000000394,2026,32.0,Brazil,183.0,0.193057,438.0,,,,,,0.1,,0.1,,0.02054794520547945,,,,0.2054794520547945,0.2054794520547945,,,,,,,,,,,,,,,,,,3.0,
750911,Emerson,América-MG,1757,CB,CB,bra_b,Brasileirão Série B,8814,1000000394,2026,31.0,Brazil,184.0,0.191959,435.0,,1.0,,,,0.5,,0.1,,0.14482758620689654,,,,0.20689655172413793,0.20689655172413793,,1.0,,,,,,,,,,,,,,,,,1.0
1466588,João Maistro,,104822,CB,,bra_b,Brasileirão Série B,8814,1000000394,2026,,,,,432.0,,,,,,,,0.0,,,,,,,,,,,,,,,,,,,,,,,,,,
500605,Rodrigo Souza,Ponte Preta,8630,DM,"CDM,CM",bra_b,Brasileirão Série B,8814,1000000394,2026,38.0,Brazil,186.0,0.142549,427.0,,,,,,0.5,,0.1,,,,,,0.2107728337236534,0.2107728337236534,,2.0,,,,,,,,,,,,,,,,1.0,
600100,Artur,Londrina,298660,FB,"LB,LM",bra_b,Brasileirão Série B,8814,1000000394,2026,32.0,Brazil,178.0,0.16752,425.0,,,,,,0.3,,0.2,,0.10588235294117647,,,,0.8470588235294118,0.8470588235294118,,,,,,,,,,,,,,,,,,1.0,
1331904,Paulo Baya,Fortaleza,8287,W,"LW,LM",bra_b,Brasileirão Série B,8814,1000000394,2026,27.0,Brazil,184.0,,422.0,6.59,1.0,2.0,0.21,0.4265402843601896,1.8,0.38,1.2,0.26,0.4691943127962086,6.0,2.1,18.8,2.559241706161137,2.559241706161137,0.6398104265402843,,1.3,1.3,2.1,0.6,0.4,1.1,,4.7,,,,,,,0.4,1.0,
1281562,Claudinho,Sport Recife,6305,FB,RB,bra_b,Brasileirão Série B,8814,1000000394,2026,26.0,Brazil,180.0,,415.0,,1.0,1.0,,0.21686746987951808,0.3,,0.5,,0.15180722891566265,,,,1.0843373493975903,1.0843373493975903,,,,,,,,,,,,,,,,,,1.0,
850353,Elias,,109706,FB,,bra_b,Brasileirão Série B,8814,1000000394,2026,,,,,412.0,,,,,,0.1,,0.2,,0.021844660194174758,,,,0.4368932038834951,0.4368932038834951,,,,,,,,,,,,,,,,,,2.0,
1521407,Pedro Romano,,109706,CB,,bra_b,Brasileirão Série B,8814,1000000394,2026,,,,,406.0,,,,,,0.3,,0.4,,0.022167487684729065,,,,0.4433497536945813,0.4433497536945813,,,,,,,,,,,,,,,,,,3.0,2.0
614304,Jonathan Costa,Vila Nova,109706,CB,CB,bra_b,Brasileirão Série B,8814,1000000394,2026,31.0,Brazil,186.0,0.070912,405.0,,1.0,,,,0.3,,0.0,,0.2,,,,0.4444444444444444,0.4444444444444444,,,,,,,,,,,,,,,,,,,
323400,Rafa Silva,Vila Nova,109706,ST,ST,bra_b,Brasileirão Série B,8814,1000000394,2026,34.0,Brazil,179.0,0.238697,401.0,,3.0,,,,2.5,,0.1,,1.1446384039900248,,,,1.1221945137157108,1.1221945137157108,,2.0,,,,,,,,,,,,,,,,2.0,
201788,Lucas Mugni,Ceará,172341,AM,CAM,bra_b,Brasileirão Série B,8814,1000000394,2026,34.0,Argentina,181.0,0.330481,399.0,,,1.0,,0.22556390977443608,0.3,,0.9,,0.022556390977443608,,,,2.030075187969925,2.030075187969925,0.22556390977443608,,,,,,,,,,,,,,,,,2.0,
1685243,Kaio Henrique,Fortaleza,8287,FB,LB,bra_b,Brasileirão Série B,8814,1000000394,2026,20.0,Brazil,169.0,1.754928,396.0,,,,,,,,0.1,,,,,,0.22727272727272727,0.22727272727272727,,,,,,,,,,,,,,,,,,,
1187271,Cauê,Criciúma,7729,ST,ST,bra_b,Brasileirão Série B,8814,1000000394,2026,23.0,Brazil,184.0,0.680397,394.0,,1.0,,,,0.8,,0.3,,0.20558375634517767,,,,1.8274111675126903,1.8274111675126903,0.22842639593908629,1.0,,,,,,,,,,,,,,,,,
1535528,Paulinho,,1757,FB,,bra_b,Brasileirão Série B,8814,1000000394,2026,,,,,392.0,,,1.0,,0.22959183673469388,0.1,,0.5,,0.04591836734693878,,,,1.6071428571428572,1.6071428571428572,0.22959183673469388,,,,,,,,,,,,,,,,,1.0,
1444010,Ryan,Náutico,2369,FB,LB,bra_b,Brasileirão Série B,8814,1000000394,2026,24.0,Brazil,172.0,0.355863,391.0,,,,,,0.2,,0.5,,,,,,1.381074168797954,1.381074168797954,0.23017902813299232,,,,,,,,,,,,,,,,,,
1790950,Herbert,Londrina,298660,W,LW,bra_b,Brasileirão Série B,8814,1000000394,2026,26.0,Brazil,178.0,,390.0,,2.0,1.0,,0.23076923076923078,1.4,,0.5,,0.4153846153846154,,,,1.1538461538461537,1.1538461538461537,0.23076923076923078,,,,,,,,,,,,,,,,,1.0,
1807909,Felipe Vieira,Athletic Club MG,1221604,CB,"CB,LB",bra_b,Brasileirão Série B,8814,1000000394,2026,21.0,Brazil,189.0,,386.0,,,,,,0.2,,0.1,,,,,,0.46632124352331605,0.46632124352331605,,,,,,,,,,,,,,,,,,1.0,
1359383,André Dhominique,Londrina,298660,FB,RB,bra_b,Brasileirão Série B,8814,1000000394,2026,22.0,Brazil,178.0,0.420524,386.0,,,,,,,,0.1,,,,,,0.6994818652849741,0.6994818652849741,,,,,,,,,,,,,,,,,,,1.0
675917,Marcão,São Bernardo,231931,DM,CDM,bra_b,Brasileirão Série B,8814,1000000394,2026,35.0,Brazil,185.0,0.071843,385.0,,,,,,0.1,0.02,0.1,0.01,0.046753246753246755,0.7,0.2,29.5,0.23376623376623376,0.23376623376623376,,,1.9,0.2,6.8,2.6,0.2,3.7,0.2,2.8,,,,,,,1.9,1.0,
1462416,Fábio Matheus,Sport Recife,6305,DM,"CDM,CM",bra_b,Brasileirão Série B,8814,1000000394,2026,23.0,Brazil,182.0,0.484307,376.0,,1.0,,,,0.2,,0.4,,0.1196808510638298,,,,1.9148936170212767,1.9148936170212767,0.4787234042553192,,,,,,,,,,,,,,,,,,
750063,Neris,Fortaleza,8287,CB,CB,bra_b,Brasileirão Série B,8814,1000000394,2026,34.0,Brazil,189.0,0.193057,374.0,,1.0,,,,0.2,,0.0,,0.16844919786096255,,,,,,,,,,,,,,,,,,,,,,,1.0,
1652392,Wallace,,104821,CB,,bra_b,Brasileirão Série B,8814,1000000394,2026,,,,,373.0,,,,,,0.5,,0.0,,,,,,0.48257372654155495,0.48257372654155495,,1.0,,,,,,,,,,,,,,,,2.0,
575386,Lucas Crispim,Fortaleza,8287,AM,CAM,bra_b,Brasileirão Série B,8814,1000000394,2026,32.0,Brazil,180.0,0.284052,371.0,,,,,,0.5,,0.5,,0.09703504043126684,,,,1.4555256064690028,1.4555256064690028,0.24258760107816713,1.0,,,,,,,,,,,,,,,,1.0,
1463480,Vinicius Barata,CRB,104821,W,RW,bra_b,Brasileirão Série B,8814,1000000394,2026,27.0,Brazil,177.0,0.331995,360.0,,,,,,1.5,,0.4,,0.3,,,,2.75,2.75,,3.0,,,,,,,,,,,,,,,,2.0,
1929040,Guilherme Viana,Ponte Preta,8630,GK,GK,bra_b,Brasileirão Série B,8814,1000000394,2026,23.0,Brazil,,,360.0,,,,,,,,0.0,,,,,,,,,,,,,,,,,,,,,,,,,,
1171146,Hernandes,,197815,ST,,bra_b,Brasileirão Série B,8814,1000000394,2026,,,,,358.0,,2.0,1.0,,0.25139664804469275,1.2,,0.4,,0.4022346368715084,,,,2.5139664804469275,2.5139664804469275,,,,,,,,,,,,,,,,,,2.0,
79273,Paulo Sérgio,Náutico,2369,ST,ST,bra_b,Brasileirão Série B,8814,1000000394,2026,37.0,Brazil,181.0,0.081825,357.0,,1.0,1.0,,0.25210084033613445,1.8,,0.7,,0.25210084033613445,,,,0.7563025210084033,0.7563025210084033,0.5042016806722689,2.0,,,,,,,,,,,,,,,,1.0,
128033,David Braz,,8630,CB,,bra_b,Brasileirão Série B,8814,1000000394,2026,,,,,356.0,,,,,,0.2,,0.1,,0.17696629213483145,,,,0.25280898876404495,0.25280898876404495,,,,,,,,,,,,,,,,,,2.0,
1437503,Igor Bahia,Londrina,298660,ST,ST,bra_b,Brasileirão Série B,8814,1000000394,2026,33.0,Brazil,189.0,,354.0,,2.0,,,,2.5,,0.2,,0.940677966101695,,,,1.5254237288135593,1.5254237288135593,,4.0,,,,,,,,,,,,,,,,1.0,
1944506,Daniel Davi,São Bernardo,231931,W,LW,bra_b,Brasileirão Série B,8814,1000000394,2026,21.0,Brazil,,,352.0,6.35,1.0,1.0,0.26,0.2556818181818182,1.3,0.34,0.3,0.08,0.5625000000000001,4.1,1.5,18.9,1.2784090909090908,1.2784090909090908,,2.0,1.5,3.3,3.3,1.5,1.0,0.3,0.5,2.8,,,,,,,1.5,3.0,
832060,Luiz Otávio,Cuiabá,197815,CM,CM,bra_b,Brasileirão Série B,8814,1000000394,2026,29.0,Brazil,174.0,0.173254,352.0,,,,,,0.2,,0.5,,,,,,1.5340909090909092,1.5340909090909092,0.2556818181818182,,,,,,,,,,,,,,,,,1.0,
394585,Gabriel Pires,Juventude,10274,CM,"CM,CDM,CAM",bra_b,Brasileirão Série B,8814,1000000394,2026,33.0,Brazil,187.0,0.252789,352.0,,,2.0,,0.5113636363636364,0.5,,0.3,,0.02556818181818182,,,,2.0454545454545454,2.0454545454545454,0.5113636363636364,,,,,,,,,,,,,,,,,1.0,
409188,Luiz Phellype,CRB,104821,ST,ST,bra_b,Brasileirão Série B,8814,1000000394,2026,33.0,Brazil,188.0,0.250845,349.0,,2.0,,0.52,,2.4,0.62,0.2,0.05,0.9541547277936963,4.1,2.1,9.8,1.0315186246418337,1.0315186246418337,0.25787965616045844,3.0,,0.3,2.3,0.8,0.3,1.3,,1.0,,,,,,,2.3,,
787369,Elias Curzel,Operário-PR,197429,GK,GK,bra_b,Brasileirão Série B,8814,1000000394,2026,31.0,Brazil,186.0,0.137967,347.0,,,,,,,,0.0,,,,,,,,,,,,,,,,,,,2.0,,,,,,,
1285529,Matheus Índio,,165545,DM,,bra_b,Brasileirão Série B,8814,1000000394,2026,,,,,346.0,,,,,,0.4,,0.4,,0.18208092485549132,,,,1.560693641618497,1.560693641618497,0.26011560693641617,1.0,,,,,,,,,,,,,,,,1.0,
1233937,Fabrício Daniel,São Bernardo,231931,W,"RW,ST",bra_b,Brasileirão Série B,8814,1000000394,2026,29.0,Brazil,182.0,0.163801,344.0,,2.0,1.0,0.52,0.2616279069767442,1.0,0.26,0.5,0.14,0.34011627906976744,1.6,1.0,19.6,1.569767441860465,1.569767441860465,0.2616279069767442,,1.3,0.3,2.9,0.8,1.0,0.8,0.3,3.7,,,,,,,1.6,2.0,
1710264,Pedro Oliveira,Athletic Club MG,1221604,AM,"CAM,CM",bra_b,Brasileirão Série B,8814,1000000394,2026,28.0,Brazil,176.0,,344.0,,1.0,,,,0.2,,0.2,,0.07848837209302326,,,,0.7848837209302325,0.7848837209302325,,,,,,,,,,,,,,,,,,,
1073978,Luis Phelipe,,8630,ST,,bra_b,Brasileirão Série B,8814,1000000394,2026,,,,,341.0,,1.0,1.0,,0.26392961876832843,1.2,,0.7,,0.2903225806451613,,,,2.1114369501466275,2.1114369501466275,0.26392961876832843,2.0,,,,,,,,,,,,,,,,4.0,1.0
1726399,Gabriel Cipriano,Avaí,104822,W,RW,bra_b,Brasileirão Série B,8814,1000000394,2026,26.0,Brazil,172.0,,339.0,,,,,,0.1,,0.1,,,,,,0.7964601769911505,0.7964601769911505,,,,,,,,,,,,,,,,,,1.0,
1174841,Carlao,Botafogo SP,8355,CB,CB,bra_b,Brasileirão Série B,8814,1000000394,2026,25.0,Brazil,186.0,0.409726,339.0,,,,,,,,0.0,,,,,,,,,,,,,,,,,,,,,,,,,1.0,
1350759,Luizão,,8355,ST,,bra_b,Brasileirão Série B,8814,1000000394,2026,,,,,338.0,,1.0,,,,1.4,,0.1,,0.23964497041420119,,,,0.7988165680473372,0.7988165680473372,,1.0,,,,,,,,,,,,,,,,2.0,
1460513,Léo Tocantins,Atlético-GO,165545,W,RW,bra_b,Brasileirão Série B,8814,1000000394,2026,27.0,Brazil,174.0,0.218116,335.0,,,,,,0.0,,0.5,,0.0,,,,1.3432835820895523,1.3432835820895523,0.26865671641791045,,,,,,,,,,,,,,,,,1.0,
1813977,João Andrade,Londrina,298660,W,RW,bra_b,Brasileirão Série B,8814,1000000394,2026,20.0,Brazil,181.0,,333.0,,,1.0,,0.2702702702702703,0.2,,1.1,,0.0,,,,2.1621621621621623,2.1621621621621623,0.5405405405405406,,,,,,,,,,,,,,,,,1.0,
1118169,Léo Chú,Avaí,104822,W,LW,bra_b,Brasileirão Série B,8814,1000000394,2026,26.0,Brazil,178.0,0.966703,326.0,,,1.0,,0.27607361963190186,0.4,,0.3,,0.08282208588957055,,,,1.656441717791411,1.656441717791411,0.5521472392638037,2.0,,,,,,,,,,,,,,,,,
321426,Felipe Avenatti,,104822,ST,,bra_b,Brasileirão Série B,8814,1000000394,2026,,,,,326.0,,1.0,,,,0.6,,0.4,,0.30368098159509205,,,,1.1042944785276074,1.1042944785276074,,1.0,,,,,,,,,,,,,,,,,
646352,Maxwell,Operário-PR,197429,W,"LW,RW,LM,ST",bra_b,Brasileirão Série B,8814,1000000394,2026,31.0,Brazil,178.0,0.245898,324.0,,1.0,,,,0.4,,0.4,,0.1111111111111111,,,,1.6666666666666667,1.6666666666666667,,,,,,,,,,,,,,,,,,1.0,
1028612,Giovanni Pavani,Ceará,172341,DM,"CDM,CM",bra_b,Brasileirão Série B,8814,1000000394,2026,29.0,Brazil,178.0,0.321066,323.0,,,1.0,,0.2786377708978328,0.1,,0.1,,,,,,0.5572755417956656,0.5572755417956656,,,,,,,,,,,,,,,,,,,
845987,Valdemir,,1757,AM,,bra_b,Brasileirão Série B,8814,1000000394,2026,,,,,323.0,,,,,,0.4,,0.5,,0.19504643962848295,,,,2.2291021671826625,2.2291021671826625,,,,,,,,,,,,,,,,,,1.0,
1364481,Emiliano Rodríguez,,298660,W,,bra_b,Brasileirão Série B,8814,1000000394,2026,,,,,321.0,,1.0,,,,0.2,,0.4,,0.2523364485981308,,,,1.4018691588785046,1.4018691588785046,,,,,,,,,,,,,,,,,,,
520530,Renzo López,Ceará,172341,ST,ST,bra_b,Brasileirão Série B,8814,1000000394,2026,32.0,Uruguay,192.0,0.578192,320.0,,,,,,1.0,,0.2,,0.05625,,,,0.5625,0.5625,,2.0,,,,,,,,,,,,,,,,1.0,
1800471,Gustavo Teles,Ponte Preta,8630,CM,"CM,CDM",bra_b,Brasileirão Série B,8814,1000000394,2026,21.0,Brazil,,,319.0,,,,,,0.0,,0.9,,,,,,1.6927899686520376,1.6927899686520376,0.28213166144200624,,,,,,,,,,,,,,,,,,
1372724,Pedrinho,Goiás,9862,W,LW,bra_b,Brasileirão Série B,8814,1000000394,2026,22.0,Brazil,182.0,0.663711,315.0,,,,,,0.1,,0.4,,0.05714285714285714,,,,0.5714285714285714,0.5714285714285714,,,,,,,,,,,,,,,,,,,
1391241,Marco Antônio,Botafogo SP,8355,DM,CDM,bra_b,Brasileirão Série B,8814,1000000394,2026,26.0,Brazil,180.0,0.310011,311.0,,,,,,0.3,,0.2,,,,,,0.5787781350482315,0.5787781350482315,,1.0,,,,,,,,,,,,,,,,1.0,
1485109,Ruan Assis,,1221604,W,,bra_b,Brasileirão Série B,8814,1000000394,2026,,,,,311.0,,,1.0,,0.28938906752411575,0.1,,0.3,,0.0,,,,0.8681672025723473,0.8681672025723473,,,,,,,,,,,,,,,,,,2.0,
557993,Juninho,,2369,W,,bra_b,Brasileirão Série B,8814,1000000394,2026,,,,,307.0,,,,,,0.3,,0.2,,0.029315960912052116,,,,0.5863192182410424,0.5863192182410424,,1.0,,,,,,,,,,,,,,,,1.0,
1928975,Alemão,Novorizontino,581838,CB,CB,bra_b,Brasileirão Série B,8814,1000000394,2026,19.0,Brazil,,,306.0,,,,,,0.1,,0.4,,0.058823529411764705,,,,0.29411764705882354,0.29411764705882354,,,,,,,,,,,,,,,,,,1.0,
866506,Luizão,CRB,104821,DM,"CDM,CM",bra_b,Brasileirão Série B,8814,1000000394,2026,28.0,Brazil,184.0,0.199593,304.0,,,,,,0.1,,0.1,,,,,,0.8881578947368421,0.8881578947368421,,,,,,,,,,,,,,,,,,3.0,
849501,Igor Cariús,Vila Nova,109706,FB,"LB,RB",bra_b,Brasileirão Série B,8814,1000000394,2026,33.0,Brazil,184.0,0.192857,299.0,,,,,,0.1,,0.1,,0.0903010033444816,,,,,,,,,,,,,,,,,,,,,,,,
1336917,Natã,Atlético-GO,165545,FB,RB,bra_b,Brasileirão Série B,8814,1000000394,2026,25.0,Brazil,180.0,0.817299,294.0,,,,,,0.0,,0.0,,0.0,,,,,,,,,,,,,,,,,,,,,,,2.0,
1033100,Higor Meritão,Vila Nova,109706,DM,"CDM,CM",bra_b,Brasileirão Série B,8814,1000000394,2026,32.0,Brazil,186.0,0.688571,291.0,,,,,,0.1,,0.1,,,,,,0.30927835051546393,0.30927835051546393,,,,,,,,,,,,,,,,,,,
750438,Guilherme Queiróz,Botafogo SP,8355,ST,ST,bra_b,Brasileirão Série B,8814,1000000394,2026,36.0,Brazil,179.0,0.19184,286.0,,,,,,0.3,,0.0,,0.03146853146853147,,,,,,,1.0,,,,,,,,,,,,,,,,,
215424,Christian Ortíz,Novorizontino,581838,W,"LW,CAM",bra_b,Brasileirão Série B,8814,1000000394,2026,34.0,Argentina,169.0,0.206361,285.0,,,,,,0.6,,1.1,,0.031578947368421054,,,,3.1578947368421053,3.1578947368421053,0.3157894736842105,,,,,,,,,,,,,,,,,2.0,
1290658,Thiago Moraes,Botafogo SP,8355,W,"RW,LW,CDM",bra_b,Brasileirão Série B,8814,1000000394,2026,28.0,Brazil,175.0,,276.0,,,,,,0.8,0.25,0.3,0.11,0.2608695652173913,2.0,1.0,35.2,1.3043478260869565,1.3043478260869565,0.32608695652173914,1.0,0.3,1.0,9.1,6.8,0.7,1.6,,6.8,,,,,,,3.9,3.0,
497400,Luis Amarilla,Juventude,10274,ST,ST,bra_b,Brasileirão Série B,8814,1000000394,2026,31.0,Paraguay,179.0,0.314853,274.0,,,,,,0.9,,0.1,,0.13138686131386862,,,,0.656934306569343,0.656934306569343,,2.0,,,,,,,,,,,,,,,,,
717248,Felipe Augusto,,197429,W,,bra_b,Brasileirão Série B,8814,1000000394,2026,,,,,272.0,,,,,,0.9,,0.0,,0.03308823529411765,,,,0.33088235294117646,0.33088235294117646,,1.0,,,,,,,,,,,,,,,,1.0,
1766354,Lucas Emanoel,Fortaleza,8287,ST,ST,bra_b,Brasileirão Série B,8814,1000000394,2026,20.0,Brazil,,,271.0,,,,,,0.2,,0.2,,0.033210332103321034,,,,0.996309963099631,0.996309963099631,0.33210332103321033,,,,,,,,,,,,,,,,,3.0,
905493,Brenno,Sport Recife,8287,GK,GK,bra_b,Brasileirão Série B,8814,1000000394,2026,27.0,Brazil,190.0,0.282946,270.0,,,,,,,,0.0,,,,,,,,,,,,,,,,,,,1.0,,,,,,,
1460458,Pedro Rocha,Juventude,10274,GK,GK,bra_b,Brasileirão Série B,8814,1000000394,2026,28.0,Brazil,196.0,,270.0,,,,,,,,0.0,,,,,,,,,,,,,,,,,,,2.0,,,,,,,
1670283,Hiago Alves,Criciúma,7729,GK,,bra_b,Brasileirão Série B,8814,1000000394,2026,21.0,Brazil,,0.437678,269.0,,,,,,0.7,,0.8,,0.03345724907063197,,,,2.007434944237918,2.007434944237918,,1.0,,,,,,,,,,,,,,,,1.0,
1796789,Luiz Cláudio,Náutico,2369,GK,,bra_b,Brasileirão Série B,8814,1000000394,2026,21.0,Brazil,,,268.0,,3.0,,,,1.4,,0.1,,0.5373134328358209,,,,0.6716417910447762,0.6716417910447762,,2.0,,,,,,,,,,,,,,,,1.0,
1069709,Allanzinho,Juventude,10274,AM,CAM,bra_b,Brasileirão Série B,8814,1000000394,2026,26.0,Brazil,175.0,0.37881,268.0,,1.0,,,,1.1,,1.3,,0.40298507462686567,,,,2.6865671641791047,2.6865671641791047,0.6716417910447762,1.0,,,,,,,,,,,,,,,,1.0,
1723450,Felipe Clemente,Goiás,9862,ST,ST,bra_b,Brasileirão Série B,8814,1000000394,2026,27.0,Brazil,181.0,,268.0,,,,,,1.0,,0.5,,0.10074626865671642,,,,2.3507462686567164,2.3507462686567164,0.3358208955223881,,,,,,,,,,,,,,,,,1.0,
2139754,Matheus Souza,Ponte Preta,8630,FB,LB,bra_b,Brasileirão Série B,8814,1000000394,2026,18.0,Brazil,,,268.0,,,,,,0.1,,0.0,,,,,,0.3358208955223881,0.3358208955223881,0.3358208955223881,,,,,,,,,,,,,,,,,2.0,
1232090,Geovane,CRB,104821,AM,CAM,bra_b,Brasileirão Série B,8814,1000000394,2026,27.0,Brazil,175.0,0.21804,266.0,,1.0,,,,0.2,,0.2,,0.16917293233082706,,,,2.030075187969925,2.030075187969925,,,,,,,,,,,,,,,,,,1.0,
950456,Marcos Vinícius,Goiás,9862,FB,"RB,RWB",bra_b,Brasileirão Série B,8814,1000000394,2026,29.0,Brazil,176.0,0.193876,265.0,,,,,,,,0.4,,,,,,1.3584905660377358,1.3584905660377358,,,,,,,,,,,,,,,,,,2.0,
1028609,Edwin Torres,,197429,W,,bra_b,Brasileirão Série B,8814,1000000394,2026,,,,,263.0,,,,,,0.6,,0.1,,0.17110266159695817,,,,1.026615969581749,1.026615969581749,,1.0,,,,,,,,,,,,,,,,,
1195556,Quaresma,Avaí,104822,FB,LB,bra_b,Brasileirão Série B,8814,1000000394,2026,30.0,Brazil,181.0,0.193057,262.0,,,,,,0.0,,0.1,,,,,,0.6870229007633588,0.6870229007633588,,,,,,,,,,,,,,,,,,,
1127467,Saulo Mineiro,Ceará,172341,ST,"ST,RW",bra_b,Brasileirão Série B,8814,1000000394,2026,29.0,Brazil,184.0,0.76794,256.0,,,,,,0.1,,0.1,,0.03515625,,,,1.0546875,1.0546875,0.3515625,,,,,,,,,,,,,,,,,,
1712416,Gabriel Moysés,,1221604,ST,,bra_b,Brasileirão Série B,8814,1000000394,2026,,,,,255.0,,,,,,0.6,,0.0,,,,,,0.35294117647058826,0.35294117647058826,,3.0,,,,,,,,,,,,,,,,,
1459750,Jonathan,Ponte Preta,8630,FB,LB,bra_b,Brasileirão Série B,8814,1000000394,2026,23.0,Brazil,,,255.0,,,1.0,,0.35294117647058826,,,0.6,,,,,,1.0588235294117647,1.0588235294117647,0.35294117647058826,,,,,,,,,,,,,,,,,,
305846,Jonathan Cafú,Ponte Preta,8630,W,RW,bra_b,Brasileirão Série B,8814,1000000394,2026,35.0,Brazil,173.0,0.218638,250.0,,,,,,0.4,,0.1,,0.072,,,,0.72,0.72,,,,,,,,,,,,,,,,,,1.0,1.0
1854201,Klebert,Atlético-GO,165545,DM,CDM,bra_b,Brasileirão Série B,8814,1000000394,2026,18.0,Brazil,,,250.0,,1.0,,,,0.1,,0.3,,0.108,,,,1.08,1.08,0.36,,,,,,,,,,,,,,,,,,
1439755,Netinho,Atlético-GO,165545,AM,"CAM,CM,CDM",bra_b,Brasileirão Série B,8814,1000000394,2026,28.0,Brazil,180.0,,250.0,,,2.0,,0.72,0.4,,1.0,,0.036,,,,2.88,2.88,0.72,,,,,,,,,,,,,,,,,1.0,1.0
1526858,Justen,,8630,FB,,bra_b,Brasileirão Série B,8814,1000000394,2026,,,,,246.0,,,,,,0.1,,0.0,,,,,,0.36585365853658536,0.36585365853658536,,,,,,,,,,,,,,,,,,,
1463482,Gabriel Knesowitsch,,197815,CB,,bra_b,Brasileirão Série B,8814,1000000394,2026,,,,,243.0,,,,,,0.1,,0.0,,,,,,,,,,,,,,,,,,,,,,,,,2.0,1.0
1174634,Ral,Sport Recife,6305,FB,LB,bra_b,Brasileirão Série B,8814,1000000394,2026,26.0,Brazil,182.0,,242.0,,,,,,0.0,,0.0,,,,,,,,,,,,,,,,,,,,,,,,,2.0,
1675021,Weverton,,8630,CB,,bra_b,Brasileirão Série B,8814,1000000394,2026,,,,,233.0,,,,,,0.4,,0.2,,0.19313304721030042,,,,0.7725321888412017,0.7725321888412017,0.38626609442060084,1.0,,,,,,,,,,,,,,,,1.0,
522770,João Pedro,Atlético-GO,165545,ST,ST,bra_b,Brasileirão Série B,8814,1000000394,2026,29.0,Guinea-Bissau,185.0,0.633214,232.0,,2.0,,,,1.0,,0.1,,0.543103448275862,,,,1.9396551724137931,1.9396551724137931,,1.0,,,,,,,,,,,,,,,,2.0,
1173681,Guilherme Pato,CRB,104821,W,RW,bra_b,Brasileirão Série B,8814,1000000394,2026,25.0,Brazil,161.0,0.275573,229.0,,1.0,,0.39,,1.1,0.41,0.1,0.04,0.5109170305676856,3.9,1.6,38.9,1.965065502183406,1.965065502183406,,1.0,0.4,0.4,6.3,3.9,0.8,1.6,,5.5,,,,,,,3.9,4.0,
1118183,Pedro Vilhena,Operário-PR,197429,W,LW,bra_b,Brasileirão Série B,8814,1000000394,2026,24.0,Brazil,,0.348675,225.0,,,,,,0.4,,0.3,,0.12,,,,2.0,2.0,0.4,1.0,,,,,,,,,,,,,,,,,
881154,Bruno Xavier,Vila Nova,109706,W,LW,bra_b,Brasileirão Série B,8814,1000000394,2026,29.0,Brazil,177.0,0.211197,225.0,,1.0,,,,0.7,,0.1,,0.24,,,,1.2,1.2,,,,,,,,,,,,,,,,,,1.0,
493692,Matheus Salustiano,São Bernardo,231931,CB,CB,bra_b,Brasileirão Série B,8814,1000000394,2026,33.0,Brazil,182.0,0.088528,225.0,,,,,,,,0.0,,,,,,0.4,0.4,,,,,,,,,,,,,,,,,,,
1354537,Luizão,São Bernardo,231931,CB,CB,bra_b,Brasileirão Série B,8814,1000000394,2026,24.0,Brazil,187.0,0.150689,222.0,,,,,,,,0.0,,,,,,,,,,,,,,,,,,,,,,,,,2.0,
841861,Wesley,Cuiabá,197815,DM,CDM,bra_b,Brasileirão Série B,8814,1000000394,2026,31.0,Brazil,178.0,0.171991,221.0,,1.0,,,,0.4,,0.1,,0.5294117647058824,,,,1.2217194570135748,1.2217194570135748,,,,,,,,,,,,,,,,,,2.0,
1252093,Dudu Teodora,Sport Recife,6305,AM,"CAM,ST,RW,LM,RM",bra_b,Brasileirão Série B,8814,1000000394,2026,27.0,Brazil,179.0,0.670887,218.0,,,,,,0.2,,0.1,,,,,,0.41284403669724773,0.41284403669724773,,1.0,,,,,,,,,,,,,,,,1.0,
1072282,Vinícius Mingotti,Operário-PR,197429,ST,ST,bra_b,Brasileirão Série B,8814,1000000394,2026,26.0,Brazil,184.0,0.353989,216.0,,1.0,,,,0.4,,0.1,,0.3333333333333333,,,,0.8333333333333334,0.8333333333333334,,1.0,,,,,,,,,,,,,,,,,
1662452,Guilherme Mariano,Botafogo SP,8355,CB,CB,bra_b,Brasileirão Série B,8814,1000000394,2026,26.0,Brazil,192.0,0.366716,213.0,,,,,,,,0.0,,,,,,,,,,,,,,,,,,,,,,,,,1.0,
1302004,Rodriguinho,,8630,W,,bra_b,Brasileirão Série B,8814,1000000394,2026,,,,,210.0,,,,,,1.2,,0.0,,0.34285714285714286,,,,0.42857142857142855,0.42857142857142855,,3.0,,,,,,,,,,,,,,,,1.0,
970086,Rafael Bilu,,104822,ST,,bra_b,Brasileirão Série B,8814,1000000394,2026,,,,,209.0,,1.0,,,,1.1,,0.1,,0.430622009569378,,,,2.583732057416268,2.583732057416268,0.430622009569378,,,,,,,,,,,,,,,,,1.0,
935962,Rodrigo Piñeiro,América-MG,1757,W,LW,bra_b,Brasileirão Série B,8814,1000000394,2026,27.0,Uruguay,175.0,0.350235,205.0,,1.0,,,,0.2,,0.4,,0.13170731707317074,,,,0.8780487804878049,0.8780487804878049,0.43902439024390244,,,,,,,,,,,,,,,,,1.0,
969835,Hugo Sanches,São Bernardo,231931,FB,RB,bra_b,Brasileirão Série B,8814,1000000394,2026,32.0,Brazil,167.0,,205.0,,1.0,,,,0.0,,0.1,,0.17560975609756097,,,,0.43902439024390244,0.43902439024390244,,,,,,,,,,,,,,,,,,,
1460690,Oluwasegun Samuel Otusanya,,1221604,ST,,bra_b,Brasileirão Série B,8814,1000000394,2026,,,,,205.0,,,,,,0.1,,0.0,,,,,,0.43902439024390244,0.43902439024390244,,,,,,,,,,,,,,,,,,,
1353738,Rodrigo Saravia,,8630,DM,,bra_b,Brasileirão Série B,8814,1000000394,2026,,,,,202.0,,,,,,,,0.0,,,,,,0.44554455445544555,0.44554455445544555,,,,,,,,,,,,,,,,,,,1.0
1173475,Romildo,Avaí,104822,DM,CDM,bra_b,Brasileirão Série B,8814,1000000394,2026,26.0,Brazil,183.0,0.253446,201.0,,1.0,,,,0.6,,0.0,,0.44776119402985076,,,,0.44776119402985076,0.44776119402985076,,,,,,,,,,,,,,,,,,1.0,
848747,Felipe Saraiva,,2369,W,,bra_b,Brasileirão Série B,8814,1000000394,2026,,,,,198.0,,,,,,0.1,,0.4,,0.0,,,,0.9090909090909091,0.9090909090909091,0.45454545454545453,,,,,,,,,,,,,,,,,2.0,
1744854,Lucca Prior,Fortaleza,8287,W,RW,bra_b,Brasileirão Série B,8814,1000000394,2026,22.0,Brazil,173.0,,195.0,,1.0,,,,0.9,,0.2,,0.46153846153846156,,,,1.8461538461538463,1.8461538461538463,,,,,,,,,,,,,,,,,,1.0,
1817871,Gabriel Índio,,1221604,CB,,bra_b,Brasileirão Série B,8814,1000000394,2026,,,,,194.0,,,,,,,,0.0,,,,,,0.4639175257731959,0.4639175257731959,0.4639175257731959,,,,,,,,,,,,,,,,,,
1193658,Wellington Rato,Goiás,9862,W,RW,bra_b,Brasileirão Série B,8814,1000000394,2026,34.0,Brazil,172.0,0.342196,188.0,,,,,,0.1,,0.1,,,,,,0.4787234042553192,0.4787234042553192,,,,,,,,,,,,,,,,,,1.0,
684897,Bruno Sávio,,9862,ST,,bra_b,Brasileirão Série B,8814,1000000394,2026,,,,,184.0,,1.0,,,,1.1,,0.3,,0.5380434782608696,,,,2.4456521739130435,2.4456521739130435,,1.0,,,,,,,,,,,,,,,,1.0,
1446567,Emerson,Vila Nova,109706,W,LW,bra_b,Brasileirão Série B,8814,1000000394,2026,25.0,Brazil,169.0,,183.0,,,,,,0.1,,0.2,,0.09836065573770492,,,,0.9836065573770492,0.9836065573770492,,,,,,,,,,,,,,,,,,3.0,
319680,Auremir,Náutico,2369,DM,CDM,bra_b,Brasileirão Série B,8814,1000000394,2026,35.0,Brazil,174.0,0.059318,183.0,,,,,,,,0.0,,,,,,0.9836065573770492,0.9836065573770492,,,,,,,,,,,,,,,,,,,
1625789,Vitinho,,2369,W,,bra_b,Brasileirão Série B,8814,1000000394,2026,,,,,183.0,,,,,,0.4,,0.0,,0.19672131147540983,,,,0.4918032786885246,0.4918032786885246,,,,,,,,,,,,,,,,,,,
1653507,Enzo,Vila Nova,109706,DM,CDM,bra_b,Brasileirão Série B,8814,1000000394,2026,23.0,Brazil,185.0,0.323229,182.0,,,1.0,,0.4945054945054945,0.1,,0.1,,,,,,1.4835164835164836,1.4835164835164836,0.4945054945054945,,,,,,,,,,,,,,,,,1.0,
1739949,Léo Jance,,2369,FB,,bra_b,Brasileirão Série B,8814,1000000394,2026,,,,,180.0,,,,,,0.1,,0.1,,0.0,,,,1.5,1.5,,,,,,,,,,,,,,,,,,,
1785050,Filipe Dahora,América-MG,1757,FB,RB,bra_b,Brasileirão Série B,8814,1000000394,2026,20.0,Brazil,,,180.0,,,,,,,,0.0,,,,,,,,,,,,,,,,,,,,,,,,,1.0,
750441,Alisson,Criciúma,7729,GK,GK,bra_b,Brasileirão Série B,8814,1000000394,2026,31.0,Brazil,190.0,0.232744,180.0,,,,,,,,0.0,,,,,,,,,,,,,,,,,,,1.0,,,,,,,
1795370,Gabriel Caran,Ponte Preta,8630,CB,CB,bra_b,Brasileirão Série B,8814,1000000394,2026,28.0,Brazil,186.0,,180.0,,,,,,0.2,,0.0,,0.2,,,,,,,1.0,,,,,,,,,,,,,,,,,
1460455,Luan Ribeiro,Londrina,298660,GK,GK,bra_b,Brasileirão Série B,8814,1000000394,2026,29.0,Brazil,,,180.0,,,,,,,,0.0,,,,,,,,,,,,,,,,,,,1.0,,,,,,,
1614065,Brayann,Goiás,9862,CM,CM,bra_b,Brasileirão Série B,8814,1000000394,2026,28.0,Brazil,176.0,,178.0,,,,,,0.2,,0.4,,0.10112359550561797,,,,2.5280898876404496,2.5280898876404496,0.5056179775280899,,,,,,,,,,,,,,,,,,
950835,Fernando Sobral,Sport Recife,6305,DM,"CDM,CAM",bra_b,Brasileirão Série B,8814,1000000394,2026,31.0,Brazil,178.0,0.804248,178.0,,,,,,0.4,,0.1,,0.10112359550561797,,,,2.0224719101123596,2.0224719101123596,,1.0,,,,,,,,,,,,,,,,1.0,
1935530,Gustavo Puskas,Vila Nova,109706,ST,ST,bra_b,Brasileirão Série B,8814,1000000394,2026,18.0,Brazil,,,175.0,,1.0,,,,1.0,,0.1,,0.5142857142857142,,,,1.0285714285714285,1.0285714285714285,,,,,,,,,,,,,,,,,,2.0,
2152715,Marcelo Maçola,América-MG,1757,ST,ST,bra_b,Brasileirão Série B,8814,1000000394,2026,23.0,Brazil,185.0,,169.0,,,,,,0.2,,0.1,,,,,,1.0650887573964498,1.0650887573964498,,,,,,,,,,,,,,,,,,,
820656,Raí,Londrina,298660,W,"RW,LW",bra_b,Brasileirão Série B,8814,1000000394,2026,28.0,Brazil,168.0,0.158855,168.0,,,,,,1.2,,0.5,,0.21428571428571427,,,,2.142857142857143,2.142857142857143,0.5357142857142857,3.0,,,,,,,,,,,,,,,,,
1285095,Mateus Santos,,197815,W,,bra_b,Brasileirão Série B,8814,1000000394,2026,,,,,167.0,,,,,,1.3,,0.6,,0.9161676646706587,,,,2.694610778443114,2.694610778443114,1.0778443113772456,3.0,,,,,,,,,,,,,,,,1.0,
1930344,Isaías Pereira,Avaí,104822,GK,,bra_b,Brasileirão Série B,8814,1000000394,2026,21.0,Brazil,,,166.0,,,,,,0.5,,0.1,,0.2710843373493976,,,,0.5421686746987951,0.5421686746987951,,,,,,,,,,,,,,,,,,1.0,
1929042,João Damião,Ponte Preta,8630,ST,ST,bra_b,Brasileirão Série B,8814,1000000394,2026,18.0,Brazil,,,166.0,,,,,,0.2,,0.0,,0.0,,,,0.5421686746987951,0.5421686746987951,,1.0,,,,,,,,,,,,,,,,,
1613176,Denis,Ponte Preta,8630,AM,CAM,bra_b,Brasileirão Série B,8814,1000000394,2026,22.0,Brazil,179.0,,164.0,,,,,,0.1,,0.2,,,,,,1.646341463414634,1.646341463414634,,,,,,,,,,,,,,,,,,,
1256689,Gustavinho,Athletic Club MG,1221604,AM,CAM,bra_b,Brasileirão Série B,8814,1000000394,2026,24.0,Brazil,175.0,0.290808,162.0,,,,,,0.3,,0.4,,0.16666666666666666,,,,2.2222222222222223,2.2222222222222223,1.1111111111111112,,,,,,,,,,,,,,,,,,
951629,Nathan Fogaça,Fortaleza,8287,ST,ST,bra_b,Brasileirão Série B,8814,1000000394,2026,27.0,Brazil,178.0,1.205305,157.0,,,,,,0.3,,0.1,,,,,,2.2929936305732483,2.2929936305732483,0.5732484076433121,1.0,,,,,,,,,,,,,,,,1.0,
1463464,João Carlos,Criciúma,7729,ST,ST,bra_b,Brasileirão Série B,8814,1000000394,2026,25.0,Brazil,,0.275573,154.0,,,,,,0.4,,0.1,,,,,,0.5844155844155844,0.5844155844155844,,1.0,,,,,,,,,,,,,,,,1.0,
1261975,Pablo,Juventude,10274,CM,"CM,LM",bra_b,Brasileirão Série B,8814,1000000394,2026,26.0,Brazil,183.0,0.507747,154.0,,1.0,,,,0.2,,0.1,,0.2922077922077922,,,,,,,,,,,,,,,,,,,,,,,,
1641727,Guilherme Estrella,,104821,CM,,bra_b,Brasileirão Série B,8814,1000000394,2026,,,,,153.0,,,1.0,,0.5882352941176471,0.3,,0.0,,0.17647058823529413,,,,0.5882352941176471,0.5882352941176471,,,,,,,,,,,,,,,,,,3.0,
1478310,Gustavo Daniel,Atlético-GO,165545,FB,LB,bra_b,Brasileirão Série B,8814,1000000394,2026,21.0,Brazil,,0.247648,146.0,,,,,,0.0,,0.1,,,,,,1.2328767123287672,1.2328767123287672,,,,,,,,,,,,,,,,,,,
835355,Yuri Tanque,Criciúma,7729,ST,ST,bra_b,Brasileirão Série B,8814,1000000394,2026,28.0,Brazil,185.0,,142.0,,,,,,1.2,,0.3,,0.31690140845070425,,,,1.9014084507042253,1.9014084507042253,,2.0,,,,,,,,,,,,,,,,2.0,
967162,Ramon,,2369,AM,,bra_b,Brasileirão Série B,8814,1000000394,2026,,,,,142.0,,,,,,0.1,,0.1,,,,,,1.267605633802817,1.267605633802817,,,,,,,,,,,,,,,,,,,
1137664,Patrick de Paula,Sport Recife,6305,AM,"CAM,CM,CDM",bra_b,Brasileirão Série B,8814,1000000394,2026,27.0,Brazil,178.0,1.328954,142.0,,1.0,,,,0.4,,0.1,,0.31690140845070425,,,,3.1690140845070425,3.1690140845070425,0.6338028169014085,,,,,,,,,,,,,,,,,,
1302812,Diego,Novorizontino,581838,W,RW,bra_b,Brasileirão Série B,8814,1000000394,2026,27.0,Brazil,182.0,,141.0,,,1.0,,0.6382978723404256,0.6,,0.4,,0.1276595744680851,,,,3.1914893617021276,3.1914893617021276,,1.0,,,,,,,,,,,,,,,,,
1928071,Jhonatan Lima,,1757,ST,,bra_b,Brasileirão Série B,8814,1000000394,2026,,,,,139.0,,,,,,0.1,,0.1,,0.0,,,,0.6474820143884892,0.6474820143884892,,,,,,,,,,,,,,,,,,1.0,
1975888,Luidy,América-MG,1757,GK,,bra_b,Brasileirão Série B,8814,1000000394,2026,17.0,Brazil,,,137.0,,,,,,0.0,,0.1,,,,,,0.656934306569343,0.656934306569343,,,,,,,,,,,,,,,,,,,
535592,Zé Roberto,,6305,ST,,bra_b,Brasileirão Série B,8814,1000000394,2026,,,,,136.0,,,,,,0.6,,0.0,,,,,,,,,,,,,,,,,,,,,,,,,,
1788181,Rian Santana,Ceará,172341,W,LW,bra_b,Brasileirão Série B,8814,1000000394,2026,25.0,Brazil,,,135.0,,1.0,,,,0.5,,0.0,,0.2,,,,,,,,,,,,,,,,,,,,,,,1.0,
559020,Júnior Oliveira,São Bernardo,231931,GK,GK,bra_b,Brasileirão Série B,8814,1000000394,2026,36.0,Brazil,197.0,,135.0,,,,,,,,0.0,,,,,,,,,,,,,,,,,,,,,,,,,1.0,
1200386,Matheus Nogueira,Ceará,172341,GK,GK,bra_b,Brasileirão Série B,8814,1000000394,2026,29.0,Brazil,191.0,0.32034,135.0,,,,,,,,0.0,,,,,,,,,,,,,,,,,,,,,,,,,,
1736948,André Cardoso,Londrina,298660,GK,,bra_b,Brasileirão Série B,8814,1000000394,2026,23.0,Brazil,,,134.0,,1.0,,,,0.5,,0.3,,0.5373134328358209,,,,1.3432835820895523,1.3432835820895523,,1.0,,,,,,,,,,,,,,,,,
441399,Yamil Asad,,197815,UNK,,bra_b,Brasileirão Série B,8814,1000000394,2026,,,,,130.0,,,,,,0.2,,0.2,,0.5538461538461539,,,,1.3846153846153846,1.3846153846153846,,,,,,,,,,,,,,,,,,,
1245739,Patricio Núñez,Náutico,2369,W,RW,bra_b,Brasileirão Série B,8814,1000000394,2026,27.0,Argentina,178.0,0.082936,128.0,,,,,,0.2,,0.2,,0.0,,,,1.40625,1.40625,,,,,,,,,,,,,,,,,,1.0,1.0
1265039,Hélio,Novorizontino,581838,W,RW,bra_b,Brasileirão Série B,8814,1000000394,2026,26.0,Brazil,174.0,0.390998,127.0,,,,,,0.0,,0.1,,,,,,2.125984251968504,2.125984251968504,,,,,,,,,,,,,,,,,,1.0,
1634590,Gustavo Prado,,172341,W,,bra_b,Brasileirão Série B,8814,1000000394,2026,,,,,125.0,,,,,,0.0,,0.0,,,,,,0.72,0.72,,,,,,,,,,,,,,,,,,,
298227,Léo Campos,CRB,104821,FB,LB,bra_b,Brasileirão Série B,8814,1000000394,2026,34.0,Brazil,180.0,,123.0,,,1.0,,0.7317073170731707,0.1,,0.5,,0.0,,,,5.121951219512195,5.121951219512195,,,,,,,,,,,,,,,,,,,1.0
1174629,Rildo,Avaí,104822,W,LW,bra_b,Brasileirão Série B,8814,1000000394,2026,26.0,Brazil,178.0,0.306216,122.0,,,,,,0.1,,0.0,,,,,,,,,,,,,,,,,,,,,,,,,,
1928478,Caio Suassuna,Avaí,104822,ST,ST,bra_b,Brasileirão Série B,8814,1000000394,2026,19.0,Brazil,184.0,,122.0,,,,,,0.6,,0.0,,,,,,,,,1.0,,,,,,,,,,,,,,,,,
1669655,Chumbinho,Londrina,298660,AM,CAM,bra_b,Brasileirão Série B,8814,1000000394,2026,23.0,Brazil,183.0,0.086657,114.0,,,,,,0.0,,0.3,,,,,,2.3684210526315788,2.3684210526315788,0.7894736842105263,,,,,,,,,,,,,,,,,,
1248050,Neto Pessôa,Sport Recife,6305,ST,ST,bra_b,Brasileirão Série B,8814,1000000394,2026,32.0,Brazil,178.0,0.333187,114.0,,2.0,,,,0.7,,0.0,,0.3157894736842105,,,,,,,1.0,,,,,,,,,,,,,,,,,
796803,Léo Jabá,São Bernardo,231931,ST,ST,bra_b,Brasileirão Série B,8814,1000000394,2026,28.0,Brazil,178.0,0.276501,108.0,,,,,,0.2,,0.2,,0.0,,,,2.5,2.5,,,,,,,,,,,,,,,,,,1.0,
738724,Lucas Fernandes,São Bernardo,231931,FB,LB,bra_b,Brasileirão Série B,8814,1000000394,2026,29.0,Brazil,175.0,0.268313,103.0,,,,,,,,0.0,,,,,,,,,,,,,,,,,,,,,,,,,,
1478296,Nicolas Silva,Ponte Preta,8630,AM,CAM,bra_b,Brasileirão Série B,8814,1000000394,2026,20.0,Brazil,,,102.0,,,,,,0.0,,0.0,,,,,,,,,,,,,,,,,,,,,,,,,,
1994456,Ítalo Charbaje,América-MG,1757,GK,,bra_b,Brasileirão Série B,8814,1000000394,2026,16.0,Brazil,,,100.0,,,,,,0.1,,0.0,,,,,,,,,,,,,,,,,,,,,,,,,,
1421063,Caio Rafael,,298660,GK,,bra_b,Brasileirão Série B,8814,1000000394,2026,,,,,100.0,,,,,,0.0,,0.1,,,,,,,,,,,,,,,,,,,,,,,,,,
795212,Jonathan,Botafogo SP,8355,CB,"CB,RB",bra_b,Brasileirão Série B,8814,1000000394,2026,34.0,Brazil,179.0,0.178093,99.0,,,1.0,,0.9090909090909091,0.0,,0.1,,,,,,0.9090909090909091,0.9090909090909091,0.9090909090909091,,,,,,,,,,,,,,,,,1.0,
316285,Marcos Júnior,Cuiabá,197815,W,LW,bra_b,Brasileirão Série B,8814,1000000394,2026,33.0,Brazil,167.0,0.171295,98.0,,,,,,0.3,,0.1,,0.5510204081632653,,,,,,,,,,,,,,,,,,,,,,,1.0,
1994769,Luiz Fernando,Athletic Club MG,1221604,GK,,bra_b,Brasileirão Série B,8814,1000000394,2026,19.0,Brazil,177.0,,95.0,,,,,,0.2,,0.0,,0.37894736842105264,,,,,,,,,,,,,,,,,,,,,,,1.0,
1268757,João Neto,CRB,104821,ST,ST,bra_b,Brasileirão Série B,8814,1000000394,2026,23.0,Brazil,181.0,,94.0,,1.0,,,,0.5,,0.1,,0.7659574468085106,,,,0.9574468085106383,0.9574468085106383,,,,,,,,,,,,,,,,,,,
1350755,Thalisson,Ceará,172341,CB,CB,bra_b,Brasileirão Série B,8814,1000000394,2026,24.0,Brazil,190.0,0.4085,94.0,,,,,,0.1,,0.0,,0.0,,,,,,,,,,,,,,,,,,,,,,,,
1467462,Lucas Alves,Juventude,10274,GK,,bra_b,Brasileirão Série B,8814,1000000394,2026,24.0,Brazil,,0.287918,93.0,,1.0,,,,0.7,,0.1,,1.3548387096774193,,,,2.903225806451613,2.903225806451613,,1.0,,,,,,,,,,,,,,,,,
1797947,Juninho,,298660,GK,,bra_b,Brasileirão Série B,8814,1000000394,2026,,,,,93.0,,,,,,,,0.0,,,,,,,,,,,,,,,,,,,,,,,,,1.0,
558006,Dalberson,Vila Nova,109706,GK,GK,bra_b,Brasileirão Série B,8814,1000000394,2026,29.0,Brazil,191.0,0.149299,93.0,,,,,,,,0.0,,,,,,,,,,,,,,,,,,,,,,,,,1.0,
1525143,Emanuell Ferreira,Ponte Preta,8630,W,RW,bra_b,Brasileirão Série B,8814,1000000394,2026,20.0,Brazil,169.0,,93.0,,,,,,0.0,,0.0,,,,,,,,,,,,,,,,,,,,,,,,,1.0,
1474211,Ronald Barcellos,Novorizontino,581838,ST,"ST,RW",bra_b,Brasileirão Série B,8814,1000000394,2026,24.0,Brazil,174.0,0.283363,92.0,,,1.0,,0.9782608695652174,0.2,,0.4,,,,,,4.891304347826087,4.891304347826087,,,,,,,,,,,,,,,,,,1.0,
1433271,Ariel Palacio,,165545,CM,,bra_b,Brasileirão Série B,8814,1000000394,2026,,,,,91.0,,,,,,,,0.0,,,,,,0.989010989010989,0.989010989010989,,,,,,,,,,,,,,,,,,1.0,
923766,Chico,Fortaleza,8287,ST,ST,bra_b,Brasileirão Série B,8814,1000000394,2026,31.0,Brazil,184.0,0.598755,90.0,,,,,,0.7,,0.0,,0.4,,,,1.0,1.0,,1.0,,,,,,,,,,,,,,,,,
498604,Glauco,Athletic Club MG,1221604,GK,GK,bra_b,Brasileirão Série B,8814,1000000394,2026,31.0,Brazil,191.0,0.136722,90.0,,,,,,,,0.0,,,,,,,,,,,,,,,,,,,,,,,,,1.0,
536653,Paulo Henrique,Atlético-GO,165545,GK,GK,bra_b,Brasileirão Série B,8814,1000000394,2026,32.0,Brazil,184.0,,90.0,,,,,,,,0.0,,,,,,,,,,,,,,,,,,,,,,,,,,
42481,Vladimir,Atlético-GO,165545,GK,GK,bra_b,Brasileirão Série B,8814,1000000394,2026,37.0,Brazil,190.0,0.172817,90.0,,,,,,,,0.0,,,,,,,,,,,,,,,,,,,,,,,,,,
1053843,William,América-MG,1757,GK,GK,bra_b,Brasileirão Série B,8814,1000000394,2026,28.0,Brazil,193.0,0.146047,90.0,,,,,,,,0.0,,,,,,,,,,,,,,,,,,,,,,,,,1.0,
1904259,Gabriel Amaral,,172341,ST,,bra_b,Brasileirão Série B,8814,1000000394,2026,,,,,88.0,,,,,,,,0.0,,,,,,1.0227272727272727,1.0227272727272727,,,,,,,,,,,,,,,,,,,
1650699,Felipe Guimarães,Atlético-GO,165545,GK,,bra_b,Brasileirão Série B,8814,1000000394,2026,22.0,Brazil,,,86.0,,,,,,,,0.4,,,,,,2.0930232558139537,2.0930232558139537,1.0465116279069768,,,,,,,,,,,,,,,,,1.0,
1713369,Ramon,Cuiabá,197815,W,LM,bra_b,Brasileirão Série B,8814,1000000394,2026,26.0,Brazil,176.0,,86.0,,,,,,0.3,,0.1,,0.20930232558139536,,,,1.0465116279069768,1.0465116279069768,,1.0,,,,,,,,,,,,,,,,,
1905646,Pedro Esli,Ceará,172341,DM,CDM,bra_b,Brasileirão Série B,8814,1000000394,2026,19.0,Brazil,,,85.0,,,,,,0.1,,0.0,,,,,,,,,,,,,,,,,,,,,,,,,,
305670,Cristiano,,104822,AM,,bra_b,Brasileirão Série B,8814,1000000394,2026,,,,,84.0,,,,,,0.1,,0.2,,0.10714285714285714,,,,2.142857142857143,2.142857142857143,,,,,,,,,,,,,,,,,,,
1653489,Guilherme Cachoeira,Londrina,298660,W,LW,bra_b,Brasileirão Série B,8814,1000000394,2026,24.0,Brazil,,,83.0,,,1.0,,1.0843373493975903,0.1,,0.3,,0.10843373493975904,,,,2.1686746987951806,2.1686746987951806,1.0843373493975903,,,,,,,,,,,,,,,,,,
1805132,Badaró,,8355,GK,,bra_b,Brasileirão Série B,8814,1000000394,2026,,,,,81.0,,1.0,,,,0.1,,0.0,,0.7777777777777777,,,,1.1111111111111112,1.1111111111111112,,,,,,,,,,,,,,,,,,,
1944716,Caio,,172341,GK,,bra_b,Brasileirão Série B,8814,1000000394,2026,,,,,79.0,,,,,,,,0.0,,,,,,,,,,,,,,,,,,,,,,,,,1.0,
1402109,Murilo,Londrina,298660,GK,,bra_b,Brasileirão Série B,8814,1000000394,2026,21.0,Brazil,181.0,,79.0,,,,,,0.1,,0.0,,,,,,2.278481012658228,2.278481012658228,,,,,,,,,,,,,,,,,,1.0,
1905708,Gilmar,Ceará,172341,CB,CB,bra_b,Brasileirão Série B,8814,1000000394,2026,20.0,Brazil,193.0,,76.0,,,,,,,,0.0,,,,,,,,,,,,,,,,,,,,,,,,,,
1671352,Fabiano,,298660,DM,,bra_b,Brasileirão Série B,8814,1000000394,2026,,,,,72.0,,,,,,0.0,,0.0,,,,,,,,,,,,,,,,,,,,,,,,,2.0,
1705148,Felipe Cardoso,,2369,GK,,bra_b,Brasileirão Série B,8814,1000000394,2026,,,,,71.0,,,,,,0.1,,0.3,,,,,,2.535211267605634,2.535211267605634,1.267605633802817,,,,,,,,,,,,,,,,,,
1622637,Yarlen,Athletic Club MG,1221604,W,RW,bra_b,Brasileirão Série B,8814,1000000394,2026,20.0,Brazil,178.0,1.239375,70.0,,,,,,0.2,,0.1,,0.0,,,,1.2857142857142858,1.2857142857142858,,,,,,,,,,,,,,,,,,,
1741565,Índio,Náutico,2369,CB,CB,bra_b,Brasileirão Série B,8814,1000000394,2026,22.0,Brazil,,,69.0,,,,,,,,0.0,,,,,,,,,,,,,,,,,,,,,,,,,,
1777123,Victor Hugo,,197815,W,,bra_b,Brasileirão Série B,8814,1000000394,2026,,,,,67.0,,,,,,0.1,,0.0,,0.0,,,,1.3432835820895523,1.3432835820895523,,1.0,,,,,,,,,,,,,,,,,
1791132,Márcio Maranhão,Botafogo SP,8355,W,LW,bra_b,Brasileirão Série B,8814,1000000394,2026,27.0,Brazil,168.0,,65.0,,,,,,0.1,,0.0,,,,,,4.153846153846154,4.153846153846154,,,,,,,,,,,,,,,,,,2.0,
1419325,Gaspar,Avaí,104822,W,LM,bra_b,Brasileirão Série B,8814,1000000394,2026,24.0,Brazil,,0.169122,64.0,,,,,,,,0.0,,,,,,,,,,,,,,,,,,,,,,,,,,
1249296,Kervin Andrade,Sport Recife,6305,W,"LW,CAM,CM,RM",bra_b,Brasileirão Série B,8814,1000000394,2026,21.0,Venezuela,183.0,,64.0,,,,,,0.1,,0.0,,0.421875,,,,1.40625,1.40625,,,,,,,,,,,,,,,,,,,
2175420,Ryan Andrade,Ponte Preta,8630,W,RW,bra_b,Brasileirão Série B,8814,1000000394,2026,18.0,Brazil,,,64.0,,,,,,,,0.1,,,,,,1.40625,1.40625,,,,,,,,,,,,,,,,,,,
1744862,Danilo,Goiás,9862,GK,,bra_b,Brasileirão Série B,8814,1000000394,2026,19.0,Brazil,,,63.0,,,,,,0.1,,0.1,,1.1428571428571428,,,,2.857142857142857,2.857142857142857,,,,,,,,,,,,,,,,,,,
1706519,Kayke,,8287,ST,,bra_b,Brasileirão Série B,8814,1000000394,2026,,,,,61.0,,,1.0,,1.4754098360655739,0.2,,0.2,,,,,,1.4754098360655739,1.4754098360655739,1.4754098360655739,1.0,,,,,,,,,,,,,,,,1.0,
581723,Kevin Ramírez,,165545,ST,,bra_b,Brasileirão Série B,8814,1000000394,2026,,,,,60.0,,,,,,0.0,,0.0,,,,,,,,,,,,,,,,,,,,,,,,,,
1938793,Juan Rocha,Avaí,104822,GK,,bra_b,Brasileirão Série B,8814,1000000394,2026,22.0,Brazil,,,59.0,,,1.0,,1.5254237288135593,,,0.0,,,,,,1.5254237288135593,1.5254237288135593,1.5254237288135593,,,,,,,,,,,,,,,,,,
1641851,Iba Ly,Juventude,10274,CM,"CM,CDM",bra_b,Brasileirão Série B,8814,1000000394,2026,23.0,Senegal,175.0,0.322332,56.0,,,,,,0.0,,0.0,,,,,,,,,,,,,,,,,,,,,,,,,,
1188651,Jhilmar Lora,Novorizontino,581838,FB,RB,bra_b,Brasileirão Série B,8814,1000000394,2026,25.0,Peru,176.0,0.329568,53.0,,,,,,,,0.1,,,,,,1.6981132075471699,1.6981132075471699,,,,,,,,,,,,,,,,,,1.0,
1636520,Juninho,Londrina,298660,CM,CM,bra_b,Brasileirão Série B,8814,1000000394,2026,27.0,Brazil,,,52.0,,,,,,,,0.0,,,,,,,,,,,,,,,,,,,,,,,,,,
1928061,Kaique Zizero,América-MG,1757,GK,,bra_b,Brasileirão Série B,8814,1000000394,2026,19.0,Brazil,,,51.0,,,,,,,,0.0,,,,,,1.7647058823529411,1.7647058823529411,,,,,,,,,,,,,,,,,,,
1636514,Hyan,Avaí,104822,GK,,bra_b,Brasileirão Série B,8814,1000000394,2026,22.0,Brazil,,,47.0,,,,,,0.0,,0.0,,0.0,,,,1.9148936170212767,1.9148936170212767,,,,,,,,,,,,,,,,,,,
1356901,Estêvão,CRB,104821,AM,CAM,bra_b,Brasileirão Série B,8814,1000000394,2026,24.0,Brazil,176.0,0.242894,47.0,,,,,,0.2,,0.1,,0.3829787234042553,,,,3.8297872340425534,3.8297872340425534,1.9148936170212767,1.0,,,,,,,,,,,,,,,,,
291130,Júnior Urso,,231931,CM,,bra_b,Brasileirão Série B,8814,1000000394,2026,,,,,47.0,,,,,,0.1,,0.0,,,,,,,,,,,,,,,,,,,,,,,,,,
1232260,Lenny Lobato,Ceará,172341,W,"RW,RM",bra_b,Brasileirão Série B,8814,1000000394,2026,25.0,Brazil,174.0,0.606338,46.0,,,,,,0.0,,0.6,,,,,,9.782608695652174,9.782608695652174,1.9565217391304348,,,,,,,,,,,,,,,,,,
1791757,Kauã Gabriel,Avaí,104822,GK,,bra_b,Brasileirão Série B,8814,1000000394,2026,19.0,Brazil,,,45.0,,,,,,0.0,,0.0,,,,,,,,,,,,,,,,,,,,,,,,,,
764133,Matheus Rossetto,,8287,W,,bra_b,Brasileirão Série B,8814,1000000394,2026,,,,,45.0,,,1.0,,2.0,,,0.0,,,,,,4.0,4.0,,,,,,,,,,,,,,,,,,1.0,
1843968,Murilo Camara,Goiás,9862,GK,,bra_b,Brasileirão Série B,8814,1000000394,2026,19.0,Brazil,,,45.0,,,,,,,,0.0,,,,,,,,,,,,,,,,,,,,,,,,,,
1738400,Jamerson,,104822,CM,,bra_b,Brasileirão Série B,8814,1000000394,2026,,,,,44.0,,,,,,,,0.0,,,,,,2.0454545454545454,2.0454545454545454,,,,,,,,,,,,,,,,,,,
841862,Rodrigo Andrade,São Bernardo,231931,CM,CM,bra_b,Brasileirão Série B,8814,1000000394,2026,29.0,Brazil,174.0,0.11823,42.0,,,,,,0.0,,0.0,,0.42857142857142855,,,,,,,,,,,,,,,,,,,,,,,,
1660570,Kauã,Ceará,172341,GK,,bra_b,Brasileirão Série B,8814,1000000394,2026,20.0,Brazil,,,41.0,,,,,,0.0,,0.1,,0.0,,,,2.1951219512195124,2.1951219512195124,2.1951219512195124,,,,,,,,,,,,,,,,,,
470572,Bruno Lopes,,8630,W,,bra_b,Brasileirão Série B,8814,1000000394,2026,,,,,41.0,,,,,,,,0.0,,,,,,2.1951219512195124,2.1951219512195124,,,,,,,,,,,,,,,,,,,
773924,Luiz Paulo,Náutico,2369,GK,,bra_b,Brasileirão Série B,8814,1000000394,2026,33.0,Brazil,179.0,,38.0,,,,,,0.2,,0.0,,,,,,,,,,,,,,,,,,,,,,,,,,
1944577,Gabriel Dias,Atlético-GO,165545,GK,,bra_b,Brasileirão Série B,8814,1000000394,2026,19.0,Brazil,,,36.0,,,,,,,,0.0,,,,,,2.5,2.5,,,,,,,,,,,,,,,,,,,
1688015,Caio Maia,Londrina,298660,GK,,bra_b,Brasileirão Série B,8814,1000000394,2026,21.0,Brazil,,,34.0,,,,,,,,0.0,,,,,,,,,,,,,,,,,,,,,,,,,,
466215,Juan Zuluaga,Operário-PR,197429,CM,CM,bra_b,Brasileirão Série B,8814,1000000394,2026,33.0,Colombia,176.0,0.324523,33.0,,,,,,,,0.0,,,,,,,,,,,,,,,,,,,,,,,,,,
1945374,Marcio Vitor,Avaí,104822,GK,,bra_b,Brasileirão Série B,8814,1000000394,2026,20.0,Brazil,178.0,,33.0,,,,,,,,0.0,,,,,,,,,,,,,,,,,,,,,,,,,,
2175397,Thevyn,Ponte Preta,8630,GK,,bra_b,Brasileirão Série B,8814,1000000394,2026,20.0,Brazil,,,33.0,,,,,,,,0.2,,,,,,,,,,,,,,,,,,,,,,,,,,
1380776,Léo Mana,Criciúma,7729,W,RM,bra_b,Brasileirão Série B,8814,1000000394,2026,22.0,Brazil,,0.873712,32.0,,,,,,,,0.0,,,,,,,,,,,,,,,,,,,,,,,,,,
965278,Marlon,Novorizontino,581838,CM,CM,bra_b,Brasileirão Série B,8814,1000000394,2026,36.0,Brazil,175.0,0.16881,31.0,,,,,,0.1,,0.0,,,,,,,,,,,,,,,,,,,,,,,,,,
1644690,Thalles,Botafogo SP,8355,ST,ST,bra_b,Brasileirão Série B,8814,1000000394,2026,21.0,Brazil,,,31.0,,,,,,,,0.0,,,,,,,,,,,,,,,,,,,,,,,,,,
1944589,Vinicius Alemão,Avaí,104822,GK,,bra_b,Brasileirão Série B,8814,1000000394,2026,20.0,Brazil,,,30.0,,,,,,,,0.0,,,,,,3.0,3.0,,,,,,,,,,,,,,,,,,,
1460531,David Braw,,104821,GK,,bra_b,Brasileirão Série B,8814,1000000394,2026,,,,,30.0,,,,,,0.1,,0.0,,,,,,6.0,6.0,,,,,,,,,,,,,,,,,,,
1940593,Carlinhos,Juventude,10274,GK,,bra_b,Brasileirão Série B,8814,1000000394,2026,19.0,Brazil,,,29.0,,,,,,0.0,,0.0,,0.6206896551724138,,,,3.103448275862069,3.103448275862069,,,,,,,,,,,,,,,,,,,
1590259,Halerrandrio,Goiás,9862,GK,,bra_b,Brasileirão Série B,8814,1000000394,2026,20.0,Brazil,172.0,,29.0,,,,,,0.0,,0.0,,,,,,,,,,,,,,,,,,,,,,,,,,
1127282,Ygor,CRB,104821,ST,"ST,LW",bra_b,Brasileirão Série B,8814,1000000394,2026,31.0,Brazil,183.0,0.320509,27.0,,,,,,0.0,,0.0,,,,,,,,,,,,,,,,,,,,,,,,,,
1654088,Danielzinho,Náutico,2369,W,LW,bra_b,Brasileirão Série B,8814,1000000394,2026,25.0,Brazil,,,26.0,,1.0,,,,0.9,,0.2,,3.1153846153846154,,,,3.4615384615384617,3.4615384615384617,,,,,,,,,,,,,,,,,,,
2156645,Caca,Ponte Preta,8630,GK,,bra_b,Brasileirão Série B,8814,1000000394,2026,20.0,Brazil,,,26.0,,,,,,,,0.0,,,,,,,,,,,,,,,,,,,,,,,,,,
1959876,Filipe,Avaí,104822,GK,,bra_b,Brasileirão Série B,8814,1000000394,2026,20.0,Brazil,,,25.0,,,,,,,,0.0,,,,,,,,,,,,,,,,,,,,,,,,,,
1904253,Patrick,Sport Recife,6305,GK,,bra_b,Brasileirão Série B,8814,1000000394,2026,21.0,Brazil,187.0,,23.0,,,,,,,,0.0,,,,,,,,,,,,,,,,,,,,,,,,,,
1289461,Jader,,165545,W,,bra_b,Brasileirão Série B,8814,1000000394,2026,,,,,22.0,,,,,,0.0,,0.0,,0.0,,,,,,,,,,,,,,,,,,,,,,,,
2139755,Caio Vinícius,Ponte Preta,8630,GK,,bra_b,Brasileirão Série B,8814,1000000394,2026,18.0,Brazil,,,22.0,,,,,,,,,,,,,,,,,,,,,,,,,,,,,,,,,,
1797932,Halan,Náutico,2369,GK,,bra_b,Brasileirão Série B,8814,1000000394,2026,20.0,Brazil,,,22.0,,,,,,0.0,,0.0,,,,,,,,,,,,,,,,,,,,,,,,,,
1772735,Gabriel Domingos,América-MG,1757,AM,"CAM,CM",bra_b,Brasileirão Série B,8814,1000000394,2026,25.0,Brazil,,0.271138,21.0,,,,,,,,0.0,,,,,,4.285714285714286,4.285714285714286,,,,,,,,,,,,,,,,,,,
1933461,Rosa,Náutico,2369,GK,,bra_b,Brasileirão Série B,8814,1000000394,2026,18.0,Brazil,,,21.0,,,,,,,,0.0,,,,,,,,,,,,,,,,,,,,,,,,,,
1347689,Juan Camilo Cantillo,Fortaleza,8287,ST,ST,bra_b,Brasileirão Série B,8814,1000000394,2026,23.0,Colombia,,0.146564,21.0,,,,,,0.1,,0.0,,,,,,,,,,,,,,,,,,,,,,,,,,
1787213,Ray,Juventude,10274,GK,,bra_b,Brasileirão Série B,8814,1000000394,2026,22.0,Brazil,177.0,,20.0,,,,,,,,0.1,,,,,,4.5,4.5,,,,,,,,,,,,,,,,,,,
1777122,Gabriel Mineiro,,197815,GK,,bra_b,Brasileirão Série B,8814,1000000394,2026,,,,,20.0,,,,,,,,0.0,,,,,,,,,,,,,,,,,,,,,,,,,,
1944703,João Vittor,,104822,GK,,bra_b,Brasileirão Série B,8814,1000000394,2026,,,,,20.0,,,,,,0.1,,0.1,,,,,,9.0,9.0,,,,,,,,,,,,,,,,,,,
1660569,Caio,Náutico,2369,GK,,bra_b,Brasileirão Série B,8814,1000000394,2026,21.0,Brazil,,,19.0,,,,,,,,0.0,,,,,,,,,,,,,,,,,,,,,,,,,1.0,
1783965,Dedé,,6305,GK,,bra_b,Brasileirão Série B,8814,1000000394,2026,,,,,18.0,,,,,,0.2,,0.0,,,,,,,,,,,,,,,,,,,,,,,,,,
1738371,Guilherme Henrique,Atlético-GO,165545,AM,CAM,bra_b,Brasileirão Série B,8814,1000000394,2026,19.0,Brazil,172.0,,18.0,,,,,,,,0.1,,,,,,5.0,5.0,,,,,,,,,,,,,,,,,,,
887684,Lincoln,Vila Nova,109706,ST,ST,bra_b,Brasileirão Série B,8814,1000000394,2026,25.0,Brazil,175.0,0.331987,18.0,,,,,,0.2,,0.0,,1.5,,,,5.0,5.0,,1.0,,,,,,,,,,,,,,,,,
1675672,Micael,,6305,GK,,bra_b,Brasileirão Série B,8814,1000000394,2026,,,,,18.0,,,,,,,,0.0,,,,,,,,,,,,,,,,,,,,,,,,,,
1225516,Wellington,São Bernardo,231931,CB,CB,bra_b,Brasileirão Série B,8814,1000000394,2026,25.0,Brazil,194.0,0.099937,17.0,,,,,,,,,,,,,,,,,,,,,,,,,,,,,,,,,,
1927786,Aiyran,,197815,GK,,bra_b,Brasileirão Série B,8814,1000000394,2026,,,,,16.0,,1.0,,,,0.5,,,,5.0625,,,,,,,1.0,,,,,,,,,,,,,,,,,
1657941,Jadson,Botafogo SP,8355,FB,RB,bra_b,Brasileirão Série B,8814,1000000394,2026,21.0,Brazil,,0.316363,15.0,,,,,,,,0.0,,,,,,,,,,,,,,,,,,,,,,,,,,
2240040,Felipe Di Mauro,Ponte Preta,8630,GK,,bra_b,Brasileirão Série B,8814,1000000394,2026,20.0,Brazil,,,15.0,,,,,,,,0.0,,,,,,,,,,,,,,,,,,,,,,,,,,
1816833,Rodrigo,Vila Nova,109706,GK,,bra_b,Brasileirão Série B,8814,1000000394,2026,18.0,Brazil,,,15.0,,,,,,,,0.0,,,,,,,,,,,,,,,,,,,,,,,,,,
127819,Marquinho,,8355,GK,,bra_b,Brasileirão Série B,8814,1000000394,2026,,,,,14.0,,,,,,,,0.0,,,,,,,,,,,,,,,,,,,,,,,,,,
1791752,Breninho,São Bernardo,231931,GK,,bra_b,Brasileirão Série B,8814,1000000394,2026,21.0,Brazil,,,14.0,,,,,,,,0.0,,,,,,6.428571428571429,6.428571428571429,,,,,,,,,,,,,,,,,,,
1814373,Guilherme,CRB,104821,GK,,bra_b,Brasileirão Série B,8814,1000000394,2026,20.0,Brazil,,,14.0,,,,,,0.1,,0.0,,0.6428571428571429,,,,6.428571428571429,6.428571428571429,,,,,,,,,,,,,,,,,,,
1905655,Aloísio,,172341,GK,,bra_b,Brasileirão Série B,8814,1000000394,2026,,,,,13.0,,,,,,0.2,,0.0,,1.3846153846153846,,,,,,,1.0,,,,,,,,,,,,,,,,,
1795346,Fellipinho,Londrina,298660,W,RW,bra_b,Brasileirão Série B,8814,1000000394,2026,22.0,Brazil,170.0,,13.0,,,,,,,,0.0,,,,,,,,,,,,,,,,,,,,,,,,,,
1130925,Caíque,,109706,ST,,bra_b,Brasileirão Série B,8814,1000000394,2026,,,,,12.0,,,,,,,,,,,,,,,,,,,,,,,,,,,,,,,,,,
1928053,Heitor,América-MG,1757,GK,,bra_b,Brasileirão Série B,8814,1000000394,2026,22.0,Brazil,185.0,,11.0,,,,,,,,0.0,,,,,,,,,,,,,,,,,,,,,,,,,,
2139753,Gabriel Cicala,Ponte Preta,8630,GK,,bra_b,Brasileirão Série B,8814,1000000394,2026,18.0,Brazil,,,11.0,,,,,,,,0.0,,,,,,,,,,,,,,,,,,,,,,,,,1.0,
1355571,Vitinho,,165545,W,,bra_b,Brasileirão Série B,8814,1000000394,2026,,,,,10.0,,,,,,,,0.0,,,,,,,,,,,,,,,,,,,,,,,,,,
1459546,Juan Christian,Juventude,10274,W,LW,bra_b,Brasileirão Série B,8814,1000000394,2026,25.0,Brazil,177.0,0.160715,9.0,,,,,,0.0,,0.0,,,,,,10.0,10.0,,,,,,,,,,,,,,,,,,,
1904053,Lipão,Sport Recife,6305,GK,,bra_b,Brasileirão Série B,8814,1000000394,2026,19.0,Brazil,,,9.0,,,,,,,,0.1,,,,,,,,,,,,,,,,,,,,,,,,,,
1943131,Bidu,,7729,GK,,bra_b,Brasileirão Série B,8814,1000000394,2026,,,,,8.0,,,,,,,,0.0,,,,,,,,,,,,,,,,,,,,,,,,,,
1944709,Gabriel Oliveira,América-MG,1757,GK,,bra_b,Brasileirão Série B,8814,1000000394,2026,18.0,Brazil,,,8.0,,,,,,,,0.0,,,,,,,,,,,,,,,,,,,,,,,,,1.0,
1379435,Léo Gaúcho,,197429,ST,,bra_b,Brasileirão Série B,8814,1000000394,2026,,,,,8.0,,,,,,,,0.1,,,,,,11.25,11.25,,,,,,,,,,,,,,,,,,,
1478360,Charles,Operário-PR,197429,CB,CB,bra_b,Brasileirão Série B,8814,1000000394,2026,31.0,Brazil,184.0,0.137967,7.0,,,,,,,,,,,,,,,,,,,,,,,,,,,,,,,,,,
1660194,Erik,,8355,GK,,bra_b,Brasileirão Série B,8814,1000000394,2026,,,,,7.0,,,,,,,,0.0,,,,,,,,,,,,,,,,,,,,,,,,,,
1634625,Jardiel,Novorizontino,581838,GK,,bra_b,Brasileirão Série B,8814,1000000394,2026,21.0,Brazil,186.0,0.479698,7.0,,,,,,0.3,,0.0,,6.428571428571429,,,,,,,1.0,,,,,,,,,,,,,,,,,
1975692,Assis,Goiás,9862,GK,,bra_b,Brasileirão Série B,8814,1000000394,2026,17.0,Brazil,,,6.0,,,,,,0.0,,0.0,,,,,,,,,,,,,,,,,,,,,,,,,,
1938867,Samuel Lucas,Vila Nova,109706,GK,,bra_b,Brasileirão Série B,8814,1000000394,2026,19.0,Brazil,,,6.0,,,,,,,,0.0,,,,,,,,,,,,,,,,,,,,,,,,,,
1235079,Max,,6305,W,,bra_b,Brasileirão Série B,8814,1000000394,2026,,,,,5.0,,,,,,,,0.0,,,,,,,,,,,,,,,,,,,,,,,,,,
1669697,Gustavão,Athletic Club MG,1221604,ST,ST,bra_b,Brasileirão Série B,8814,1000000394,2026,21.0,Brazil,189.0,0.305809,5.0,,,,,,,,,,,,,,,,,,,,,,,,,,,,,,,,,,
1797933,Wendell,Náutico,2369,GK,,bra_b,Brasileirão Série B,8814,1000000394,2026,18.0,Brazil,,,5.0,,,1.0,,18.0,0.0,,0.0,,,,,,18.0,18.0,18.0,,,,,,,,,,,,,,,,,,
570359,Philipe Sampaio,Athletic Club MG,1221604,CB,CB,bra_b,Brasileirão Série B,8814,1000000394,2026,31.0,Brazil,191.0,0.159365,4.0,,,,,,,,0.0,,,,,,,,,,,,,,,,,,,,,,,,,,
1457947,Ruan Ribeiro,,109706,ST,,bra_b,Brasileirão Série B,8814,1000000394,2026,,,,,4.0,,,,,,,,,,,,,,,,,,,,,,,,,,,,,,,,,,
1789715,Adriel,Sport Recife,6305,CM,CM,bra_b,Brasileirão Série B,8814,1000000394,2026,20.0,Brazil,,,3.0,,,,,,,,,,,,,,,,,,,,,,,,,,,,,,,,,,
1943152,Juan Rikelme,Náutico,2369,GK,,bra_b,Brasileirão Série B,8814,1000000394,2026,20.0,Brazil,180.0,,3.0,,,,,,,,0.0,,,,,,30.0,30.0,,,,,,,,,,,,,,,,,,,
2089269,Murilo Povoa,América-MG,1757,GK,,bra_b,Brasileirão Série B,8814,1000000394,2026,20.0,Brazil,,,3.0,,,,,,,,0.0,,,,,,,,,,,,,,,,,,,,,,,,,,
1888847,Alexandre Pena,Athletic Club MG,1221604,DM,"CDM,CAM",bra_b,Brasileirão Série B,8814,1000000394,2026,21.0,Brazil,,,2.0,,,,,,,,,,,,,,,,,,,,,,,,,,,,,,,,,,
1720730,Lucas Reis,São Bernardo,231931,GK,,bra_b,Brasileirão Série B,8814,1000000394,2026,25.0,Brazil,190.0,,2.0,,,,,,,,,,,,,,,,,,,,,,,,,,,,,,,,,,
2009287,Caio Brazil,Avaí,104822,GK,,bra_b,Brasileirão Série B,8814,1000000394,2026,18.0,Brazil,,,1.0,,,,,,,,,,,,,,,,,,,,,,,,,,,,,,,,,,
1908414,Darlan,Botafogo SP,8355,GK,,bra_b,Brasileirão Série B,8814,1000000394,2026,22.0,Brazil,186.0,,1.0,,,,,,,,0.0,,,,,,,,,,,,,,,,,,,,,,,,,,
1931818,Galdino,São Bernardo,231931,GK,,bra_b,Brasileirão Série B,8814,1000000394,2026,21.0,Brazil,,,1.0,,,,,,,,0.0,,,,,,,,,,,,,,,,,,,,,,,,,,
1925100,Vítor Ribeiro,Ponte Preta,8630,GK,,bra_b,Brasileirão Série B,8814,1000000394,2026,27.0,Brazil,,,1.0,,,,,,,,,,,,,,,,,,,,,,,,,,,,,,,,,,
1460536,Fábio,CRB,104821,GK,,bra_b,Brasileirão Série B,8814,1000000394,2026,23.0,Brazil,200.0,,,,,,,,,,,,,,,,,,,,,,,,,,,,,,,,,,,1.0,
391719,Gastón Guruceaga,Náutico,2369,GK,GK,bra_b,Brasileirão Série B,8814,1000000394,2026,31.0,Uruguay,194.0,0.066564,,,,,,,,,,,,,,,,,,,,,,,,,,,,,,,,,,1.0,
500475,Jhonatan,,1221604,GK,,bra_b,Brasileirão Série B,8814,1000000394,2026,,,,,,,,,,,,,,,,,,,,,,,,,,,,,,,,,,,,,,1.0,
