player_id,player,club,team_id,position,position_label,league_key,league,fotmob_league_id,season_id,season,age,nationality,height_cm,market_value_m,minutes,rating,goals_total,assists_total,goals90,assists90,xg_total,xg90,xa_total,xa90,xgot90,shots90,shots_on_target90,passes90,key_pass90,chances_created90,big_chances_created90,big_chances_missed,long_balls90,dribbles90,defensive_actions90,tackles90,interceptions90,clearances90,blocks90,recoveries90,high_press_wins90,clean_sheets,save_pct,saves90,goals_prevented90,goals_conceded90,fouls90,yellow_cards,red_cards
616528,Agustín Rossi,Flamengo,9770,GK,GK,bra_a,Brasileirão Série A,268,1000000388,2026,31.0,Argentina,193.0,10.302411,2610.0,7.03,,,,,,,0.0,0.0,,,,20.5,,,,,,,0.6,,,0.6,,7.1,,12.0,76.0,2.7,0.05172413793103448,0.9,,,
30441,Fábio,Fluminense,9863,GK,GK,bra_a,Brasileirão Série A,268,1000000388,2026,46.0,Brazil,189.0,1.196309,2610.0,6.89,,,,,,,0.0,0.0,,,,15.1,,,,,,,1.1,0.0,0.0,1.0,,5.7,,6.0,73.1,3.4,0.10689655172413794,1.2,0.1,1.0,
1043826,Carlos Miguel,Palmeiras,10283,GK,GK,bra_a,Brasileirão Série A,268,1000000388,2026,28.0,Brazil,204.0,8.389364,2520.0,7.29,,,,,,,0.0,0.0,,,,15.4,,,,,,,1.4,,,1.4,,7.4,,12.0,80.0,3.0,0.20357142857142857,0.8,,3.0,
577950,Léo,Vasco da Gama,10276,GK,GK,bra_a,Brasileirão Série A,268,1000000388,2026,31.0,Brazil,188.0,5.348045,2520.0,6.53,,,,,,,0.0,0.0,,,,15.4,0.03571428571428571,0.03571428571428571,,,,0.0,1.2,,,1.2,,6.9,,3.0,65.0,2.8,-0.12857142857142856,1.5,0.0,1.0,
936701,Marcelo,Remo,1626,GK,GK,bra_a,Brasileirão Série A,268,1000000388,2026,38.0,Brazil,187.0,0.442913,2520.0,6.95,,,,,,,0.0,0.0,,,,13.6,,,,,,0.1,1.3,0.0,0.0,1.2,,7.5,,2.0,68.2,3.7,0.12142857142857143,1.7,,2.0,
816015,João Victor,Mirassol,163782,CB,CB,bra_a,Brasileirão Série A,268,1000000388,2026,29.0,Brazil,188.0,0.908817,2458.0,6.78,2.0,1.0,0.07,0.03661513425549227,1.8,0.06,0.4,0.01,0.09153783563873068,0.5,0.1,45.8,0.21969080553295361,0.21969080553295361,0.03661513425549227,3.0,3.7,0.2,8.6,0.5,1.0,5.7,1.4,3.0,,,,,,,0.6,3.0,1.0
1360308,Robert Renan,Vasco da Gama,10276,CB,CB,bra_a,Brasileirão Série A,268,1000000388,2026,22.0,Brazil,185.0,13.63153,2430.0,7.08,1.0,,0.04,,1.0,0.04,0.9,0.03,0.037037037037037035,0.4,0.1,47.6,0.6296296296296297,0.6296296296296297,0.07407407407407407,1.0,2.9,0.2,8.4,1.5,1.8,4.6,0.4,4.1,,,,,,,1.0,4.0,
267826,Weverton,Grêmio,9769,GK,GK,bra_a,Brasileirão Série A,268,1000000388,2026,38.0,Brazil,189.0,0.974272,2430.0,7.2,,1.0,,0.037037037037037035,,,0.1,0.0,,,,17.8,0.07407407407407407,0.07407407407407407,,,,,1.0,0.0,,0.9,,8.4,,6.0,73.3,3.6,0.337037037037037,1.3,0.0,2.0,
280758,Stiven Mendoza,Athletico Paranaense,10273,AM,"CAM,LWB,RW,RM,LM,ST",bra_a,Brasileirão Série A,268,1000000388,2026,34.0,Colombia,172.0,0.683156,2405.0,7.09,5.0,1.0,0.19,0.037422037422037424,2.1,0.08,2.0,0.08,0.11600831600831601,1.5,0.5,28.8,1.0478170478170479,1.0478170478170479,0.11226611226611227,4.0,0.9,0.6,2.4,1.0,0.6,0.7,,4.5,,,,,,,0.6,,
941671,Kevin Viveros,Athletico Paranaense,10273,ST,ST,bra_a,Brasileirão Série A,268,1000000388,2026,26.0,Colombia,180.0,8.624928,2375.0,7.37,19.0,3.0,0.72,0.11368421052631579,17.5,0.66,1.4,0.05,0.7768421052631579,3.0,1.7,7.5,0.72,0.72,0.22736842105263158,25.0,0.2,0.3,0.9,0.2,0.1,0.6,0.1,1.6,,,,,,,2.4,6.0,
127892,Rafael,São Paulo,10277,GK,GK,bra_a,Brasileirão Série A,268,1000000388,2026,37.0,Brazil,192.0,0.940988,2340.0,6.89,,,,,,,0.0,0.0,,,,17.5,,,,,,,1.0,0.0,,1.0,,5.9,,6.0,69.2,2.4,0.023076923076923078,1.1,,1.0,
319659,Marllon,Remo,1626,CB,CB,bra_a,Brasileirão Série A,268,1000000388,2026,34.0,Brazil,186.0,0.547997,2339.0,6.61,2.0,1.0,0.08,0.03847798204360838,0.8,0.03,0.2,0.01,0.06926036767849508,0.4,0.1,30.6,0.15391192817443353,0.15391192817443353,,,1.7,0.1,8.9,1.0,0.9,6.2,0.8,2.9,,,,,,,0.5,4.0,
1090263,Bruno Gomes,Internacional,8702,FB,"RB,CB,CM,CDM",bra_a,Brasileirão Série A,268,1000000388,2026,25.0,Brazil,175.0,6.577933,2330.0,7.18,,,,,1.1,0.04,2.2,0.08,0.019313304721030045,0.8,0.0,37.4,1.0429184549356223,1.0429184549356223,0.11587982832618025,,2.2,0.8,6.3,2.5,0.9,2.5,0.3,4.7,,,,,,,1.2,4.0,
750067,Pedro,Flamengo,9770,ST,ST,bra_a,Brasileirão Série A,268,1000000388,2026,29.0,Brazil,185.0,17.595796,2325.0,7.47,16.0,6.0,0.62,0.23225806451612904,14.6,0.57,3.4,0.13,0.6658064516129032,2.5,1.4,15.1,1.3548387096774193,1.3548387096774193,0.4258064516129032,14.0,0.3,1.0,1.5,0.7,0.3,0.4,0.0,1.8,,,,,,,0.8,2.0,
634868,Marlon Freitas,Palmeiras,10283,DM,"CDM,CM",bra_a,Brasileirão Série A,268,1000000388,2026,31.0,Brazil,185.0,5.169559,2323.0,7.3,2.0,1.0,0.08,0.03874300473525613,1.7,0.07,3.8,0.15,0.06586310804993543,1.0,0.2,58.9,1.6272061988807576,1.6272061988807576,0.23245802841153682,2.0,4.5,0.2,4.5,1.1,0.9,2.1,0.4,4.7,,,,,,,1.0,6.0,
1020027,Nicolás Acevedo,Bahia,7877,CM,"CM,RB,CDM",bra_a,Brasileirão Série A,268,1000000388,2026,27.0,Uruguay,173.0,6.702493,2317.0,7.28,1.0,1.0,0.04,0.03884333189469141,1.5,0.06,1.4,0.05,0.03884333189469141,1.0,0.3,55.9,0.5049633146309883,0.5049633146309883,0.03884333189469141,2.0,2.7,0.6,6.9,2.6,1.7,2.4,0.3,5.6,,,,,,,2.2,9.0,
1681911,Arthur Dias,Athletico Paranaense,10273,CB,CB,bra_a,Brasileirão Série A,268,1000000388,2026,19.0,Brazil,187.0,5.852445,2304.0,7.02,1.0,,0.04,,0.7,0.03,0.3,0.01,0.0234375,0.4,0.0,39.8,0.1171875,0.1171875,,1.0,4.2,0.4,6.9,1.4,1.3,3.5,0.7,4.1,,,,,,,1.0,7.0,
575779,Andreas Pereira,Palmeiras,10283,DM,"CDM,CM,CAM",bra_a,Brasileirão Série A,268,1000000388,2026,30.0,Brazil,178.0,16.27889,2288.0,7.42,1.0,10.0,0.04,0.39335664335664333,2.4,0.1,5.2,0.2,0.0826048951048951,1.5,0.4,43.9,2.5174825174825175,2.5174825174825175,0.27534965034965037,2.0,3.0,0.5,3.0,1.1,0.5,1.2,0.2,3.3,,,,,,,0.9,3.0,
274392,Gustavo Gómez,Palmeiras,10283,CB,CB,bra_a,Brasileirão Série A,268,1000000388,2026,33.0,Paraguay,185.0,2.896573,2285.0,7.14,4.0,1.0,0.16,0.03938730853391685,2.3,0.09,1.2,0.05,0.18905908096280089,0.9,0.3,38.4,0.27571115973741794,0.27571115973741794,0.11816192560175055,4.0,1.9,0.0,8.1,1.0,1.0,5.1,1.0,2.6,,,,,,,1.1,2.0,
1256634,Lucas Barbosa,RB Bragantino,109705,W,"RW,CAM,RM,LW",bra_a,Brasileirão Série A,268,1000000388,2026,25.0,Brazil,194.0,5.898599,2277.0,7.18,5.0,2.0,0.2,0.07905138339920949,6.2,0.24,4.5,0.18,0.2964426877470356,2.8,1.0,18.3,1.4229249011857708,1.4229249011857708,0.2766798418972332,4.0,1.6,0.9,4.3,1.4,0.6,2.0,0.2,3.4,,,,,,,1.7,5.0,
1437480,Doma,Chapecoense,197693,CB,CB,bra_a,Brasileirão Série A,268,1000000388,2026,28.0,Brazil,187.0,1.142709,2273.0,6.64,1.0,,0.04,,1.1,0.04,0.9,0.04,0.01583809942806863,0.6,0.1,43.6,0.3167619885613726,0.3167619885613726,0.07919049714034315,1.0,3.6,0.4,8.9,0.8,1.0,6.4,0.8,3.8,,,,,,,0.8,6.0,1.0
960887,Hugo Souza,Corinthians,9808,GK,GK,bra_a,Brasileirão Série A,268,1000000388,2026,27.0,Brazil,199.0,13.059775,2250.0,6.87,,,,,,,0.0,0.0,,,,17.8,,,,,,,1.1,0.0,,1.0,,7.3,,9.0,71.0,2.6,0.052,1.1,0.0,3.0,
1281584,Lucas Arcanjo,Vitória,7733,GK,GK,bra_a,Brasileirão Série A,268,1000000388,2026,28.0,Brazil,189.0,2.044465,2250.0,7.12,,1.0,,0.04,,,0.1,0.0,,,,17.1,0.04,0.04,0.04,,,0.0,0.8,,,0.8,,7.3,,10.0,74.8,3.8,0.156,1.3,0.0,1.0,
306512,Reinaldo,Mirassol,163782,FB,"LB,LWB,LM",bra_a,Brasileirão Série A,268,1000000388,2026,37.0,Brazil,178.0,0.569889,2230.0,7.09,1.0,4.0,0.04,0.16143497757847533,2.1,0.09,6.8,0.28,0.07668161434977579,1.5,0.2,27.6,2.5426008968609866,2.5426008968609866,0.5650224215246636,1.0,2.5,0.9,4.1,0.9,0.4,2.5,0.3,3.1,,,,,,,0.6,5.0,
449785,Walter,Mirassol,163782,GK,GK,bra_a,Brasileirão Série A,268,1000000388,2026,38.0,Brazil,188.0,0.713591,2205.0,6.87,,,,,,,0.0,0.0,,,,19.9,0.08163265306122448,0.08163265306122448,,,,0.0,0.6,,,0.6,,8.0,,2.0,69.2,3.3,0.22857142857142854,1.5,0.0,3.0,
844510,Juninho Capixaba,RB Bragantino,109705,FB,LB,bra_a,Brasileirão Série A,268,1000000388,2026,29.0,Brazil,176.0,7.149808,2194.0,7.3,3.0,2.0,0.12,0.0820419325432999,1.4,0.06,3.3,0.13,0.0861440291704649,1.3,0.3,37.0,1.4767547857793983,1.4767547857793983,0.2871467639015497,,3.0,0.4,6.9,2.4,1.4,3.0,0.2,4.8,,,,,,,2.0,12.0,
1262152,Gustavo Marques,RB Bragantino,109705,CB,CB,bra_a,Brasileirão Série A,268,1000000388,2026,25.0,Brazil,189.0,3.515944,2193.0,7.13,1.0,,0.04,,1.9,0.08,0.6,0.03,0.04103967168262654,0.9,0.3,46.6,0.2872777017783858,0.2872777017783858,,6.0,3.9,0.1,9.0,1.3,0.9,6.3,0.5,4.7,,,,,,,0.8,3.0,
905498,Vitinho,Botafogo,8517,FB,"RB,RM,RWB",bra_a,Brasileirão Série A,268,1000000388,2026,27.0,Brazil,175.0,10.703001,2171.0,6.94,1.0,3.0,0.04,0.12436665131275909,1.3,0.05,2.6,0.11,0.041455550437586364,0.6,0.1,25.7,1.3265776140027636,1.3265776140027636,0.3316444035006909,1.0,1.3,0.5,7.3,2.2,0.9,3.2,1.0,3.3,,,,,,,1.2,3.0,
866201,Carlos Vinícius,Grêmio,9769,ST,ST,bra_a,Brasileirão Série A,268,1000000388,2026,31.0,Brazil,190.0,4.045223,2168.0,6.65,10.0,1.0,0.42,0.04151291512915129,7.9,0.33,0.8,0.03,0.3985239852398524,2.0,1.0,6.6,0.29059040590405905,0.29059040590405905,0.04151291512915129,7.0,0.1,0.2,0.7,0.1,0.1,0.4,0.1,0.8,,,,,,,1.3,5.0,
522651,Matheus Pereira,Cruzeiro,9781,AM,"CAM,ST",bra_a,Brasileirão Série A,268,1000000388,2026,30.0,Brazil,176.0,11.932065,2162.0,7.74,9.0,5.0,0.37,0.20814061054579094,7.6,0.31,6.0,0.25,0.37465309898242366,2.8,0.9,39.0,3.4551341350601295,3.4551341350601295,0.4162812210915819,7.0,1.4,0.7,1.5,0.8,0.3,0.3,0.1,3.6,,,,,,,1.7,10.0,
982426,Gabriel Brazão,Santos,8514,GK,GK,bra_a,Brasileirão Série A,268,1000000388,2026,26.0,Brazil,192.0,14.991144,2160.0,6.82,,,,,0.1,0.0,0.0,0.0,0.004166666666666667,0.0,0.0,12.7,,,,,,0.0,1.5,,0.0,1.4,,5.8,,5.0,64.8,2.8,0.05833333333333333,1.5,0.0,5.0,
323352,Gustavo Henrique,Corinthians,9808,CB,CB,bra_a,Brasileirão Série A,268,1000000388,2026,33.0,Brazil,196.0,1.036494,2160.0,6.89,2.0,1.0,0.08,0.041666666666666664,2.7,0.11,0.6,0.03,0.12916666666666668,1.0,0.4,45.4,0.2916666666666667,0.2916666666666667,0.041666666666666664,4.0,3.0,0.1,7.4,1.0,0.8,4.9,0.8,2.4,,,,,,,0.8,4.0,
265435,Santos,Athletico Paranaense,10273,GK,GK,bra_a,Brasileirão Série A,268,1000000388,2026,36.0,Brazil,192.0,0.457598,2160.0,6.78,,,,,,,0.0,0.0,,,,12.0,0.08333333333333333,0.08333333333333333,,,,,0.5,,,0.5,,7.0,,7.0,71.6,2.6,-0.04583333333333334,1.0,,3.0,
1046082,Vitinho,Internacional,8702,W,"RM,RW,RWB,ST",bra_a,Brasileirão Série A,268,1000000388,2026,27.0,Brazil,177.0,5.570238,2155.0,6.89,3.0,3.0,0.13,0.12529002320185614,4.7,0.2,2.8,0.12,0.17122969837587004,1.9,0.7,21.3,1.0440835266821347,1.0440835266821347,0.12529002320185614,4.0,0.7,0.7,4.6,1.8,0.9,1.8,0.2,2.8,,,,,,,1.5,5.0,
793876,Renan Lodi,Atlético-MG,10272,FB,"LB,LWB",bra_a,Brasileirão Série A,268,1000000388,2026,28.0,Brazil,173.0,10.67485,2152.0,7.07,,3.0,,0.12546468401486988,1.8,0.08,2.8,0.12,0.016728624535315983,1.6,0.4,35.7,1.171003717472119,1.171003717472119,0.41821561338289964,3.0,2.1,0.5,4.9,1.3,1.0,2.3,0.4,4.2,,,,,,,1.5,4.0,1.0
638652,Pedro Rocha,Coritiba,9767,ST,"ST,RW",bra_a,Brasileirão Série A,268,1000000388,2026,32.0,Brazil,180.0,1.086628,2145.0,6.87,8.0,1.0,0.34,0.04195804195804196,7.9,0.33,0.9,0.04,0.2895104895104895,2.4,1.0,8.9,0.5874125874125874,0.5874125874125874,0.08391608391608392,9.0,0.3,1.0,2.4,0.5,0.4,1.5,0.0,2.1,,,,,,,1.1,2.0,1.0
789790,Bruno Melo,Coritiba,9767,FB,"LB,CB",bra_a,Brasileirão Série A,268,1000000388,2026,33.0,Brazil,186.0,0.384002,2131.0,6.58,1.0,1.0,0.04,0.04223369310183012,1.0,0.04,1.4,0.06,0.025340215861098078,0.5,0.0,29.6,0.675739089629282,0.675739089629282,0.1689347724073205,1.0,1.7,0.2,6.3,1.1,0.5,4.3,0.3,2.3,,,,,,,0.5,3.0,1.0
1104156,Alexandro Bernabéi,Internacional,8702,FB,"LB,LM,LWB,CAM,LW",bra_a,Brasileirão Série A,268,1000000388,2026,26.0,Argentina,169.0,9.120723,2131.0,7.13,4.0,1.0,0.17,0.04223369310183012,2.7,0.11,3.4,0.14,0.1309244486156734,2.4,0.6,22.9,1.7315814171750352,1.7315814171750352,0.1689347724073205,2.0,1.1,1.6,4.2,1.7,0.8,1.4,0.3,4.7,,,,,,,2.1,7.0,1.0
1073724,Santiago Ramos,,7877,CB,,bra_a,Brasileirão Série A,268,1000000388,2026,,,,,2115.0,6.76,,,,,0.7,0.03,0.3,0.01,0.0851063829787234,0.4,0.3,45.9,0.2127659574468085,0.2127659574468085,0.0425531914893617,,1.7,0.1,7.6,0.6,1.2,4.7,1.1,2.0,,,,,,,0.7,3.0,
339032,Thiago Mendes,Vasco da Gama,10276,DM,"CDM,CAM,CM",bra_a,Brasileirão Série A,268,1000000388,2026,34.0,Brazil,176.0,0.973872,2097.0,7.43,5.0,1.0,0.21,0.04291845493562232,2.1,0.09,2.6,0.11,0.17167381974248927,1.1,0.5,52.9,1.8025751072961373,1.8025751072961373,0.2145922746781116,2.0,2.4,0.9,2.9,1.0,0.8,0.9,0.2,6.9,,,,,,,0.8,8.0,
1379296,Willian Machado,Mirassol,163782,CB,CB,bra_a,Brasileirão Série A,268,1000000388,2026,29.0,Brazil,186.0,1.59376,2094.0,7.17,1.0,1.0,0.04,0.04297994269340974,0.5,0.02,1.0,0.04,0.025787965616045846,0.5,0.3,47.9,0.4297994269340974,0.4297994269340974,0.08595988538681948,1.0,4.3,0.3,10.5,1.4,1.2,6.9,1.1,2.8,,,,,,,0.9,4.0,
1116482,Igor Formiga,Mirassol,163782,FB,"RB,RM,RWB",bra_a,Brasileirão Série A,268,1000000388,2026,27.0,Brazil,177.0,1.393006,2087.0,7.41,4.0,5.0,0.17,0.21562050790608528,3.1,0.14,2.9,0.12,0.18974604695735509,1.3,0.4,30.2,1.4230953521801628,1.4230953521801628,0.2587446094873023,3.0,0.8,1.5,9.5,3.1,2.0,3.9,0.4,5.2,,,,,,,1.6,2.0,
523801,Léo Pereira,Flamengo,9770,CB,CB,bra_a,Brasileirão Série A,268,1000000388,2026,30.0,Brazil,189.0,9.013804,2076.0,7.35,2.0,1.0,0.09,0.04335260115606936,1.5,0.06,0.7,0.03,0.06502890173410404,0.9,0.2,70.7,0.30346820809248554,0.30346820809248554,,,3.5,0.1,7.9,1.1,1.1,4.8,1.0,4.2,,,,,,,0.7,6.0,
851514,Murilo,Palmeiras,10283,CB,CB,bra_a,Brasileirão Série A,268,1000000388,2026,29.0,Brazil,188.0,5.618596,2072.0,7.12,2.0,1.0,0.09,0.04343629343629344,1.9,0.08,1.4,0.06,0.08687258687258688,0.7,0.3,45.7,0.5212355212355212,0.5212355212355212,0.08687258687258688,3.0,2.3,0.3,7.4,1.1,0.9,4.6,0.8,3.2,,,,,,,1.4,3.0,1.0
268171,Everson,Atlético-MG,10272,GK,GK,bra_a,Brasileirão Série A,268,1000000388,2026,36.0,Brazil,192.0,1.100768,2070.0,6.93,,1.0,,0.043478260869565216,,,0.1,0.0,,,,22.0,0.13043478260869565,0.13043478260869565,0.043478260869565216,,,,1.2,,0.0,1.2,,8.7,,6.0,72.2,3.0,-0.034782608695652174,1.2,0.0,,
1340527,Erick Pulga,Bahia,7877,W,"LW,ST,RW,CAM",bra_a,Brasileirão Série A,268,1000000388,2026,26.0,Brazil,169.0,11.11461,2061.0,6.95,3.0,2.0,0.13,0.08733624454148471,3.2,0.14,2.2,0.09,0.17467248908296942,1.7,0.7,17.4,0.9606986899563319,0.9606986899563319,0.08733624454148471,7.0,0.5,1.7,1.6,0.9,0.3,0.3,,3.3,,,,,,,1.3,5.0,
1174329,Luciano Juba,Bahia,7877,FB,LB,bra_a,Brasileirão Série A,268,1000000388,2026,27.0,Brazil,176.0,15.350297,2058.0,7.42,9.0,1.0,0.39,0.043731778425655975,5.0,0.22,1.9,0.08,0.27988338192419826,1.2,0.7,41.2,1.661807580174927,1.661807580174927,0.13119533527696792,1.0,2.9,0.4,7.1,1.4,1.0,4.4,0.2,4.5,,,,,,,0.7,4.0,
1060636,Camilo,Chapecoense,197693,DM,"CDM,CM",bra_a,Brasileirão Série A,268,1000000388,2026,27.0,Brazil,178.0,1.44581,2043.0,6.96,,,,,0.4,0.02,1.1,0.05,0.0,0.7,0.1,36.9,0.7929515418502202,0.7929515418502202,0.04405286343612335,,2.4,0.7,6.4,2.3,1.6,2.0,0.4,4.6,,,,,,,1.9,8.0,
750046,Fabrício Bruno,Cruzeiro,9781,CB,CB,bra_a,Brasileirão Série A,268,1000000388,2026,30.0,Brazil,191.0,10.873541,2042.0,7.0,,,,,0.4,0.02,0.7,0.03,0.01762977473065622,0.6,0.1,55.2,0.3525954946131244,0.3525954946131244,0.0881488736532811,1.0,3.6,0.1,7.8,0.8,0.7,5.5,0.8,3.1,,,,,,,0.7,8.0,
428672,Alex Telles,Botafogo,8517,FB,"LB,LM,LWB",bra_a,Brasileirão Série A,268,1000000388,2026,33.0,Brazil,181.0,1.979205,2033.0,7.0,4.0,4.0,0.18,0.17707820954254797,2.3,0.1,3.4,0.15,0.11067388096409247,0.9,0.2,27.0,1.7265125430398427,1.7265125430398427,0.26561731431382196,,1.6,0.4,5.0,1.2,1.1,2.5,0.2,3.5,,,,,,,1.2,4.0,
927094,Sebastián Gómez,Coritiba,9767,DM,"CDM,CAM",bra_a,Brasileirão Série A,268,1000000388,2026,30.0,Colombia,172.0,1.317709,2027.0,6.68,,1.0,,0.04440059200789344,1.0,0.04,0.7,0.03,0.031080414405525402,0.8,0.2,23.0,0.5328071040947213,0.5328071040947213,0.04440059200789344,1.0,0.9,0.2,5.1,1.8,1.2,1.6,0.5,4.1,,,,,,,1.4,3.0,
1174660,Matheuzinho,Corinthians,9808,FB,"RB,RWB",bra_a,Brasileirão Série A,268,1000000388,2026,26.0,Brazil,176.0,11.036188,1995.0,7.05,1.0,2.0,0.05,0.09022556390977443,1.2,0.05,2.4,0.11,0.05413533834586466,0.9,0.3,40.6,1.6240601503759398,1.6240601503759398,0.09022556390977443,1.0,2.4,0.4,6.0,1.9,1.4,2.4,0.2,3.2,,,,,,,1.2,5.0,1.0
1216079,José López,Palmeiras,10283,ST,"ST,CAM",bra_a,Brasileirão Série A,268,1000000388,2026,25.0,Argentina,190.0,25.781241,1985.0,7.28,9.0,4.0,0.41,0.181360201511335,4.2,0.19,3.0,0.14,0.3309823677581864,2.7,1.0,14.8,1.314861460957179,1.314861460957179,0.27204030226700254,4.0,1.3,1.5,2.9,1.1,0.3,1.3,0.2,2.4,,,,,,,1.7,2.0,
845976,Léo Ortiz,Flamengo,9770,CB,CB,bra_a,Brasileirão Série A,268,1000000388,2026,30.0,Brazil,185.0,10.669789,1983.0,7.15,1.0,1.0,0.05,0.0453857791225416,0.7,0.03,0.9,0.04,0.03177004538577912,0.4,0.1,62.8,0.2723146747352496,0.2723146747352496,0.0453857791225416,1.0,3.7,0.2,6.7,0.7,1.0,4.4,0.6,3.0,,,,,,,0.6,,
638782,David Duarte,Bahia,7877,CB,CB,bra_a,Brasileirão Série A,268,1000000388,2026,31.0,Brazil,192.0,1.207631,1977.0,7.16,3.0,1.0,0.14,0.04552352048558422,1.6,0.07,0.5,0.02,0.06828528072837632,0.9,0.4,52.9,0.36418816388467373,0.36418816388467373,0.09104704097116843,2.0,2.3,,8.6,1.0,1.2,5.6,0.7,2.3,,,,,,,0.9,4.0,
409017,Tiago Volpi,RB Bragantino,109705,GK,GK,bra_a,Brasileirão Série A,268,1000000388,2026,35.0,Brazil,189.0,0.659971,1967.0,7.1,2.0,,0.09,,1.6,0.07,0.4,0.02,0.07320793085917641,0.1,0.1,23.7,0.22877478393492628,0.22877478393492628,0.045754956786985254,,,0.0,1.1,0.0,,1.0,,8.5,,6.0,71.9,2.9,0.13268937468225725,1.1,,2.0,
571461,Cristian Pavón,Grêmio,9769,FB,"RB,RW,LW,RM",bra_a,Brasileirão Série A,268,1000000388,2026,30.0,Argentina,167.0,1.053666,1944.0,7.32,2.0,4.0,0.09,0.18518518518518517,0.8,0.04,3.8,0.18,0.07407407407407407,0.9,0.4,36.9,2.175925925925926,2.175925925925926,0.23148148148148148,,3.7,2.0,5.2,1.8,1.4,1.9,0.0,6.3,,,,,,,0.8,7.0,
163824,Josué,Coritiba,9767,AM,CAM,bra_a,Brasileirão Série A,268,1000000388,2026,36.0,Portugal,174.0,0.368573,1943.0,7.14,1.0,11.0,0.05,0.5095213587236233,2.0,0.09,5.3,0.25,0.06484817292846114,1.3,0.3,45.6,2.732887287699434,2.732887287699434,0.5095213587236233,,3.5,0.4,1.9,1.1,0.2,0.4,0.1,3.2,,,,,,,1.0,2.0,1.0
1353421,Andrés Gómez,Vasco da Gama,10276,W,"LW,RW",bra_a,Brasileirão Série A,268,1000000388,2026,24.0,Colombia,171.0,11.600499,1941.0,7.08,5.0,2.0,0.23,0.09273570324574962,3.7,0.17,5.6,0.26,0.2735703245749614,3.6,1.0,16.9,1.669242658423493,1.669242658423493,0.2782071097372488,2.0,0.3,2.2,2.8,1.6,0.7,0.5,0.0,4.9,,,,,,,1.3,9.0,
670948,Arthur Cabral,Botafogo,8517,ST,ST,bra_a,Brasileirão Série A,268,1000000388,2026,28.0,Brazil,186.0,10.053317,1937.0,6.86,7.0,1.0,0.33,0.04646360351058337,4.9,0.23,1.6,0.08,0.357769747031492,2.6,1.2,11.1,0.7898812596799174,0.7898812596799174,0.09292720702116675,8.0,0.4,0.9,2.0,0.5,0.1,1.2,0.2,1.7,,,,,,,1.7,3.0,1.0
1130833,Bidu,Corinthians,9808,FB,"LB,LWB",bra_a,Brasileirão Série A,268,1000000388,2026,27.0,Brazil,172.0,6.741866,1936.0,7.23,3.0,1.0,0.14,0.04648760330578512,1.0,0.05,2.3,0.1,0.07902892561983471,1.1,0.2,39.4,1.115702479338843,1.115702479338843,0.13946280991735538,1.0,1.7,0.9,5.3,1.7,1.3,2.0,0.2,6.8,,,,,,,1.4,5.0,
1053727,Johan Carbonero,Internacional,8702,ST,"ST,LW,CAM,RW,RM",bra_a,Brasileirão Série A,268,1000000388,2026,27.0,Colombia,170.0,6.53213,1927.0,6.94,7.0,4.0,0.33,0.1868188894654904,6.7,0.31,2.9,0.13,0.27088738972496107,2.9,1.0,21.8,1.3544369486248053,1.3544369486248053,0.233523611831863,5.0,0.7,1.5,0.8,0.5,0.1,0.2,,3.8,,,,,,,1.4,4.0,
751010,Gonzalo Escobar,Santos,8514,FB,LB,bra_a,Brasileirão Série A,268,1000000388,2026,29.0,Argentina,171.0,0.971724,1927.0,7.19,,2.0,,0.0934094447327452,0.4,0.02,0.9,0.04,0.00934094447327452,0.4,0.0,38.3,0.467047223663726,0.467047223663726,0.0934094447327452,1.0,1.1,0.7,8.8,2.5,1.8,4.0,0.5,5.0,,,,,,,1.4,8.0,
923698,Juan Aguirre,Athletico Paranaense,10273,CB,CB,bra_a,Brasileirão Série A,268,1000000388,2026,30.0,Colombia,186.0,,1920.0,6.91,1.0,,0.05,,1.0,0.05,0.1,0.0,0.0421875,0.6,0.3,33.2,0.09375,0.09375,,1.0,1.7,0.1,10.5,0.9,1.4,7.1,1.1,2.6,,,,,,,1.5,3.0,
1336663,Marcelinho,Remo,1626,FB,"RB,RW",bra_a,Brasileirão Série A,268,1000000388,2026,28.0,Brazil,174.0,0.27053,1915.0,6.73,2.0,1.0,0.09,0.04699738903394256,1.3,0.06,1.9,0.09,0.032898172323759786,1.3,0.3,24.3,1.080939947780679,1.080939947780679,0.2349869451697128,3.0,1.1,0.4,4.9,1.0,0.9,2.8,0.1,3.1,,,,,,,0.4,3.0,
841656,Raniele,Corinthians,9808,DM,"CDM,CB,CM,RB",bra_a,Brasileirão Série A,268,1000000388,2026,29.0,Brazil,184.0,2.469435,1906.0,6.98,2.0,,0.09,,1.2,0.06,0.4,0.02,0.03777544596012592,1.0,0.2,34.0,0.472193074501574,0.472193074501574,0.0472193074501574,3.0,2.2,0.6,7.3,2.1,2.0,2.6,0.6,3.3,,,,,,,1.6,6.0,
864464,Erick,Vitória,7733,W,"RW,RM,RWB",bra_a,Brasileirão Série A,268,1000000388,2026,28.0,Brazil,173.0,1.878473,1902.0,7.02,5.0,5.0,0.24,0.23659305993690852,2.6,0.12,3.6,0.17,0.1750788643533123,1.8,0.6,24.6,1.5615141955835963,1.5615141955835963,0.5205047318611987,1.0,3.4,1.4,1.7,0.7,0.1,0.8,,4.3,,,,,,,0.7,2.0,
469295,Jonathan Calleri,São Paulo,10277,ST,ST,bra_a,Brasileirão Série A,268,1000000388,2026,33.0,Argentina,181.0,1.045298,1893.0,6.78,8.0,1.0,0.38,0.04754358161648178,8.1,0.38,1.5,0.07,0.3518225039619651,2.3,0.9,10.9,0.9508716323296355,0.9508716323296355,0.1901743264659271,8.0,0.4,0.4,1.9,0.5,0.2,1.0,0.1,1.8,,,,,,,1.9,6.0,
580604,Gérson,Cruzeiro,9781,DM,"CDM,LW,CAM,CM,RW",bra_a,Brasileirão Série A,268,1000000388,2026,29.0,Brazil,184.0,18.294591,1886.0,7.18,,3.0,,0.14316012725344646,1.4,0.07,2.8,0.13,0.02863202545068929,1.0,0.3,54.5,1.002120890774125,1.002120890774125,0.19088016967126192,,2.5,1.0,4.1,1.6,0.7,1.4,0.4,4.4,,,,,,,1.4,5.0,
954213,Cacá,Vitória,7733,CB,"CB,RB",bra_a,Brasileirão Série A,268,1000000388,2026,27.0,Brazil,187.0,1.468161,1883.0,6.57,1.0,,0.05,,0.8,0.04,0.2,0.01,0.038236856080722255,0.5,0.1,31.3,0.14338821030270846,0.14338821030270846,0.04779607010090282,1.0,1.6,0.1,8.7,0.8,0.3,6.4,1.1,2.4,,,,,,,0.7,5.0,1.0
1093746,Rodrigo Garro,Corinthians,9808,AM,"CAM,CM,ST",bra_a,Brasileirão Série A,268,1000000388,2026,28.0,Argentina,,12.931512,1881.0,7.14,3.0,6.0,0.14,0.28708133971291866,3.3,0.16,4.6,0.22,0.24401913875598083,2.0,0.9,39.2,2.3444976076555024,2.3444976076555024,0.430622009569378,2.0,3.4,0.7,1.6,0.8,0.6,0.2,,2.9,,,,,,,1.4,9.0,
1082941,Samuel Lino,Flamengo,9770,W,"LW,CAM",bra_a,Brasileirão Série A,268,1000000388,2026,26.0,Brazil,177.0,16.513115,1873.0,7.49,9.0,7.0,0.43,0.33635878270154834,5.7,0.28,6.0,0.29,0.3123331553657234,3.0,1.1,37.7,2.258408969567539,2.258408969567539,0.6727175654030967,7.0,1.1,0.8,3.2,2.2,0.5,0.4,0.0,3.4,,,,,,,1.1,3.0,
1181700,Danilo,Botafogo,8517,DM,"CDM,CM,CAM",bra_a,Brasileirão Série A,268,1000000388,2026,25.0,Brazil,177.0,36.153495,1854.0,7.32,9.0,2.0,0.44,0.0970873786407767,2.5,0.12,1.7,0.08,0.3058252427184466,1.8,0.8,37.3,1.5533980582524272,1.5533980582524272,0.33980582524271846,1.0,3.1,0.8,4.0,1.7,0.6,1.2,0.5,5.5,,,,,,,0.5,2.0,
929338,Gastón Benavídez,Athletico Paranaense,10273,FB,"RWB,CB,RB,RM,LB",bra_a,Brasileirão Série A,268,1000000388,2026,30.0,Argentina,175.0,2.315283,1854.0,7.29,1.0,5.0,0.05,0.24271844660194175,0.8,0.04,1.9,0.09,0.05825242718446602,0.4,0.2,33.9,1.116504854368932,1.116504854368932,0.24271844660194175,3.0,2.3,0.3,5.3,1.0,0.7,3.2,0.4,3.5,,,,,,,0.9,6.0,
834605,Tomás Cuello,Atlético-MG,10272,W,"RW,CAM,LM,RWB,LW",bra_a,Brasileirão Série A,268,1000000388,2026,26.0,Argentina,175.0,6.385907,1845.0,7.13,5.0,2.0,0.24,0.0975609756097561,6.2,0.3,4.2,0.2,0.23414634146341465,2.8,0.9,23.5,1.853658536585366,1.853658536585366,0.43902439024390244,12.0,1.4,1.8,3.5,1.3,1.0,1.1,0.1,4.7,,,,,,,1.2,3.0,
177503,Gabriel Paulista,Corinthians,9808,CB,CB,bra_a,Brasileirão Série A,268,1000000388,2026,35.0,Brazil,185.0,0.952047,1843.0,7.01,1.0,,0.05,,0.8,0.04,0.3,0.02,0.024416711882799782,0.9,0.1,48.6,0.19533369506239825,0.19533369506239825,,1.0,2.5,,7.7,0.7,1.0,5.6,0.4,3.0,,,,,,,0.7,6.0,
847910,Nahuel Ferraresi,Botafogo,8517,CB,CB,bra_a,Brasileirão Série A,268,1000000388,2026,27.0,Venezuela,190.0,2.653749,1839.0,7.06,1.0,,0.05,,1.2,0.06,0.8,0.04,0.04404567699836868,0.5,0.1,45.5,0.4893964110929853,0.4893964110929853,0.048939641109298535,3.0,3.5,0.1,11.8,2.7,1.3,7.1,0.7,4.1,,,,,,,1.4,7.0,
858829,Jacy,Coritiba,9767,CB,CB,bra_a,Brasileirão Série A,268,1000000388,2026,29.0,Brazil,192.0,1.743472,1828.0,6.92,1.0,,0.05,,0.8,0.04,0.3,0.01,0.02954048140043764,0.8,0.1,27.7,0.34463894967177244,0.34463894967177244,,1.0,1.5,0.0,12.0,2.1,1.1,7.6,1.1,2.9,,,,,,,0.8,2.0,1.0
1350017,Caíque,Vitória,7733,CM,"CM,CDM,CB,CAM",bra_a,Brasileirão Série A,268,1000000388,2026,31.0,Brazil,184.0,0.680035,1817.0,6.81,,,,,0.1,0.0,0.2,0.01,0.0,0.1,0.0,37.7,0.3467253714914695,0.3467253714914695,,,2.1,0.3,7.3,2.4,1.0,3.3,0.6,4.1,,,,,,,1.1,5.0,
147729,Luiz Gustavo,Athletico Paranaense,10273,DM,"CDM,CM",bra_a,Brasileirão Série A,268,1000000388,2026,39.0,Brazil,186.0,0.446825,1816.0,7.03,3.0,,0.15,,3.2,0.16,0.7,0.04,0.17345814977973567,1.4,0.6,37.6,0.4955947136563877,0.4955947136563877,0.04955947136563876,3.0,2.0,0.5,4.8,1.2,1.2,1.8,0.5,4.6,,,,,,,1.4,4.0,
754504,Artur,São Paulo,10277,W,"RW,CAM,RM",bra_a,Brasileirão Série A,268,1000000388,2026,28.0,Brazil,168.0,8.260068,1789.0,7.07,3.0,2.0,0.15,0.10061486864169927,4.4,0.22,2.9,0.15,0.2917831190609279,2.7,1.1,27.3,1.9116825041922862,1.9116825041922862,0.3018446059250978,4.0,1.3,1.2,2.1,1.4,0.3,0.4,0.1,4.2,,,,,,,0.5,1.0,
763386,Luan Peres,Santos,8514,CB,CB,bra_a,Brasileirão Série A,268,1000000388,2026,32.0,Brazil,190.0,0.65289,1784.0,6.82,1.0,,0.05,,0.6,0.03,0.2,0.01,0.04035874439461883,0.3,0.1,39.5,0.05044843049327354,0.05044843049327354,,,1.8,0.2,9.1,1.9,0.8,5.5,1.0,3.4,,,,,,,1.1,3.0,1.0
964936,Alef Manga,,1626,W,,bra_a,Brasileirão Série A,268,1000000388,2026,,,,,1769.0,6.75,5.0,3.0,0.25,0.15262860373092144,4.5,0.23,1.8,0.09,0.2798191068400226,2.4,0.8,18.5,1.1192764273600904,1.1192764273600904,0.25438100621820237,4.0,0.9,0.9,2.4,1.1,0.3,0.9,0.1,3.5,,,,,,,1.0,1.0,
1380775,Breno Bidon,Corinthians,9808,W,"RW,LW,CDM,CAM,CM,LM,RM",bra_a,Brasileirão Série A,268,1000000388,2026,21.0,Brazil,179.0,24.141333,1760.0,6.77,2.0,1.0,0.1,0.05113636363636364,1.6,0.08,1.9,0.1,0.06136363636363636,1.0,0.2,35.6,1.0227272727272727,1.0227272727272727,0.1534090909090909,2.0,1.6,0.9,3.0,1.6,0.3,0.8,0.3,3.3,,,,,,,1.7,5.0,
905494,Ruan,Atlético-MG,10272,CB,CB,bra_a,Brasileirão Série A,268,1000000388,2026,27.0,Brazil,187.0,3.271148,1756.0,6.89,2.0,,0.1,,1.1,0.06,0.3,0.01,0.09738041002277904,0.6,0.3,41.4,0.15375854214123008,0.15375854214123008,,1.0,2.1,0.3,9.2,1.4,0.9,5.7,1.2,2.9,,,,,,,0.9,7.0,
812077,Ronaldo,Bahia,7877,GK,GK,bra_a,Brasileirão Série A,268,1000000388,2026,30.0,Brazil,194.0,1.625693,1754.0,7.43,,,,,,,0.0,0.0,,,,24.5,,,,,,,1.8,0.1,,1.7,,7.8,,7.0,80.5,3.6,0.3181299885974915,0.9,,2.0,
834641,Duplexe Tchamba,Remo,1626,CB,CB,bra_a,Brasileirão Série A,268,1000000388,2026,28.0,Cameroon,191.0,0.512692,1751.0,6.83,,1.0,,0.05139920045688178,0.7,0.03,0.4,0.02,0.005139920045688178,0.4,0.1,35.6,0.2569960022844089,0.2569960022844089,,1.0,3.8,0.3,11.5,1.6,1.2,7.7,1.0,3.0,,,,,,,0.4,1.0,
916348,Igor Vinícius,Santos,8514,FB,RB,bra_a,Brasileirão Série A,268,1000000388,2026,29.0,Brazil,175.0,1.605849,1745.0,7.02,,1.0,,0.05157593123209169,0.2,0.01,1.4,0.07,0.025787965616045846,0.2,0.1,35.6,0.8252148997134671,0.8252148997134671,,,1.1,0.6,6.0,2.6,1.2,2.1,0.2,4.4,,,,,,,1.2,4.0,
951710,Zé Ricardo,Remo,1626,AM,"CAM,CDM,ST,CM",bra_a,Brasileirão Série A,268,1000000388,2026,27.0,Brazil,180.0,0.51855,1733.0,6.67,1.0,1.0,0.05,0.05193306405077899,0.9,0.05,2.3,0.12,0.057126370455856904,1.0,0.4,33.8,1.3502596653202539,1.3502596653202539,0.259665320253895,,1.8,1.0,3.4,1.5,1.3,0.5,0.1,3.5,,,,,,,2.1,5.0,1.0
1187836,Martinelli,Fluminense,9863,DM,"CDM,CM",bra_a,Brasileirão Série A,268,1000000388,2026,25.0,Brazil,177.0,16.805522,1730.0,7.31,,3.0,,0.15606936416184972,0.7,0.03,1.5,0.08,0.020809248554913295,0.9,0.3,64.9,1.092485549132948,1.092485549132948,0.15606936416184972,,3.0,0.8,4.4,1.4,1.1,1.5,0.4,5.1,,,,,,,1.6,5.0,
399130,Luciano,São Paulo,10277,ST,"ST,CAM",bra_a,Brasileirão Série A,268,1000000388,2026,33.0,Brazil,181.0,1.071177,1729.0,7.18,9.0,1.0,0.47,0.05205320994794679,9.0,0.47,2.6,0.13,0.4684788895315211,2.8,0.9,24.3,1.3013302486986698,1.3013302486986698,0.15615962984384038,5.0,1.1,0.1,2.3,1.2,0.3,0.8,0.1,2.8,,,,,,,1.2,5.0,
934675,Jean Lucas,Bahia,7877,CM,"CM,CDM,CAM",bra_a,Brasileirão Série A,268,1000000388,2026,28.0,Brazil,181.0,14.927687,1728.0,6.88,4.0,3.0,0.21,0.15625,3.0,0.16,2.7,0.14,0.18229166666666666,1.4,0.4,28.2,0.9895833333333334,0.9895833333333334,0.15625,1.0,0.9,0.9,3.5,1.8,0.8,0.5,0.5,4.4,,,,,,,2.1,4.0,
1053847,Breno Lopes,Coritiba,9767,W,"LW,CAM,ST,RW",bra_a,Brasileirão Série A,268,1000000388,2026,30.0,Brazil,175.0,2.170296,1726.0,7.0,8.0,2.0,0.42,0.10428736964078796,5.4,0.28,1.8,0.09,0.34936268829663963,1.3,0.7,20.4,1.3557358053302433,1.3557358053302433,0.2085747392815759,1.0,0.8,0.7,1.2,0.5,0.1,0.4,0.2,3.9,,,,,,,0.5,3.0,1.0
632708,Emmanuel Martínez,Vitória,7733,CM,"CM,CAM,CDM",bra_a,Brasileirão Série A,268,1000000388,2026,32.0,Argentina,169.0,0.90244,1726.0,6.88,,,,,0.8,0.04,0.7,0.03,0.010428736964078795,0.6,0.1,37.7,1.0428736964078795,1.0428736964078795,,2.0,1.9,0.6,4.7,1.6,1.1,1.5,0.4,6.5,,,,,,,1.7,8.0,
1257285,Tiago,Coritiba,9767,CB,CB,bra_a,Brasileirão Série A,268,1000000388,2026,22.0,Brazil,191.0,1.271983,1720.0,6.61,4.0,,0.21,,1.7,0.09,0.2,0.01,0.17267441860465116,0.6,0.4,27.7,0.20930232558139536,0.20930232558139536,,,1.9,0.2,10.6,0.5,0.9,7.6,1.6,2.6,,,,,,,1.4,3.0,1.0
498595,Yago Pikachu,Remo,1626,W,"RW,CAM",bra_a,Brasileirão Série A,268,1000000388,2026,34.0,Brazil,169.0,0.452134,1719.0,6.67,3.0,2.0,0.16,0.10471204188481675,2.3,0.12,2.1,0.11,0.14136125654450263,1.5,0.6,26.1,1.5706806282722514,1.5706806282722514,0.05235602094240838,1.0,1.1,0.4,2.1,0.8,0.5,0.7,0.1,3.0,,,,,,,0.6,2.0,1.0
172185,Alan Patrick,Internacional,8702,AM,"CAM,ST,CM",bra_a,Brasileirão Série A,268,1000000388,2026,35.0,Brazil,177.0,1.505846,1718.0,7.13,5.0,2.0,0.26,0.10477299185098952,3.7,0.19,4.9,0.26,0.15192083818393481,1.6,0.4,30.3,3.4051222351571595,3.4051222351571595,0.36670547147846333,,1.0,0.6,2.0,0.8,0.4,0.8,0.1,3.0,,,,,,,0.5,1.0,
890205,Marcos Antônio,São Paulo,10277,DM,"CDM,CM,CAM,LM,RW",bra_a,Brasileirão Série A,268,1000000388,2026,26.0,Brazil,166.0,13.689615,1717.0,7.04,,2.0,,0.10483401281304601,2.0,0.1,2.6,0.14,0.0157251019219569,1.1,0.1,58.5,1.6249271986022131,1.6249271986022131,0.31450203843913804,2.0,3.0,0.5,2.6,1.6,0.4,0.5,0.2,5.3,,,,,,,1.2,1.0,
966069,Luan Cândido,Vitória,7733,CB,"CB,LB",bra_a,Brasileirão Série A,268,1000000388,2026,25.0,Brazil,184.0,2.027101,1715.0,6.59,,2.0,,0.10495626822157435,0.8,0.04,0.6,0.03,0.03673469387755102,0.5,0.2,30.8,0.2099125364431487,0.2099125364431487,0.052478134110787174,2.0,2.0,0.1,8.2,1.2,1.0,5.4,0.6,2.3,,,,,,,0.8,2.0,1.0
1712138,Gabriel Bontempo,Santos,8514,W,"RW,CM,CAM,CDM",bra_a,Brasileirão Série A,268,1000000388,2026,21.0,Brazil,181.0,11.510395,1714.0,7.12,1.0,2.0,0.05,0.10501750291715285,2.4,0.13,2.0,0.1,0.10501750291715285,1.3,0.3,37.8,1.837806301050175,1.837806301050175,0.15752625437572929,3.0,0.6,0.9,3.3,1.8,0.6,0.7,0.2,4.7,,,,,,,0.6,3.0,
282775,Jorginho,Flamengo,9770,DM,CDM,bra_a,Brasileirão Série A,268,1000000388,2026,34.0,Italy,180.0,2.630944,1710.0,7.19,2.0,3.0,0.11,0.15789473684210525,1.9,0.1,2.5,0.13,0.08421052631578947,0.6,0.1,78.4,1.1578947368421053,1.1578947368421053,0.2631578947368421,,2.8,0.3,3.8,1.4,1.2,1.1,0.2,5.8,,,,,,,1.1,4.0,2.0
1174633,Ramon,Vitória,7733,FB,"LB,LWB,LM",bra_a,Brasileirão Série A,268,1000000388,2026,25.0,Brazil,172.0,2.080817,1707.0,6.85,2.0,,0.11,,0.8,0.04,1.3,0.07,0.05272407732864675,0.6,0.3,26.3,1.3181019332161688,1.3181019332161688,,,1.3,0.5,5.9,1.8,1.2,2.7,0.2,4.3,,,,,,,1.5,5.0,
493553,Danielzinho,São Paulo,10277,DM,"CDM,CM,CAM,CB",bra_a,Brasileirão Série A,268,1000000388,2026,31.0,Brazil,166.0,1.084466,1704.0,6.94,1.0,1.0,0.05,0.0528169014084507,0.8,0.04,1.3,0.07,0.06866197183098592,0.5,0.2,56.0,1.1091549295774648,1.1091549295774648,0.1056338028169014,1.0,2.0,0.2,4.2,1.3,1.5,1.4,0.1,5.0,,,,,,,1.1,2.0,
465614,Guillermo Varela,Flamengo,9770,FB,RB,bra_a,Brasileirão Série A,268,1000000388,2026,33.0,Uruguay,173.0,1.111687,1699.0,7.18,1.0,3.0,0.05,0.15891701000588582,1.2,0.06,2.1,0.11,0.07416127133608004,0.4,0.1,40.9,0.8475573866980577,0.8475573866980577,0.26486168334314303,2.0,0.9,0.8,4.9,0.9,0.9,2.6,0.5,2.7,,,,,,,0.6,4.0,
1607035,Álvaro Montoro,Botafogo,8517,AM,"CAM,LW,LM,RW",bra_a,Brasileirão Série A,268,1000000388,2026,19.0,Argentina,170.0,14.20041,1688.0,7.04,1.0,5.0,0.05,0.2665876777251185,1.8,0.09,3.0,0.16,0.10130331753554503,1.6,0.6,29.0,1.6528436018957346,1.6528436018957346,0.2665876777251185,,1.9,2.6,2.1,0.8,0.7,0.5,0.1,5.9,,,,,,,1.0,5.0,
964661,Kaio Jorge,Cruzeiro,9781,ST,ST,bra_a,Brasileirão Série A,268,1000000388,2026,24.0,Brazil,176.0,25.290926,1688.0,7.13,8.0,1.0,0.43,0.0533175355450237,9.5,0.5,1.1,0.06,0.39454976303317535,2.6,0.9,14.9,1.1196682464454977,1.1196682464454977,0.15995260663507108,9.0,1.0,0.7,0.9,0.3,0.2,0.3,,1.9,,,,,,,0.4,2.0,
1173565,Natanael,Atlético-MG,10272,FB,"RB,CB,RWB",bra_a,Brasileirão Série A,268,1000000388,2026,24.0,Brazil,172.0,5.016295,1684.0,6.96,,1.0,,0.05344418052256532,0.5,0.03,0.7,0.04,0.02672209026128266,0.8,0.3,33.3,0.4809976247030879,0.4809976247030879,0.10688836104513064,,1.0,0.7,7.5,1.9,1.0,4.0,0.5,3.8,,,,,,,1.1,,1.0
1028443,Rodrigo Villagra,Internacional,8702,CM,"CM,CDM",bra_a,Brasileirão Série A,268,1000000388,2026,25.0,Argentina,178.0,3.938471,1682.0,6.92,,,,,0.2,0.01,0.9,0.05,0.00535077288941736,0.5,0.1,37.6,0.6956004756242569,0.6956004756242569,,,3.1,0.5,4.4,2.0,0.7,1.4,0.3,4.4,,,,,,,1.7,4.0,
1033279,Isidro Pitta,RB Bragantino,109705,ST,ST,bra_a,Brasileirão Série A,268,1000000388,2026,27.0,Paraguay,183.0,9.026991,1681.0,6.62,5.0,2.0,0.27,0.10707911957168352,6.8,0.36,1.0,0.05,0.34800713860797144,2.6,0.7,11.0,0.9637120761451516,0.9637120761451516,0.05353955978584176,9.0,0.5,0.2,1.3,0.3,0.1,1.0,,1.3,,,,,,,1.5,3.0,
833990,Marcinho,Chapecoense,197693,W,"LW,CAM,ST,RW,LM",bra_a,Brasileirão Série A,268,1000000388,2026,31.0,Brazil,176.0,0.464209,1657.0,6.78,5.0,2.0,0.27,0.10863005431502716,2.4,0.13,1.6,0.09,0.1792395896197948,1.7,0.6,20.2,1.9010259505129752,1.9010259505129752,0.21726010863005432,1.0,1.0,1.4,2.2,1.2,0.2,0.8,,4.2,,,,,,,1.1,2.0,
113668,Gabriel Mercado,Internacional,8702,CB,CB,bra_a,Brasileirão Série A,268,1000000388,2026,39.0,Argentina,181.0,0.466234,1656.0,6.93,1.0,,0.05,,1.7,0.09,0.1,0.01,0.09239130434782608,0.5,0.2,33.7,0.21739130434782608,0.21739130434782608,,1.0,2.0,,9.1,1.6,1.1,5.8,0.5,2.6,,,,,,,1.0,8.0,
20276,Hulk,Fluminense,9863,ST,"ST,CAM",bra_a,Brasileirão Série A,268,1000000388,2026,40.0,Brazil,179.0,1.182555,1652.0,7.19,7.0,5.0,0.38,0.27239709443099275,6.6,0.36,3.4,0.18,0.4085956416464891,3.5,1.3,17.3,1.7433414043583535,1.7433414043583535,0.4358353510895884,7.0,0.9,0.9,1.2,0.6,0.1,0.4,0.1,1.9,,,,,,,0.8,2.0,
966413,Alesson,Mirassol,163782,W,"LW,ST",bra_a,Brasileirão Série A,268,1000000388,2026,27.0,Brazil,171.0,1.549987,1637.0,6.88,,5.0,,0.2748930971288943,3.4,0.19,2.9,0.16,0.17593158216249236,2.2,0.9,20.8,1.5394013439218082,1.5394013439218082,0.2748930971288943,5.0,0.5,1.8,2.9,2.3,0.2,0.4,0.1,4.5,,,,,,,1.4,3.0,
1363368,Victor Hugo,Atlético-MG,10272,AM,"CAM,CM,RW,CDM,RM,LW",bra_a,Brasileirão Série A,268,1000000388,2026,22.0,Brazil,177.0,9.32117,1631.0,6.95,4.0,1.0,0.22,0.05518087063151441,3.2,0.18,1.5,0.08,0.17106069895769466,1.4,0.6,27.1,1.0484365419987738,1.0484365419987738,0.33108522378908645,1.0,1.5,2.0,2.3,0.9,0.6,0.6,0.2,3.0,,,,,,,0.3,1.0,
1023030,Jhon Arias,Palmeiras,10283,W,"LW,CAM,RW,CM,LM,RM",bra_a,Brasileirão Série A,268,1000000388,2026,29.0,Colombia,168.0,18.38801,1630.0,7.23,4.0,3.0,0.22,0.1656441717791411,2.7,0.15,2.1,0.12,0.18773006134969325,2.3,0.8,35.5,1.5460122699386503,1.5460122699386503,0.1656441717791411,3.0,1.0,1.3,3.2,1.8,0.7,0.4,0.3,5.6,,,,,,,1.4,4.0,
975901,Juan Freytes,Fluminense,9863,CB,CB,bra_a,Brasileirão Série A,268,1000000388,2026,26.0,Argentina,186.0,6.055395,1629.0,6.91,,,,,0.8,0.05,0.7,0.04,0.022099447513812154,0.8,0.1,62.9,0.3867403314917127,0.3867403314917127,,1.0,5.6,0.3,7.5,1.0,0.7,5.2,0.5,4.0,,,,,,,0.8,5.0,
319637,Renê,Fluminense,9863,FB,LB,bra_a,Brasileirão Série A,268,1000000388,2026,34.0,Brazil,174.0,0.922267,1628.0,7.37,,2.0,,0.11056511056511056,0.8,0.05,1.3,0.07,0.049754299754299756,0.7,0.2,49.0,0.8292383292383292,0.8292383292383292,0.05528255528255528,1.0,1.9,0.4,7.3,2.4,1.6,2.9,0.4,4.7,,,,,,,0.9,1.0,
637585,Matheuzinho,Vitória,7733,W,"LW,CAM,RM,ST,RW",bra_a,Brasileirão Série A,268,1000000388,2026,28.0,Brazil,165.0,2.045576,1626.0,6.93,5.0,4.0,0.28,0.22140221402214022,3.7,0.21,2.9,0.16,0.26014760147601473,2.0,0.9,26.1,1.8265682656826567,1.8265682656826567,0.22140221402214022,2.0,1.2,1.1,1.9,0.8,0.6,0.4,,3.6,,,,,,,0.7,4.0,
1082117,Sabino,São Paulo,10277,CB,CB,bra_a,Brasileirão Série A,268,1000000388,2026,29.0,Brazil,184.0,1.178434,1626.0,7.16,1.0,1.0,0.06,0.055350553505535055,0.5,0.03,0.4,0.02,0.01107011070110701,0.5,0.2,41.9,0.2767527675276753,0.2767527675276753,0.055350553505535055,1.0,2.9,0.2,10.5,2.0,1.2,6.3,0.9,4.3,,,,,,,1.4,1.0,
319591,Jádson,Athletico Paranaense,10273,DM,"CDM,CM,RW",bra_a,Brasileirão Série A,268,1000000388,2026,33.0,Brazil,171.0,0.746175,1619.0,6.85,,1.0,,0.055589870290302656,0.4,0.02,0.8,0.04,0.033353922174181594,0.4,0.2,33.2,0.6114885731933292,0.6114885731933292,0.055589870290302656,1.0,2.1,0.4,4.4,2.5,1.0,0.7,0.2,4.9,,,,,,,1.4,5.0,
832171,Alan Franco,Atlético-MG,10272,DM,"CDM,RB,CM,CB,RM,RWB",bra_a,Brasileirão Série A,268,1000000388,2026,28.0,Ecuador,175.0,2.691157,1619.0,6.64,,1.0,,0.055589870290302656,0.6,0.04,1.0,0.05,0.022235948116121063,0.3,0.2,32.3,0.44471896232242125,0.44471896232242125,0.055589870290302656,2.0,1.1,0.1,4.4,1.4,1.1,1.2,0.8,2.3,,,,,,,1.6,5.0,
1201038,Lucas Esquivel,Athletico Paranaense,10273,CB,"CB,LWB,LB",bra_a,Brasileirão Série A,268,1000000388,2026,24.0,Argentina,180.0,7.427088,1614.0,7.37,2.0,5.0,0.11,0.2788104089219331,0.6,0.04,3.5,0.2,0.04460966542750929,0.9,0.2,42.5,1.7843866171003717,1.7843866171003717,0.5576208178438662,,3.8,0.9,6.7,2.5,0.7,3.0,0.4,4.2,,,,,,,1.7,1.0,1.0
657969,Alexander Barboza,Palmeiras,10283,CB,CB,bra_a,Brasileirão Série A,268,1000000388,2026,31.0,Argentina,193.0,3.94869,1595.0,7.15,1.0,3.0,0.06,0.16927899686520376,0.8,0.04,1.0,0.06,0.11285266457680251,1.0,0.4,46.4,0.5642633228840125,0.5642633228840125,0.11285266457680251,1.0,3.5,0.2,10.7,2.1,1.5,6.4,0.7,3.3,,,,,,,1.9,7.0,2.0
1134464,Erick Noriega,Grêmio,9769,DM,"CDM,CM,CB",bra_a,Brasileirão Série A,268,1000000388,2026,24.0,Peru,183.0,6.051065,1568.0,6.91,1.0,1.0,0.06,0.05739795918367347,0.7,0.04,0.7,0.04,0.028698979591836735,0.8,0.2,45.1,0.7461734693877551,0.7461734693877551,,1.0,3.4,0.4,5.9,1.7,1.1,2.5,0.6,5.1,,,,,,,2.0,6.0,
1335761,Gustavo Martins,Grêmio,9769,CB,CB,bra_a,Brasileirão Série A,268,1000000388,2026,24.0,Brazil,191.0,4.544484,1568.0,7.07,3.0,2.0,0.17,0.11479591836734694,1.8,0.1,0.6,0.03,0.12627551020408165,1.0,0.3,46.5,0.5165816326530612,0.5165816326530612,0.05739795918367347,3.0,2.6,0.2,9.1,1.4,1.3,5.6,0.8,3.0,,,,,,,1.3,6.0,
1231596,Alix,RB Bragantino,109705,CB,CB,bra_a,Brasileirão Série A,268,1000000388,2026,26.0,Brazil,195.0,3.643464,1567.0,6.94,,,,,0.6,0.03,0.2,0.01,0.040204211869814925,0.5,0.1,36.6,0.2297383535417996,0.2297383535417996,,,4.3,0.3,9.8,1.2,2.3,5.6,0.6,3.6,,,,,,,2.0,6.0,1.0
1211858,Pedro Rangel,Coritiba,9767,GK,GK,bra_a,Brasileirão Série A,268,1000000388,2026,26.0,Brazil,192.0,1.049344,1564.0,6.98,,,,,,,0.0,0.0,,,,16.9,,,,,,0.1,1.0,0.2,,0.9,,7.7,,6.0,69.4,3.4,0.11508951406649616,1.5,,1.0,
911296,Francis Amuzu,Grêmio,9769,W,LW,bra_a,Brasileirão Série A,268,1000000388,2026,27.0,Ghana,169.0,6.00448,1558.0,6.71,1.0,3.0,0.06,0.17329910141206675,1.6,0.09,2.6,0.15,0.0693196405648267,2.0,0.5,21.3,1.1553273427471116,1.1553273427471116,0.40436456996148906,1.0,0.6,0.6,0.9,0.5,0.2,0.1,0.1,3.2,,,,,,,0.8,,
1358345,Agustín Giay,Palmeiras,10283,FB,"RB,RWB",bra_a,Brasileirão Série A,268,1000000388,2026,22.0,Argentina,180.0,14.14661,1555.0,7.08,,,,,0.3,0.02,1.5,0.09,0.005787781350482315,0.6,0.1,37.3,0.6366559485530546,0.6366559485530546,0.05787781350482315,,1.5,0.5,5.6,2.1,0.8,2.0,0.6,3.9,,,,,,,1.5,5.0,
450848,Gabriel Barbosa,Santos,8514,ST,ST,bra_a,Brasileirão Série A,268,1000000388,2026,30.0,Brazil,178.0,3.898158,1554.0,7.4,13.0,3.0,0.75,0.17374517374517376,9.4,0.55,1.3,0.07,0.5907335907335907,3.2,0.9,23.0,1.1583011583011582,1.1583011583011582,0.11583011583011583,7.0,1.5,0.3,0.6,0.2,0.1,0.2,,1.9,,,,,,,0.5,7.0,1.0
1721789,Allan,,10283,W,,bra_a,Brasileirão Série A,268,1000000388,2026,,,,,1553.0,7.25,4.0,3.0,0.23,0.17385705086928527,2.4,0.14,1.2,0.07,0.19703799098518995,2.1,0.9,21.4,1.2749517063747586,1.2749517063747586,0.1159047005795235,2.0,0.3,2.8,2.8,1.7,0.4,0.7,,3.6,,,,,,,1.4,3.0,1.0
840212,Agustín Canobbio,Fluminense,9863,W,"RW,RM,LW",bra_a,Brasileirão Série A,268,1000000388,2026,28.0,Uruguay,175.0,8.520022,1548.0,7.26,5.0,3.0,0.29,0.1744186046511628,3.7,0.22,2.4,0.14,0.3081395348837209,2.1,0.9,29.8,1.1627906976744187,1.1627906976744187,0.29069767441860467,5.0,0.5,1.5,3.0,1.9,0.3,0.6,0.2,3.8,,,,,,,1.9,6.0,1.0
919212,Gabriel Baralhas,Vitória,7733,CM,"CM,CDM",bra_a,Brasileirão Série A,268,1000000388,2026,28.0,Brazil,178.0,1.864957,1536.0,7.04,2.0,3.0,0.12,0.17578125,1.9,0.11,1.2,0.07,0.08203124999999999,1.3,0.3,27.0,1.11328125,1.11328125,0.29296875,1.0,1.7,0.6,5.0,1.6,1.6,1.1,0.6,4.1,,,,,,,1.8,4.0,
699694,Lucas Veríssimo,Santos,8514,CB,CB,bra_a,Brasileirão Série A,268,1000000388,2026,31.0,Brazil,189.0,2.344525,1530.0,6.76,,1.0,,0.058823529411764705,1.7,0.1,0.1,0.01,0.023529411764705882,0.5,0.1,37.9,0.23529411764705882,0.23529411764705882,0.058823529411764705,3.0,1.4,0.1,9.2,1.0,1.4,6.4,0.5,3.2,,,,,,,1.2,4.0,
1199960,Cristian Medina,Botafogo,8517,DM,"CDM,CAM,CM",bra_a,Brasileirão Série A,268,1000000388,2026,24.0,Argentina,179.0,10.94466,1524.0,6.71,1.0,,0.06,,3.5,0.21,0.8,0.05,0.07086614173228346,1.5,0.3,34.2,0.9448818897637795,0.9448818897637795,0.05905511811023622,5.0,1.6,0.8,4.2,1.4,1.1,1.4,0.4,5.2,,,,,,,1.1,4.0,1.0
650009,Lucas Ramon,São Paulo,10277,FB,"RB,RWB",bra_a,Brasileirão Série A,268,1000000388,2026,32.0,Brazil,178.0,0.814074,1520.0,6.97,,2.0,,0.11842105263157894,0.5,0.03,2.3,0.13,0.05921052631578947,0.7,0.2,28.5,0.9473684210526315,0.9473684210526315,0.17763157894736842,,0.6,0.9,6.1,1.7,1.4,3.0,,2.9,,,,,,,1.1,2.0,1.0
1488554,Jonathan Jesus,Cruzeiro,9781,CB,CB,bra_a,Brasileirão Série A,268,1000000388,2026,22.0,Brazil,187.0,8.704293,1519.0,7.33,,,,,0.4,0.03,0.6,0.04,0.005924950625411455,0.6,0.1,48.9,0.1184990125082291,0.1184990125082291,,1.0,2.7,0.5,10.3,1.8,2.4,5.4,0.7,3.7,,,,,,,1.2,4.0,
1605930,Renê,Vitória,7733,ST,ST,bra_a,Brasileirão Série A,268,1000000388,2026,23.0,Brazil,183.0,,1515.0,6.81,9.0,1.0,0.53,0.0594059405940594,7.6,0.45,0.6,0.04,0.5168316831683167,3.1,1.5,8.5,0.7722772277227723,0.7722772277227723,0.1188118811881188,8.0,0.1,0.9,1.4,0.5,0.3,0.4,0.1,1.7,,,,,,,1.0,2.0,
1109119,Kevin Serna,Fluminense,9863,W,"LW,RW",bra_a,Brasileirão Série A,268,1000000388,2026,28.0,Colombia,181.0,4.746844,1514.0,6.97,4.0,4.0,0.24,0.23778071334214002,5.9,0.35,1.8,0.1,0.23778071334214002,2.0,0.9,23.8,0.9511228533685601,0.9511228533685601,0.29722589167767505,7.0,0.5,1.5,3.6,1.4,1.1,1.1,0.1,3.7,,,,,,,1.3,1.0,
535944,Zé Welison,Remo,1626,DM,CDM,bra_a,Brasileirão Série A,268,1000000388,2026,31.0,Brazil,177.0,0.662627,1508.0,6.77,,,,,0.3,0.02,0.4,0.03,0.0,0.9,0.1,38.7,0.656498673740053,0.656498673740053,,,3.0,0.4,7.1,2.2,1.9,2.7,0.3,5.1,,,,,,,2.1,6.0,
892752,Yuri Alberto,Corinthians,9808,ST,ST,bra_a,Brasileirão Série A,268,1000000388,2026,25.0,Brazil,183.0,22.853987,1503.0,6.85,3.0,2.0,0.18,0.11976047904191617,5.1,0.31,1.4,0.08,0.31736526946107785,2.4,1.1,10.6,1.0778443113772456,1.0778443113772456,0.23952095808383234,7.0,0.4,0.8,1.4,0.4,0.1,0.9,0.1,2.0,,,,,,,1.5,2.0,
959915,Álvaro Barreal,Santos,8514,W,"LW,RW,LM,CAM,CM,LB",bra_a,Brasileirão Série A,268,1000000388,2026,26.0,Argentina,172.0,8.430169,1501.0,6.95,5.0,1.0,0.3,0.05996002664890073,2.6,0.16,1.8,0.11,0.14990006662225183,2.7,0.8,28.4,1.2591605596269153,1.2591605596269153,0.29980013324450366,1.0,1.4,1.3,5.4,2.5,0.8,1.6,0.5,4.2,,,,,,,1.5,7.0,1.0
305713,Willian Arão,Santos,8514,DM,"CDM,CB,CM",bra_a,Brasileirão Série A,268,1000000388,2026,34.0,Brazil,182.0,0.559445,1497.0,6.91,1.0,,0.06,,0.6,0.03,0.6,0.03,0.03006012024048096,0.3,0.1,43.6,0.30060120240480964,0.30060120240480964,,,4.0,0.2,7.7,2.1,1.1,3.8,0.7,5.1,,,,,,,0.8,2.0,
535599,Bruno Henrique,Internacional,8702,DM,"CDM,CM",bra_a,Brasileirão Série A,268,1000000388,2026,36.0,Brazil,179.0,0.515252,1485.0,6.64,2.0,2.0,0.12,0.12121212121212122,2.6,0.16,1.9,0.12,0.10909090909090909,1.5,0.4,27.0,1.0909090909090908,1.0909090909090908,0.12121212121212122,2.0,2.3,0.2,3.5,1.3,0.8,1.0,0.4,3.7,,,,,,,2.0,1.0,
1059490,Mauricio,Palmeiras,10283,AM,"CAM,LW,RW,LM,ST,CM,RM",bra_a,Brasileirão Série A,268,1000000388,2026,25.0,Paraguay,175.0,16.727398,1471.0,7.06,7.0,1.0,0.43,0.061182868796736914,5.4,0.33,1.1,0.07,0.4772263766145479,2.7,1.2,28.8,0.8565601631543168,0.8565601631543168,,6.0,0.7,0.3,2.8,1.2,0.7,0.8,0.1,3.1,,,,,,,1.0,2.0,
1354491,Joaquín Lavega,Coritiba,9767,W,"RW,LW",bra_a,Brasileirão Série A,268,1000000388,2026,21.0,Uruguay,175.0,5.662377,1449.0,6.69,5.0,2.0,0.31,0.12422360248447205,2.3,0.14,1.1,0.07,0.2484472049689441,1.7,0.5,16.3,0.8074534161490683,0.8074534161490683,0.12422360248447205,1.0,0.7,0.5,2.2,1.1,0.4,0.7,0.1,2.9,,,,,,,1.1,4.0,
1200802,Paulo Henrique,Vasco da Gama,10276,FB,RB,bra_a,Brasileirão Série A,268,1000000388,2026,30.0,Brazil,175.0,4.279465,1445.0,7.03,,2.0,,0.1245674740484429,0.3,0.02,2.7,0.17,0.01245674740484429,0.5,0.1,30.5,1.4325259515570934,1.4325259515570934,0.31141868512110726,,1.4,1.9,6.5,2.2,1.2,2.9,0.1,5.5,,,,,,,1.4,5.0,
388605,Lucas Daniel Romero,Cruzeiro,9781,DM,"CDM,CM",bra_a,Brasileirão Série A,268,1000000388,2026,32.0,Argentina,172.0,1.957814,1443.0,7.27,2.0,3.0,0.12,0.18711018711018712,1.0,0.06,1.0,0.06,0.11850311850311851,0.9,0.4,54.4,1.0602910602910602,1.0602910602910602,,1.0,2.6,0.5,4.6,2.1,1.2,1.0,0.4,5.7,,,,,,,1.5,3.0,
1732742,Otávio,Cruzeiro,9781,GK,GK,bra_a,Brasileirão Série A,268,1000000388,2026,20.0,Brazil,191.0,1.538482,1440.0,7.16,,,,,,,0.0,0.0,,,,15.3,,,,,,0.1,1.1,0.1,,1.1,,6.8,,2.0,75.0,3.6,0.3625,1.2,,2.0,
576129,Patrick,Remo,1626,DM,"CDM,CM",bra_a,Brasileirão Série A,268,1000000388,2026,34.0,Brazil,176.0,0.364823,1435.0,6.8,,,,,0.9,0.06,1.4,0.08,0.025087108013937282,1.1,0.1,34.2,1.0662020905923344,1.0662020905923344,0.0627177700348432,2.0,1.6,1.1,6.0,3.2,0.7,1.7,0.4,4.5,,,,,,,1.0,,
157865,Alex Sandro,Flamengo,9770,FB,LB,bra_a,Brasileirão Série A,268,1000000388,2026,35.0,Brazil,180.0,1.146109,1435.0,6.77,,,,,0.1,0.0,1.5,0.09,,0.1,,41.8,0.627177700348432,0.627177700348432,0.1254355400696864,,1.8,0.6,5.8,1.7,0.6,3.2,0.3,3.6,,,,,,,1.8,5.0,
925841,Christian Oliva,Santos,8514,DM,"CDM,CM",bra_a,Brasileirão Série A,268,1000000388,2026,30.0,Uruguay,178.0,1.14555,1432.0,6.81,2.0,2.0,0.13,0.12569832402234637,1.7,0.11,0.6,0.04,0.12569832402234637,0.8,0.2,36.1,0.6913407821229051,0.6913407821229051,0.06284916201117319,1.0,1.9,0.5,5.3,2.3,1.1,1.4,0.6,3.3,,,,,,,1.9,2.0,
1459564,Kaiki,,9781,FB,,bra_a,Brasileirão Série A,268,1000000388,2026,,,,,1418.0,6.97,,2.0,,0.12693935119887165,0.9,0.06,2.2,0.14,0.06346967559943582,1.1,0.4,27.2,1.1424541607898449,1.1424541607898449,0.38081805359661497,1.0,1.1,1.5,6.5,2.4,1.1,2.9,0.2,3.9,,,,,,,2.2,1.0,1.0
265116,Bernard,Atlético-MG,10272,AM,"CAM,LW,RW,ST,RM",bra_a,Brasileirão Série A,268,1000000388,2026,34.0,Brazil,164.0,0.683156,1412.0,6.93,4.0,3.0,0.25,0.19121813031161472,2.7,0.17,2.3,0.15,0.22308781869688385,1.5,0.4,31.2,2.103399433427762,2.103399433427762,0.4461756373937677,1.0,1.7,1.1,2.4,1.2,0.6,0.5,0.1,3.7,,,,,,,1.1,,
1509078,Lucas Ronier,Coritiba,9767,W,"RW,LW",bra_a,Brasileirão Série A,268,1000000388,2026,21.0,Brazil,165.0,,1411.0,7.13,1.0,2.0,0.06,0.12756909992912827,2.1,0.14,1.2,0.07,0.07654145995747696,2.4,0.6,22.5,1.1481218993621545,1.1481218993621545,0.1913536498936924,1.0,1.3,2.0,3.9,1.8,0.8,1.2,0.1,4.1,,,,,,,1.1,3.0,
1626714,Keny Arroyo,Cruzeiro,9781,W,"RW,LW",bra_a,Brasileirão Série A,268,1000000388,2026,20.0,Ecuador,174.0,13.697396,1409.0,7.01,4.0,4.0,0.26,0.255500354861604,2.2,0.14,2.4,0.15,0.1533002129169624,3.2,1.1,25.8,1.4052519517388218,1.4052519517388218,0.319375443577005,,1.1,1.6,2.6,1.1,0.8,0.7,,2.6,,,,,,,1.3,4.0,1.0
335606,Erick Pulgar,Flamengo,9770,DM,CDM,bra_a,Brasileirão Série A,268,1000000388,2026,32.0,Chile,187.0,2.545937,1408.0,7.07,2.0,,0.13,,0.5,0.03,0.9,0.05,0.03835227272727273,0.8,0.2,62.2,0.4474431818181818,0.4474431818181818,0.06392045454545454,,1.3,0.4,5.2,2.0,1.7,1.3,0.3,4.6,,,,,,,1.7,6.0,1.0
438647,Giorgian De Arrascaeta,Flamengo,9770,AM,CAM,bra_a,Brasileirão Série A,268,1000000388,2026,32.0,Uruguay,173.0,13.851966,1398.0,7.32,3.0,4.0,0.19,0.2575107296137339,6.7,0.43,4.4,0.29,0.2639484978540772,3.0,0.8,40.3,2.7682403433476397,2.7682403433476397,0.38626609442060084,7.0,2.0,0.6,1.8,1.5,0.1,0.2,0.1,3.8,,,,,,,0.6,2.0,
1354485,Hércules,Fluminense,9863,DM,"CDM,CM",bra_a,Brasileirão Série A,268,1000000388,2026,25.0,Brazil,178.0,16.675817,1397.0,6.78,3.0,,0.19,,1.8,0.11,1.2,0.08,0.20615604867573373,2.0,0.8,51.7,0.8375089477451683,0.8375089477451683,0.06442376521116679,2.0,2.1,0.5,3.2,2.4,0.3,0.5,0.1,3.7,,,,,,,2.3,3.0,
124130,Léo Vieira,Bahia,7877,GK,GK,bra_a,Brasileirão Série A,268,1000000388,2026,36.0,Brazil,193.0,0.33582,1394.0,7.16,,,,,,,0.0,0.0,,,,18.2,,,,,,0.1,1.7,0.1,,1.6,,7.9,,2.0,74.7,4.4,0.3680057388809182,1.5,,1.0,
1041427,Jája,Remo,1626,W,"LW,RW,CAM",bra_a,Brasileirão Série A,268,1000000388,2026,27.0,Brazil,178.0,0.941846,1389.0,6.68,7.0,1.0,0.45,0.06479481641468683,4.1,0.26,1.0,0.07,0.3628509719222462,2.4,1.1,13.5,0.8423326133909287,0.8423326133909287,,3.0,0.2,0.8,3.0,2.1,0.5,0.5,,3.8,,,,,,,1.1,2.0,1.0
521338,Luciano Acosta,Fluminense,9863,AM,"CAM,ST",bra_a,Brasileirão Série A,268,1000000388,2026,32.0,Argentina,161.0,3.779139,1380.0,7.33,5.0,5.0,0.33,0.32608695652173914,5.0,0.32,4.3,0.28,0.32608695652173914,2.2,0.8,42.7,2.9347826086956523,2.9347826086956523,0.6521739130434783,3.0,1.9,2.0,2.0,1.2,0.3,0.5,,3.9,,,,,,,1.4,6.0,
825641,Félix Torres,Internacional,8702,CB,CB,bra_a,Brasileirão Série A,268,1000000388,2026,29.0,Ecuador,187.0,1.387148,1380.0,6.9,1.0,,0.07,,2.8,0.18,0.5,0.03,0.13043478260869565,0.9,0.3,36.8,0.32608695652173914,0.32608695652173914,,3.0,2.6,0.3,8.9,1.4,2.2,5.0,0.4,4.2,,,,,,,1.0,3.0,
1118194,Rodrigo Nestor,Bahia,7877,CM,"CM,CAM,CDM,LM",bra_a,Brasileirão Série A,268,1000000388,2026,26.0,Brazil,175.0,6.820842,1374.0,7.1,1.0,4.0,0.07,0.26200873362445415,2.4,0.16,3.8,0.25,0.11135371179039301,2.8,0.6,35.1,2.1615720524017465,2.1615720524017465,0.5240174672489083,1.0,1.0,1.0,4.0,1.5,1.2,0.9,0.3,4.5,,,,,,,1.7,5.0,
834032,Carlos Cuesta,Vasco da Gama,10276,CB,CB,bra_a,Brasileirão Série A,268,1000000388,2026,27.0,Colombia,179.0,7.595298,1372.0,6.71,,1.0,,0.06559766763848396,0.4,0.03,0.5,0.03,0.04591836734693877,0.3,0.1,47.5,0.26239067055393583,0.26239067055393583,0.13119533527696792,,1.3,0.3,6.1,0.9,1.0,3.9,0.3,3.7,,,,,,,1.4,1.0,1.0
1136409,Cristian Olivera,Bahia,7877,W,"RW,LW",bra_a,Brasileirão Série A,268,1000000388,2026,24.0,Uruguay,175.0,5.164917,1369.0,7.01,1.0,2.0,0.07,0.13148283418553688,2.4,0.16,4.3,0.28,0.22352081811541272,2.1,1.2,25.2,1.775018261504748,1.775018261504748,0.5259313367421475,2.0,0.3,1.6,1.9,1.0,0.3,0.6,0.1,3.0,,,,,,,0.9,3.0,
637718,Tchê Tchê,Vasco da Gama,10276,DM,"CDM,CAM,RW,RB,CM",bra_a,Brasileirão Série A,268,1000000388,2026,34.0,Brazil,176.0,0.543857,1367.0,6.7,2.0,,0.13,,2.4,0.16,0.9,0.06,0.1645940014630578,1.6,0.5,32.9,0.7242136064374542,0.7242136064374542,,3.0,1.0,0.5,2.4,1.1,0.5,0.6,0.3,3.6,,,,,,,1.1,3.0,
1320958,Matheus Cunha,Internacional,8702,GK,GK,bra_a,Brasileirão Série A,268,1000000388,2026,25.0,Brazil,193.0,2.282692,1365.0,6.47,,1.0,,0.06593406593406594,,,0.0,0.0,,,,15.2,0.06593406593406594,0.06593406593406594,,,,,0.7,,,0.7,,6.1,,5.0,60.0,2.0,-0.3032967032967033,1.3,,2.0,
754373,Bruno Pacheco,Chapecoense,197693,FB,"LB,LM,LWB",bra_a,Brasileirão Série A,268,1000000388,2026,34.0,Brazil,174.0,0.365944,1361.0,6.63,1.0,3.0,0.07,0.19838354151359294,0.3,0.02,1.5,0.1,0.03967670830271859,0.5,0.1,29.3,0.925789860396767,0.925789860396767,0.26451138868479057,,1.1,1.1,6.0,2.0,1.1,2.4,0.4,3.2,,,,,,,1.0,3.0,
20446,Fágner,Cruzeiro,9781,FB,RB,bra_a,Brasileirão Série A,268,1000000388,2026,37.0,Brazil,168.0,0.399726,1356.0,7.06,,4.0,,0.26548672566371684,0.2,0.02,1.8,0.12,0.0,0.6,0.1,28.8,1.592920353982301,1.592920353982301,0.19911504424778761,,1.5,0.6,4.6,1.7,0.7,1.9,0.3,3.1,,,,,,,1.5,3.0,
487867,Wendell,São Paulo,10277,FB,"LB,LWB",bra_a,Brasileirão Série A,268,1000000388,2026,33.0,Brazil,178.0,1.213506,1354.0,6.93,,3.0,,0.19940915805022155,0.5,0.03,1.5,0.1,0.03323485967503693,0.7,0.2,40.1,1.0635155096011817,1.0635155096011817,0.19940915805022155,1.0,1.5,0.4,5.0,1.7,0.9,2.3,,4.8,,,,,,,2.7,5.0,
1639687,Jemmes,Fluminense,9863,CB,CB,bra_a,Brasileirão Série A,268,1000000388,2026,26.0,Brazil,187.0,2.525149,1353.0,6.94,,,,,0.3,0.02,0.3,0.02,,0.3,,49.4,0.19955654101995565,0.19955654101995565,,,0.9,0.3,9.2,1.4,1.4,5.7,0.7,3.1,,,,,,,0.9,3.0,
766435,Lucas Paquetá,Flamengo,9770,AM,"CAM,CDM,CM,RW,ST",bra_a,Brasileirão Série A,268,1000000388,2026,29.0,Brazil,183.0,36.543468,1352.0,7.37,6.0,,0.4,,3.0,0.2,2.3,0.15,0.2729289940828402,3.0,1.0,52.1,1.1316568047337279,1.1316568047337279,0.06656804733727811,4.0,2.1,0.9,4.5,2.5,0.3,1.5,0.2,5.0,,,,,,,1.9,4.0,
900043,Matheus Henrique,Cruzeiro,9781,DM,"CDM,CM",bra_a,Brasileirão Série A,268,1000000388,2026,28.0,Brazil,175.0,2.537326,1339.0,6.53,,1.0,,0.06721433905899925,0.6,0.04,0.6,0.04,0.006721433905899925,0.9,0.1,48.1,0.7393577296489918,0.7393577296489918,,,2.0,0.4,4.6,1.5,1.1,1.5,0.6,4.9,,,,,,,1.3,3.0,
1476545,Cuiabano,Vasco da Gama,10276,FB,LB,bra_a,Brasileirão Série A,268,1000000388,2026,23.0,Brazil,181.0,12.876734,1337.0,7.46,1.0,4.0,0.07,0.26925953627524307,1.8,0.12,1.6,0.11,0.1211667913238594,2.0,0.7,30.6,1.8175018698578909,1.8175018698578909,0.26925953627524307,1.0,1.5,1.3,9.5,3.9,1.9,3.5,0.2,4.2,,,,,,,1.4,4.0,
1028125,Erick,Bahia,7877,CM,"CM,CDM",bra_a,Brasileirão Série A,268,1000000388,2026,28.0,Brazil,176.0,2.369004,1329.0,6.86,4.0,,0.27,,4.2,0.29,0.6,0.04,0.29796839729119645,1.4,0.5,28.8,0.6094808126410836,0.6094808126410836,,5.0,0.9,0.9,5.3,2.4,1.2,1.5,0.3,4.1,,,,,,,1.6,6.0,
732294,Maycon,Atlético-MG,10272,DM,"CDM,CM",bra_a,Brasileirão Série A,268,1000000388,2026,29.0,Brazil,173.0,1.553959,1328.0,6.84,2.0,,0.14,,2.0,0.13,1.0,0.07,0.12876506024096385,0.8,0.3,42.1,1.2876506024096386,1.2876506024096386,0.1355421686746988,,2.4,0.1,4.7,1.0,1.2,2.3,0.1,2.8,,,,,,,0.9,,
1738040,Everton,Chapecoense,197693,FB,"RB,RM,RWB",bra_a,Brasileirão Série A,268,1000000388,2026,31.0,Brazil,181.0,,1327.0,6.38,,1.0,,0.06782215523737754,1.0,0.07,0.9,0.06,0.03391107761868877,0.8,0.1,17.1,0.6782215523737755,0.6782215523737755,0.06782215523737754,2.0,1.3,0.6,4.5,1.2,0.7,2.5,0.1,2.4,,,,,,,1.1,4.0,1.0
1407217,Henry Mosquera,RB Bragantino,109705,W,"LW,LM",bra_a,Brasileirão Série A,268,1000000388,2026,24.0,Colombia,175.0,2.698103,1324.0,7.13,,4.0,,0.2719033232628399,3.0,0.2,3.9,0.26,0.17673716012084592,2.9,0.9,18.8,2.6510574018126887,2.6510574018126887,0.4078549848942598,5.0,0.8,5.7,1.4,1.0,0.2,0.1,0.1,5.0,,,,,,,1.5,5.0,
1637669,Zé Vitor,Vitória,7733,CM,"CM,CDM,CAM",bra_a,Brasileirão Série A,268,1000000388,2026,26.0,Brazil,194.0,,1319.0,6.88,1.0,,0.07,,0.7,0.05,0.5,0.04,0.027293404094010616,1.8,0.4,37.0,0.8870356330553449,0.8870356330553449,0.06823351023502654,,2.8,0.7,7.6,3.5,0.6,2.8,0.7,4.4,,,,,,,2.8,4.0,
1253905,Bruno Leonardo,,197693,CB,,bra_a,Brasileirão Série A,268,1000000388,2026,,,,,1311.0,6.38,,,,,0.1,0.01,0.2,0.01,,0.1,,40.6,0.2745995423340961,0.2745995423340961,0.06864988558352403,,3.0,0.1,9.5,0.9,1.4,6.5,0.8,2.6,,,,,,,1.0,3.0,
1097836,Leonel Picco,Remo,1626,DM,"CDM,CM",bra_a,Brasileirão Série A,268,1000000388,2026,27.0,Argentina,192.0,2.496311,1307.0,6.73,2.0,1.0,0.14,0.06885998469778118,1.6,0.11,0.4,0.03,0.14460596786534047,1.0,0.3,31.2,0.5508798775822494,0.5508798775822494,0.06885998469778118,2.0,1.1,0.3,7.4,3.2,2.1,1.6,0.6,5.4,,,,,,,1.9,2.0,
1459657,Cauan Barros,Vasco da Gama,10276,DM,"CDM,CM",bra_a,Brasileirão Série A,268,1000000388,2026,22.0,Brazil,175.0,4.744173,1304.0,6.92,3.0,,0.21,,1.7,0.12,0.6,0.04,0.06901840490797546,1.3,0.2,50.2,0.6901840490797546,0.6901840490797546,0.20705521472392638,,1.7,0.3,7.0,2.1,1.7,2.7,0.5,4.6,,,,,,,2.2,5.0,1.0
1252913,Damián Bobadilla,São Paulo,10277,DM,"CDM,CM,CAM",bra_a,Brasileirão Série A,268,1000000388,2026,25.0,Paraguay,181.0,9.312066,1301.0,6.92,,2.0,,0.13835511145272866,1.4,0.1,1.6,0.11,0.08993082244427364,1.2,0.4,36.5,1.2451960030745581,1.2451960030745581,0.207532667179093,1.0,1.3,0.5,4.8,1.8,1.3,1.5,0.1,3.9,,,,,,,1.5,3.0,
160194,Yannick Bolasie,Chapecoense,197693,ST,ST,bra_a,Brasileirão Série A,268,1000000388,2026,37.0,Congo DR,188.0,0.434515,1282.0,6.37,1.0,2.0,0.07,0.14040561622464898,3.8,0.26,1.2,0.09,0.1544461778471139,2.1,0.6,10.5,0.7722308892355694,0.7722308892355694,0.07020280811232449,5.0,0.6,0.6,1.1,0.3,0.2,0.6,,2.5,,,,,,,2.0,4.0,
1340247,Denilson,Mirassol,163782,CM,"CM,CDM",bra_a,Brasileirão Série A,268,1000000388,2026,25.0,Brazil,180.0,1.780446,1282.0,6.93,1.0,1.0,0.07,0.07020280811232449,0.3,0.02,2.2,0.15,0.056162246489859596,0.6,0.2,50.1,0.982839313572543,0.982839313572543,0.21060842433697347,,2.0,0.6,4.8,1.5,1.8,1.3,0.1,6.1,,,,,,,2.5,6.0,
501636,Jefferson Savarino,Fluminense,9863,W,"LW,CAM,RW",bra_a,Brasileirão Série A,268,1000000388,2026,29.0,Venezuela,168.0,6.332185,1275.0,7.3,6.0,2.0,0.42,0.1411764705882353,3.8,0.27,2.7,0.19,0.40941176470588236,3.5,1.3,41.4,2.4,2.4,0.35294117647058826,1.0,2.0,1.1,1.3,0.6,0.1,0.6,,4.2,,,,,,,0.4,2.0,
319589,Gabriel,RB Bragantino,109705,DM,"CDM,CM",bra_a,Brasileirão Série A,268,1000000388,2026,34.0,Brazil,171.0,0.636552,1275.0,6.74,2.0,,0.14,,0.6,0.04,0.8,0.05,0.12,1.3,0.5,36.9,0.6352941176470588,0.6352941176470588,0.07058823529411765,,2.8,0.1,3.0,1.5,0.6,0.8,0.1,4.1,,,,,,,1.2,5.0,
796732,Rony,Santos,8514,ST,"ST,LW,RWB,CAM,RW,RM",bra_a,Brasileirão Série A,268,1000000388,2026,31.0,Brazil,167.0,3.943303,1269.0,6.67,1.0,,0.07,,1.8,0.13,0.9,0.06,0.12056737588652482,2.0,0.5,17.9,1.2056737588652482,1.2056737588652482,0.14184397163120568,2.0,0.9,0.6,4.7,1.7,0.9,1.9,0.2,3.7,,,,,,,1.9,4.0,
307072,Samuel Xavier,Fluminense,9863,FB,RB,bra_a,Brasileirão Série A,268,1000000388,2026,36.0,Brazil,167.0,0.878549,1262.0,6.92,,,,,0.2,0.02,1.4,0.1,0.028526148969889066,0.4,0.1,49.2,0.9270998415213946,0.9270998415213946,0.21394611727416799,,1.5,0.1,4.7,1.6,0.8,1.9,0.4,2.9,,,,,,,1.3,5.0,
950459,Anderson,Chapecoense,197693,GK,GK,bra_a,Brasileirão Série A,268,1000000388,2026,28.0,Brazil,192.0,0.518437,1260.0,6.62,,,,,0.1,0.0,0.0,0.0,,0.1,,19.9,0.07142857142857142,0.07142857142857142,,,,,1.1,,,1.1,,6.8,,1.0,65.8,3.7,-0.09285714285714286,1.9,,1.0,
1053842,Christian,,9781,W,,bra_a,Brasileirão Série A,268,1000000388,2026,,,,,1257.0,7.16,5.0,3.0,0.36,0.21479713603818615,2.1,0.15,1.3,0.09,0.21479713603818615,1.5,0.6,22.3,1.0023866348448687,1.0023866348448687,0.1431980906921241,1.0,0.4,0.5,3.8,1.8,1.1,0.8,0.1,2.4,,,,,,,1.4,1.0,
784834,Jorge Carrascal,Flamengo,9770,W,"RW,CAM,LW",bra_a,Brasileirão Série A,268,1000000388,2026,28.0,Colombia,180.0,13.591152,1249.0,7.28,5.0,8.0,0.36,0.5764611689351481,5.3,0.38,3.7,0.27,0.4323458767013611,2.6,1.2,36.8,3.1705364291433145,3.1705364291433145,0.7205764611689351,7.0,0.9,1.7,3.0,1.9,0.6,0.3,0.3,4.5,,,,,,,0.9,2.0,2.0
535801,Tinga,Coritiba,9767,FB,RB,bra_a,Brasileirão Série A,268,1000000388,2026,33.0,Brazil,179.0,0.30406,1246.0,6.9,,2.0,,0.14446227929373998,0.7,0.05,0.9,0.07,0.0072231139646869984,0.6,0.1,23.5,1.2279293739967898,1.2279293739967898,0.07223113964686999,1.0,2.0,0.5,8.2,1.1,1.9,4.3,1.0,4.4,,,,,,,0.2,,
954252,Mayk,Remo,1626,FB,LB,bra_a,Brasileirão Série A,268,1000000388,2026,27.0,Brazil,172.0,0.85596,1246.0,6.73,,1.0,,0.07223113964686999,0.1,0.0,0.6,0.04,,0.2,,27.1,0.7223113964686998,0.7223113964686998,,,1.4,0.2,5.2,0.9,1.4,2.7,0.3,3.5,,,,,,,0.3,,
1212487,José Hurtado,RB Bragantino,109705,FB,RB,bra_a,Brasileirão Série A,268,1000000388,2026,24.0,Ecuador,178.0,,1241.0,6.96,1.0,,0.07,,0.8,0.05,1.1,0.08,0.014504431909750202,1.2,0.3,30.2,1.0153102336825142,1.0153102336825142,0.072522159548751,1.0,2.3,0.7,5.6,1.4,1.3,2.8,0.1,4.8,,,,,,,0.7,2.0,
1372718,José Herrera,RB Bragantino,109705,W,"RW,RM,LW,CAM,ST",bra_a,Brasileirão Série A,268,1000000388,2026,23.0,Argentina,172.0,,1235.0,6.64,1.0,1.0,0.07,0.0728744939271255,1.8,0.13,1.9,0.14,0.11659919028340081,2.4,0.9,18.0,1.311740890688259,1.311740890688259,0.291497975708502,3.0,0.8,1.1,3.6,1.8,0.4,1.2,0.2,3.8,,,,,,,1.7,4.0,
535597,Pedro Henrique,,109705,CB,,bra_a,Brasileirão Série A,268,1000000388,2026,,,,,1229.0,6.93,1.0,,0.07,,0.9,0.07,0.3,0.02,0.043938161106590726,0.5,0.1,41.1,0.07323026851098453,0.07323026851098453,,2.0,4.5,0.1,8.9,0.7,1.0,6.0,1.2,3.1,,,,,,,0.6,3.0,
1174662,Matheus Bahia,Internacional,8702,FB,"LB,LWB,LM",bra_a,Brasileirão Série A,268,1000000388,2026,27.0,Brazil,180.0,2.227373,1215.0,6.78,,2.0,,0.14814814814814814,0.5,0.04,1.1,0.08,0.014814814814814815,0.4,0.1,19.4,1.1111111111111112,1.1111111111111112,0.37037037037037035,,1.0,0.4,6.8,2.5,1.4,2.5,0.4,3.0,,,,,,,1.6,4.0,1.0
1069975,José Aldo,Mirassol,163782,DM,"CDM,CM",bra_a,Brasileirão Série A,268,1000000388,2026,28.0,Brazil,174.0,1.175654,1208.0,6.95,,1.0,,0.07450331125827815,0.5,0.04,1.0,0.07,0.022350993377483443,1.0,0.4,49.1,1.7880794701986755,1.7880794701986755,0.22350993377483444,,3.2,0.6,4.9,1.6,1.3,1.7,0.2,5.3,,,,,,,1.9,7.0,
940855,Bill,Remo,1626,ST,"ST,CAM,LW",bra_a,Brasileirão Série A,268,1000000388,2026,29.0,Brazil,176.0,,1202.0,6.65,4.0,1.0,0.3,0.07487520798668885,3.7,0.28,0.6,0.04,0.22462562396006655,2.2,0.7,11.9,0.4492512479201331,0.4492512479201331,0.1497504159733777,6.0,0.5,0.4,1.9,1.2,0.1,0.6,,2.7,,,,,,,2.1,2.0,
1262084,Matheus Martins,Botafogo,8517,W,"LW,ST,RW",bra_a,Brasileirão Série A,268,1000000388,2026,23.0,Brazil,179.0,5.267577,1201.0,6.84,4.0,,0.3,,2.6,0.2,0.9,0.07,0.2697751873438801,3.0,1.5,25.7,1.2739383846794339,1.2739383846794339,,4.0,1.3,1.6,3.2,1.8,0.3,1.0,0.1,5.2,,,,,,,0.7,2.0,
1313924,Pablo Maia,São Paulo,10277,DM,"CDM,CM",bra_a,Brasileirão Série A,268,1000000388,2026,24.0,Brazil,178.0,5.582946,1201.0,6.64,1.0,,0.07,,0.7,0.05,0.5,0.04,0.03746877601998335,1.6,0.1,57.5,0.6744379683597003,0.6744379683597003,,,2.3,0.5,4.6,1.3,1.0,1.8,0.4,5.8,,,,,,,2.4,3.0,
941490,Guga,Fluminense,9863,FB,RB,bra_a,Brasileirão Série A,268,1000000388,2026,28.0,Brazil,173.0,1.644847,1190.0,7.17,,2.0,,0.15126050420168066,0.3,0.02,2.1,0.16,,0.5,,50.0,1.588235294117647,1.588235294117647,0.15126050420168066,,1.4,0.5,4.9,1.6,1.0,2.3,0.1,3.7,,,,,,,1.1,3.0,
1260080,Victor Gabriel,Internacional,8702,CB,CB,bra_a,Brasileirão Série A,268,1000000388,2026,22.0,Brazil,187.0,6.864467,1189.0,6.82,,,,,0.3,0.02,0.6,0.04,,0.4,,39.5,0.07569386038687972,0.07569386038687972,,,2.3,0.2,10.1,1.7,1.0,6.9,0.6,3.1,,,,,,,1.8,6.0,1.0
1787794,Arthur,Palmeiras,10283,FB,"LB,LWB",bra_a,Brasileirão Série A,268,1000000388,2026,21.0,Brazil,175.0,5.166857,1185.0,6.89,,,,,0.5,0.04,0.5,0.03,0.007594936708860759,0.8,0.2,30.1,0.759493670886076,0.759493670886076,,,1.1,0.5,6.0,2.2,1.4,2.1,0.2,3.9,,,,,,,1.8,1.0,1.0
174062,Eduardo,Mirassol,163782,AM,"CAM,CM",bra_a,Brasileirão Série A,268,1000000388,2026,36.0,Brazil,177.0,0.350568,1175.0,6.75,6.0,,0.46,,3.3,0.25,0.8,0.06,0.27574468085106385,2.0,0.8,28.0,0.6893617021276596,0.6893617021276596,0.07659574468085106,5.0,1.2,0.4,1.8,0.5,0.6,0.5,0.1,2.5,,,,,,,0.8,1.0,1.0
342941,Robert Arboleda,São Paulo,10277,CB,CB,bra_a,Brasileirão Série A,268,1000000388,2026,34.0,Ecuador,189.0,0.633182,1172.0,7.12,,,,,0.4,0.03,0.2,0.02,0.03839590443686007,0.5,0.2,46.0,0.15358361774744028,0.15358361774744028,,1.0,2.2,0.4,10.4,2.3,1.0,6.5,0.6,3.6,,,,,,,0.5,1.0,
387499,Gilberto,Athletico Paranaense,10273,FB,"RWB,RB",bra_a,Brasileirão Série A,268,1000000388,2026,33.0,Brazil,181.0,1.547194,1169.0,7.12,,2.0,,0.15397775876817793,0.7,0.06,0.8,0.06,0.05389221556886227,0.8,0.4,40.0,1.1548331907613345,1.1548331907613345,0.3849443969204448,,1.1,0.8,5.5,1.5,1.1,2.7,0.2,4.9,,,,,,,0.5,,
1501917,Viery,,9769,CB,,bra_a,Brasileirão Série A,268,1000000388,2026,,,,,1169.0,,1.0,,,,0.2,,0.2,,0.023096663815226688,,,,0.30795551753635586,0.30795551753635586,,1.0,,,,,,,,,,,,,,,,4.0,1.0
671705,Vitor Bueno,Remo,1626,AM,"CAM,ST",bra_a,Brasileirão Série A,268,1000000388,2026,32.0,Brazil,185.0,0.895533,1163.0,6.88,4.0,3.0,0.31,0.23215821152192606,3.6,0.28,2.3,0.18,0.3250214961306965,2.4,1.2,29.2,2.476354256233878,2.476354256233878,0.30954428202923473,1.0,1.7,0.9,1.5,0.9,0.3,0.2,,3.6,,,,,,,0.9,2.0,
202486,Giovanni Augusto,Chapecoense,197693,AM,"CAM,ST",bra_a,Brasileirão Série A,268,1000000388,2026,37.0,Brazil,175.0,0.541787,1156.0,6.94,1.0,5.0,0.08,0.3892733564013841,0.7,0.05,3.1,0.24,0.0856401384083045,1.2,0.3,37.8,2.6470588235294117,2.6470588235294117,0.6228373702422145,,4.0,0.7,2.3,1.5,0.4,0.5,,3.7,,,,,,,1.1,2.0,
215051,Eduardo Sasha,RB Bragantino,109705,ST,"ST,CAM",bra_a,Brasileirão Série A,268,1000000388,2026,34.0,Brazil,173.0,0.918263,1153.0,6.5,2.0,,0.16,,6.1,0.47,1.0,0.08,0.5229835212489159,2.3,0.9,17.6,1.2489158716392021,1.2489158716392021,0.15611448395490027,7.0,1.0,0.2,1.3,,0.5,0.8,,2.1,,,,,,,0.5,2.0,
655294,Thiago Santos,Coritiba,9767,DM,CDM,bra_a,Brasileirão Série A,268,1000000388,2026,37.0,Brazil,181.0,0.302693,1151.0,6.57,,,,,0.3,0.03,0.2,0.01,0.03127715030408341,0.5,0.2,27.1,0.15638575152041703,0.15638575152041703,0.07819287576020852,,1.6,0.2,7.0,1.8,0.9,3.8,0.5,4.1,,,,,,,2.1,7.0,
1617809,Román Gómez,Bahia,7877,FB,"RB,CB",bra_a,Brasileirão Série A,268,1000000388,2026,22.0,Argentina,181.0,1.770352,1150.0,7.01,1.0,,0.08,,0.9,0.07,0.2,0.02,0.06260869565217392,1.1,0.1,38.6,0.3130434782608696,0.3130434782608696,,,2.0,1.1,8.6,2.1,2.0,4.0,0.5,3.3,,,,,,,1.5,2.0,
179083,Willian José,Bahia,7877,ST,ST,bra_a,Brasileirão Série A,268,1000000388,2026,34.0,Brazil,189.0,0.977035,1144.0,6.74,3.0,1.0,0.24,0.07867132867132867,5.4,0.43,1.1,0.09,0.3854895104895105,1.7,0.6,15.5,1.7307692307692308,1.7307692307692308,0.23601398601398602,7.0,0.5,0.5,2.0,0.4,0.2,1.3,0.1,2.4,,,,,,,1.2,,
676625,Allan,Corinthians,9808,DM,CDM,bra_a,Brasileirão Série A,268,1000000388,2026,29.0,Brazil,176.0,1.770886,1137.0,6.63,,1.0,,0.079155672823219,0.8,0.06,0.8,0.06,0.0079155672823219,0.7,0.2,62.5,0.7915567282321899,0.7915567282321899,0.158311345646438,1.0,4.4,0.5,4.0,1.3,1.6,1.0,0.1,4.0,,,,,,,1.8,4.0,1.0
816753,José Rodriguez,Vasco da Gama,10276,FB,"RB,LB",bra_a,Brasileirão Série A,268,1000000388,2026,29.0,Uruguay,183.0,,1137.0,7.06,2.0,4.0,0.16,0.316622691292876,3.0,0.24,2.6,0.21,0.19788918205804748,2.5,0.6,30.8,1.8997361477572559,1.8997361477572559,0.316622691292876,2.0,1.5,0.5,6.6,1.0,0.7,4.6,0.3,4.0,,,,,,,0.5,3.0,
1010274,Jamerson,Vitória,7733,FB,"LB,RB",bra_a,Brasileirão Série A,268,1000000388,2026,28.0,Brazil,177.0,0.423321,1135.0,7.05,,,,,0.4,0.03,0.4,0.03,0.04757709251101322,1.0,0.2,29.6,0.47577092511013214,0.47577092511013214,,,1.7,2.0,7.5,2.5,1.3,3.4,0.3,6.3,,,,,,,0.4,1.0,
1224204,John Kennedy,Fluminense,9863,ST,ST,bra_a,Brasileirão Série A,268,1000000388,2026,24.0,Brazil,173.0,10.366146,1128.0,6.98,9.0,1.0,0.72,0.0797872340425532,6.6,0.52,0.6,0.05,0.7739361702127658,3.0,2.1,14.4,0.9574468085106383,0.9574468085106383,0.2393617021276596,6.0,0.4,2.0,1.6,0.9,0.2,0.6,,1.7,,,,,,,1.5,,1.0
1381731,Alan Saldivia,Vasco da Gama,10276,CB,CB,bra_a,Brasileirão Série A,268,1000000388,2026,24.0,Uruguay,180.0,1.231755,1125.0,,,1.0,,0.08,0.6,,0.2,,0.055999999999999994,,,,0.48,0.48,,2.0,,,,,,,,,,,,,,,,3.0,
1804815,André,Corinthians,9808,DM,"CDM,LW,CM,RW,CAM",bra_a,Brasileirão Série A,268,1000000388,2026,20.0,Brazil,183.0,,1124.0,6.66,4.0,2.0,0.32,0.1601423487544484,1.6,0.13,1.0,0.08,0.13612099644128114,1.8,0.4,20.1,0.6405693950177936,0.6405693950177936,0.0800711743772242,,0.9,0.7,3.1,1.9,0.8,0.4,,4.2,,,,,,,1.7,2.0,2.0
1395944,Kaio,Corinthians,9808,W,"RW,CAM",bra_a,Brasileirão Série A,268,1000000388,2026,22.0,Brazil,168.0,4.351413,1114.0,7.21,2.0,2.0,0.16,0.1615798922800718,3.1,0.25,1.9,0.15,0.2504488330341113,2.2,0.9,25.1,1.4542190305206464,1.4542190305206464,0.1615798922800718,2.0,0.6,3.6,3.1,1.8,0.5,0.6,0.2,4.1,,,,,,,1.1,3.0,
1744831,Gustavo Henrique,Santos,8514,DM,"CDM,CM,RM",bra_a,Brasileirão Série A,268,1000000388,2026,21.0,Brazil,,,1112.0,6.79,,,,,0.7,0.06,0.7,0.06,0.07284172661870504,0.6,0.2,32.3,0.7284172661870504,0.7284172661870504,0.08093525179856115,1.0,1.5,0.4,7.5,3.8,1.5,1.7,0.5,3.9,,,,,,,1.7,5.0,1.0
1929749,Pedro Gabriel,Grêmio,9769,FB,"LB,LM",bra_a,Brasileirão Série A,268,1000000388,2026,19.0,Brazil,,,1108.0,6.37,,1.0,,0.0812274368231047,0.2,0.02,1.3,0.1,0.024368231046931407,0.6,0.2,24.1,0.8122743682310469,0.8122743682310469,0.24368231046931407,,1.5,0.3,5.8,2.1,0.6,2.6,0.4,2.8,,,,,,,1.8,7.0,
1053726,Carlos Terán,Athletico Paranaense,10273,CB,"CB,RB",bra_a,Brasileirão Série A,268,1000000388,2026,26.0,Colombia,188.0,1.264766,1106.0,6.63,,,,,0.8,0.07,0.3,0.02,0.0325497287522604,0.7,0.2,36.0,0.162748643761302,0.162748643761302,0.081374321880651,2.0,3.0,,7.1,1.0,1.1,4.2,0.7,3.1,,,,,,,0.9,,
1039534,Tetê,Grêmio,9769,W,RW,bra_a,Brasileirão Série A,268,1000000388,2026,26.0,Brazil,175.0,10.062454,1103.0,6.72,2.0,1.0,0.16,0.0815956482320943,2.8,0.23,1.3,0.1,0.2774252039891206,2.9,1.1,35.1,1.6319129646418857,1.6319129646418857,0.1631912964641886,3.0,2.3,2.4,2.2,1.0,0.6,0.6,0.1,4.6,,,,,,,0.8,1.0,
881609,Paulinho,Internacional,8702,DM,"CDM,CM",bra_a,Brasileirão Série A,268,1000000388,2026,29.0,Brazil,175.0,0.895533,1099.0,6.51,,,,,0.8,0.07,0.6,0.05,0.04094631483166515,1.1,0.4,37.8,0.6551410373066424,0.6551410373066424,,,1.5,0.7,4.5,2.8,0.6,0.7,0.5,4.8,,,,,,,2.3,8.0,
535930,Neto,Mirassol,163782,DM,"CDM,CM",bra_a,Brasileirão Série A,268,1000000388,2026,30.0,Brazil,176.0,1.22689,1099.0,6.65,,,,,0.4,0.03,0.9,0.07,0.02456778889899909,1.0,0.2,49.5,0.4094631483166515,0.4094631483166515,0.1637852593266606,,5.4,0.1,5.3,1.9,0.9,2.0,0.5,3.3,,,,,,,1.2,6.0,
1045161,Lucas Piton,Vasco da Gama,10276,FB,LB,bra_a,Brasileirão Série A,268,1000000388,2026,26.0,Italy,175.0,6.775575,1096.0,6.74,,1.0,,0.08211678832116788,0.9,0.07,2.3,0.19,0.008211678832116789,0.8,0.2,34.8,1.8886861313868613,1.8886861313868613,0.24635036496350365,2.0,1.4,0.5,5.0,1.6,0.7,2.4,0.2,3.0,,,,,,,1.1,,
19533,Neymar,Santos,8514,AM,"CAM,ST,LW",bra_a,Brasileirão Série A,268,1000000388,2026,34.0,Brazil,175.0,3.164836,1091.0,,8.0,3.0,,0.24747937671860679,6.1,,2.5,,0.5857011915673694,,,,2.474793767186068,2.474793767186068,0.32997250229147573,2.0,,,,,,,,,,,,,,,,8.0,
578391,Ayrton Lucas,Flamengo,9770,FB,LB,bra_a,Brasileirão Série A,268,1000000388,2026,29.0,Brazil,180.0,2.61386,1089.0,7.1,,2.0,,0.1652892561983471,0.6,0.05,2.3,0.19,0.01652892561983471,1.3,0.4,44.1,1.0743801652892562,1.0743801652892562,0.24793388429752067,2.0,0.9,0.7,5.5,1.6,0.6,2.9,0.4,2.9,,,,,,,1.2,,
639061,Mateo Cassierra,Atlético-MG,10272,ST,ST,bra_a,Brasileirão Série A,268,1000000388,2026,29.0,Colombia,186.0,8.297341,1086.0,6.67,3.0,2.0,0.25,0.16574585635359115,5.2,0.43,1.2,0.1,0.17403314917127072,2.4,0.8,14.8,1.0773480662983426,1.0773480662983426,0.16574585635359115,9.0,0.3,0.3,0.8,0.3,,0.3,0.2,1.5,,,,,,,0.9,1.0,
832165,Alan Franco,,10277,CB,,bra_a,Brasileirão Série A,268,1000000388,2026,,,,,1075.0,,,,,,0.4,,0.2,,,,,,0.16744186046511628,0.16744186046511628,,1.0,,,,,,,,,,,,,,,,3.0,
1087773,Juan Nardoni,Grêmio,9769,AM,"CAM,CM,CDM",bra_a,Brasileirão Série A,268,1000000388,2026,24.0,Argentina,179.0,11.6407,1074.0,6.47,1.0,1.0,0.08,0.08379888268156424,1.6,0.14,0.4,0.04,0.15921787709497207,1.2,0.3,26.6,0.8379888268156425,0.8379888268156425,,3.0,2.3,0.6,4.0,1.4,1.3,1.2,0.1,3.9,,,,,,,1.8,2.0,
861661,Joaquín Piquerez,Palmeiras,10283,FB,"LB,LWB",bra_a,Brasileirão Série A,268,1000000388,2026,28.0,Uruguay,184.0,13.240816,1069.0,7.33,,4.0,,0.33676333021515437,0.4,0.04,2.2,0.18,0.01683816651075772,0.8,0.2,36.8,1.5154349859681946,1.5154349859681946,0.25257249766136575,,1.3,0.4,4.9,1.7,0.6,2.4,0.2,4.5,,,,,,,0.5,2.0,
1761942,Huguinho,Botafogo,8517,CM,"CM,CDM",bra_a,Brasileirão Série A,268,1000000388,2026,19.0,Brazil,169.0,,1065.0,6.89,1.0,,0.08,,0.5,0.04,0.2,0.02,0.02535211267605634,1.5,0.2,34.4,0.676056338028169,0.676056338028169,,,2.2,0.9,5.8,1.9,1.7,1.8,0.4,6.1,,,,,,,2.2,5.0,
1255211,Nathan Mendes,Vitória,7733,FB,RB,bra_a,Brasileirão Série A,268,1000000388,2026,24.0,Brazil,181.0,1.645158,1063.0,,,1.0,,0.08466603951081844,0.1,,0.5,,,,,,0.16933207902163688,0.16933207902163688,0.08466603951081844,,,,,,,,,,,,,,,,,3.0,
246414,André Carrillo,Corinthians,9808,DM,"CDM,CM,RW,RM,CAM",bra_a,Brasileirão Série A,268,1000000388,2026,35.0,Peru,180.0,0.452404,1061.0,6.73,,1.0,,0.08482563619227144,0.7,0.06,1.3,0.11,,0.7,,48.4,0.5937794533459001,0.5937794533459001,,1.0,4.1,1.4,4.2,2.1,0.6,1.2,0.3,3.8,,,,,,,2.5,4.0,
150041,Maicon,Coritiba,9767,CB,CB,bra_a,Brasileirão Série A,268,1000000388,2026,38.0,Brazil,190.0,0.406497,1059.0,6.45,,,,,0.1,0.01,0.1,0.01,,0.1,,22.9,0.08498583569405099,0.08498583569405099,,,3.6,0.1,8.5,0.8,0.8,5.4,1.6,1.9,,,,,,,0.5,,1.0
533775,Rafael Borré,,8702,ST,,bra_a,Brasileirão Série A,268,1000000388,2026,,,,,1058.0,6.61,2.0,1.0,0.17,0.08506616257088846,5.6,0.48,1.1,0.09,0.3572778827977316,2.4,1.0,14.3,1.10586011342155,1.10586011342155,0.2551984877126654,8.0,0.3,0.6,2.0,1.1,0.3,0.6,,3.3,,,,,,,2.3,2.0,
1130706,José Enamorado,Grêmio,9769,W,"RW,ST,LW,CAM",bra_a,Brasileirão Série A,268,1000000388,2026,27.0,Colombia,167.0,3.202707,1055.0,6.54,,3.0,,0.2559241706161137,1.5,0.13,1.4,0.12,0.08530805687203792,1.7,0.4,16.1,1.2796208530805686,1.2796208530805686,0.2559241706161137,3.0,0.6,1.6,3.2,2.2,0.4,0.3,0.3,4.4,,,,,,,1.4,4.0,
263937,Éverton Ribeiro,Bahia,7877,CM,"CM,CAM",bra_a,Brasileirão Série A,268,1000000388,2026,37.0,Brazil,171.0,0.719906,1050.0,7.13,,4.0,,0.34285714285714286,1.7,0.15,2.7,0.23,0.06857142857142857,1.5,0.3,44.1,3.1714285714285713,3.1714285714285713,0.08571428571428572,2.0,2.8,1.1,3.9,2.1,1.0,0.5,0.3,4.6,,,,,,,1.1,1.0,
1509085,Pedro Morisco,Coritiba,9767,GK,GK,bra_a,Brasileirão Série A,268,1000000388,2026,22.0,Brazil,191.0,,1046.0,,,,,,,,0.0,,,,,,,,,,,,,,,,,,,,,,,,,1.0,
1607054,Diego Tarzia,Vitória,7733,W,LW,bra_a,Brasileirão Série A,268,1000000388,2026,23.0,Argentina,174.0,1.993718,1045.0,6.57,2.0,2.0,0.17,0.1722488038277512,1.8,0.15,0.9,0.08,0.18947368421052635,2.6,0.9,16.2,1.6363636363636365,1.6363636363636365,0.1722488038277512,2.0,0.7,1.1,3.0,1.6,0.3,0.6,0.4,4.0,,,,,,,2.1,3.0,
1185338,João Marcelo,Cruzeiro,9781,CB,CB,bra_a,Brasileirão Série A,268,1000000388,2026,26.0,Brazil,189.0,2.185804,1044.0,7.05,1.0,,0.09,,0.4,0.03,0.3,0.02,0.07758620689655173,0.3,0.1,56.6,,,,,2.3,0.1,11.1,1.3,1.2,6.7,1.9,3.1,,,,,,,1.2,2.0,
937552,Ademir,Bahia,7877,W,"RW,RM",bra_a,Brasileirão Série A,268,1000000388,2026,31.0,Brazil,172.0,0.739578,1043.0,6.63,1.0,1.0,0.09,0.0862895493767977,1.6,0.14,1.8,0.16,0.18983700862895497,2.3,0.8,18.3,1.2943432406519655,1.2943432406519655,0.2588686481303931,1.0,0.3,1.7,3.0,1.6,0.4,0.8,0.2,2.7,,,,,,,1.7,3.0,
1636512,João Pedro Chermont,,9767,FB,,bra_a,Brasileirão Série A,268,1000000388,2026,,,,,1043.0,6.58,,2.0,,0.1725790987535954,0.2,0.02,1.0,0.09,0.01725790987535954,0.8,0.3,20.4,0.7766059443911792,0.7766059443911792,0.0862895493767977,,0.9,0.4,6.9,1.5,0.6,4.7,0.2,2.9,,,,,,,1.2,2.0,
656526,David,Vasco da Gama,10276,ST,"ST,LW",bra_a,Brasileirão Série A,268,1000000388,2026,30.0,Brazil,179.0,1.221171,1042.0,6.68,4.0,1.0,0.35,0.08637236084452975,3.2,0.28,0.8,0.07,0.3886756238003839,1.7,1.0,17.6,1.2092130518234165,1.2092130518234165,0.1727447216890595,1.0,0.1,1.0,2.3,0.9,0.1,1.3,0.1,2.2,,,,,,,1.4,,
967692,Ignácio,Fluminense,9863,CB,CB,bra_a,Brasileirão Série A,268,1000000388,2026,29.0,Brazil,184.0,1.487213,1040.0,,3.0,1.0,0.26,0.08653846153846154,0.8,0.07,0.4,0.04,0.14711538461538462,1.2,0.3,51.6,0.34615384615384615,0.34615384615384615,0.08653846153846154,1.0,1.3,0.1,9.5,1.9,1.1,5.7,0.8,3.9,,,,,,,1.0,4.0,
1075046,Reinier,Atlético-MG,10272,ST,"ST,CAM",bra_a,Brasileirão Série A,268,1000000388,2026,24.0,Brazil,185.0,1.861282,1037.0,6.99,4.0,2.0,0.35,0.17357762777242045,3.9,0.34,0.9,0.08,0.33847637415621984,2.2,1.1,35.1,2.0829315332690452,2.0829315332690452,0.26036644165863065,6.0,0.9,1.0,2.1,1.2,0.3,0.4,0.1,2.5,,,,,,,0.9,1.0,
960494,Ramires,RB Bragantino,109705,DM,"CDM,CAM,CM",bra_a,Brasileirão Série A,268,1000000388,2026,26.0,Brazil,172.0,2.079538,1025.0,6.63,,,,,0.7,0.07,0.4,0.03,0.05268292682926829,0.6,0.1,33.1,0.9658536585365853,0.9658536585365853,,1.0,2.6,0.2,3.2,1.2,1.1,0.8,0.1,5.5,,,,,,,1.2,2.0,
844427,Shaylon,Mirassol,163782,AM,"CAM,CM,RW,RM",bra_a,Brasileirão Série A,268,1000000388,2026,29.0,Brazil,180.0,0.787664,1025.0,6.56,1.0,2.0,0.09,0.17560975609756097,0.6,0.05,1.0,0.08,0.11414634146341464,1.4,0.4,40.1,1.4048780487804877,1.4048780487804877,0.2634146341463415,,1.4,0.5,1.8,0.8,0.4,0.4,0.2,3.8,,,,,,,1.4,2.0,
935036,Alerrandro,Internacional,8702,ST,ST,bra_a,Brasileirão Série A,268,1000000388,2026,26.0,Brazil,180.0,2.262054,1007.0,6.58,3.0,3.0,0.27,0.26812313803376364,6.0,0.54,1.1,0.1,0.29493545183714004,2.7,0.9,12.1,0.7149950347567031,0.7149950347567031,0.17874875868917578,11.0,0.2,0.2,2.2,0.7,0.4,1.1,0.1,2.5,,,,,,,2.1,1.0,
535596,Guilherme Arana,Fluminense,9863,FB,"LB,LWB,LM",bra_a,Brasileirão Série A,268,1000000388,2026,29.0,Brazil,176.0,5.520833,1006.0,6.98,1.0,1.0,0.09,0.08946322067594434,0.8,0.07,0.8,0.07,0.11630218687872763,1.6,0.5,59.0,0.9840954274353877,0.9840954274353877,0.08946322067594434,2.0,2.1,0.3,4.7,1.5,0.4,2.4,0.4,4.0,,,,,,,0.9,2.0,
384587,Lucas Villalba,Cruzeiro,9781,CB,"CB,LB",bra_a,Brasileirão Série A,268,1000000388,2026,32.0,Argentina,177.0,1.0102,1004.0,,1.0,2.0,0.09,0.17928286852589642,0.4,0.03,0.3,0.03,0.08067729083665338,0.7,0.3,51.5,0.5378486055776892,0.5378486055776892,0.08964143426294821,,3.8,0.2,6.9,1.0,1.3,4.3,0.4,3.0,,,,,,,1.5,2.0,
654044,Arthur,Santos,8514,DM,"CDM,CM,CAM",bra_a,Brasileirão Série A,268,1000000388,2026,30.0,Brazil,171.0,1.994121,1003.0,6.86,,,,,0.1,0.01,0.8,0.08,,0.3,,61.9,0.9870388833499502,0.9870388833499502,0.0897308075772682,,4.0,0.3,3.1,0.9,0.9,1.1,0.2,5.9,,,,,,,0.9,1.0,
1260081,Anthoni,Internacional,8702,GK,GK,bra_a,Brasileirão Série A,268,1000000388,2026,24.0,Brazil,193.0,3.404359,1003.0,,,,,,,,0.0,,,,,,,,,,,,,,,,,,,1.0,,,,,,,
1132960,Ramón Sosa,Palmeiras,10283,ST,"ST,RW,LW,CAM,LM",bra_a,Brasileirão Série A,268,1000000388,2026,27.0,Paraguay,178.0,10.901722,997.0,6.8,4.0,2.0,0.36,0.18054162487462388,2.2,0.2,0.8,0.07,0.24373119358074224,2.5,0.9,17.2,1.2637913741223672,1.2637913741223672,0.18054162487462388,4.0,0.5,1.8,1.8,0.4,0.4,0.9,0.2,3.2,,,,,,,1.8,4.0,
1555059,Evertton Araújo,Flamengo,9770,DM,"CDM,CM",bra_a,Brasileirão Série A,268,1000000388,2026,23.0,Brazil,184.0,11.693242,993.0,6.62,,1.0,,0.09063444108761329,0.9,0.08,1.0,0.09,,1.7,,65.4,0.7250755287009063,0.7250755287009063,0.09063444108761329,,2.1,0.1,4.3,1.3,1.0,1.3,0.7,5.2,,,,,,,1.8,4.0,1.0
553476,Sergio Rochet,Internacional,8702,GK,GK,bra_a,Brasileirão Série A,268,1000000388,2026,33.0,Uruguay,189.0,0.932688,990.0,,,,,,,,0.0,,,,,,,,,,,,,,,,,,,3.0,,,,,,1.0,
1281230,Juan Portilla,Athletico Paranaense,10273,DM,"CDM,CM",bra_a,Brasileirão Série A,268,1000000388,2026,28.0,Colombia,183.0,4.568806,989.0,6.56,,,,,0.3,0.03,0.3,0.03,0.0,0.7,0.1,38.2,0.3640040444893832,0.3640040444893832,,,1.7,0.6,4.1,1.5,1.0,1.3,0.3,3.5,,,,,,,1.8,4.0,
495833,Yeferson Soteldo,Fluminense,9863,W,"LW,LM",bra_a,Brasileirão Série A,268,1000000388,2026,29.0,Venezuela,159.0,2.298854,986.0,6.8,,2.0,,0.18255578093306288,0.9,0.08,2.8,0.26,0.127789046653144,1.3,0.5,31.6,2.464503042596349,2.464503042596349,0.36511156186612576,1.0,0.8,2.2,1.1,0.5,0.2,0.5,,4.2,,,,,,,0.3,1.0,
1043763,Khellven,Palmeiras,10283,FB,"RB,RWB,LB",bra_a,Brasileirão Série A,268,1000000388,2026,25.0,Brazil,176.0,7.097422,975.0,6.76,,1.0,,0.09230769230769231,0.3,0.03,1.6,0.15,0.018461538461538463,0.6,0.1,33.4,1.0153846153846153,1.0153846153846153,0.18461538461538463,,1.9,0.7,6.7,2.5,0.6,3.0,0.6,3.7,,,,,,,2.0,4.0,
268394,Edenílson,Botafogo,8517,AM,"CAM,CDM,CM,RW",bra_a,Brasileirão Série A,268,1000000388,2026,36.0,Brazil,176.0,0.350551,974.0,6.72,4.0,2.0,0.37,0.18480492813141683,2.3,0.21,1.8,0.16,0.29568788501026694,1.6,0.6,27.0,1.2936344969199178,1.2936344969199178,0.27720739219712526,2.0,0.8,0.7,1.9,0.4,0.7,0.6,0.3,4.0,,,,,,,1.1,2.0,
797908,Emerson Royal,Flamengo,9770,FB,RB,bra_a,Brasileirão Série A,268,1000000388,2026,27.0,Brazil,181.0,5.113157,970.0,,,1.0,,0.09278350515463918,0.2,0.02,1.2,0.11,0.009278350515463918,0.3,0.2,41.8,1.1134020618556701,1.1134020618556701,0.27835051546391754,1.0,0.4,0.3,6.6,1.9,0.9,3.5,0.2,3.6,,,,,,,1.8,1.0,
951359,Nonato,Fluminense,9863,DM,"CDM,CM,CAM",bra_a,Brasileirão Série A,268,1000000388,2026,28.0,Brazil,174.0,1.555057,968.0,7.0,1.0,1.0,0.09,0.09297520661157024,1.1,0.1,1.5,0.14,0.10227272727272729,0.4,0.2,48.5,1.2086776859504131,1.2086776859504131,0.1859504132231405,,1.5,0.1,5.7,2.1,1.4,1.6,0.6,5.1,,,,,,,1.9,6.0,
1590303,João Cruz,Athletico Paranaense,10273,AM,"CAM,CM,LW",bra_a,Brasileirão Série A,268,1000000388,2026,20.0,Brazil,169.0,4.378128,959.0,6.89,2.0,5.0,0.19,0.4692387904066736,2.5,0.24,1.8,0.17,0.2721584984358707,2.9,1.0,29.2,2.627737226277372,2.627737226277372,0.5630865484880083,,2.0,0.8,3.8,1.4,1.2,0.9,0.2,3.9,,,,,,,1.6,3.0,
345905,João Schmidt,Santos,8514,DM,"CDM,CM",bra_a,Brasileirão Série A,268,1000000388,2026,33.0,Brazil,183.0,0.638397,948.0,,,,,,0.6,0.06,0.5,0.04,0.00949367088607595,0.9,0.1,44.1,1.139240506329114,1.139240506329114,,,2.3,0.1,6.6,2.3,1.9,2.1,0.3,5.9,,,,,,,2.1,3.0,
1188608,Nuno Moreira,Vasco da Gama,10276,W,"RW,LW,CAM",bra_a,Brasileirão Série A,268,1000000388,2026,27.0,Portugal,175.0,6.17774,941.0,6.75,1.0,1.0,0.1,0.09564293304994687,2.3,0.22,2.2,0.21,0.19128586609989373,2.1,0.5,32.9,3.2518597236981934,3.2518597236981934,0.2869287991498406,3.0,1.2,0.9,2.2,0.9,0.6,0.6,0.2,4.0,,,,,,,1.2,3.0,
1259119,Vini Paulista,Coritiba,9767,DM,"CDM,RW",bra_a,Brasileirão Série A,268,1000000388,2026,25.0,Brazil,180.0,1.041208,930.0,6.61,,,,,0.9,0.09,0.3,0.03,0.02903225806451613,1.2,0.1,21.9,0.5806451612903226,0.5806451612903226,,2.0,0.7,0.8,6.2,3.1,1.8,1.1,0.2,4.1,,,,,,,1.1,3.0,
1508514,Tomás Pérez,Atlético-MG,10272,DM,"CDM,CM,CB",bra_a,Brasileirão Série A,268,1000000388,2026,21.0,Argentina,182.0,5.3457,929.0,,,,,,0.2,0.02,0.2,0.02,0.0193756727664155,0.4,0.2,40.1,0.0968783638320775,0.0968783638320775,,1.0,2.0,,6.8,1.8,1.4,2.6,1.0,3.2,,,,,,,1.4,2.0,1.0
307070,Vitor Hugo,Atlético-MG,10272,CB,CB,bra_a,Brasileirão Série A,268,1000000388,2026,35.0,Brazil,187.0,0.630082,929.0,,2.0,,0.19,,0.9,0.09,0.1,0.01,0.16469321851453175,0.8,0.3,46.3,,,,,0.8,,9.3,1.1,1.3,6.2,0.8,2.6,,,,,,,0.9,2.0,
808159,Enzo Díaz,São Paulo,10277,FB,"LB,LWB",bra_a,Brasileirão Série A,268,1000000388,2026,30.0,Argentina,175.0,1.977811,928.0,,,1.0,,0.09698275862068965,0.3,,0.7,,0.029094827586206896,,,,0.7758620689655172,0.7758620689655172,0.09698275862068965,,,,,,,,,,,,,,,,,7.0,
1032785,Edson Carioca,Mirassol,163782,W,"RW,ST,LW",bra_a,Brasileirão Série A,268,1000000388,2026,29.0,Brazil,178.0,1.196906,920.0,6.66,3.0,,0.29,,2.0,0.19,1.4,0.13,0.17608695652173914,2.0,0.6,15.8,1.173913043478261,1.173913043478261,0.1956521739130435,2.0,0.3,2.3,2.7,1.5,0.5,0.7,0.1,4.1,,,,,,,1.8,5.0,
704019,Agustín Sant'Anna,RB Bragantino,109705,FB,RB,bra_a,Brasileirão Série A,268,1000000388,2026,29.0,Uruguay,175.0,2.26837,918.0,,,2.0,,0.19607843137254902,0.5,0.05,2.4,0.23,0.029411764705882353,1.3,0.4,26.7,2.549019607843137,2.549019607843137,0.5882352941176471,,1.6,0.5,7.5,2.7,0.7,3.5,0.5,4.2,,,,,,,1.1,4.0,1.0
1793991,Gabriel Justino,Botafogo,8517,CB,CB,bra_a,Brasileirão Série A,268,1000000388,2026,20.0,Brazil,184.0,0.945975,900.0,,1.0,,,,0.3,,0.1,,0.04,,,,,,,1.0,,,,,,,,,,,,,,,,4.0,
466214,Júnior Alonso,,10272,CB,,bra_a,Brasileirão Série A,268,1000000388,2026,,,,,900.0,,,,,,0.2,,0.1,,0.01,,,,0.3,0.3,,,,,,,,,,,,,,,,,,2.0,
769769,Zé Ivaldo,Remo,1626,CB,CB,bra_a,Brasileirão Série A,268,1000000388,2026,29.0,Brazil,186.0,1.546049,898.0,,,,,,0.5,,0.1,,0.0801781737193764,,,,,,,,,,,,,,,,,,,,,,,3.0,
1383652,Rafael Carvalheira,Chapecoense,197693,DM,"CDM,CM,RWB,RW",bra_a,Brasileirão Série A,268,1000000388,2026,27.0,Brazil,176.0,,895.0,6.45,2.0,,0.2,,0.7,0.07,0.5,0.05,0.08044692737430167,1.4,0.4,24.3,0.5027932960893855,0.5027932960893855,,,1.7,,4.1,1.2,1.0,1.5,0.4,2.1,,,,,,,1.9,2.0,
980311,Gonzalo Plata,Flamengo,9770,W,"RW,ST,LW,CAM",bra_a,Brasileirão Série A,268,1000000388,2026,25.0,Ecuador,178.0,6.918239,889.0,7.25,2.0,3.0,0.2,0.30371203599550056,3.4,0.35,2.6,0.26,0.32395950506186727,2.9,1.4,32.6,1.923509561304837,1.923509561304837,0.6074240719910011,6.0,,2.3,4.3,2.7,0.9,0.4,0.2,4.4,,,,,,,0.9,2.0,
1121567,Bruno Santos,Mirassol,163782,ST,ST,bra_a,Brasileirão Série A,268,1000000388,2026,29.0,Brazil,185.0,1.009949,882.0,,3.0,,,,3.0,,0.6,,0.29591836734693877,,,,0.7142857142857143,0.7142857142857143,0.20408163265306123,5.0,,,,,,,,,,,,,,,,,
1382475,Rodriguinho,RB Bragantino,109705,DM,"CDM,CAM,CM",bra_a,Brasileirão Série A,268,1000000388,2026,22.0,Brazil,186.0,7.046369,876.0,6.75,2.0,,0.21,,2.5,0.26,0.7,0.07,0.11301369863013701,2.6,0.6,26.2,1.7465753424657535,1.7465753424657535,,1.0,1.6,1.0,3.0,1.8,0.4,0.5,0.2,2.8,,,,,,,1.8,3.0,
1073365,Benjamín Rollheiser,Santos,8514,AM,"CAM,RW,ST",bra_a,Brasileirão Série A,268,1000000388,2026,26.0,Argentina,173.0,10.498729,874.0,7.1,4.0,2.0,0.41,0.20594965675057209,3.2,0.33,4.2,0.43,0.27803203661327236,2.6,0.8,55.0,4.016018306636155,4.016018306636155,0.7208237986270023,1.0,2.2,1.5,2.7,1.2,0.3,0.9,0.2,6.1,,,,,,,1.2,2.0,
581920,William,Cruzeiro,9781,FB,RB,bra_a,Brasileirão Série A,268,1000000388,2026,31.0,Brazil,176.0,1.649236,869.0,,,,,,0.2,0.02,1.5,0.15,0.031070195627157654,0.7,0.2,37.0,1.5535097813578826,1.5535097813578826,0.31070195627157654,,2.4,0.8,8.1,2.6,1.3,3.3,0.8,4.6,,,,,,,1.9,1.0,1.0
1433058,Johan Rojas,Vasco da Gama,10276,AM,"CAM,ST",bra_a,Brasileirão Série A,268,1000000388,2026,24.0,Colombia,176.0,4.138737,859.0,6.98,,1.0,,0.10477299185098952,1.7,0.17,2.3,0.24,0.09429569266589057,3.7,0.9,48.5,3.457508731082654,3.457508731082654,0.10477299185098952,3.0,2.2,2.1,2.1,1.0,0.2,0.8,,3.9,,,,,,,1.5,3.0,
1283773,Maurício Garcez,Chapecoense,197693,W,"LW,ST",bra_a,Brasileirão Série A,268,1000000388,2026,29.0,Brazil,181.0,0.770487,858.0,6.69,2.0,,0.21,,2.4,0.26,0.5,0.05,0.2202797202797203,2.3,0.6,13.4,1.048951048951049,1.048951048951049,,4.0,,0.9,2.4,1.2,0.1,1.0,0.1,3.4,,,,,,,0.9,,
176186,Neto,,8517,GK,,bra_a,Brasileirão Série A,268,1000000388,2026,,,,,855.0,,,,,,,,0.0,,,,,,,,,,,,,,,,,,,1.0,,,,,,,1.0
1250658,Alejo Véliz,Bahia,7877,ST,ST,bra_a,Brasileirão Série A,268,1000000388,2026,23.0,Argentina,186.0,6.665863,854.0,,3.0,1.0,,0.1053864168618267,4.7,,0.2,,0.22131147540983606,,,,0.5269320843091335,0.5269320843091335,0.1053864168618267,5.0,,,,,,,,,,,,,,,,,
896256,Fernando,RB Bragantino,109705,W,"LW,ST",bra_a,Brasileirão Série A,268,1000000388,2026,27.0,Brazil,176.0,1.188286,845.0,7.07,3.0,1.0,0.32,0.10650887573964497,4.4,0.47,1.1,0.12,0.4366863905325443,4.2,1.3,22.3,1.3846153846153846,1.3846153846153846,0.31952662721893493,5.0,1.1,2.8,2.4,1.9,0.5,,,5.0,,,,,,,1.2,2.0,
1255479,Adson,Vasco da Gama,10276,W,RW,bra_a,Brasileirão Série A,268,1000000388,2026,26.0,Brazil,168.0,1.891034,842.0,6.81,,,,,1.6,0.17,1.5,0.16,0.19239904988123516,2.6,0.7,38.4,1.175771971496437,1.175771971496437,0.10688836104513064,2.0,0.5,1.7,3.5,2.4,0.9,0.3,,5.7,,,,,,,0.7,1.0,
303824,Memphis Depay,Corinthians,9808,ST,"ST,CAM",bra_a,Brasileirão Série A,268,1000000388,2026,32.0,Netherlands,178.0,3.430438,835.0,,1.0,,,,2.6,,1.9,,0.3017964071856287,,,,1.5089820359281436,1.5089820359281436,0.32335329341317365,3.0,,,,,,,,,,,,,,,,2.0,
802174,Mathías Villasanti,Grêmio,9769,AM,"CAM,CM,CDM",bra_a,Brasileirão Série A,268,1000000388,2026,29.0,Paraguay,178.0,2.323988,833.0,,1.0,,,,0.7,,0.3,,0.16206482593037214,,,,0.3241296518607443,0.3241296518607443,0.10804321728691477,2.0,,,,,,,,,,,,,,,,1.0,
863158,Marlon,Grêmio,9769,FB,LB,bra_a,Brasileirão Série A,268,1000000388,2026,29.0,Brazil,175.0,2.423938,831.0,,1.0,1.0,,0.10830324909747292,0.1,,1.0,,0.04332129963898917,,,,1.407942238267148,1.407942238267148,0.21660649819494585,,,,,,,,,,,,,,,,,3.0,
679873,Renato Kayzer,Vitória,7733,ST,"ST,LW",bra_a,Brasileirão Série A,268,1000000388,2026,30.0,Brazil,178.0,0.865516,817.0,6.53,4.0,1.0,0.44,0.11015911872705018,3.3,0.37,0.7,0.07,0.4516523867809057,2.3,1.0,8.2,1.211750305997552,1.211750305997552,0.11015911872705018,3.0,0.2,0.9,2.3,0.3,0.8,1.1,0.1,1.9,,,,,,,2.3,3.0,
1200667,Braian Aguirre,Internacional,8702,FB,"RB,RWB",bra_a,Brasileirão Série A,268,1000000388,2026,26.0,Argentina,174.0,1.918397,817.0,6.73,2.0,1.0,0.22,0.11015911872705018,1.1,0.12,1.5,0.17,0.13219094247246022,2.6,0.8,30.7,1.5422276621787026,1.5422276621787026,0.33047735618115054,1.0,2.0,0.6,7.3,3.0,0.7,3.1,0.6,2.9,,,,,,,2.3,3.0,
654045,Lyanco,Atlético-MG,10272,CB,CB,bra_a,Brasileirão Série A,268,1000000388,2026,29.0,Brazil,187.0,2.482217,813.0,,1.0,,,,0.3,,0.1,,0.04428044280442804,,,,0.11070110701107011,0.11070110701107011,,,,,,,,,,,,,,,,,,2.0,1.0
1652392,Wallace,Grêmio,9769,CB,CB,bra_a,Brasileirão Série A,268,1000000388,2026,21.0,Brazil,190.0,0.480539,810.0,,1.0,1.0,,0.1111111111111111,1.0,,0.1,,0.1,,,,0.1111111111111111,0.1111111111111111,0.1111111111111111,1.0,,,,,,,,,,,,,,,,2.0,
1098104,Ferreira,São Paulo,10277,W,"LW,LM,ST",bra_a,Brasileirão Série A,268,1000000388,2026,28.0,Brazil,175.0,2.454457,809.0,6.85,4.0,,0.44,,2.5,0.28,1.6,0.18,0.4004944375772559,3.2,1.0,33.5,2.0024721878862795,2.0024721878862795,0.3337453646477132,1.0,1.3,3.6,2.1,0.9,0.3,0.9,,3.9,,,,,,,0.7,2.0,
127374,Rafael Tolói,São Paulo,10277,CB,CB,bra_a,Brasileirão Série A,268,1000000388,2026,36.0,Italy,185.0,0.424022,807.0,,,,,,1.2,,0.3,,0.06691449814126393,,,,0.22304832713754646,0.22304832713754646,,1.0,,,,,,,,,,,,,,,,3.0,
1339347,Vitor Roque,Palmeiras,10283,ST,ST,bra_a,Brasileirão Série A,268,1000000388,2026,21.0,Brazil,174.0,42.103346,797.0,6.84,5.0,,0.56,,5.3,0.6,0.7,0.08,0.64366373902133,4.1,1.8,9.9,0.5646173149309912,0.5646173149309912,0.11292346298619825,6.0,0.5,0.5,2.0,1.5,0.1,0.2,0.2,2.1,,,,,,,1.6,1.0,
127400,Ganso,Fluminense,9863,AM,CAM,bra_a,Brasileirão Série A,268,1000000388,2026,36.0,Brazil,184.0,0.292774,788.0,6.81,,1.0,,0.11421319796954314,0.7,0.07,1.0,0.12,0.04568527918781726,0.9,0.3,67.3,2.7411167512690353,2.7411167512690353,0.11421319796954314,1.0,1.3,0.6,2.2,1.5,0.5,0.2,,3.4,,,,,,,1.4,2.0,
402830,Guillermo Maripán,Internacional,8702,CB,CB,bra_a,Brasileirão Série A,268,1000000388,2026,32.0,Chile,190.0,1.634657,788.0,,,,,,0.5,,0.5,,0.02284263959390863,,,,0.11421319796954314,0.11421319796954314,,2.0,,,,,,,,,,,,,,,,2.0,
1174685,Ênio,,197693,W,,bra_a,Brasileirão Série A,268,1000000388,2026,,,,,782.0,6.77,1.0,,0.12,,0.8,0.09,2.1,0.24,0.05754475703324808,2.1,0.6,28.0,2.6470588235294117,2.6470588235294117,0.46035805626598464,,2.1,1.2,1.0,0.3,0.5,0.2,,4.6,,,,,,,1.0,2.0,
1355858,Negueba,Mirassol,163782,W,"RW,LW",bra_a,Brasileirão Série A,268,1000000388,2026,26.0,Brazil,160.0,2.010247,782.0,,2.0,,,,0.7,,1.8,,0.0805626598465473,,,,2.071611253196931,2.071611253196931,0.23017902813299232,2.0,,,,,,,,,,,,,,,,4.0,
941736,Felipe Jonatan,Coritiba,9767,FB,"LB,LWB",bra_a,Brasileirão Série A,268,1000000388,2026,28.0,Brazil,176.0,1.469782,781.0,6.41,,,,,0.6,0.07,0.4,0.04,0.011523687580025609,1.0,0.2,32.5,0.5761843790012804,0.5761843790012804,0.34571062740076824,,1.5,0.7,5.2,1.6,0.6,2.8,0.2,3.2,,,,,,,0.6,,
929219,Júnior Santos,Botafogo,8517,W,"RW,ST",bra_a,Brasileirão Série A,268,1000000388,2026,31.0,Brazil,188.0,2.09007,775.0,6.35,1.0,,0.12,,2.1,0.25,0.5,0.06,0.17419354838709677,2.4,0.7,10.7,0.6967741935483871,0.6967741935483871,,2.0,0.3,2.1,1.2,0.5,0.1,0.6,,2.8,,,,,,,1.7,2.0,
1047658,Wagner Leonardo,Grêmio,9769,CB,CB,bra_a,Brasileirão Série A,268,1000000388,2026,27.0,Brazil,187.0,2.154368,774.0,,,,,,0.4,,0.0,,,,,,0.23255813953488372,0.23255813953488372,,1.0,,,,,,,,,,,,,,,,1.0,1.0
1509713,Dudu,Athletico Paranaense,10273,AM,"CAM,CM,RW",bra_a,Brasileirão Série A,268,1000000388,2026,20.0,Brazil,177.0,,766.0,6.53,1.0,1.0,0.12,0.1174934725848564,1.1,0.13,0.8,0.1,0.1762402088772846,0.8,0.2,17.9,1.2924281984334203,1.2924281984334203,0.3524804177545692,1.0,0.5,0.8,2.1,0.8,1.1,0.2,,2.3,,,,,,,0.8,,
887141,Antonio Galeano,Remo,1626,W,"RW,LW,ST",bra_a,Brasileirão Série A,268,1000000388,2026,26.0,Paraguay,169.0,3.51099,766.0,6.34,,,,,1.5,0.18,0.4,0.05,0.19973890339425587,2.5,0.8,20.7,0.8224543080939948,0.8224543080939948,,1.0,0.5,0.9,1.3,0.4,0.4,0.6,,4.1,,,,,,,0.8,3.0,
789877,Matheus Fernandes,RB Bragantino,109705,DM,"CDM,CM",bra_a,Brasileirão Série A,268,1000000388,2026,28.0,Brazil,183.0,0.971008,765.0,,,1.0,,0.11764705882352941,0.5,0.06,0.7,0.08,0.0,1.5,0.1,29.2,0.9411764705882353,0.9411764705882353,,,1.6,0.5,4.7,2.2,1.5,0.8,0.1,3.3,,,,,,,1.6,2.0,
497408,Walter Clar,,197693,FB,,bra_a,Brasileirão Série A,268,1000000388,2026,,,,,765.0,,3.0,1.0,,0.11764705882352941,2.8,,0.3,,0.3294117647058823,,,,1.1764705882352942,1.1764705882352942,,,,,,,,,,,,,,,,,,,
950270,Adonis Frías,,8514,CB,,bra_a,Brasileirão Série A,268,1000000388,2026,,,,,765.0,,1.0,,,,0.3,,0.1,,0.09411764705882353,,,,0.23529411764705882,0.23529411764705882,,,,,,,,,,,,,,,,,,2.0,
452269,Lucas Evangelista,Palmeiras,10283,DM,"CDM,LW,CM",bra_a,Brasileirão Série A,268,1000000388,2026,31.0,Brazil,183.0,2.194426,752.0,6.62,,1.0,,0.1196808510638298,0.9,0.11,1.0,0.12,0.023936170212765957,1.7,0.1,53.1,1.077127659574468,1.077127659574468,0.1196808510638298,1.0,2.0,0.7,4.4,1.9,0.4,1.8,0.4,6.2,,,,,,,1.2,1.0,
1269982,Bruno Zapelli,Athletico Paranaense,10273,CM,"CM,CAM,LW",bra_a,Brasileirão Série A,268,1000000388,2026,24.0,Argentina,183.0,4.285879,738.0,6.48,,1.0,,0.12195121951219512,1.0,0.13,1.5,0.18,0.0975609756097561,1.6,0.4,35.2,2.4390243902439024,2.4390243902439024,0.24390243902439024,2.0,2.4,0.7,2.9,1.5,0.9,0.5,0.1,3.9,,,,,,,1.1,4.0,1.0
834759,Claudio Spinelli,Vasco da Gama,10276,ST,ST,bra_a,Brasileirão Série A,268,1000000388,2026,29.0,Argentina,180.0,1.47775,736.0,6.17,1.0,,0.12,,4.9,0.6,0.3,0.03,0.37907608695652173,4.5,1.6,8.1,0.36684782608695654,0.36684782608695654,,7.0,0.1,0.4,2.7,1.3,0.1,1.2,,1.5,,,,,,,2.4,,
1388142,Wallisson,Mirassol,163782,DM,"CDM,CM",bra_a,Brasileirão Série A,268,1000000388,2026,29.0,Brazil,184.0,0.823242,734.0,6.54,,,,,0.3,0.04,0.1,0.02,,0.7,,26.4,0.2452316076294278,0.2452316076294278,,1.0,1.7,0.7,10.4,3.3,2.5,4.0,0.6,4.7,,,,,,,2.9,4.0,1.0
848593,Ángelo Preciado,Atlético-MG,10272,FB,"RB,RM,RWB",bra_a,Brasileirão Série A,268,1000000388,2026,28.0,Ecuador,174.0,2.270695,731.0,,,1.0,,0.12311901504787962,0.4,,0.3,,0.024623803009575923,,,,0.49247606019151846,0.49247606019151846,,,,,,,,,,,,,,,,,,4.0,
1474166,Lucas Villalba,Botafogo,8517,W,"RW,RM",bra_a,Brasileirão Série A,268,1000000388,2026,25.0,Uruguay,183.0,1.4028,727.0,6.45,1.0,1.0,0.12,0.12379642365887207,0.8,0.1,1.5,0.18,0.061898211829436035,1.1,0.4,10.8,1.485557083906465,1.485557083906465,0.6189821182943603,2.0,0.5,1.0,3.0,1.7,0.4,0.7,0.1,4.0,,,,,,,1.0,2.0,
1084245,Julimar,,10273,AM,,bra_a,Brasileirão Série A,268,1000000388,2026,,,,,727.0,,3.0,1.0,,0.12379642365887207,2.3,,1.2,,0.297111416781293,,,,1.2379642365887207,1.2379642365887207,0.24759284731774414,2.0,,,,,,,,,,,,,,,,2.0,
1681803,Kauan,Chapecoense,197693,CB,CB,bra_a,Brasileirão Série A,268,1000000388,2026,23.0,Brazil,191.0,,720.0,,,,,,0.1,,0.0,,0.0125,,,,,,,,,,,,,,,,,,,,,,,2.0,
1669646,Italo,,197693,W,,bra_a,Brasileirão Série A,268,1000000388,2026,,,,,716.0,6.33,,,,,1.5,0.18,0.5,0.06,0.03770949720670391,2.0,0.1,16.1,0.7541899441340782,0.7541899441340782,0.12569832402234637,2.0,0.9,1.0,2.6,0.8,0.5,1.3,0.1,3.1,,,,,,,0.8,1.0,
1516025,Leonel Pérez,,9769,CM,,bra_a,Brasileirão Série A,268,1000000388,2026,,,,,716.0,,,,,,0.3,,0.1,,0.012569832402234637,,,,0.25139664804469275,0.25139664804469275,,,,,,,,,,,,,,,,,,3.0,
1665982,Gabriel Mec,,9769,AM,,bra_a,Brasileirão Série A,268,1000000388,2026,,,,,714.0,6.55,2.0,,0.25,,1.9,0.24,0.2,0.03,0.21428571428571427,1.6,0.4,14.4,1.2605042016806722,1.2605042016806722,,,0.5,2.8,3.3,1.8,1.0,0.5,,4.4,,,,,,,1.1,3.0,
299215,Jesse Lingard,Corinthians,9808,ST,"ST,LW,CAM",bra_a,Brasileirão Série A,268,1000000388,2026,33.0,England,175.0,1.174646,705.0,6.22,,1.0,,0.1276595744680851,0.5,0.06,0.7,0.08,0.07659574468085106,1.1,0.4,26.3,0.6382978723404256,0.6382978723404256,0.1276595744680851,2.0,0.3,0.3,2.2,0.8,0.1,0.6,0.6,2.3,,,,,,,2.4,2.0,
575733,Cauly,São Paulo,10277,W,"LW,CAM",bra_a,Brasileirão Série A,268,1000000388,2026,31.0,Brazil,172.0,1.963693,705.0,6.73,1.0,,0.13,,1.5,0.19,1.0,0.13,0.20425531914893616,1.5,0.6,39.1,2.0425531914893615,2.0425531914893615,,,1.3,1.1,2.4,1.1,0.8,0.4,0.1,5.2,,,,,,,1.8,,
1898808,Mamady Cissé,Atlético-MG,10272,DM,"CDM,RW,CM",bra_a,Brasileirão Série A,268,1000000388,2026,19.0,Guinea,,1.947201,702.0,6.62,1.0,,0.13,,0.6,0.08,0.3,0.04,0.14102564102564105,1.2,0.3,42.3,0.6410256410256411,0.6410256410256411,,1.0,1.2,0.8,4.7,1.9,1.0,1.5,0.3,5.4,,,,,,,1.8,2.0,
847127,Julián Millán,Fluminense,9863,CB,CB,bra_a,Brasileirão Série A,268,1000000388,2026,28.0,Colombia,185.0,2.232397,699.0,,,,,,0.1,,0.2,,0.012875536480686695,,,,0.12875536480686695,0.12875536480686695,0.12875536480686695,,,,,,,,,,,,,,,,,1.0,
637670,Matheus Pereira,Corinthians,9808,DM,"CDM,CM,CAM",bra_a,Brasileirão Série A,268,1000000388,2026,28.0,Brazil,181.0,1.700937,696.0,6.46,,,,,0.4,0.05,0.6,0.08,0.01293103448275862,1.3,0.1,57.5,1.293103448275862,1.293103448275862,,,4.5,0.1,4.1,1.4,0.6,1.8,0.3,5.6,,,,,,,1.7,2.0,
1336919,Rodrigo Castillo,Fluminense,9863,ST,ST,bra_a,Brasileirão Série A,268,1000000388,2026,27.0,Argentina,187.0,5.451883,692.0,6.75,4.0,1.0,0.52,0.13005780346820808,2.6,0.34,0.6,0.07,0.48121387283236994,2.6,1.0,22.8,1.300578034682081,1.300578034682081,,1.0,0.5,0.8,3.1,0.9,0.5,1.4,0.3,2.7,,,,,,,3.4,2.0,
1043824,Caio Paulista,Grêmio,9769,FB,"LB,LWB",bra_a,Brasileirão Série A,268,1000000388,2026,28.0,Brazil,183.0,1.521269,688.0,,,,,,0.2,,0.4,,,,,,0.6540697674418605,0.6540697674418605,0.1308139534883721,,,,,,,,,,,,,,,,,1.0,
687496,Thaciano,Santos,8514,ST,"ST,LW",bra_a,Brasileirão Série A,268,1000000388,2026,31.0,Brazil,182.0,1.092691,683.0,6.44,2.0,,0.26,,2.5,0.33,0.6,0.08,0.2108345534407028,2.2,0.5,12.7,0.6588579795021962,0.6588579795021962,0.13177159590043924,2.0,0.4,,3.0,1.3,0.3,1.2,0.3,2.9,,,,,,,0.5,2.0,
1448300,Gustavinho,RB Bragantino,109705,CM,"CM,CDM,CAM",bra_a,Brasileirão Série A,268,1000000388,2026,22.0,Brazil,176.0,5.376827,683.0,6.71,1.0,2.0,0.13,0.2635431918008785,0.6,0.08,1.9,0.26,0.1844802342606149,1.2,0.7,23.1,2.5036603221083453,2.5036603221083453,0.527086383601757,1.0,1.1,1.3,3.6,2.9,0.4,0.3,,4.9,,,,,,,2.0,1.0,
1636609,Leozinho,Athletico Paranaense,10273,AM,"CAM,RW",bra_a,Brasileirão Série A,268,1000000388,2026,27.0,Brazil,173.0,0.854351,681.0,6.94,4.0,,0.53,,3.6,0.48,1.1,0.14,0.5286343612334802,3.8,1.1,29.1,1.8502202643171806,1.8502202643171806,0.13215859030837004,3.0,2.0,0.8,2.1,1.3,0.5,0.3,,3.0,,,,,,,1.2,1.0,
1274400,Alan Minda,Atlético-MG,10272,AM,"CAM,LW,ST,RW",bra_a,Brasileirão Série A,268,1000000388,2026,23.0,Ecuador,174.0,4.31997,680.0,6.82,2.0,2.0,0.26,0.2647058823529412,2.5,0.33,1.6,0.21,0.2514705882352941,2.4,1.1,21.3,1.9852941176470589,1.9852941176470589,0.39705882352941174,3.0,0.7,2.3,1.3,0.8,0.1,0.4,,4.1,,,,,,,0.3,,
845975,Raul,,8517,GK,,bra_a,Brasileirão Série A,268,1000000388,2026,,,,,676.0,,,,,,,,0.0,,,,,,,,,,,,,,,,,,,,,,,,,1.0,
307438,Fabián Balbuena,Grêmio,9769,CB,CB,bra_a,Brasileirão Série A,268,1000000388,2026,35.0,Paraguay,188.0,0.482084,675.0,,,,,,0.0,,0.1,,,,,,,,,,,,,,,,,,,,,,,,,,
637580,Carlos Eduardo,Mirassol,163782,W,"RW,LW,ST",bra_a,Brasileirão Série A,268,1000000388,2026,30.0,Brazil,176.0,0.440246,661.0,6.4,1.0,1.0,0.14,0.1361573373676248,1.6,0.22,0.3,0.04,0.10892586989409984,1.8,0.3,13.9,0.680786686838124,0.680786686838124,0.2723146747352496,1.0,0.5,1.8,2.5,0.7,0.4,1.4,,4.2,,,,,,,1.1,1.0,
239279,Jean,,197693,AM,,bra_a,Brasileirão Série A,268,1000000388,2026,,,,,651.0,6.74,2.0,2.0,0.28,0.2764976958525346,1.5,0.21,1.3,0.18,0.08294930875576037,2.5,0.8,24.5,2.7649769585253456,2.7649769585253456,0.2764976958525346,1.0,2.8,1.4,2.4,0.7,0.7,0.7,0.3,5.0,,,,,,,0.7,2.0,
816004,Victor Caetano,Chapecoense,197693,CB,CB,bra_a,Brasileirão Série A,268,1000000388,2026,28.0,Brazil,186.0,0.562434,649.0,,,,,,0.2,,0.1,,,,,,,,,,,,,,,,,,,,,,,,,3.0,
1680191,Néiser Villarreal,Cruzeiro,9781,ST,ST,bra_a,Brasileirão Série A,268,1000000388,2026,21.0,Colombia,186.0,,644.0,,3.0,1.0,0.42,0.13975155279503104,4.0,0.56,0.3,0.05,0.4472049689440994,2.9,1.1,7.1,1.3975155279503106,1.3975155279503106,0.13975155279503104,12.0,0.3,0.1,1.5,1.1,0.1,0.3,,1.1,,,,,,,1.3,,
768389,Cleiton,RB Bragantino,109705,GK,GK,bra_a,Brasileirão Série A,268,1000000388,2026,29.0,Brazil,190.0,3.645508,643.0,,,,,,,,0.0,,,,,,0.13996889580093314,0.13996889580093314,,,,,,,,,,,,,,,,,,1.0,
346004,Lucas Silva,Cruzeiro,9781,DM,CDM,bra_a,Brasileirão Série A,268,1000000388,2026,33.0,Brazil,181.0,0.629514,642.0,6.37,,,,,0.2,0.02,0.3,0.05,,0.6,,45.0,0.7009345794392523,0.7009345794392523,0.14018691588785046,,2.2,0.6,4.2,1.4,1.5,1.0,0.3,3.6,,,,,,,1.1,5.0,
638778,Bruno Henrique,Flamengo,9770,ST,"ST,LW",bra_a,Brasileirão Série A,268,1000000388,2026,35.0,Brazil,183.0,1.017443,641.0,6.6,2.0,3.0,0.28,0.42121684867394693,1.8,0.25,1.4,0.19,0.25273010920436817,2.7,0.8,22.0,1.965678627145086,1.965678627145086,0.7020280811232449,1.0,0.8,1.0,4.6,1.4,0.8,2.4,,2.7,,,,,,,2.2,5.0,
295103,Everaldo,Bahia,7877,ST,ST,bra_a,Brasileirão Série A,268,1000000388,2026,35.0,Brazil,181.0,0.431467,641.0,6.67,4.0,,0.56,,2.7,0.38,0.8,0.11,0.42121684867394693,2.9,1.1,8.3,0.982839313572543,0.982839313572543,,3.0,,0.6,4.2,1.5,0.6,1.8,0.3,2.4,,,,,,,1.8,2.0,1.0
1578668,Newton,São Paulo,10277,CB,"CB,CDM,CM",bra_a,Brasileirão Série A,268,1000000388,2026,26.0,Brazil,188.0,2.224866,638.0,,,,,,0.2,,0.2,,0.014106583072100314,,,,0.28213166144200624,0.28213166144200624,,,,,,,,,,,,,,,,,,2.0,
169865,Martin Braithwaite,Grêmio,9769,ST,"ST,CAM",bra_a,Brasileirão Série A,268,1000000388,2026,35.0,Denmark,180.0,1.024532,636.0,6.17,,,,,0.8,0.11,0.3,0.04,0.12735849056603774,1.1,0.3,13.7,0.5660377358490566,0.5660377358490566,0.14150943396226415,1.0,0.7,0.3,2.0,0.8,,1.0,0.1,2.5,,,,,,,1.6,,
1436176,Mateo Ponte,Botafogo,8517,FB,"RB,CB",bra_a,Brasileirão Série A,268,1000000388,2026,23.0,Uruguay,178.0,1.981482,636.0,,,1.0,,0.14150943396226415,0.6,,0.3,,,,,,0.8490566037735849,0.8490566037735849,,1.0,,,,,,,,,,,,,,,,4.0,
230190,Felipe Anderson,Palmeiras,10283,W,"LW,CAM",bra_a,Brasileirão Série A,268,1000000388,2026,33.0,Brazil,175.0,1.364576,632.0,6.77,2.0,1.0,0.28,0.14240506329113925,0.6,0.08,0.6,0.09,0.14240506329113925,2.1,0.6,38.0,1.8512658227848102,1.8512658227848102,0.14240506329113925,,1.3,2.3,6.6,4.0,1.0,1.6,,5.4,,,,,,,1.7,1.0,
846023,Gabriel Batista,Botafogo,8517,GK,GK,bra_a,Brasileirão Série A,268,1000000388,2026,28.0,Brazil,190.0,3.567409,630.0,,,,,,,,0.0,,,,,,0.14285714285714285,0.14285714285714285,,,,,,,,,,,,1.0,,,,,,,
856464,Brenner,Vasco da Gama,10276,ST,"ST,LW,CAM,LM",bra_a,Brasileirão Série A,268,1000000388,2026,26.0,Brazil,175.0,3.969406,629.0,6.39,1.0,1.0,0.14,0.14308426073131955,3.2,0.46,0.3,0.05,0.3004769475357711,2.4,0.9,18.0,2.146263910969793,2.146263910969793,,6.0,0.9,0.3,2.0,1.0,0.3,0.6,0.1,3.0,,,,,,,0.7,1.0,
427614,Emanuel Brítez,Vitória,7733,CB,"CB,RB",bra_a,Brasileirão Série A,268,1000000388,2026,34.0,Argentina,178.0,0.4635,629.0,,,,,,0.2,,0.1,,0.0,,,,0.4292527821939587,0.4292527821939587,,,,,,,,,,,,,,,,,,2.0,
896485,André Luís,Mirassol,163782,ST,ST,bra_a,Brasileirão Série A,268,1000000388,2026,32.0,Brazil,184.0,0.809679,627.0,6.2,2.0,,0.29,,1.7,0.24,0.3,0.05,0.18660287081339713,1.1,0.4,14.1,0.861244019138756,0.861244019138756,,4.0,,0.3,2.2,0.3,,1.7,0.1,1.9,,,,,,,1.3,2.0,
1116234,Caio Alexandre,Bahia,7877,CM,"CM,CDM",bra_a,Brasileirão Série A,268,1000000388,2026,27.0,Brazil,175.0,6.500373,625.0,6.58,,,,,0.2,0.02,1.1,0.16,,0.4,,72.4,1.44,1.44,,,2.6,0.1,5.0,1.7,1.2,1.6,0.6,6.2,,,,,,,2.0,1.0,
670799,Marlon,Remo,1626,FB,"LB,LWB,CB",bra_a,Brasileirão Série A,268,1000000388,2026,32.0,Brazil,176.0,0.238534,623.0,,,,,,0.4,,0.6,,0.10112359550561796,,,,1.0112359550561798,1.0112359550561798,0.14446227929373998,,,,,,,,,,,,,,,,,1.0,
208077,Danilo,Flamengo,9770,CB,"CB,RB",bra_a,Brasileirão Série A,268,1000000388,2026,35.0,Brazil,184.0,1.434786,619.0,,1.0,,,,0.3,,0.2,,0.10177705977382874,,,,0.29079159935379645,0.29079159935379645,,,,,,,,,,,,,,,,,,,1.0
1033100,Higor Meritão,,197693,DM,,bra_a,Brasileirão Série A,268,1000000388,2026,,,,,617.0,,1.0,,,,1.3,,0.2,,0.17504051863857376,,,,1.1669367909238249,1.1669367909238249,,3.0,,,,,,,,,,,,,,,,1.0,
952235,Lucas Oliveira,Mirassol,163782,CB,CB,bra_a,Brasileirão Série A,268,1000000388,2026,30.0,Brazil,187.0,0.603024,615.0,,1.0,,,,0.5,,0.2,,0.11707317073170732,,,,0.2926829268292683,0.2926829268292683,,,,,,,,,,,,,,,,,,2.0,
1249293,Fabinho,RB Bragantino,109705,DM,"CDM,CM",bra_a,Brasileirão Série A,268,1000000388,2026,24.0,Brazil,178.0,5.823833,608.0,,,,,,0.1,,0.3,,,,,,1.1842105263157894,1.1842105263157894,,,,,,,,,,,,,,,,,,,2.0
1178845,Camutanga,Vitória,7733,CB,CB,bra_a,Brasileirão Série A,268,1000000388,2026,33.0,Brazil,189.0,0.351349,600.0,,,,,,0.3,,0.1,,0.015,,,,0.15,0.15,0.15,,,,,,,,,,,,,,,,,,
1441765,João Vitor,,197693,AM,,bra_a,Brasileirão Série A,268,1000000388,2026,,,,,598.0,,,,,,0.7,,0.4,,0.015050167224080268,,,,1.806020066889632,1.806020066889632,0.1505016722408027,1.0,,,,,,,,,,,,,,,,1.0,
1043908,Bruno Fuchs,Palmeiras,10283,CB,CB,bra_a,Brasileirão Série A,268,1000000388,2026,27.0,Brazil,190.0,3.558259,595.0,,,,,,,,0.3,,,,,,0.3025210084033613,0.3025210084033613,,,,,,,,,,,,,,,,,,,
805540,Gabriel Rojas,Cruzeiro,9781,FB,"LB,LWB,LM",bra_a,Brasileirão Série A,268,1000000388,2026,29.0,Argentina,173.0,2.490829,593.0,,,,,,0.4,,1.0,,,,,,1.669477234401349,1.669477234401349,0.45531197301854975,1.0,,,,,,,,,,,,,,,,2.0,
958860,Santiago Sosa,Vasco da Gama,10276,DM,"CDM,CM,CB",bra_a,Brasileirão Série A,268,1000000388,2026,27.0,Argentina,182.0,9.117478,591.0,,,,,,0.8,,0.5,,0.030456852791878174,,,,0.45685279187817257,0.45685279187817257,,2.0,,,,,,,,,,,,,,,,,
1137671,Gabriel Menino,Santos,8514,FB,"RB,CM,RM",bra_a,Brasileirão Série A,268,1000000388,2026,26.0,Brazil,177.0,6.955177,590.0,,1.0,,,,0.9,,0.9,,0.21355932203389827,,,,1.2203389830508475,1.2203389830508475,,1.0,,,,,,,,,,,,,,,,2.0,
1028036,Hugo Moura,,10276,DM,,bra_a,Brasileirão Série A,268,1000000388,2026,,,,,581.0,,1.0,,,,0.5,,0.2,,0.13941480206540446,,,,0.46471600688468157,0.46471600688468157,,,,,,,,,,,,,,,,,,,
950456,Marcos Vinícius,,197693,FB,,bra_a,Brasileirão Série A,268,1000000388,2026,,,,,578.0,,,1.0,,0.15570934256055363,0.4,,0.7,,,,,,1.0899653979238755,1.0899653979238755,0.15570934256055363,1.0,,,,,,,,,,,,,,,,2.0,
1028704,Santiago Rodríguez,,8517,W,,bra_a,Brasileirão Série A,268,1000000388,2026,,,,,574.0,6.67,2.0,,0.31,,0.3,0.05,1.3,0.2,0.0627177700348432,0.5,0.3,30.7,1.411149825783972,1.411149825783972,0.156794425087108,,1.6,1.6,3.4,2.7,0.2,0.5,0.2,4.9,,,,,,,2.2,1.0,
1946070,Túlio,Chapecoense,197693,ST,ST,bra_a,Brasileirão Série A,268,1000000388,2026,21.0,Brazil,,,573.0,,3.0,,,,2.4,,0.2,,0.5968586387434555,,,,0.6282722513089005,0.6282722513089005,,1.0,,,,,,,,,,,,,,,,1.0,
1638434,Vinicinho,RB Bragantino,109705,W,LW,bra_a,Brasileirão Série A,268,1000000388,2026,22.0,Brazil,174.0,5.065116,572.0,,,,,,0.9,0.13,0.9,0.15,0.03146853146853147,1.7,0.5,19.8,1.5734265734265733,1.5734265734265733,,1.0,0.5,3.5,2.0,1.3,0.5,0.3,,4.1,,,,,,,0.6,,
683709,Bruno Rodrigues,Cruzeiro,9781,ST,"ST,RW",bra_a,Brasileirão Série A,268,1000000388,2026,29.0,Brazil,177.0,1.085435,571.0,,1.0,2.0,0.16,0.31523642732049034,1.3,0.21,0.9,0.15,0.09457092819614711,1.7,0.6,22.2,1.1033274956217163,1.1033274956217163,0.31523642732049034,2.0,,0.6,1.9,1.3,,0.6,,4.4,,,,,,,1.3,,
834240,Vitão,Flamengo,9770,CB,CB,bra_a,Brasileirão Série A,268,1000000388,2026,26.0,Brazil,186.0,11.201922,569.0,,,,,,0.2,,0.1,,,,,,0.3163444639718805,0.3163444639718805,,1.0,,,,,,,,,,,,,,,,2.0,
427877,Fabrizio Angileri,Corinthians,9808,FB,"LB,CB",bra_a,Brasileirão Série A,268,1000000388,2026,32.0,Argentina,185.0,0.288118,563.0,,1.0,,,,0.1,,0.7,,0.03197158081705151,,,,0.47957371225577267,0.47957371225577267,,,,,,,,,,,,,,,,,,3.0,
1636443,Diego Caito,Grêmio,9769,FB,"RB,RWB",bra_a,Brasileirão Série A,268,1000000388,2026,22.0,Brazil,176.0,,561.0,,1.0,,,,0.3,,0.2,,0.1122994652406417,,,,0.6417112299465241,0.6417112299465241,,,,,,,,,,,,,,,,,,2.0,
1463482,Gabriel Knesowitsch,Mirassol,163782,CB,CB,bra_a,Brasileirão Série A,268,1000000388,2026,22.0,Brazil,185.0,,559.0,,,,,,0.5,,0.1,,,,,,,,,1.0,,,,,,,,,,,,,,,,2.0,
251244,André Ramalho,Corinthians,9808,CB,CB,bra_a,Brasileirão Série A,268,1000000388,2026,34.0,Brazil,182.0,0.582669,555.0,,,,,,0.0,,0.1,,,,,,0.32432432432432434,0.32432432432432434,,,,,,,,,,,,,,,,,,4.0,
1436133,Facundo Bernal,,9863,DM,,bra_a,Brasileirão Série A,268,1000000388,2026,,,,,551.0,,,,,,0.4,,0.1,,0.0,,,,0.16333938294010888,0.16333938294010888,,,,,,,,,,,,,,,,,,2.0,
1400079,Derik,Athletico Paranaense,10273,W,"LM,LWB,LB",bra_a,Brasileirão Série A,268,1000000388,2026,21.0,Brazil,165.0,2.686596,550.0,,,,,,0.1,,0.3,,0.03272727272727273,,,,0.4909090909090909,0.4909090909090909,,,,,,,,,,,,,,,,,,,
535888,Yago,Chapecoense,197693,AM,"CAM,CDM,CM",bra_a,Brasileirão Série A,268,1000000388,2026,31.0,Brazil,174.0,0.640562,542.0,,,1.0,,0.16605166051660517,0.3,,0.2,,0.0996309963099631,,,,0.996309963099631,0.996309963099631,,,,,,,,,,,,,,,,,,2.0,
1412963,Gabriel Delfim,Atlético-MG,10272,GK,GK,bra_a,Brasileirão Série A,268,1000000388,2026,24.0,Brazil,189.0,0.608558,540.0,,,,,,,,0.0,,,,,,0.16666666666666666,0.16666666666666666,,,,,,,,,,,,1.0,,,,,,,
1804861,Vitão,Atlético-MG,10272,CB,CB,bra_a,Brasileirão Série A,268,1000000388,2026,18.0,Brazil,192.0,,540.0,,1.0,,,,0.6,,0.1,,0.08333333333333333,,,,0.3333333333333333,0.3333333333333333,,1.0,,,,,,,,,,,,,,,,1.0,
528348,Éverton,Santos,8514,W,LW,bra_a,Brasileirão Série A,268,1000000388,2026,30.0,Brazil,174.0,3.333738,537.0,,1.0,3.0,0.17,0.5027932960893855,0.9,0.15,1.1,0.18,0.2011173184357542,3.7,0.8,29.3,2.6815642458100557,2.6815642458100557,0.33519553072625696,,1.0,2.3,2.0,1.0,0.7,0.3,,3.7,,,,,,,1.8,4.0,
188652,Allan,Botafogo,8517,DM,"CDM,CM",bra_a,Brasileirão Série A,268,1000000388,2026,35.0,Brazil,174.0,0.588027,537.0,,,,,,0.1,,0.5,,,,,,0.33519553072625696,0.33519553072625696,,,,,,,,,,,,,,,,,,3.0,
845984,Iago,São Paulo,10277,FB,"LB,LWB",bra_a,Brasileirão Série A,268,1000000388,2026,29.0,Brazil,181.0,2.299594,536.0,,1.0,,,,0.4,,1.0,,0.16791044776119404,,,,1.5111940298507462,1.5111940298507462,0.503731343283582,,,,,,,,,,,,,,,,,,
1895006,Kauã Pascini,Atlético-MG,10272,FB,"LB,LWB",bra_a,Brasileirão Série A,268,1000000388,2026,18.0,Brazil,172.0,,535.0,,,,,,0.1,,0.7,,0.0,,,,0.8411214953271028,0.8411214953271028,,,,,,,,,,,,,,,,,,1.0,
690362,Ronaldo,Internacional,8702,DM,"CDM,CM",bra_a,Brasileirão Série A,268,1000000388,2026,29.0,Brazil,179.0,1.106269,532.0,,1.0,,,,0.2,,0.5,,0.13533834586466165,,,,0.5075187969924813,0.5075187969924813,,,,,,,,,,,,,,,,,,2.0,
303799,Bastos,,8517,CB,,bra_a,Brasileirão Série A,268,1000000388,2026,,,,,521.0,,,,,,,,0.0,,,,,,0.1727447216890595,0.1727447216890595,,,,,,,,,,,,,,,,,,1.0,
949735,Facundo Colidio,Vasco da Gama,10276,W,"LW,ST,RW,CAM",bra_a,Brasileirão Série A,268,1000000388,2026,26.0,Argentina,180.0,5.928794,514.0,,3.0,1.0,,0.17509727626459143,3.3,,1.6,,0.7704280155642025,,,,2.6264591439688716,2.6264591439688716,0.5252918287937743,1.0,,,,,,,,,,,,,,,,1.0,
750913,Luiz Araújo,Flamengo,9770,W,RW,bra_a,Brasileirão Série A,268,1000000388,2026,30.0,Brazil,175.0,4.885147,513.0,,2.0,1.0,0.35,0.17543859649122806,1.6,0.28,1.2,0.21,0.17543859649122806,2.1,0.5,41.4,1.9298245614035088,1.9298245614035088,0.3508771929824561,2.0,3.0,1.6,5.8,4.0,0.4,1.4,,4.4,,,,,,,1.8,2.0,
1357732,Mateusinho,Vitória,7733,W,"RM,RB,RWB",bra_a,Brasileirão Série A,268,1000000388,2026,28.0,Brazil,175.0,,511.0,,,2.0,,0.3522504892367906,0.7,,1.0,,0.01761252446183953,,,,1.761252446183953,1.761252446183953,0.3522504892367906,,,,,,,,,,,,,,,,,1.0,
844161,Kanu,Bahia,7877,CB,CB,bra_a,Brasileirão Série A,268,1000000388,2026,29.0,Brazil,186.0,1.959309,508.0,,,,,,0.1,,0.1,,0.03543307086614173,,,,,,,1.0,,,,,,,,,,,,,,,,2.0,
1130713,João Paulo,Chapecoense,197693,CB,CB,bra_a,Brasileirão Série A,268,1000000388,2026,29.0,Brazil,188.0,0.303725,506.0,,1.0,,,,0.2,,0.0,,0.08893280632411067,,,,0.17786561264822134,0.17786561264822134,,,,,,,,,,,,,,,,,,3.0,
184500,Rodrigo Moledo,Coritiba,9767,CB,CB,bra_a,Brasileirão Série A,268,1000000388,2026,38.0,Brazil,188.0,0.276272,486.0,,3.0,,,,0.5,,0.1,,0.16666666666666666,,,,0.37037037037037035,0.37037037037037035,,1.0,,,,,,,,,,,,,,,,,
1483507,Kayky Almeida,,1626,CB,,bra_a,Brasileirão Série A,268,1000000388,2026,,,,,486.0,,,,,,0.1,,0.1,,0.018518518518518517,,,,0.18518518518518517,0.18518518518518517,0.18518518518518517,,,,,,,,,,,,,,,,,1.0,
1058103,João Lucas,Remo,1626,FB,RB,bra_a,Brasileirão Série A,268,1000000388,2026,28.0,Brazil,181.0,1.154584,483.0,,,,,,0.4,,0.3,,0.037267080745341616,,,,0.5590062111801242,0.5590062111801242,0.18633540372670807,1.0,,,,,,,,,,,,,,,,3.0,
1312459,Miguelito,Santos,8514,W,"RW,CAM,ST,LW",bra_a,Brasileirão Série A,268,1000000388,2026,22.0,Bolivia,177.0,,482.0,,1.0,2.0,,0.37344398340248963,0.9,,1.4,,0.09336099585062241,,,,2.4273858921161824,2.4273858921161824,0.37344398340248963,2.0,,,,,,,,,,,,,,,,1.0,
1295307,Lucas Monzón,Botafogo,8517,CB,CB,bra_a,Brasileirão Série A,268,1000000388,2026,25.0,Uruguay,186.0,0.769315,474.0,,,,,,0.5,,0.0,,0.1518987341772152,,,,,,,1.0,,,,,,,,,,,,,,,,2.0,
450868,Willian,,9767,DM,,bra_a,Brasileirão Série A,268,1000000388,2026,,,,,473.0,,,,,,0.3,,0.2,,,,,,0.5708245243128964,0.5708245243128964,,,,,,,,,,,,,,,,,,,
1137664,Patrick de Paula,,1626,DM,,bra_a,Brasileirão Série A,268,1000000388,2026,,,,,472.0,,,2.0,,0.3813559322033898,1.2,,0.2,,0.07627118644067797,,,,1.5254237288135593,1.5254237288135593,0.3813559322033898,1.0,,,,,,,,,,,,,,,,4.0,
1375764,Ignacio Sosa,RB Bragantino,109705,DM,"CDM,CM",bra_a,Brasileirão Série A,268,1000000388,2026,23.0,Uruguay,175.0,6.224771,469.0,,,,,,0.3,0.07,1.1,0.21,0.11513859275053305,1.0,0.2,34.2,2.4946695095948828,2.4946695095948828,0.5756929637526652,,1.5,2.5,4.2,3.3,0.6,0.4,,5.4,,,,,,,3.5,6.0,
1137909,Emiliano Martínez,Palmeiras,10283,DM,"CDM,CM,CB",bra_a,Brasileirão Série A,268,1000000388,2026,27.0,Uruguay,185.0,6.671606,469.0,,,,,,0.1,,0.6,,0.019189765458422176,,,,0.767590618336887,0.767590618336887,,,,,,,,,,,,,,,,,,1.0,
443518,Filip Krovinović,Grêmio,9769,DM,"CDM,CAM",bra_a,Brasileirão Série A,268,1000000388,2026,31.0,Croatia,175.0,1.178917,469.0,,,,,,0.4,,0.3,,0.019189765458422176,,,,1.1513859275053304,1.1513859275053304,,,,,,,,,,,,,,,,,,,
919919,André,São Paulo,10277,ST,"ST,CAM",bra_a,Brasileirão Série A,268,1000000388,2026,29.0,Brazil,181.0,2.08439,467.0,,,,,,0.3,0.06,0.1,0.03,0.07708779443254818,1.5,1.0,16.6,0.5781584582441114,0.5781584582441114,,1.0,1.3,0.4,1.5,0.8,0.2,0.4,0.2,3.1,,,,,,,2.5,5.0,
581563,João Pedro,Grêmio,9769,FB,RB,bra_a,Brasileirão Série A,268,1000000388,2026,29.0,Brazil,179.0,1.116474,467.0,,,,,,0.1,,0.1,,,,,,0.5781584582441114,0.5781584582441114,,,,,,,,,,,,,,,,,,2.0,
1759878,Kauã Moraes,Cruzeiro,9781,FB,"RB,LB",bra_a,Brasileirão Série A,268,1000000388,2026,20.0,Brazil,174.0,,455.0,,2.0,1.0,,0.1978021978021978,1.3,,0.5,,0.15824175824175823,,,,0.1978021978021978,0.1978021978021978,0.1978021978021978,1.0,,,,,,,,,,,,,,,,2.0,
1350024,Pedro Milans,Corinthians,9808,FB,RB,bra_a,Brasileirão Série A,268,1000000388,2026,24.0,Uruguay,171.0,1.356725,454.0,,,,,,0.1,,0.1,,,,,,0.3964757709251101,0.3964757709251101,,,,,,,,,,,,,,,,,,,
1927904,Claudinho,Athletico Paranaense,10273,FB,LWB,bra_a,Brasileirão Série A,268,1000000388,2026,20.0,Brazil,,,451.0,,,1.0,,0.19955654101995565,0.4,,0.3,,,,,,0.9977827050997783,0.9977827050997783,0.19955654101995565,,,,,,,,,,,,,,,,,,
1272356,Diógenes,Santos,8514,GK,GK,bra_a,Brasileirão Série A,268,1000000388,2026,25.0,Brazil,186.0,0.643222,450.0,,,,,,,,0.0,,,,,,,,,,,,,,,,,,,1.0,,,,,,1.0,
1400078,Mycael,Athletico Paranaense,10273,GK,GK,bra_a,Brasileirão Série A,268,1000000388,2026,22.0,Brazil,187.0,,450.0,,,,,,,,0.0,,,,,,,,,,,,,,,,,,,1.0,,,,,,2.0,
1434500,Iván Román,,10272,CB,,bra_a,Brasileirão Série A,268,1000000388,2026,,,,,442.0,,1.0,,,,0.9,,0.0,,0.20361990950226244,,,,,,,1.0,,,,,,,,,,,,,,,,3.0,
389202,Wanderson,Cruzeiro,9781,W,LW,bra_a,Brasileirão Série A,268,1000000388,2026,32.0,Brazil,176.0,1.949293,441.0,6.34,2.0,,0.41,,1.1,0.23,0.4,0.07,0.4693877551020407,3.1,1.0,23.7,0.20408163265306123,0.20408163265306123,0.20408163265306123,1.0,0.4,0.8,4.1,2.2,,1.4,0.4,3.3,,,,,,,1.6,,
1817873,Kauan Toledo,Botafogo,8517,W,"LW,ST",bra_a,Brasileirão Série A,268,1000000388,2026,20.0,Brazil,177.0,,437.0,,,2.0,,0.41189931350114417,0.8,,0.1,,0.1853546910755149,,,,0.8237986270022883,0.8237986270022883,0.41189931350114417,1.0,,,,,,,,,,,,,,,,1.0,
1460476,Felipinho,Athletico Paranaense,10273,CM,"CM,CDM",bra_a,Brasileirão Série A,268,1000000388,2026,24.0,Brazil,183.0,1.122445,435.0,,,,,,0.3,,0.1,,,,,,0.20689655172413793,0.20689655172413793,,1.0,,,,,,,,,,,,,,,,2.0,
304014,Marçal,Botafogo,8517,CB,"CB,LB",bra_a,Brasileirão Série A,268,1000000388,2026,37.0,Brazil,178.0,0.294777,434.0,,,,,,0.2,,1.1,,0.10368663594470046,,,,1.6589861751152073,1.6589861751152073,0.2073732718894009,,,,,,,,,,,,,,,,,3.0,1.0
1638937,Dantas,Athletico Paranaense,10273,CB,CB,bra_a,Brasileirão Série A,268,1000000388,2026,22.0,Brazil,189.0,,434.0,,,1.0,,0.2073732718894009,0.0,,0.0,,,,,,0.6221198156682027,0.6221198156682027,0.2073732718894009,,,,,,,,,,,,,,,,,2.0,
931862,Danilo,Botafogo,8517,ST,"ST,RW,LW",bra_a,Brasileirão Série A,268,1000000388,2026,27.0,Brazil,174.0,1.990594,431.0,,,1.0,,0.2088167053364269,1.3,,0.4,,0.271461716937355,,,,1.6705336426914152,1.6705336426914152,0.4176334106728538,1.0,,,,,,,,,,,,,,,,,
1384473,Gabriel Xavier,,7877,CB,,bra_a,Brasileirão Série A,268,1000000388,2026,,,,,429.0,,,,,,0.2,,0.0,,,,,,,,,,,,,,,,,,,,,,,,,2.0,
1950886,Luis Osorio,São Paulo,10277,CB,CB,bra_a,Brasileirão Série A,268,1000000388,2026,20.0,Brazil,191.0,,422.0,,,1.0,,0.2132701421800948,0.0,,0.2,,,,,,0.2132701421800948,0.2132701421800948,0.2132701421800948,,,,,,,,,,,,,,,,,1.0,1.0
101584,Cássio,Cruzeiro,9781,GK,GK,bra_a,Brasileirão Série A,268,1000000388,2026,39.0,Brazil,195.0,0.482513,422.0,,,,,,,,0.0,,,,,,,,,,,,,,,,,,,,,,,,,,
1205222,Marino Hinestroza,Vasco da Gama,10276,W,"RW,CAM",bra_a,Brasileirão Série A,268,1000000388,2026,24.0,Colombia,172.0,6.151708,421.0,6.48,,,,,0.4,0.08,0.9,0.2,,1.9,,24.2,1.7102137767220902,1.7102137767220902,0.21377672209026127,,0.4,2.6,3.4,2.1,0.6,0.6,,6.0,,,,,,,1.3,,
890637,Pedro Raul,Corinthians,9808,ST,ST,bra_a,Brasileirão Série A,268,1000000388,2026,29.0,Brazil,193.0,1.936525,410.0,,1.0,,0.22,,0.7,0.16,0.1,0.02,0.2414634146341464,2.2,1.1,9.0,0.6585365853658537,0.6585365853658537,,2.0,0.2,0.7,1.8,0.7,,1.1,,2.0,,,,,,,2.2,1.0,
1433363,Fernando,Chapecoense,197693,FB,"LB,LM,LWB,CM",bra_a,Brasileirão Série A,268,1000000388,2026,27.0,Brazil,180.0,0.668878,410.0,,,,,,0.3,,0.2,,,,,,0.6585365853658537,0.6585365853658537,,1.0,,,,,,,,,,,,,,,,3.0,
174531,Dudu,Atlético-MG,10272,AM,"CAM,LW",bra_a,Brasileirão Série A,268,1000000388,2026,34.0,Brazil,167.0,0.855483,409.0,6.43,2.0,,0.44,,1.8,0.39,0.7,0.15,0.5721271393643031,3.3,1.8,37.4,2.2004889975550124,2.2004889975550124,0.2200488997555012,2.0,1.3,1.3,2.2,0.4,0.7,0.7,0.4,4.4,,,,,,,0.9,,
1216339,Bruno Matias,Chapecoense,197693,DM,CDM,bra_a,Brasileirão Série A,268,1000000388,2026,27.0,Brazil,172.0,0.335537,402.0,,,,,,0.2,,0.1,,,,,,0.44776119402985076,0.44776119402985076,,,,,,,,,,,,,,,,,,1.0,
1753486,Edenilson,Vitória,7733,FB,RB,bra_a,Brasileirão Série A,268,1000000388,2026,21.0,Brazil,182.0,0.940335,402.0,,,,,,0.2,,0.0,,,,,,0.22388059701492538,0.22388059701492538,,,,,,,,,,,,,,,,,,2.0,1.0
614970,Tiquinho Soares,Botafogo,8517,ST,ST,bra_a,Brasileirão Série A,268,1000000388,2026,35.0,Brazil,187.0,0.402148,402.0,,,,,,1.9,,0.2,,0.1791044776119403,,,,1.1194029850746268,1.1194029850746268,,3.0,,,,,,,,,,,,,,,,1.0,
198053,Walter Kannemann,Grêmio,9769,CB,CB,bra_a,Brasileirão Série A,268,1000000388,2026,35.0,Argentina,185.0,0.484143,402.0,,1.0,,,,0.8,,0.0,,0.22388059701492538,,,,,,,,,,,,,,,,,,,,,,,4.0,
566425,Domingos Duarte,São Paulo,10277,CB,CB,bra_a,Brasileirão Série A,268,1000000388,2026,31.0,Portugal,192.0,1.278051,399.0,,,,,,0.3,,0.1,,0.022556390977443608,,,,0.45112781954887216,0.45112781954887216,,,,,,,,,,,,,,,,,,,
322049,Fred,Atlético-MG,10272,AM,"CAM,CDM,CM",bra_a,Brasileirão Série A,268,1000000388,2026,33.0,Brazil,169.0,2.125339,398.0,,,,,,0.7,,1.1,,0.0,,,,1.5829145728643217,1.5829145728643217,0.678391959798995,1.0,,,,,,,,,,,,,,,,2.0,
1503653,Tchoca,Corinthians,9808,CB,CB,bra_a,Brasileirão Série A,268,1000000388,2026,22.0,Brazil,193.0,3.722653,396.0,,1.0,,,,0.2,,0.0,,0.11363636363636363,,,,0.22727272727272727,0.22727272727272727,,,,,,,,,,,,,,,,,,1.0,
1477851,Jordan Barrera,Botafogo,8517,CM,"CM,LW,CAM,RM,RW",bra_a,Brasileirão Série A,268,1000000388,2026,20.0,Colombia,180.0,4.667811,395.0,,1.0,,,,1.6,,0.4,,0.3189873417721519,,,,1.139240506329114,1.139240506329114,,3.0,,,,,,,,,,,,,,,,,
1817875,Kadir Barría,Botafogo,8517,ST,"ST,CAM",bra_a,Brasileirão Série A,268,1000000388,2026,19.0,Panama,183.0,5.523846,383.0,,1.0,1.0,0.23,0.2349869451697128,2.9,0.69,0.3,0.07,0.4699738903394256,5.2,1.4,7.8,1.4099216710182767,1.4099216710182767,0.2349869451697128,2.0,,0.9,2.3,1.4,0.2,0.7,,2.6,,,,,,,4.5,3.0,
80562,Thiago Silva,Fluminense,9863,CB,CB,bra_a,Brasileirão Série A,268,1000000388,2026,42.0,Brazil,183.0,0.803139,380.0,,,1.0,,0.23684210526315788,0.1,,0.1,,,,,,0.47368421052631576,0.47368421052631576,,,,,,,,,,,,,,,,,,1.0,
658261,Juninho,Internacional,8702,CB,"CB,LB",bra_a,Brasileirão Série A,268,1000000388,2026,31.0,Brazil,187.0,0.579276,379.0,,,,,,0.2,,0.0,,,,,,,,,,,,,,,,,,,,,,,,,,
544424,Gustavo Scarpa,Atlético-MG,10272,AM,"CAM,CDM,RW,RWB",bra_a,Brasileirão Série A,268,1000000388,2026,32.0,Brazil,176.0,2.469689,377.0,,1.0,,,,0.6,,0.7,,0.23872679045092837,,,,1.4323607427055702,1.4323607427055702,0.47745358090185674,,,,,,,,,,,,,,,,,,
339125,Marinho,Vitória,7733,W,RW,bra_a,Brasileirão Série A,268,1000000388,2026,36.0,Brazil,168.0,0.311098,376.0,6.29,,,,,0.6,0.15,0.2,0.04,0.023936170212765957,3.1,0.5,21.8,0.7180851063829787,0.7180851063829787,,1.0,0.5,,6.0,3.8,1.0,0.7,0.5,4.5,,,,,,,3.1,2.0,
1570656,Japa,Mirassol,163782,CM,"CM,CDM",bra_a,Brasileirão Série A,268,1000000388,2026,22.0,Brazil,186.0,1.24092,375.0,,1.0,,,,0.8,,0.2,,0.216,,,,0.24,0.24,,,,,,,,,,,,,,,,,,,
592922,Thiago Maia,Internacional,8702,DM,"CDM,CM,CAM",bra_a,Brasileirão Série A,268,1000000388,2026,29.0,Brazil,179.0,1.332508,373.0,,,2.0,,0.48257372654155495,0.2,0.05,0.4,0.09,0.04825737265415549,1.0,0.5,44.6,2.1715817694369974,2.1715817694369974,0.24128686327077747,,2.9,1.0,8.0,2.4,1.9,3.4,0.2,6.8,,,,,,,1.0,,
94086,Willian,,9769,AM,,bra_a,Brasileirão Série A,268,1000000388,2026,,,,,373.0,,,,,,0.7,,0.6,,0.09651474530831099,,,,0.48257372654155495,0.48257372654155495,,1.0,,,,,,,,,,,,,,,,,
1462841,Zé Guilherme,Bahia,7877,FB,LB,bra_a,Brasileirão Série A,268,1000000388,2026,21.0,Brazil,181.0,0.868064,372.0,,,,,,0.1,,0.5,,0.04838709677419355,,,,0.967741935483871,0.967741935483871,0.24193548387096775,,,,,,,,,,,,,,,,,3.0,
1172406,Moisés,Santos,8514,W,"LW,LM",bra_a,Brasileirão Série A,268,1000000388,2026,30.0,Brazil,175.0,1.500017,369.0,,2.0,1.0,,0.24390243902439024,1.5,,0.5,,0.5609756097560975,,,,0.7317073170731707,0.7317073170731707,,1.0,,,,,,,,,,,,,,,,,
1764428,Maik,,10277,FB,,bra_a,Brasileirão Série A,268,1000000388,2026,,,,,369.0,,,,,,0.0,,0.3,,,,,,0.24390243902439024,0.24390243902439024,,,,,,,,,,,,,,,,,,,
464982,Daniel Borges,Mirassol,163782,FB,RB,bra_a,Brasileirão Série A,268,1000000388,2026,33.0,Brazil,174.0,0.326695,367.0,,,,,,0.1,,0.3,,0.04904632152588556,,,,0.7356948228882834,0.7356948228882834,,,,,,,,,,,,,,,,,,1.0,
1804462,Allex,Internacional,8702,AM,"CAM,LW,RWB",bra_a,Brasileirão Série A,268,1000000388,2026,20.0,Brazil,164.0,,361.0,,,,,,0.4,,1.1,,0.04986149584487535,,,,0.24930747922437674,0.24930747922437674,0.24930747922437674,,,,,,,,,,,,,,,,,1.0,
1744337,Dieguinho,Corinthians,9808,W,RW,bra_a,Brasileirão Série A,268,1000000388,2026,19.0,Brazil,170.0,4.560314,360.0,,1.0,,0.25,,0.4,0.09,0.4,0.11,0.075,2.0,0.5,28.3,1.25,1.25,0.25,,0.8,1.8,2.5,0.8,0.8,0.8,0.3,3.8,,,,,,,0.5,,
693601,Tomás Pochettino,Vitória,7733,AM,"CAM,LW,LM,RW",bra_a,Brasileirão Série A,268,1000000388,2026,30.0,Argentina,178.0,2.139749,360.0,,,,,,0.3,,0.5,,0.175,,,,2.75,2.75,0.25,,,,,,,,,,,,,,,,,,
319599,Vitinho,Corinthians,9808,W,LW,bra_a,Brasileirão Série A,268,1000000388,2026,33.0,Brazil,180.0,0.415541,360.0,,,1.0,,0.25,0.8,,0.6,,0.125,,,,1.5,1.5,0.25,1.0,,,,,,,,,,,,,,,,,
265273,Gabriel,,7733,GK,,bra_a,Brasileirão Série A,268,1000000388,2026,,,,,360.0,,,,,,,,0.0,,,,,,0.25,0.25,,,,,,,,,,,,1.0,,,,,,,
1132936,Guzmán Rodríguez,RB Bragantino,109705,CB,CB,bra_a,Brasileirão Série A,268,1000000388,2026,26.0,Uruguay,185.0,2.343038,360.0,,,,,,,,0.1,,,,,,0.25,0.25,,,,,,,,,,,,,,,,,,1.0,
1511563,Kauê Camargo,Corinthians,9808,GK,GK,bra_a,Brasileirão Série A,268,1000000388,2026,22.0,Brazil,192.0,,360.0,,,,,,,,0.0,,,,,,,,,,,,,,,,,,,1.0,,,,,,2.0,
171985,Rafael Santos,Chapecoense,197693,GK,GK,bra_a,Brasileirão Série A,268,1000000388,2026,37.0,Brazil,191.0,0.326524,360.0,,,,,,,,0.0,,,,,,,,,,,,,,,,,,,,,,,,,,
400256,Rodinei,Santos,8514,FB,"RB,RW",bra_a,Brasileirão Série A,268,1000000388,2026,34.0,Brazil,176.0,0.351286,360.0,,,,,,0.1,,0.2,,,,,,1.0,1.0,,,,,,,,,,,,,,,,,,1.0,
810487,Warleson,Botafogo,8517,GK,GK,bra_a,Brasileirão Série A,268,1000000388,2026,30.0,Brazil,190.0,1.45985,360.0,,,,,,,,0.0,,,,,,,,,,,,,,,,,,,2.0,,,,,,1.0,
1695248,Kenji,Cruzeiro,9781,W,LW,bra_a,Brasileirão Série A,268,1000000388,2026,20.0,Brazil,179.0,,358.0,,1.0,,,,0.5,,0.6,,0.3016759776536313,,,,2.2625698324022347,2.2625698324022347,0.25139664804469275,1.0,,,,,,,,,,,,,,,,3.0,
1733364,Vinicius Lira,Santos,8514,FB,LB,bra_a,Brasileirão Série A,268,1000000388,2026,18.0,Brazil,187.0,,353.0,,,,,,0.1,,0.5,,0.0,,,,1.019830028328612,1.019830028328612,0.254957507082153,,,,,,,,,,,,,,,,,1.0,
601605,Dodi,Grêmio,9769,DM,"CDM,CAM,CM",bra_a,Brasileirão Série A,268,1000000388,2026,30.0,Brazil,169.0,0.383115,352.0,,,,,,0.1,,0.0,,,,,,,,,,,,,,,,,,,,,,,,,3.0,
951629,Nathan Fogaça,,163782,ST,,bra_a,Brasileirão Série A,268,1000000388,2026,,,,,349.0,,2.0,,,,3.4,,0.5,,0.5673352435530087,,,,0.7736389684813754,0.7736389684813754,0.25787965616045844,4.0,,,,,,,,,,,,,,,,2.0,
184536,Philippe Coutinho,Santos,8514,AM,CAM,bra_a,Brasileirão Série A,268,1000000388,2026,34.0,Brazil,172.0,1.379654,349.0,,1.0,,,,1.3,,0.6,,0.5415472779369628,,,,3.6103151862464182,3.6103151862464182,0.25787965616045844,,,,,,,,,,,,,,,,,,
846369,Luis Sinisterra,Cruzeiro,9781,W,LW,bra_a,Brasileirão Série A,268,1000000388,2026,27.0,Colombia,172.0,11.053257,348.0,,1.0,,,,2.3,,0.7,,0.41379310344827586,,,,0.5172413793103449,0.5172413793103449,,1.0,,,,,,,,,,,,,,,,,
902826,Michel Araújo,Bahia,7877,CM,CM,bra_a,Brasileirão Série A,268,1000000388,2026,30.0,Uruguay,178.0,1.665624,345.0,6.25,,1.0,,0.2608695652173913,0.6,0.16,0.7,0.18,0.0782608695652174,1.8,0.5,40.7,1.3043478260869565,1.3043478260869565,0.5217391304347826,1.0,0.8,2.1,7.0,3.9,0.8,2.3,,4.7,,,,,,,3.9,1.0,1.0
813039,Fernandinho,Mirassol,163782,W,"LW,ST,LM",bra_a,Brasileirão Série A,268,1000000388,2026,29.0,Brazil,174.0,0.461747,341.0,,,,,,0.1,,0.4,,0.026392961876832845,,,,2.375366568914956,2.375366568914956,0.26392961876832843,,,,,,,,,,,,,,,,,1.0,
902694,Igor Gomes,Atlético-MG,10272,DM,"CDM,CAM,CM",bra_a,Brasileirão Série A,268,1000000388,2026,27.0,Brazil,182.0,1.393282,340.0,,1.0,1.0,,0.2647058823529412,0.3,,0.5,,0.23823529411764705,,,,1.8529411764705883,1.8529411764705883,0.2647058823529412,,,,,,,,,,,,,,,,,1.0,
536647,Otávio,Fluminense,9863,DM,CDM,bra_a,Brasileirão Série A,268,1000000388,2026,32.0,Brazil,176.0,0.895734,339.0,,,,,,0.1,,0.1,,0.02654867256637168,,,,0.5309734513274337,0.5309734513274337,,,,,,,,,,,,,,,,,,2.0,
675600,Aitor Cantalapiedra,,7733,W,,bra_a,Brasileirão Série A,268,1000000388,2026,,,,,337.0,,,,,,0.3,,0.5,,0.08011869436201781,,,,1.6023738872403561,1.6023738872403561,0.26706231454005935,1.0,,,,,,,,,,,,,,,,1.0,
1797982,João Ananias,Santos,8514,CB,CB,bra_a,Brasileirão Série A,268,1000000388,2026,19.0,Brazil,188.0,,335.0,,,,,,0.0,,0.2,,,,,,0.5373134328358209,0.5373134328358209,0.26865671641791045,,,,,,,,,,,,,,,,,1.0,
1338045,Mateo Sanabria,Bahia,7877,W,RW,bra_a,Brasileirão Série A,268,1000000388,2026,22.0,Argentina,178.0,1.986767,333.0,,2.0,,0.54,,2.1,0.57,0.7,0.19,0.6216216216216215,4.1,1.1,19.2,1.3513513513513513,1.3513513513513513,0.2702702702702703,1.0,0.8,3.0,2.2,1.4,,0.5,0.3,6.2,,,,,,,2.2,2.0,
1652599,Gui Negão,Corinthians,9808,ST,ST,bra_a,Brasileirão Série A,268,1000000388,2026,19.0,Brazil,180.0,10.000913,332.0,,1.0,,,,1.4,,0.1,,0.37951807228915657,,,,1.6265060240963856,1.6265060240963856,,1.0,,,,,,,,,,,,,,,,1.0,
1471036,David Braga,Remo,1626,AM,CAM,bra_a,Brasileirão Série A,268,1000000388,2026,24.0,Brazil,186.0,,330.0,,1.0,,,,0.2,,0.4,,0.24545454545454545,,,,1.3636363636363635,1.3636363636363635,0.2727272727272727,,,,,,,,,,,,,,,,,2.0,
1926959,Ryan Augusto,RB Bragantino,109705,FB,RB,bra_a,Brasileirão Série A,268,1000000388,2026,19.0,Brazil,179.0,,329.0,,,,,,0.2,,1.0,,0.1094224924012158,,,,4.650455927051672,4.650455927051672,0.8206686930091185,,,,,,,,,,,,,,,,,,
388503,Victor Luís,Mirassol,163782,FB,"LB,LM",bra_a,Brasileirão Série A,268,1000000388,2026,33.0,Brazil,180.0,0.281701,326.0,,,,,,0.1,,0.4,,,,,,1.1042944785276074,1.1042944785276074,,,,,,,,,,,,,,,,,,2.0,
872394,Gustavo Cazonatti,Mirassol,163782,DM,"CDM,CM",bra_a,Brasileirão Série A,268,1000000388,2026,30.0,Brazil,178.0,0.319435,325.0,,,,,,0.1,,0.1,,0.027692307692307693,,,,0.5538461538461539,0.5538461538461539,,1.0,,,,,,,,,,,,,,,,1.0,
844511,Yuri,,163782,DM,,bra_a,Brasileirão Série A,268,1000000388,2026,,,,,325.0,,,,,,0.0,,0.1,,0.0,,,,,,,,,,,,,,,,,,,,,,,,1.0
1391210,Alexsander,Atlético-MG,10272,DM,CDM,bra_a,Brasileirão Série A,268,1000000388,2026,23.0,Brazil,178.0,6.493049,322.0,,,,,,0.3,,0.4,,0.08385093167701864,,,,1.6770186335403727,1.6770186335403727,,,,,,,,,,,,,,,,,,1.0,
1350730,Miguel Monsalve,,9769,AM,,bra_a,Brasileirão Série A,268,1000000388,2026,,,,,322.0,,,,,,0.0,,0.1,,,,,,0.5590062111801242,0.5590062111801242,,,,,,,,,,,,,,,,,,1.0,
816000,Gustavo Silva,Mirassol,163782,ST,"ST,CAM,RW",bra_a,Brasileirão Série A,268,1000000388,2026,29.0,Brazil,169.0,0.931112,320.0,,1.0,,,,1.1,,0.5,,0.6187500000000001,,,,0.84375,0.84375,0.28125,2.0,,,,,,,,,,,,,,,,,
642494,Chico,Mirassol,163782,DM,"CDM,CM,CAM",bra_a,Brasileirão Série A,268,1000000388,2026,35.0,Brazil,174.0,0.297353,318.0,,,,,,0.1,,0.2,,0.05660377358490566,,,,0.8490566037735849,0.8490566037735849,,,,,,,,,,,,,,,,,,,
1733226,Zé Lucas,Cruzeiro,9781,DM,"CDM,CM",bra_a,Brasileirão Série A,268,1000000388,2026,18.0,Brazil,174.0,11.513074,317.0,,1.0,,,,1.0,,0.1,,0.3123028391167193,,,,0.5678233438485805,0.5678233438485805,,,,,,,,,,,,,,,,,,,
1285541,Kerwin Vargas,Athletico Paranaense,10273,W,RW,bra_a,Brasileirão Série A,268,1000000388,2026,24.0,Colombia,180.0,3.562132,317.0,,2.0,3.0,,0.8517350157728707,0.8,,0.8,,0.28391167192429023,,,,3.1230283911671926,3.1230283911671926,1.4195583596214512,1.0,,,,,,,,,,,,,,,,,
1355337,Marcos Victor,Bahia,7877,CB,"CB,RB",bra_a,Brasileirão Série A,268,1000000388,2026,24.0,Brazil,185.0,0.800817,315.0,,,,,,,,0.3,,,,,,0.8571428571428571,0.8571428571428571,0.2857142857142857,,,,,,,,,,,,,,,,,,
215299,Lucas Moura,São Paulo,10277,AM,"CAM,ST",bra_a,Brasileirão Série A,268,1000000388,2026,34.0,Brazil,172.0,1.106068,313.0,,1.0,1.0,,0.28753993610223644,1.1,,0.7,,0.28753993610223644,,,,1.1501597444089458,1.1501597444089458,0.28753993610223644,,,,,,,,,,,,,,,,,,
1640270,Wallace Yan,RB Bragantino,109705,ST,"ST,CAM",bra_a,Brasileirão Série A,268,1000000388,2026,21.0,Brazil,178.0,6.703231,312.0,,,2.0,,0.5769230769230769,0.5,,1.3,,0.14423076923076922,,,,2.5961538461538463,2.5961538461538463,0.8653846153846154,,,,,,,,,,,,,,,,,1.0,1.0
1903980,Bruninho,,10273,AM,,bra_a,Brasileirão Série A,268,1000000388,2026,,,,,310.0,,,,,,0.3,,0.1,,0.31935483870967746,,,,1.1612903225806452,1.1612903225806452,,1.0,,,,,,,,,,,,,,,,,
522770,João Pedro,,1626,ST,,bra_a,Brasileirão Série A,268,1000000388,2026,,,,,301.0,,1.0,,,,1.5,,0.0,,0.29900332225913623,,,,1.196013289036545,1.196013289036545,0.29900332225913623,3.0,,,,,,,,,,,,,,,,2.0,
882823,Léo Andrade,Remo,1626,CB,CB,bra_a,Brasileirão Série A,268,1000000388,2026,28.0,Brazil,189.0,0.315129,294.0,,,,,,,,0.1,,,,,,,,,,,,,,,,,,,,,,,,,1.0,
535799,Rafael Thyere,Chapecoense,197693,CB,CB,bra_a,Brasileirão Série A,268,1000000388,2026,33.0,Brazil,190.0,0.306739,286.0,,,,,,0.1,,0.0,,,,,,,,,,,,,,,,,,,,,,,,,,
1815988,Gilberto,Athletico Paranaense,10273,FB,RWB,bra_a,Brasileirão Série A,268,1000000388,2026,21.0,Brazil,164.0,1.977448,283.0,,,,,,0.0,,0.1,,,,,,0.31802120141342755,0.31802120141342755,0.31802120141342755,,,,,,,,,,,,,,,,,,
1174682,Fabinho,Coritiba,9767,W,RW,bra_a,Brasileirão Série A,268,1000000388,2026,26.0,Brazil,180.0,0.948467,278.0,,1.0,1.0,,0.3237410071942446,1.2,,0.2,,0.29136690647482016,,,,0.6474820143884892,0.6474820143884892,0.3237410071942446,,,,,,,,,,,,,,,,,1.0,
1108614,Gonzalo Tapia,,10277,ST,,bra_a,Brasileirão Série A,268,1000000388,2026,,,,,274.0,,,,,,1.6,,0.2,,0.22992700729927004,,,,0.9854014598540146,0.9854014598540146,,4.0,,,,,,,,,,,,,,,,1.0,
1068532,Heitor,Chapecoense,197693,FB,"RB,RM",bra_a,Brasileirão Série A,268,1000000388,2026,25.0,Brazil,175.0,,274.0,,,1.0,,0.3284671532846715,0.1,,0.1,,,,,,0.9854014598540146,0.9854014598540146,,,,,,,,,,,,,,,,,,,
658563,Carlos Coronel,São Paulo,10277,GK,GK,bra_a,Brasileirão Série A,268,1000000388,2026,29.0,Paraguay,190.0,1.145462,270.0,,,,,,,,0.0,,,,,,,,,,,,,,,,,,,,,,,,,,
1736942,Matheus,Chapecoense,197693,GK,GK,bra_a,Brasileirão Série A,268,1000000388,2026,27.0,Brazil,185.0,,270.0,,,,,,,,0.0,,,,,,,,,,,,,,,,,,,,,,,,,1.0,
1317541,Matheus Felipe,Remo,1626,CB,CB,bra_a,Brasileirão Série A,268,1000000388,2026,27.0,Brazil,184.0,0.604489,270.0,,,,,,,,0.0,,,,,,0.3333333333333333,0.3333333333333333,,,,,,,,,,,,,,,,,,3.0,
1786209,Cauê Santos,RB Bragantino,109705,FB,LB,bra_a,Brasileirão Série A,268,1000000388,2026,19.0,Brazil,,,269.0,,,,,,0.1,,0.0,,,,,,0.3345724907063197,0.3345724907063197,,,,,,,,,,,,,,,,,,1.0,
1248050,Neto Pessôa,,197693,ST,,bra_a,Brasileirão Série A,268,1000000388,2026,,,,,268.0,,2.0,1.0,,0.3358208955223881,1.8,,0.1,,0.47014925373134325,,,,0.6716417910447762,0.6716417910447762,,2.0,,,,,,,,,,,,,,,,1.0,
1843214,Felipe Morais,Cruzeiro,9781,AM,"CAM,LW",bra_a,Brasileirão Série A,268,1000000388,2026,18.0,Brazil,175.0,,264.0,,1.0,,,,2.0,,0.4,,0.5113636363636364,,,,0.6818181818181818,0.6818181818181818,,2.0,,,,,,,,,,,,,,,,2.0,
1642126,Rubens,Chapecoense,197693,W,RW,bra_a,Brasileirão Série A,268,1000000388,2026,23.0,Brazil,,0.587241,263.0,,1.0,,,,0.1,,0.4,,0.13688212927756654,,,,2.053231939163498,2.053231939163498,,,,,,,,,,,,,,,,,,2.0,
160627,Cédric Soares,São Paulo,10277,FB,"RB,RWB,RM",bra_a,Brasileirão Série A,268,1000000388,2026,35.0,Portugal,172.0,0.544921,263.0,,,,,,0.0,,0.2,,,,,,1.026615969581749,1.026615969581749,,,,,,,,,,,,,,,,,,1.0,
775266,Charles,Corinthians,9808,DM,CDM,bra_a,Brasileirão Série A,268,1000000388,2026,30.0,Brazil,187.0,0.84114,261.0,,,,,,,,0.0,,,,,,,,,,,,,,,,,,,,,,,,,1.0,
1247716,Matheus Alexandre,Remo,1626,FB,RB,bra_a,Brasileirão Série A,268,1000000388,2026,27.0,Brazil,188.0,0.884819,256.0,,,,,,0.0,,0.0,,,,,,,,,,,,,,,,,,,,,,,,,1.0,
449684,Alisson,Fluminense,9863,DM,"CDM,CM",bra_a,Brasileirão Série A,268,1000000388,2026,33.0,Brazil,171.0,0.71414,254.0,,,1.0,,0.3543307086614173,0.0,,0.2,,0.0,,,,0.7086614173228346,0.7086614173228346,,,,,,,,,,,,,,,,,,3.0,
394585,Gabriel Pires,,163782,CM,,bra_a,Brasileirão Série A,268,1000000388,2026,,,,,252.0,,,1.0,,0.35714285714285715,0.6,,0.5,,0.17857142857142858,,,,0.7142857142857143,0.7142857142857143,,,,,,,,,,,,,,,,,,1.0,
1927900,Tissi,Coritiba,9767,DM,CDM,bra_a,Brasileirão Série A,268,1000000388,2026,19.0,Brazil,,,252.0,,,,,,0.0,,0.0,,,,,,0.35714285714285715,0.35714285714285715,,,,,,,,,,,,,,,,,,1.0,
309334,Saúl,Flamengo,9770,DM,CDM,bra_a,Brasileirão Série A,268,1000000388,2026,31.0,Spain,184.0,1.101405,246.0,,,1.0,,0.36585365853658536,0.1,,0.4,,,,,,0.7317073170731707,0.7317073170731707,,,,,,,,,,,,,,,,,,,
2096660,Paulo Roberto,Coritiba,9767,GK,,bra_a,Brasileirão Série A,268,1000000388,2026,21.0,Brazil,,,245.0,,2.0,1.0,,0.3673469387755102,0.2,,0.4,,0.22040816326530613,,,,1.836734693877551,1.836734693877551,0.3673469387755102,,,,,,,,,,,,,,,,,2.0,
1347933,Gustavo Caballero,Santos,8514,W,"RW,LW,ST",bra_a,Brasileirão Série A,268,1000000388,2026,25.0,Paraguay,186.0,1.247301,244.0,,,,,,0.4,,0.1,,0.036885245901639344,,,,1.1065573770491803,1.1065573770491803,,1.0,,,,,,,,,,,,,,,,,
1483504,Jefté,Palmeiras,10283,FB,LB,bra_a,Brasileirão Série A,268,1000000388,2026,22.0,Brazil,183.0,5.178012,242.0,,,1.0,,0.371900826446281,0.0,,0.2,,,,,,0.743801652892562,0.743801652892562,,,,,,,,,,,,,,,,,,1.0,
1898791,Djhordney,São Paulo,10277,DM,CDM,bra_a,Brasileirão Série A,268,1000000388,2026,19.0,Brazil,174.0,,241.0,,,,,,0.0,,0.0,,,,,,0.37344398340248963,0.37344398340248963,,,,,,,,,,,,,,,,,,2.0,
1206576,Vinícius Balieiro,Chapecoense,197693,CM,CM,bra_a,Brasileirão Série A,268,1000000388,2026,27.0,Brazil,177.0,0.3058,239.0,,,,,,,,0.0,,,,,,,,,,,,,,,,,,,,,,,,,,
1111937,Lautaro Díaz,,8514,ST,,bra_a,Brasileirão Série A,268,1000000388,2026,,,,,238.0,,1.0,,,,0.5,,0.2,,0.3403361344537815,,,,1.5126050420168067,1.5126050420168067,,1.0,,,,,,,,,,,,,,,,,
660846,Victor Sá,São Paulo,10277,W,LW,bra_a,Brasileirão Série A,268,1000000388,2026,32.0,Brazil,178.0,1.707713,237.0,,,1.0,,0.379746835443038,0.2,,0.1,,0.189873417721519,,,,2.278481012658228,2.278481012658228,,,,,,,,,,,,,,,,,,,
1610952,Pedro Lima,São Paulo,10277,FB,"RB,RWB",bra_a,Brasileirão Série A,268,1000000388,2026,20.0,Brazil,174.0,5.921221,236.0,,,,,,0.3,,0.1,,0.038135593220338986,,,,0.3813559322033898,0.3813559322033898,,1.0,,,,,,,,,,,,,,,,,
1560063,João Costa,Cruzeiro,9781,W,"RW,LWB,RM,LM",bra_a,Brasileirão Série A,268,1000000388,2026,21.0,Portugal,178.0,,235.0,,,,,,0.3,,0.1,,0.15319148936170213,,,,0.7659574468085106,0.7659574468085106,,,,,,,,,,,,,,,,,,,
751198,Nicolás de la Cruz,Flamengo,9770,DM,CDM,bra_a,Brasileirão Série A,268,1000000388,2026,29.0,Uruguay,167.0,6.555338,231.0,,,,,,0.3,,0.4,,,,,,1.5584415584415585,1.5584415584415585,,,,,,,,,,,,,,,,,,3.0,
1503652,Kayke,Corinthians,9808,W,"LW,LM",bra_a,Brasileirão Série A,268,1000000388,2026,22.0,Brazil,,1.183531,231.0,,,,,,0.1,,0.2,,0.0,,,,0.38961038961038963,0.38961038961038963,,,,,,,,,,,,,,,,,,,
1034321,Everton,,163782,W,,bra_a,Brasileirão Série A,268,1000000388,2026,,,,,227.0,,,,,,0.8,,0.3,,0.23788546255506607,,,,1.1894273127753303,1.1894273127753303,,1.0,,,,,,,,,,,,,,,,,
951043,Bruno Duarte,Vasco da Gama,10276,ST,"ST,CAM",bra_a,Brasileirão Série A,268,1000000388,2026,30.0,Brazil,183.0,3.649425,227.0,,1.0,2.0,,0.7929515418502202,0.9,,1.6,,0.3964757709251101,,,,1.1894273127753303,1.1894273127753303,0.7929515418502202,,,,,,,,,,,,,,,,,,
320686,Matheus Dória,,10277,CB,,bra_a,Brasileirão Série A,268,1000000388,2026,,,,,227.0,,1.0,,,,0.3,,0.0,,0.3568281938325991,,,,,,,,,,,,,,,,,,,,,,,1.0,
1035611,Alan Rodríguez,,8702,W,,bra_a,Brasileirão Série A,268,1000000388,2026,,,,,226.0,,,,,,0.3,,0.2,,,,,,0.39823008849557523,0.39823008849557523,,1.0,,,,,,,,,,,,,,,,,
467733,Alex Muralha,Mirassol,163782,GK,GK,bra_a,Brasileirão Série A,268,1000000388,2026,36.0,Brazil,188.0,0.340028,225.0,,,,,,,,0.0,,,,,,,,,,,,,,,,,,,,,,,,,1.0,
193177,Zakaria Labyad,Corinthians,9808,W,LW,bra_a,Brasileirão Série A,268,1000000388,2026,33.0,Morocco,175.0,0.320381,224.0,,1.0,2.0,,0.8035714285714286,0.3,,0.6,,0.16071428571428573,,,,3.6160714285714284,3.6160714285714284,1.2053571428571428,,,,,,,,,,,,,,,,,1.0,
785716,Jovane Cabral,Grêmio,9769,W,"LW,CAM",bra_a,Brasileirão Série A,268,1000000388,2026,28.0,Cabo Verde,174.0,1.004436,224.0,,1.0,1.0,,0.4017857142857143,0.4,,0.4,,0.16071428571428573,,,,2.0089285714285716,2.0089285714285716,,,,,,,,,,,,,,,,,,,
920420,Eduardo Santos,RB Bragantino,109705,CB,CB,bra_a,Brasileirão Série A,268,1000000388,2026,28.0,Brazil,196.0,0.755088,224.0,,,,,,0.0,,0.3,,,,,,0.4017857142857143,0.4017857142857143,,,,,,,,,,,,,,,,,,,
1028126,Jáderson,Remo,1626,W,RW,bra_a,Brasileirão Série A,268,1000000388,2026,26.0,Brazil,171.0,0.78664,221.0,,,,,,0.1,,0.1,,,,,,0.8144796380090498,0.8144796380090498,,,,,,,,,,,,,,,,,,,
450001,Mayke,,8514,FB,,bra_a,Brasileirão Série A,268,1000000388,2026,,,,,220.0,,,,,,0.0,,0.0,,0.0,,,,,,,,,,,,,,,,,,,,,,,1.0,
570432,Danilo,Grêmio,9769,DM,"CDM,CB",bra_a,Brasileirão Série A,268,1000000388,2026,30.0,Brazil,183.0,1.472215,219.0,,,,,,0.2,,0.0,,,,,,0.410958904109589,0.410958904109589,0.410958904109589,,,,,,,,,,,,,,,,,,
1174974,Fabrício,Vitória,7733,ST,ST,bra_a,Brasileirão Série A,268,1000000388,2026,26.0,Brazil,186.0,0.62955,215.0,,,1.0,,0.4186046511627907,0.5,,0.5,,0.16744186046511628,,,,0.4186046511627907,0.4186046511627907,0.4186046511627907,2.0,,,,,,,,,,,,,,,,,
1560035,Chiqueti,Athletico Paranaense,10273,GK,,bra_a,Brasileirão Série A,268,1000000388,2026,21.0,Brazil,169.0,,215.0,,,,,,0.4,,0.1,,0.12558139534883722,,,,1.255813953488372,1.255813953488372,,1.0,,,,,,,,,,,,,,,,1.0,
1516455,Marcelinho,,109705,W,,bra_a,Brasileirão Série A,268,1000000388,2026,,,,,215.0,,,1.0,,0.4186046511627907,0.3,,0.1,,0.04186046511627907,,,,0.8372093023255814,0.8372093023255814,0.4186046511627907,1.0,,,,,,,,,,,,,,,,,
1434853,Kevin Castaño,Atlético-MG,10272,DM,"CDM,CM",bra_a,Brasileirão Série A,268,1000000388,2026,26.0,Colombia,177.0,5.101356,214.0,,,,,,0.1,,0.2,,0.0,,,,0.4205607476635514,0.4205607476635514,,,,,,,,,,,,,,,,,,2.0,
1372179,Wesley,Cruzeiro,9781,W,"RM,LW,RW",bra_a,Brasileirão Série A,268,1000000388,2026,21.0,Brazil,181.0,,214.0,,1.0,,,,0.3,,0.2,,0.16822429906542055,,,,0.4205607476635514,0.4205607476635514,,,,,,,,,,,,,,,,,,2.0,
1997436,Gustavo Santana,São Paulo,10277,AM,CAM,bra_a,Brasileirão Série A,268,1000000388,2026,21.0,Brazil,183.0,,204.0,,1.0,,,,0.8,,0.0,,0.6617647058823529,,,,,,,2.0,,,,,,,,,,,,,,,,,
1784621,Kauê Furquim,Bahia,7877,W,RM,bra_a,Brasileirão Série A,268,1000000388,2026,17.0,Brazil,177.0,,202.0,,,,,,0.0,,0.4,,0.0,,,,1.3366336633663367,1.3366336633663367,,,,,,,,,,,,,,,,,,1.0,
1043436,Sávio,,1626,FB,,bra_a,Brasileirão Série A,268,1000000388,2026,,,,,201.0,,,,,,0.0,,0.0,,,,,,0.44776119402985076,0.44776119402985076,,,,,,,,,,,,,,,,,,,
581723,Kevin Ramírez,Chapecoense,197693,W,"RW,ST",bra_a,Brasileirão Série A,268,1000000388,2026,32.0,Uruguay,180.0,0.320409,200.0,,,1.0,,0.45,1.1,,0.6,,0.09,,,,0.9,0.9,0.9,2.0,,,,,,,,,,,,,,,,,
538540,Walace,Vitória,7733,DM,CDM,bra_a,Brasileirão Série A,268,1000000388,2026,31.0,Brazil,188.0,1.689056,196.0,,,,,,0.1,,0.2,,0.04591836734693878,,,,0.9183673469387755,0.9183673469387755,0.45918367346938777,,,,,,,,,,,,,,,,,,
1696054,David,Chapecoense,197693,DM,CDM,bra_a,Brasileirão Série A,268,1000000388,2026,21.0,Brazil,170.0,0.704552,188.0,,,,,,0.1,,0.0,,,,,,0.4787234042553192,0.4787234042553192,,,,,,,,,,,,,,,,,,,
1476480,Renato Marques,Coritiba,9767,ST,ST,bra_a,Brasileirão Série A,268,1000000388,2026,22.0,Brazil,180.0,1.307344,187.0,,,,,,0.3,,0.0,,0.0481283422459893,,,,0.9625668449197861,0.9625668449197861,,,,,,,,,,,,,,,,,,,1.0
1165259,Fabiano Souza,Vitória,7733,FB,"RB,RWB",bra_a,Brasileirão Série A,268,1000000388,2026,26.0,Brazil,175.0,1.14453,186.0,,,,,,0.0,,0.0,,,,,,,,,,,,,,,,,,,,,,,,,1.0,
923766,Chico,,9781,ST,,bra_a,Brasileirão Série A,268,1000000388,2026,,,,,185.0,,,1.0,,0.4864864864864865,0.2,,0.1,,0.14594594594594595,,,,1.4594594594594594,1.4594594594594594,0.4864864864864865,,,,,,,,,,,,,,,,,,
950835,Fernando Sobral,,9767,DM,,bra_a,Brasileirão Série A,268,1000000388,2026,,,,,183.0,,,,,,,,0.0,,,,,,0.4918032786885246,0.4918032786885246,,,,,,,,,,,,,,,,,,,
1355636,Arthur Chaves,Botafogo,8517,CB,CB,bra_a,Brasileirão Série A,268,1000000388,2026,25.0,Brazil,188.0,5.207706,180.0,,,,,,0.1,,0.0,,,,,,,,,,,,,,,,,,,,,,,,,,
1793913,Luis Eduardo,Grêmio,9769,CB,CB,bra_a,Brasileirão Série A,268,1000000388,2026,18.0,Brazil,188.0,,180.0,,,,,,,,0.0,,,,,,,,,,,,,,,,,,,,,,,,,,
268225,Thomazella,Mirassol,163782,GK,GK,bra_a,Brasileirão Série A,268,1000000388,2026,36.0,Brazil,191.0,,180.0,,,,,,,,0.0,,,,,,,,,,,,,,,,,,,,,,,,,,
319631,Joaquín Correa,,8517,AM,,bra_a,Brasileirão Série A,268,1000000388,2026,,,,,178.0,,,1.0,,0.5056179775280899,0.3,,0.2,,,,,,1.0112359550561798,1.0112359550561798,,1.0,,,,,,,,,,,,,,,,3.0,
750063,Neris,,7733,CB,,bra_a,Brasileirão Série A,268,1000000388,2026,,,,,178.0,,,,,,,,0.0,,,,,,1.0112359550561798,1.0112359550561798,,,,,,,,,,,,,,,,,,,
981302,Poveda,Remo,1626,ST,ST,bra_a,Brasileirão Série A,268,1000000388,2026,28.0,Brazil,183.0,0.413562,176.0,,,,,,0.1,0.06,0.1,0.03,0.0,1.0,0.5,14.8,0.5113636363636364,0.5113636363636364,,,1.0,2.0,3.6,1.0,1.0,1.5,,2.6,,,,,,,2.6,,1.0
777038,Tabata,,8702,AM,,bra_a,Brasileirão Série A,268,1000000388,2026,,,,,174.0,,,,,,1.0,,0.2,,0.10344827586206896,,,,1.5517241379310345,1.5517241379310345,0.5172413793103449,1.0,,,,,,,,,,,,,,,,,
591315,Igor Rabello,Fluminense,9863,CB,CB,bra_a,Brasileirão Série A,268,1000000388,2026,31.0,Brazil,190.0,1.1172,172.0,,,,,,0.0,,0.1,,,,,,1.0465116279069768,1.0465116279069768,,,,,,,,,,,,,,,,,,,
1559692,Júlio Fidelis,Fluminense,9863,FB,RB,bra_a,Brasileirão Série A,268,1000000388,2026,19.0,Brazil,179.0,0.718256,171.0,,,,,,0.0,,0.0,,,,,,,,,,,,,,,,,,,,,,,,,1.0,
1132940,Thiago Borbas,Atlético-MG,10272,ST,ST,bra_a,Brasileirão Série A,268,1000000388,2026,24.0,Uruguay,186.0,4.206529,170.0,,1.0,1.0,,0.5294117647058824,0.4,,0.1,,0.4764705882352941,,,,2.1176470588235294,2.1176470588235294,,,,,,,,,,,,,,,,,,,
1461818,Dudu,Vitória,7733,CM,CM,bra_a,Brasileirão Série A,268,1000000388,2026,27.0,Brazil,186.0,,169.0,,1.0,,,,0.3,,0.1,,0.37278106508875736,,,,1.5976331360946745,1.5976331360946745,,,,,,,,,,,,,,,,,,,
1950789,Ramon Rique,Vasco da Gama,10276,AM,"CAM,CM,CDM",bra_a,Brasileirão Série A,268,1000000388,2026,19.0,Brazil,180.0,1.412807,165.0,,1.0,2.0,,1.0909090909090908,0.4,,0.5,,0.7090909090909091,,,,3.8181818181818183,3.8181818181818183,0.5454545454545454,,,,,,,,,,,,,,,,,,
319796,Zé Rafael,,8514,CM,,bra_a,Brasileirão Série A,268,1000000388,2026,,,,,165.0,,1.0,1.0,,0.5454545454545454,0.7,,0.1,,0.21818181818181817,,,,1.6363636363636365,1.6363636363636365,0.5454545454545454,,,,,,,,,,,,,,,,,1.0,
171929,Marcos Rocha,Grêmio,9769,FB,RB,bra_a,Brasileirão Série A,268,1000000388,2026,37.0,Brazil,176.0,0.277779,163.0,,,,,,0.1,,0.1,,,,,,1.1042944785276074,1.1042944785276074,,,,,,,,,,,,,,,,,,,
1580773,Luighi,,10283,ST,,bra_a,Brasileirão Série A,268,1000000388,2026,,,,,159.0,,,,,,0.4,,0.0,,0.16981132075471697,,,,,,,1.0,,,,,,,,,,,,,,,,2.0,
1611193,Miguel Carvalho,Chapecoense,197693,AM,"CAM,CM",bra_a,Brasileirão Série A,268,1000000388,2026,21.0,Spain,173.0,,159.0,,,,,,0.3,,0.1,,0.22641509433962265,,,,1.6981132075471699,1.6981132075471699,,2.0,,,,,,,,,,,,,,,,,
927070,Zé Marcos,,7733,CB,,bra_a,Brasileirão Série A,268,1000000388,2026,,,,,159.0,,,,,,,,0.0,,,,,,,,,,,,,,,,,,,,,,,,,1.0,
1227357,Diego Hernández,,1626,AM,,bra_a,Brasileirão Série A,268,1000000388,2026,,,,,157.0,,,1.0,,0.5732484076433121,0.2,,0.4,,0.34394904458598724,,,,4.012738853503185,4.012738853503185,0.5732484076433121,1.0,,,,,,,,,,,,,,,,1.0,
1342579,Alan Lescano,Vasco da Gama,10276,CM,"CM,CAM,RW,RM",bra_a,Brasileirão Série A,268,1000000388,2026,24.0,Argentina,182.0,8.468881,153.0,,2.0,,,,1.5,,0.9,,1.0,,,,3.5294117647058822,3.5294117647058822,0.5882352941176471,,,,,,,,,,,,,,,,,,
543804,Jair,Vasco da Gama,10276,DM,CDM,bra_a,Brasileirão Série A,268,1000000388,2026,32.0,Brazil,178.0,0.391602,150.0,,,,,,0.3,,0.1,,,,,,,,,,,,,,,,,,,,,,,,,,
857176,Paulinho,Palmeiras,10283,ST,ST,bra_a,Brasileirão Série A,268,1000000388,2026,26.0,Brazil,177.0,10.2809,144.0,,2.0,,,,0.8,,0.2,,0.5625,,,,0.625,0.625,,1.0,,,,,,,,,,,,,,,,1.0,
113616,Germán Cano,Fluminense,9863,ST,ST,bra_a,Brasileirão Série A,268,1000000388,2026,38.0,Argentina,177.0,0.364193,137.0,,1.0,,,,1.6,,0.0,,1.445255474452555,,,,1.313868613138686,1.313868613138686,0.656934306569343,1.0,,,,,,,,,,,,,,,,,
1176041,Ronald,,7733,CM,,bra_a,Brasileirão Série A,268,1000000388,2026,,,,,136.0,,,,,,0.2,,0.4,,,,,,1.3235294117647058,1.3235294117647058,0.6617647058823529,,,,,,,,,,,,,,,,,1.0,
979414,Bruno Tubarão,Chapecoense,197693,FB,"RB,RWB",bra_a,Brasileirão Série A,268,1000000388,2026,31.0,Brazil,180.0,,135.0,,,,,,0.0,,0.0,,0.0,,,,,,,,,,,,,,,,,,,,,,,1.0,
1946522,Iago Machado,Corinthians,9808,CB,CB,bra_a,Brasileirão Série A,268,1000000388,2026,17.0,Brazil,,,135.0,,,,,,,,0.0,,,,,,,,,,,,,,,,,,,,,,,,,,
1385140,Renan,Athletico Paranaense,10273,ST,ST,bra_a,Brasileirão Série A,268,1000000388,2026,26.0,Brazil,185.0,1.254255,133.0,,,,,,0.2,,0.1,,0.06766917293233082,,,,1.3533834586466165,1.3533834586466165,0.6766917293233082,1.0,,,,,,,,,,,,,,,,,
1456400,Franco Rossi,Chapecoense,197693,ST,ST,bra_a,Brasileirão Série A,268,1000000388,2026,24.0,Uruguay,180.0,1.121284,133.0,,,,,,0.5,,0.0,,0.5413533834586466,,,,0.6766917293233082,0.6766917293233082,,,,,,,,,,,,,,,,,,,
520530,Renzo López,,7733,ST,,bra_a,Brasileirão Série A,268,1000000388,2026,,,,,129.0,,,,,,0.1,,0.1,,,,,,1.3953488372093024,1.3953488372093024,,,,,,,,,,,,,,,,,,,
1235079,Max,Chapecoense,197693,W,"LM,CM,CAM",bra_a,Brasileirão Série A,268,1000000388,2026,25.0,Brazil,175.0,0.727448,128.0,,,,,,,,0.0,,,,,,,,,,,,,,,,,,,,,,,,,,
360559,Hakim Ziyech,Botafogo,8517,W,"RW,CAM",bra_a,Brasileirão Série A,268,1000000388,2026,33.0,Morocco,180.0,1.241921,125.0,,,,,,0.2,,0.4,,0.072,,,,3.6,3.6,0.72,,,,,,,,,,,,,,,,,,
566112,Keno,Coritiba,9767,W,LW,bra_a,Brasileirão Série A,268,1000000388,2026,37.0,Brazil,179.0,0.300403,124.0,,,,,,0.7,,0.0,,0.0,,,,0.7258064516129032,0.7258064516129032,,1.0,,,,,,,,,,,,,,,,,
1764024,Lucas Taverna,Coritiba,9767,FB,RB,bra_a,Brasileirão Série A,268,1000000388,2026,19.0,Brazil,175.0,,123.0,,,,,,0.0,,0.0,,,,,,,,,,,,,,,,,,,,,,,,,1.0,
1435445,Lorran,,9770,W,,bra_a,Brasileirão Série A,268,1000000388,2026,,,,,119.0,,1.0,,,,1.0,,0.2,,0.907563025210084,,,,1.5126050420168067,1.5126050420168067,,2.0,,,,,,,,,,,,,,,,,
798148,Fabricio Bustos,Coritiba,9767,FB,RB,bra_a,Brasileirão Série A,268,1000000388,2026,30.0,Argentina,167.0,1.10362,119.0,,,,,,0.1,,0.0,,,,,,,,,,,,,,,,,,,,,,,,,,
950599,Nicolás Fonseca,Coritiba,9767,DM,"CDM,CM",bra_a,Brasileirão Série A,268,1000000388,2026,27.0,Uruguay,181.0,2.080744,119.0,,,,,,,,0.0,,,,,,,,,,,,,,,,,,,,,,,,,1.0,
1281562,Claudinho,,7733,FB,,bra_a,Brasileirão Série A,268,1000000388,2026,,,,,116.0,,,,,,,,0.0,,,,,,0.7758620689655172,0.7758620689655172,0.7758620689655172,,,,,,,,,,,,,,,,,,
1201330,Caio Roque,,8517,FB,,bra_a,Brasileirão Série A,268,1000000388,2026,,,,,113.0,,,,,,0.0,,0.6,,,,,,3.185840707964602,3.185840707964602,0.7964601769911505,,,,,,,,,,,,,,,,,,
1744830,Lucca Marques,São Paulo,10277,W,"LW,RW",bra_a,Brasileirão Série A,268,1000000388,2026,19.0,Brazil,172.0,,112.0,,,,,,0.2,,0.9,,,,,,2.4107142857142856,2.4107142857142856,1.6071428571428572,1.0,,,,,,,,,,,,,,,,,
2087558,Lucas Emanuel,Botafogo,8517,ST,ST,bra_a,Brasileirão Série A,268,1000000388,2026,17.0,Brazil,185.0,,107.0,,1.0,,,,0.9,,0.0,,0.5046728971962616,,,,0.8411214953271028,0.8411214953271028,,1.0,,,,,,,,,,,,,,,,,
850353,Elias,Mirassol,163782,FB,RB,bra_a,Brasileirão Série A,268,1000000388,2026,27.0,Brazil,181.0,0.349365,104.0,,,,,,,,0.0,,,,,,1.7307692307692308,1.7307692307692308,,,,,,,,,,,,,,,,,,1.0,
1459652,André,,9769,ST,,bra_a,Brasileirão Série A,268,1000000388,2026,,,,,103.0,,,,,,1.4,,0.1,,0.6990291262135923,,,,0.8737864077669902,0.8737864077669902,,3.0,,,,,,,,,,,,,,,,3.0,
676470,Léo,Athletico Paranaense,10273,CB,CB,bra_a,Brasileirão Série A,268,1000000388,2026,30.0,Brazil,183.0,0.930118,100.0,,,,,,,,0.0,,,,,,0.9,0.9,,,,,,,,,,,,,,,,,,,
1285291,Luciano Rodríguez,Cruzeiro,9781,ST,"ST,LM,LW,RW",bra_a,Brasileirão Série A,268,1000000388,2026,23.0,Uruguay,179.0,11.452115,99.0,,,2.0,,1.8181818181818181,0.2,,0.9,,0.0,,,,2.727272727272727,2.727272727272727,0.9090909090909091,,,,,,,,,,,,,,,,,1.0,
1898760,Tetê,São Paulo,10277,GK,,bra_a,Brasileirão Série A,268,1000000388,2026,19.0,Brazil,172.0,,98.0,,,,,,,,0.0,,,,,,,,,,,,,,,,,,,,,,,,,1.0,
1754229,Bernardo Zortea,Grêmio,9769,DM,CDM,bra_a,Brasileirão Série A,268,1000000388,2026,19.0,Brazil,184.0,,95.0,,,,,,0.1,,0.0,,,,,,1.894736842105263,1.894736842105263,,,,,,,,,,,,,,,,,,,
671606,Lima,Santos,8514,AM,CAM,bra_a,Brasileirão Série A,268,1000000388,2026,30.0,Brazil,181.0,1.42719,93.0,,,,,,,,0.0,,,,,,,,,,,,,,,,,,,,,,,,,1.0,
1224887,Lucas Freitas,Vasco da Gama,10276,CB,CB,bra_a,Brasileirão Série A,268,1000000388,2026,25.0,Brazil,184.0,1.094322,93.0,,1.0,,,,1.0,,0.0,,0.967741935483871,,,,0.967741935483871,0.967741935483871,,,,,,,,,,,,,,,,,,,
535896,João Paulo,Santos,8514,GK,GK,bra_a,Brasileirão Série A,268,1000000388,2026,31.0,Brazil,188.0,1.402837,92.0,,,,,,,,0.0,,,,,,,,,,,,,,,,,,,,,,,,,2.0,
950919,Luan Silva,,10277,DM,,bra_a,Brasileirão Série A,268,1000000388,2026,,,,,90.0,,,,,,0.0,,0.1,,,,,,1.0,1.0,,,,,,,,,,,,,,,,,,1.0,
1800650,Pedro Ferreira,São Paulo,10277,GK,,bra_a,Brasileirão Série A,268,1000000388,2026,19.0,Brazil,175.0,,90.0,,,,,,0.2,,0.0,,0.1,,,,,,,,,,,,,,,,,,,,,,,,
1033147,Riccieli,Vitória,7733,CB,CB,bra_a,Brasileirão Série A,268,1000000388,2026,28.0,Brazil,184.0,0.88804,90.0,,,,,,0.0,,0.0,,,,,,,,,,,,,,,,,,,,,,,,,,
887666,Alexis Duarte,,8514,CB,,bra_a,Brasileirão Série A,268,1000000388,2026,,,,,90.0,,,,,,,,0.0,,,,,,,,,,,,,,,,,,,,,,,,,1.0,
1248663,Gabriel Grando,Grêmio,9769,GK,GK,bra_a,Brasileirão Série A,268,1000000388,2026,26.0,Brazil,192.0,1.286284,90.0,,,,,,,,0.0,,,,,,,,,,,,,,,,,,,,,,,,,,
1927896,Ivan,Remo,1626,GK,GK,bra_a,Brasileirão Série A,268,1000000388,2026,29.0,Brazil,192.0,,90.0,,,,,,,,0.0,,,,,,,,,,,,,,,,,,,1.0,,,,,,,
1210064,Léo Linck,,8517,GK,,bra_a,Brasileirão Série A,268,1000000388,2026,,,,,90.0,,,,,,,,0.0,,,,,,,,,,,,,,,,,,,,,,,,,,
122023,Marcelo Lomba,Palmeiras,10283,GK,GK,bra_a,Brasileirão Série A,268,1000000388,2026,39.0,Brazil,189.0,0.325654,90.0,,,,,,,,0.0,,,,,,,,,,,,,,,,,,,1.0,,,,,,,
1799734,Luis Pacheco,Palmeiras,10283,DM,"CDM,LB",bra_a,Brasileirão Série A,268,1000000388,2026,18.0,Brazil,181.0,1.069565,89.0,,,,,,0.0,,0.0,,,,,,1.0112359550561798,1.0112359550561798,,,,,,,,,,,,,,,,,,2.0,
474448,Antonio Sanabria,Internacional,8702,ST,ST,bra_a,Brasileirão Série A,268,1000000388,2026,30.0,Paraguay,180.0,2.158954,83.0,,,,,,0.1,,0.0,,,,,,1.0843373493975903,1.0843373493975903,,,,,,,,,,,,,,,,,,,
1658902,Diogo Riquelme,Athletico Paranaense,10273,CB,CB,bra_a,Brasileirão Série A,268,1000000388,2026,21.0,Brazil,181.0,,81.0,,,,,,0.0,,0.0,,0.0,,,,1.1111111111111112,1.1111111111111112,,,,,,,,,,,,,,,,,,1.0,
1946081,Jotavve Fonseca,Vasco da Gama,10276,FB,RB,bra_a,Brasileirão Série A,268,1000000388,2026,21.0,Brazil,170.0,,80.0,,,,,,,,0.1,,,,,,2.25,2.25,,,,,,,,,,,,,,,,,,,
1255210,Marquinhos,Cruzeiro,9781,W,RW,bra_a,Brasileirão Série A,268,1000000388,2026,23.0,Brazil,175.0,2.044986,80.0,,,,,,,,0.0,,,,,,1.125,1.125,1.125,,,,,,,,,,,,,,,,,,
1697411,Riquelme,Fluminense,9863,W,RW,bra_a,Brasileirão Série A,268,1000000388,2026,19.0,Brazil,175.0,,78.0,,,1.0,,1.1538461538461537,0.0,,0.8,,,,,,2.3076923076923075,2.3076923076923075,2.3076923076923075,,,,,,,,,,,,,,,,,1.0,
1482047,Nathan Fernandes,,8517,W,,bra_a,Brasileirão Série A,268,1000000388,2026,,,,,78.0,,,1.0,,1.1538461538461537,0.0,,0.2,,,,,,1.1538461538461537,1.1538461538461537,,,,,,,,,,,,,,,,,,,
1436124,Alex Bruno,Vitória,7733,ST,ST,bra_a,Brasileirão Série A,268,1000000388,2026,27.0,Brazil,189.0,0.583058,76.0,,,,,,0.1,,0.0,,0.23684210526315788,,,,,,,1.0,,,,,,,,,,,,,,,,,
1699022,Ryan Francisco,São Paulo,10277,W,LW,bra_a,Brasileirão Série A,268,1000000388,2026,19.0,Brazil,171.0,6.67206,76.0,,,,,,0.2,,0.1,,,,,,1.1842105263157894,1.1842105263157894,,,,,,,,,,,,,,,,,,,
1634626,Thiago Beltrame,Grêmio,9769,GK,GK,bra_a,Brasileirão Série A,268,1000000388,2026,23.0,Brazil,203.0,,75.0,,,,,,,,0.0,,,,,,,,,,,,,,,,,,,,,,,,,,1.0
1790209,Dell,Bahia,7877,ST,ST,bra_a,Brasileirão Série A,268,1000000388,2026,18.0,Brazil,174.0,6.168311,71.0,,,,,,0.2,,0.0,,0.0,,,,,,,,,,,,,,,,,,,,,,,,1.0
767716,Aurélio Buta,São Paulo,10277,FB,"RB,RM",bra_a,Brasileirão Série A,268,1000000388,2026,29.0,Portugal,172.0,1.151258,71.0,,,,,,,,0.0,,,,,,,,,,,,,,,,,,,,,,,,,,
802579,Dudu,Chapecoense,197693,FB,RB,bra_a,Brasileirão Série A,268,1000000388,2026,29.0,Brazil,173.0,0.19695,71.0,,,1.0,,1.267605633802817,0.2,,0.4,,,,,,2.535211267605634,2.535211267605634,1.267605633802817,,,,,,,,,,,,,,,,,,
1086044,Edu,Vitória,7733,CB,CB,bra_a,Brasileirão Série A,268,1000000388,2026,26.0,Brazil,185.0,1.16463,71.0,,,,,,,,0.0,,,,,,,,,,,,,,,,,,,,,,,,,,
1580960,João Victor,Flamengo,9770,CB,CB,bra_a,Brasileirão Série A,268,1000000388,2026,19.0,Brazil,187.0,,71.0,,,,,,,,0.0,,,,,,,,,,,,,,,,,,,,,,,,,,
1031130,Lucas Silva,Vitória,7733,W,LM,bra_a,Brasileirão Série A,268,1000000388,2026,27.0,Brazil,184.0,0.343468,70.0,,,,,,0.9,,0.1,,1.1571428571428573,,,,3.857142857142857,3.857142857142857,,3.0,,,,,,,,,,,,,,,,1.0,
1604114,Jorge Rivaldo,Athletico Paranaense,10273,ST,ST,bra_a,Brasileirão Série A,268,1000000388,2026,23.0,Colombia,,1.183879,70.0,,1.0,,,,0.3,,0.1,,1.1571428571428573,,,,1.2857142857142858,1.2857142857142858,1.2857142857142858,,,,,,,,,,,,,,,,,1.0,
1900654,Anderson Pato,Vitória,7733,GK,,bra_a,Brasileirão Série A,268,1000000388,2026,24.0,Brazil,178.0,,70.0,,,,,,0.2,,0.0,,0.0,,,,2.5714285714285716,2.5714285714285716,,1.0,,,,,,,,,,,,,,,,1.0,
1085975,Rodrigo Rodrigues,Coritiba,9767,ST,ST,bra_a,Brasileirão Série A,268,1000000388,2026,30.0,Brazil,189.0,0.323407,70.0,,,,,,0.1,,0.0,,,,,,,,,,,,,,,,,,,,,,,,,,
1244631,Kayky,Internacional,8702,W,LW,bra_a,Brasileirão Série A,268,1000000388,2026,23.0,Brazil,175.0,6.212208,69.0,,,,,,0.4,,0.1,,0.391304347826087,,,,1.3043478260869565,1.3043478260869565,,,,,,,,,,,,,,,,,,,
1130746,Dylan Borrero,Chapecoense,197693,W,RM,bra_a,Brasileirão Série A,268,1000000388,2026,24.0,Colombia,180.0,1.059333,69.0,,,,,,,,0.0,,,,,,,,,,,,,,,,,,,,,,,,,,
750056,Léo Duarte,Atlético-MG,10272,CB,CB,bra_a,Brasileirão Série A,268,1000000388,2026,30.0,Brazil,183.0,1.837624,67.0,,,,,,,,0.0,,,,,,,,,,,,,,,,,,,,,,,,,,
1664247,Larson,Palmeiras,10283,DM,CDM,bra_a,Brasileirão Série A,268,1000000388,2026,21.0,Brazil,183.0,,66.0,,,,,,0.4,,0.0,,0.13636363636363635,,,,,,,,,,,,,,,,,,,,,,,1.0,
1209100,Vanderlan,RB Bragantino,109705,FB,LB,bra_a,Brasileirão Série A,268,1000000388,2026,24.0,Brazil,183.0,3.927313,64.0,,,,,,0.0,,0.0,,,,,,,,,,,,,,,,,,,,,,,,,1.0,
1460459,Eduardo Melo,Remo,1626,ST,ST,bra_a,Brasileirão Série A,268,1000000388,2026,25.0,Brazil,186.0,0.404229,63.0,,,,,,0.6,,0.0,,0.14285714285714285,,,,1.4285714285714286,1.4285714285714286,,1.0,,,,,,,,,,,,,,,,,
1316124,Matheus França,,10276,W,,bra_a,Brasileirão Série A,268,1000000388,2026,,,,,62.0,,,,,,0.1,,0.0,,,,,,,,,,,,,,,,,,,,,,,,,,
1664487,Riquelme Fillipi,,10283,W,,bra_a,Brasileirão Série A,268,1000000388,2026,,,,,62.0,,,,,,0.0,,0.0,,0.0,,,,,,,,,,,,,,,,,,,,,,,,
1090238,Gabriel Pec,Cruzeiro,9781,W,"RW,CAM",bra_a,Brasileirão Série A,268,1000000388,2026,25.0,Brazil,173.0,8.245071,62.0,,,,,,0.5,,0.0,,0.5806451612903226,,,,,,,1.0,,,,,,,,,,,,,,,,,
1174300,Calebe,Internacional,8702,W,"RM,RW",bra_a,Brasileirão Série A,268,1000000388,2026,26.0,Brazil,173.0,1.451582,61.0,,,,,,0.0,,0.1,,,,,,1.4754098360655739,1.4754098360655739,1.4754098360655739,,,,,,,,,,,,,,,,,,
1931729,Vinicius,Chapecoense,197693,GK,,bra_a,Brasileirão Série A,268,1000000388,2026,21.0,Brazil,,,61.0,,,,,,,,0.0,,,,,,,,,,,,,,,,,,,,,,,,,1.0,
118421,Gustavo,Coritiba,9767,CM,CM,bra_a,Brasileirão Série A,268,1000000388,2026,24.0,Brazil,178.0,0.654232,58.0,,,,,,0.4,,0.0,,,,,,,,,1.0,,,,,,,,,,,,,,,,,
1634629,Riquelme,Grêmio,9769,CM,CM,bra_a,Brasileirão Série A,268,1000000388,2026,20.0,Brazil,177.0,1.984608,50.0,,,,,,,,0.0,,,,,,,,,,,,,,,,,,,,,,,,,,1.0
1980894,Luiz Felipe,Internacional,8702,FB,LB,bra_a,Brasileirão Série A,268,1000000388,2026,20.0,Brazil,184.0,,49.0,,,,,,,,0.1,,,,,,1.836734693877551,1.836734693877551,,,,,,,,,,,,,,,,,,,
759276,Rodrigues,,163782,CB,,bra_a,Brasileirão Série A,268,1000000388,2026,,,,,49.0,,,,,,,,0.1,,,,,,,,,,,,,,,,,,,,,,,,,,
1474276,Jhoan Hernández,Botafogo,8517,FB,LB,bra_a,Brasileirão Série A,268,1000000388,2026,20.0,Colombia,179.0,,49.0,,,,,,,,0.0,,,,,,,,,,,,,,,,,,,,,,,,,,
793033,João Basso,,8514,CB,,bra_a,Brasileirão Série A,268,1000000388,2026,,,,,47.0,,,,,,0.1,,0.0,,,,,,,,,,,,,,,,,,,,,,,,,,
1958443,Samuel Mendes,Santos,8514,GK,,bra_a,Brasileirão Série A,268,1000000388,2026,18.0,Brazil,,,47.0,,,,,,0.0,,0.0,,,,,,1.9148936170212767,1.9148936170212767,,,,,,,,,,,,,,,,,,,
1784631,Robinho Júnior,,8514,W,,bra_a,Brasileirão Série A,268,1000000388,2026,,,,,46.0,,,,,,0.4,,0.0,,,,,,,,,1.0,,,,,,,,,,,,,,,,,
1028612,Giovanni Pavani,,1626,DM,,bra_a,Brasileirão Série A,268,1000000388,2026,,,,,46.0,,,,,,0.0,,0.0,,,,,,1.9565217391304348,1.9565217391304348,,,,,,,,,,,,,,,,,,,
1653801,Patrick,RB Bragantino,109705,DM,CDM,bra_a,Brasileirão Série A,268,1000000388,2026,22.0,Brazil,187.0,1.552907,45.0,,,,,,0.0,,0.0,,,,,,,,,,,,,,,,,,,,,,,,,,
1933452,Rafael Gonzaga,Santos,8514,FB,LB,bra_a,Brasileirão Série A,268,1000000388,2026,18.0,Brazil,181.0,,45.0,,,,,,,,0.2,,,,,,4.0,4.0,,,,,,,,,,,,,,,,,,,
882625,Richard,Coritiba,9767,DM,CDM,bra_a,Brasileirão Série A,268,1000000388,2026,32.0,Brazil,191.0,0.282408,45.0,,,,,,0.0,,0.0,,,,,,,,,,,,,,,,,,,,,,,,,,
1513360,Ythallo,,8517,CB,,bra_a,Brasileirão Série A,268,1000000388,2026,,,,,45.0,,,,,,,,0.0,,,,,,,,,,,,,,,,,,,,,,,,,1.0,
891678,Paulinho,Botafogo,8517,FB,"LWB,LM",bra_a,Brasileirão Série A,268,1000000388,2026,31.0,Brazil,178.0,0.517012,43.0,,,,,,0.0,,0.3,,,,,,4.186046511627907,4.186046511627907,2.0930232558139537,,,,,,,,,,,,,,,,,,
1997442,Davizinho,Santos,8514,FB,RB,bra_a,Brasileirão Série A,268,1000000388,2026,18.0,Brazil,,,41.0,,,,,,,,0.1,,,,,,2.1951219512195124,2.1951219512195124,,,,,,,,,,,,,,,,,,,
1436239,Rodrigo Gelado,Coritiba,9767,FB,LB,bra_a,Brasileirão Série A,268,1000000388,2026,23.0,Brazil,182.0,0.436937,41.0,,,,,,,,0.0,,,,,,,,,,,,,,,,,,,,,,,,,,
1463337,Isaac,,10273,W,,bra_a,Brasileirão Série A,268,1000000388,2026,,,,,40.0,,,,,,,,0.0,,,,,,,,,,,,,,,,,,,,,,,,,,
1928510,Cauã Soares,Atlético-MG,10272,ST,ST,bra_a,Brasileirão Série A,268,1000000388,2026,18.0,Brazil,183.0,1.134857,39.0,,,,,,0.3,,0.0,,1.3846153846153846,,,,,,,,,,,,,,,,,,,,,,,,
1748487,Avellar,Vasco da Gama,10276,W,LM,bra_a,Brasileirão Série A,268,1000000388,2026,20.0,Brazil,,,37.0,,,,,,0.1,,0.0,,0.4864864864864865,,,,,,,,,,,,,,,,,,,,,,,,
950286,Brian Ocampo,Coritiba,9767,W,"LM,LW",bra_a,Brasileirão Série A,268,1000000388,2026,27.0,Uruguay,173.0,0.986827,35.0,,,,,,0.1,,0.0,,,,,,2.5714285714285716,2.5714285714285716,,,,,,,,,,,,,,,,,,,
849501,Igor Cariús,,163782,FB,,bra_a,Brasileirão Série A,268,1000000388,2026,,,,,35.0,,,,,,,,0.0,,,,,,2.5714285714285716,2.5714285714285716,,,,,,,,,,,,,,,,,,,
1637671,JP,,10276,DM,,bra_a,Brasileirão Série A,268,1000000388,2026,,,,,33.0,,,,,,0.0,,0.0,,,,,,2.727272727272727,2.727272727272727,,,,,,,,,,,,,,,,,,,
840184,Matías Viña,Cruzeiro,9781,FB,LB,bra_a,Brasileirão Série A,268,1000000388,2026,28.0,Uruguay,180.0,1.819542,32.0,,,,,,,,0.0,,,,,,,,,,,,,,,,,,,,,,,,,,
1664010,Ruan Pablo,Bahia,7877,W,RW,bra_a,Brasileirão Série A,268,1000000388,2026,18.0,Brazil,183.0,6.535,31.0,,,,,,0.1,,0.0,,,,,,2.903225806451613,2.903225806451613,,,,,,,,,,,,,,,,,,,
1888863,Roger,Grêmio,9769,W,RW,bra_a,Brasileirão Série A,268,1000000388,2026,18.0,Brazil,,,31.0,,,,,,0.0,,0.2,,0.0,,,,2.903225806451613,2.903225806451613,2.903225806451613,,,,,,,,,,,,,,,,,,
684991,Braian Cufré,,1626,FB,,bra_a,Brasileirão Série A,268,1000000388,2026,,,,,31.0,,,,,,,,0.0,,,,,,2.903225806451613,2.903225806451613,,,,,,,,,,,,,,,,,,,
1955175,Vitor Ribeiro,Grêmio,9769,GK,,bra_a,Brasileirão Série A,268,1000000388,2026,18.0,Brazil,180.0,,31.0,,,,,,,,0.0,,,,,,,,,,,,,,,,,,,,,,,,,1.0,
1826072,Heittor,,10283,W,,bra_a,Brasileirão Série A,268,1000000388,2026,,,,,29.0,,,,,,0.0,,0.0,,,,,,3.103448275862069,3.103448275862069,3.103448275862069,,,,,,,,,,,,,,,,,,
438825,Niclas Eliasson,Internacional,8702,W,RW,bra_a,Brasileirão Série A,268,1000000388,2026,30.0,Sweden,176.0,1.765863,27.0,,,,,,0.0,,0.0,,,,,,3.3333333333333335,3.3333333333333335,,,,,,,,,,,,,,,,,,,
1664006,Breno,,7733,GK,,bra_a,Brasileirão Série A,268,1000000388,2026,,,,,27.0,,,,,,,,0.0,,,,,,,,,,,,,,,,,,,,,,,,,,
1899342,João Vitor,Vasco da Gama,10276,GK,,bra_a,Brasileirão Série A,268,1000000388,2026,17.0,Brazil,,,27.0,,,,,,,,0.0,,,,,,3.3333333333333335,3.3333333333333335,,,,,,,,,,,,,,,,,,,
1931723,Nadson,Santos,8514,GK,,bra_a,Brasileirão Série A,268,1000000388,2026,17.0,Brazil,171.0,,26.0,,,,,,0.0,,0.1,,,,,,3.4615384615384617,3.4615384615384617,,,,,,,,,,,,,,,,,,,
1804813,David Martins,Bahia,7877,GK,,bra_a,Brasileirão Série A,268,1000000388,2026,19.0,Brazil,,,25.0,,,,,,,,0.1,,,,,,7.2,7.2,,,,,,,,,,,,,,,,,,,
1893746,João Victor,Internacional,8702,W,RW,bra_a,Brasileirão Série A,268,1000000388,2026,19.0,Brazil,178.0,,25.0,,,,,,,,0.0,,,,,,,,,,,,,,,,,,,,,,,,,1.0,
1697972,Tiaguinho,Grêmio,9769,DM,"CDM,CAM",bra_a,Brasileirão Série A,268,1000000388,2026,18.0,Brazil,176.0,,25.0,,,,,,,,0.0,,,,,,,,,,,,,,,,,,,,,,,,,,
1719148,Davi Gomes,RB Bragantino,109705,W,RW,bra_a,Brasileirão Série A,268,1000000388,2026,21.0,Brazil,174.0,,23.0,,,,,,0.5,,0.1,,3.5217391304347827,,,,3.9130434782608696,3.9130434782608696,,1.0,,,,,,,,,,,,,,,,,
1661212,GB,,10276,ST,,bra_a,Brasileirão Série A,268,1000000388,2026,,,,,23.0,,,,,,,,0.0,,,,,,7.826086956521739,7.826086956521739,,,,,,,,,,,,,,,,,,,
494029,Dodô,,1626,AM,,bra_a,Brasileirão Série A,268,1000000388,2026,,,,,23.0,,,,,,,,0.0,,,,,,3.9130434782608696,3.9130434782608696,,,,,,,,,,,,,,,,,,1.0,
1899336,Andrey Fernandes,Vasco da Gama,10276,GK,,bra_a,Brasileirão Série A,268,1000000388,2026,18.0,Brazil,176.0,,22.0,,,,,,0.0,,0.1,,1.2272727272727273,,,,4.090909090909091,4.090909090909091,,,,,,,,,,,,,,,,,,,
1247327,Franco Catarozzi,Remo,1626,CM,CM,bra_a,Brasileirão Série A,268,1000000388,2026,26.0,Uruguay,179.0,0.359333,22.0,,,,,,,,0.1,,,,,,,,,,,,,,,,,,,,,,,,,,
1658202,Benedetti,Palmeiras,10283,CB,CB,bra_a,Brasileirão Série A,268,1000000388,2026,20.0,Brazil,197.0,,21.0,,,,,,,,0.0,,,,,,,,,,,,,,,,,,,,,,,,,,
1658898,Bruno Lopes,Vasco da Gama,10276,ST,ST,bra_a,Brasileirão Série A,268,1000000388,2026,19.0,Brazil,182.0,,21.0,,,,,,0.2,,0.0,,0.42857142857142855,,,,,,,1.0,,,,,,,,,,,,,,,,,
1847357,Johnny Góes,Flamengo,9770,FB,LB,bra_a,Brasileirão Série A,268,1000000388,2026,19.0,Brazil,187.0,,21.0,,,,,,,,0.0,,,,,,,,,,,,,,,,,,,,,,,,,,
2089203,Kássio,Chapecoense,197693,GK,,bra_a,Brasileirão Série A,268,1000000388,2026,20.0,Brazil,,,21.0,,,,,,,,0.0,,,,,,,,,,,,,,,,,,,,,,,,,,
1777124,Yuri,RB Bragantino,109705,W,LW,bra_a,Brasileirão Série A,268,1000000388,2026,20.0,Brazil,,,20.0,,,,,,0.0,,0.0,,,,,,,,,,,,,,,,,,,,,,,,,,
1356884,Nicolás Ferreira,,1626,W,,bra_a,Brasileirão Série A,268,1000000388,2026,,,,,20.0,,,,,,0.0,,0.0,,,,,,,,,,,,,,,,,,,,,,,,,,
1458235,Rafael Monti,,1626,ST,,bra_a,Brasileirão Série A,268,1000000388,2026,,,,,20.0,,,,,,0.2,,,,,,,,,,,,,,,,,,,,,,,,,,,,
1847899,Joaquín Freitas,Flamengo,9770,ST,"ST,RW",bra_a,Brasileirão Série A,268,1000000388,2026,19.0,Argentina,,1.698466,19.0,,,1.0,,4.7368421052631575,,,0.2,,,,,,4.7368421052631575,4.7368421052631575,4.7368421052631575,,,,,,,,,,,,,,,,,,
891059,Christopher Ramos,,8517,ST,,bra_a,Brasileirão Série A,268,1000000388,2026,,,,,18.0,,,,,,0.5,,0.0,,,,,,,,,1.0,,,,,,,,,,,,,,,,1.0,
1101251,Santiago Moreno,,9863,AM,,bra_a,Brasileirão Série A,268,1000000388,2026,,,,,18.0,,,,,,,,0.0,,,,,,5.0,5.0,,,,,,,,,,,,,,,,,,,
750084,Perotti,,197693,ST,,bra_a,Brasileirão Série A,268,1000000388,2026,,,,,18.0,,,,,,,,0.0,,,,,,5.0,5.0,,,,,,,,,,,,,,,,,,,
52243,Tomás Rincón,,8514,DM,,bra_a,Brasileirão Série A,268,1000000388,2026,,,,,18.0,,,,,,,,0.0,,,,,,,,,,,,,,,,,,,,,,,,,1.0,
1317192,Bruninho,RB Bragantino,109705,CM,CM,bra_a,Brasileirão Série A,268,1000000388,2026,23.0,Brazil,175.0,1.130543,18.0,,,,,,0.1,,0.0,,,,,,5.0,5.0,,,,,,,,,,,,,,,,,,,
1312637,Domingos Andrade,Botafogo,8517,CM,CM,bra_a,Brasileirão Série A,268,1000000388,2026,23.0,Angola,183.0,1.464907,18.0,,,,,,,,0.0,,,,,,5.0,5.0,,,,,,,,,,,,,,,,,,,
1894948,Hugo Leonardo,,10277,CM,,bra_a,Brasileirão Série A,268,1000000388,2026,,,,,18.0,,,,,,,,0.0,,,,,,,,,,,,,,,,,,,,,,,,,,
1901107,Enzo Vágner,,9767,GK,,bra_a,Brasileirão Série A,268,1000000388,2026,,,,,17.0,,,,,,0.3,,0.0,,,,,,,,,1.0,,,,,,,,,,,,,,,,,
1175808,Matheus Nascimento,Grêmio,9769,ST,ST,bra_a,Brasileirão Série A,268,1000000388,2026,22.0,Brazil,182.0,1.908187,16.0,,,,,,0.0,,0.0,,,,,,,,,,,,,,,,,,,,,,,,,,
1746826,Wesley Natã,Fluminense,9863,GK,,bra_a,Brasileirão Série A,268,1000000388,2026,18.0,Brazil,173.0,,15.0,,,1.0,,6.0,0.1,,0.1,,,,,,12.0,12.0,6.0,,,,,,,,,,,,,,,,,,
1606408,Robert,Chapecoense,197693,AM,"CAM,CM",bra_a,Brasileirão Série A,268,1000000388,2026,23.0,Brazil,180.0,1.204715,15.0,,,,,,,,0.0,,,,,,6.0,6.0,,,,,,,,,,,,,,,,,,,
1946524,Jhuan Nunes,RB Bragantino,109705,ST,ST,bra_a,Brasileirão Série A,268,1000000388,2026,19.0,Brazil,,,14.0,,,,,,,,0.0,,,,,,6.428571428571429,6.428571428571429,,,,,,,,,,,,,,,,,,,
1899008,Fernando Pradella,Santos,8514,GK,,bra_a,Brasileirão Série A,268,1000000388,2026,18.0,Brazil,184.0,,13.0,,,,,,,,0.0,,,,,,,,,,,,,,,,,,,,,,,,,,
971433,Ignacio Laquintana,Vitória,7733,W,RW,bra_a,Brasileirão Série A,268,1000000388,2026,27.0,Uruguay,173.0,0.945831,13.0,,,,,,0.1,,0.0,,,,,,,,,,,,,,,,,,,,,,,,,,
1661226,Lawan,,7733,GK,,bra_a,Brasileirão Série A,268,1000000388,2026,,,,,12.0,,,,,,,,0.0,,,,,,,,,,,,,,,,,,,,,,,,,1.0,
1819597,Rhuan Gabriel,Cruzeiro,9781,GK,,bra_a,Brasileirão Série A,268,1000000388,2026,20.0,Brazil,176.0,,12.0,,,,,,,,0.0,,,,,,,,,,,,,,,,,,,,,,,,,,
1069712,Edson Fernando,Remo,1626,DM,CDM,bra_a,Brasileirão Série A,268,1000000388,2026,28.0,Brazil,178.0,0.302167,11.0,,,,,,,,0.0,,,,,,,,,,,,,,,,,,,,,,,,,,1.0
186116,Osvaldo,Vitória,7733,W,LW,bra_a,Brasileirão Série A,268,1000000388,2026,39.0,Brazil,169.0,0.413152,11.0,,,,,,0.1,,0.0,,,,,,8.181818181818182,8.181818181818182,,,,,,,,,,,,,,,,,,,
1945391,Tico,Remo,1626,GK,,bra_a,Brasileirão Série A,268,1000000388,2026,20.0,Brazil,163.0,,11.0,,,,,,,,0.0,,,,,,,,,,,,,,,,,,,,,,,,,,
1895017,Gabriel Menegon,Grêmio,9769,GK,,bra_a,Brasileirão Série A,268,1000000388,2026,17.0,Brazil,196.0,,11.0,,,,,,,,0.0,,,,,,,,,,,,,,,,,,,,,,,,,,
1481530,Felipe Negrucci,,10277,DM,,bra_a,Brasileirão Série A,268,1000000388,2026,,,,,10.0,,,,,,,,0.0,,,,,,,,,,,,,,,,,,,,,,,,,,
1744378,Lukas Zuccarello,Vasco da Gama,10276,W,RW,bra_a,Brasileirão Série A,268,1000000388,2026,19.0,Brazil,175.0,,10.0,,,,,,0.0,,0.0,,,,,,,,,,,,,,,,,,,,,,,,,,
1959873,Breno,RB Bragantino,109705,FB,RB,bra_a,Brasileirão Série A,268,1000000388,2026,18.0,Brazil,184.0,,9.0,,,,,,,,0.0,,,,,,,,,,,,,,,,,,,,,,,,,,
494241,Alex Santana,Corinthians,9808,CM,CM,bra_a,Brasileirão Série A,268,1000000388,2026,31.0,Brazil,182.0,0.857982,9.0,,,,,,0.0,,0.0,,,,,,,,,,,,,,,,,,,,,,,,,,
751235,Luiz Fernando,,10273,W,,bra_a,Brasileirão Série A,268,1000000388,2026,,,,,9.0,,,,,,,,0.0,,,,,,,,,,,,,,,,,,,,,,,,,,
1899001,João Bezerra,Internacional,8702,ST,ST,bra_a,Brasileirão Série A,268,1000000388,2026,17.0,Brazil,190.0,,8.0,,,,,,0.1,,0.0,,1.125,,,,,,,,,,,,,,,,,,,,,,,,
1817874,Marquinhos,Botafogo,8517,DM,CDM,bra_a,Brasileirão Série A,268,1000000388,2026,19.0,Brazil,185.0,,8.0,,,,,,,,0.0,,,,,,,,,,,,,,,,,,,,,,,,,,
1750565,Kauã Prates,,9781,FB,,bra_a,Brasileirão Série A,268,1000000388,2026,,,,,7.0,,,,,,,,0.0,,,,,,,,,,,,,,,,,,,,,,,,,,
1353364,Anthony Valencia,Flamengo,9770,AM,"CAM,RWB,CDM,CM",bra_a,Brasileirão Série A,268,1000000388,2026,23.0,Ecuador,173.0,1.255638,6.0,,,,,,,,0.0,,,,,,,,,,,,,,,,,,,,,,,,,,
1928478,Caio Suassuna,,7877,ST,,bra_a,Brasileirão Série A,268,1000000388,2026,,,,,6.0,,,,,,,,0.1,,,,,,30.0,30.0,15.0,,,,,,,,,,,,,,,,,,
1735518,Joshua,Flamengo,9770,W,LW,bra_a,Brasileirão Série A,268,1000000388,2026,19.0,Brazil,180.0,,5.0,,,,,,,,0.0,,,,,,,,,,,,,,,,,,,,,,,,,,
689080,Luizão,,163782,CB,,bra_a,Brasileirão Série A,268,1000000388,2026,,,,,5.0,,,,,,,,0.0,,,,,,,,,,,,,,,,,,,,,,,,,,
1913786,Jeferson Forneck,Grêmio,9769,GK,,bra_a,Brasileirão Série A,268,1000000388,2026,19.0,Brazil,,,4.0,,,,,,,,0.0,,,,,,22.5,22.5,,,,,,,,,,,,,,,,,,,
1657067,Mateus Xavier,Santos,8514,GK,,bra_a,Brasileirão Série A,268,1000000388,2026,19.0,Brazil,,,4.0,,,,,,,,0.0,,,,,,,,,,,,,,,,,,,,,,,,,,
1734201,João Almeida,,9767,FB,,bra_a,Brasileirão Série A,268,1000000388,2026,,,,,3.0,,,,,,,,0.0,,,,,,,,,,,,,,,,,,,,,,,,,,
1738394,Murilo Rhikman,,9781,CM,,bra_a,Brasileirão Série A,268,1000000388,2026,,,,,2.0,,,,,,,,0.0,,,,,,,,,,,,,,,,,,,,,,,,,,
1836585,Benjamin Arhin,Internacional,8702,DM,CDM,bra_a,Brasileirão Série A,268,1000000388,2026,20.0,Ghana,168.0,,1.0,,,,,,,,0.0,,,,,,,,,,,,,,,,,,,,,,,,,,
1946842,David Alves,Coritiba,9767,GK,,bra_a,Brasileirão Série A,268,1000000388,2026,18.0,Brazil,176.0,,1.0,,,,,,,,,,,,,,,,,,,,,,,,,,,,,,,,,,
1800648,Nicolas,São Paulo,10277,FB,LWB,bra_a,Brasileirão Série A,268,1000000388,2026,19.0,Brazil,176.0,,1.0,,,,,,,,0.0,,,,,,,,,,,,,,,,,,,,,,,,,,
1749280,Raykkonen,Internacional,8702,W,RW,bra_a,Brasileirão Série A,268,1000000388,2026,18.0,Brazil,187.0,,1.0,,,,,,,,0.0,,,,,,,,,,,,,,,,,,,,,,,,,,
535592,Zé Roberto,Mirassol,163782,ST,ST,bra_a,Brasileirão Série A,268,1000000388,2026,33.0,Brazil,184.0,0.231878,1.0,,,,,,0.0,,,,27.0,,,,,,,,,,,,,,,,,,,,,,,,
797332,Carlinhos,,1626,ST,,bra_a,Brasileirão Série A,268,1000000388,2026,,,,,,,,,,,,,,,,,,,,,,,,,,,,,,,,,,,,,,1.0,
1200928,Clayton,,8702,CB,,bra_a,Brasileirão Série A,268,1000000388,2026,,,,,,,,,,,,,,,,,,,,,,,,,,,,,,,,,,,,,,1.0,
844493,Daniel Fuzato,Vasco da Gama,10276,GK,GK,bra_a,Brasileirão Série A,268,1000000388,2026,29.0,Brazil,190.0,0.479846,,,,,,,,,,,,,,,,,,,,,,,,,,,,,,,,,,1.0,
